split,fold,role,sample_id
forward_year,2016,train,0
forward_year,2016,train,1
forward_year,2016,train,2
forward_year,2016,train,3
forward_year,2016,train,4
forward_year,2016,train,5
forward_year,2016,train,6
forward_year,2016,train,7
forward_year,2016,train,11
forward_year,2016,train,12
forward_year,2016,train,13
forward_year,2016,train,14
forward_year,2016,train,15
forward_year,2016,train,16
forward_year,2016,train,17
forward_year,2016,train,18
forward_year,2016,train,19
forward_year,2016,train,20
forward_year,2016,train,21
forward_year,2016,train,22
forward_year,2016,train,23
forward_year,2016,train,24
forward_year,2016,train,25
forward_year,2016,train,26
forward_year,2016,train,27
forward_year,2016,train,28
forward_year,2016,train,29
forward_year,2016,train,30
forward_year,2016,train,31
forward_year,2016,train,32
forward_year,2016,train,33
forward_year,2016,train,34
forward_year,2016,train,35
forward_year,2016,train,36
forward_year,2016,train,37
forward_year,2016,train,41
forward_year,2016,train,42
forward_year,2016,train,43
forward_year,2016,train,44
forward_year,2016,train,45
forward_year,2016,train,49
forward_year,2016,train,50
forward_year,2016,train,51
forward_year,2016,train,52
forward_year,2016,train,53
forward_year,2016,train,54
forward_year,2016,train,58
forward_year,2016,train,59
forward_year,2016,train,60
forward_year,2016,train,61
forward_year,2016,train,62
forward_year,2016,train,69
forward_year,2016,train,70
forward_year,2016,train,71
forward_year,2016,train,72
forward_year,2016,train,73
forward_year,2016,train,74
forward_year,2016,train,75
forward_year,2016,train,76
forward_year,2016,train,77
forward_year,2016,train,78
forward_year,2016,train,79
forward_year,2016,train,80
forward_year,2016,train,81
forward_year,2016,train,82
forward_year,2016,train,83
forward_year,2016,train,84
forward_year,2016,train,85
forward_year,2016,train,86
forward_year,2016,train,87
forward_year,2016,train,88
forward_year,2016,train,89
forward_year,2016,train,90
forward_year,2016,train,91
forward_year,2016,train,92
forward_year,2016,train,93
forward_year,2016,train,94
forward_year,2016,train,95
forward_year,2016,train,96
forward_year,2016,train,97
forward_year,2016,train,98
forward_year,2016,train,99
forward_year,2016,train,100
forward_year,2016,train,101
forward_year,2016,train,102
forward_year,2016,train,103
forward_year,2016,train,104
forward_year,2016,train,105
forward_year,2016,train,106
forward_year,2016,train,107
forward_year,2016,train,108
forward_year,2016,train,109
forward_year,2016,train,110
forward_year,2016,train,114
forward_year,2016,train,115
forward_year,2016,train,116
forward_year,2016,train,120
forward_year,2016,train,121
forward_year,2016,train,126
forward_year,2016,train,127
forward_year,2016,train,128
forward_year,2016,train,129
forward_year,2016,train,130
forward_year,2016,train,131
forward_year,2016,train,132
forward_year,2016,train,133
forward_year,2016,train,134
forward_year,2016,train,138
forward_year,2016,train,139
forward_year,2016,train,140
forward_year,2016,train,141
forward_year,2016,train,142
forward_year,2016,train,143
forward_year,2016,train,144
forward_year,2016,train,145
forward_year,2016,train,150
forward_year,2016,train,151
forward_year,2016,train,152
forward_year,2016,train,153
forward_year,2016,train,154
forward_year,2016,train,155
forward_year,2016,train,156
forward_year,2016,train,157
forward_year,2016,train,158
forward_year,2016,train,159
forward_year,2016,train,160
forward_year,2016,train,161
forward_year,2016,train,162
forward_year,2016,train,163
forward_year,2016,train,164
forward_year,2016,train,165
forward_year,2016,train,166
forward_year,2016,train,167
forward_year,2016,train,168
forward_year,2016,train,172
forward_year,2016,train,173
forward_year,2016,train,174
forward_year,2016,train,175
forward_year,2016,train,176
forward_year,2016,train,177
forward_year,2016,train,178
forward_year,2016,train,179
forward_year,2016,train,180
forward_year,2016,train,181
forward_year,2016,train,182
forward_year,2016,train,183
forward_year,2016,train,184
forward_year,2016,train,185
forward_year,2016,train,186
forward_year,2016,train,187
forward_year,2016,train,188
forward_year,2016,train,189
forward_year,2016,train,190
forward_year,2016,train,191
forward_year,2016,train,192
forward_year,2016,train,193
forward_year,2016,train,194
forward_year,2016,train,195
forward_year,2016,train,196
forward_year,2016,train,197
forward_year,2016,train,198
forward_year,2016,train,199
forward_year,2016,train,200
forward_year,2016,train,201
forward_year,2016,train,202
forward_year,2016,train,203
forward_year,2016,train,204
forward_year,2016,train,205
forward_year,2016,train,206
forward_year,2016,train,207
forward_year,2016,train,208
forward_year,2016,train,209
forward_year,2016,train,210
forward_year,2016,train,211
forward_year,2016,train,212
forward_year,2016,train,213
forward_year,2016,train,214
forward_year,2016,train,215
forward_year,2016,train,216
forward_year,2016,train,217
forward_year,2016,train,218
forward_year,2016,train,219
forward_year,2016,train,222
forward_year,2016,train,223
forward_year,2016,train,224
forward_year,2016,train,225
forward_year,2016,train,228
forward_year,2016,train,229
forward_year,2016,train,230
forward_year,2016,train,231
forward_year,2016,train,232
forward_year,2016,train,233
forward_year,2016,train,236
forward_year,2016,train,242
forward_year,2016,train,243
forward_year,2016,train,244
forward_year,2016,train,245
forward_year,2016,train,250
forward_year,2016,train,251
forward_year,2016,train,252
forward_year,2016,train,256
forward_year,2016,train,257
forward_year,2016,train,258
forward_year,2016,train,259
forward_year,2016,train,260
forward_year,2016,train,261
forward_year,2016,train,262
forward_year,2016,train,263
forward_year,2016,train,285
forward_year,2016,train,286
forward_year,2016,train,287
forward_year,2016,train,296
forward_year,2016,train,297
forward_year,2016,train,300
forward_year,2016,train,301
forward_year,2016,train,309
forward_year,2016,train,315
forward_year,2016,train,331
forward_year,2016,train,332
forward_year,2016,train,341
forward_year,2016,train,342
forward_year,2016,train,349
forward_year,2016,train,355
forward_year,2016,train,361
forward_year,2016,train,365
forward_year,2016,train,371
forward_year,2016,train,376
forward_year,2016,train,377
forward_year,2016,train,380
forward_year,2016,train,381
forward_year,2016,train,386
forward_year,2016,train,387
forward_year,2016,train,388
forward_year,2016,train,396
forward_year,2016,train,400
forward_year,2016,train,401
forward_year,2016,train,404
forward_year,2016,train,405
forward_year,2016,train,406
forward_year,2016,train,407
forward_year,2016,train,412
forward_year,2016,train,419
forward_year,2016,train,425
forward_year,2016,train,426
forward_year,2016,train,431
forward_year,2016,train,434
forward_year,2016,train,435
forward_year,2016,train,436
forward_year,2016,train,439
forward_year,2016,train,442
forward_year,2016,train,443
forward_year,2016,train,444
forward_year,2016,train,445
forward_year,2016,train,446
forward_year,2016,train,449
forward_year,2016,train,450
forward_year,2016,train,451
forward_year,2016,train,452
forward_year,2016,train,453
forward_year,2016,train,460
forward_year,2016,train,472
forward_year,2016,train,475
forward_year,2016,train,476
forward_year,2016,train,477
forward_year,2016,train,478
forward_year,2016,train,479
forward_year,2016,train,485
forward_year,2016,train,486
forward_year,2016,train,487
forward_year,2016,train,488
forward_year,2016,train,492
forward_year,2016,train,493
forward_year,2016,train,496
forward_year,2016,train,501
forward_year,2016,train,505
forward_year,2016,train,506
forward_year,2016,train,513
forward_year,2016,train,516
forward_year,2016,train,517
forward_year,2016,train,518
forward_year,2016,train,519
forward_year,2016,train,522
forward_year,2016,train,523
forward_year,2016,train,534
forward_year,2016,train,537
forward_year,2016,train,540
forward_year,2016,train,543
forward_year,2016,train,547
forward_year,2016,train,550
forward_year,2016,train,551
forward_year,2016,train,552
forward_year,2016,train,558
forward_year,2016,train,559
forward_year,2016,train,560
forward_year,2016,train,561
forward_year,2016,train,562
forward_year,2016,train,563
forward_year,2016,train,564
forward_year,2016,train,565
forward_year,2016,train,566
forward_year,2016,train,567
forward_year,2016,train,568
forward_year,2016,train,569
forward_year,2016,train,570
forward_year,2016,train,571
forward_year,2016,train,576
forward_year,2016,train,577
forward_year,2016,train,578
forward_year,2016,train,579
forward_year,2016,train,582
forward_year,2016,train,586
forward_year,2016,train,587
forward_year,2016,train,588
forward_year,2016,train,591
forward_year,2016,train,594
forward_year,2016,train,595
forward_year,2016,train,596
forward_year,2016,train,597
forward_year,2016,train,598
forward_year,2016,train,599
forward_year,2016,train,600
forward_year,2016,train,606
forward_year,2016,train,607
forward_year,2016,train,610
forward_year,2016,train,611
forward_year,2016,train,612
forward_year,2016,train,613
forward_year,2016,train,617
forward_year,2016,train,618
forward_year,2016,train,621
forward_year,2016,train,622
forward_year,2016,train,623
forward_year,2016,train,626
forward_year,2016,train,629
forward_year,2016,train,630
forward_year,2016,train,631
forward_year,2016,train,632
forward_year,2016,train,633
forward_year,2016,train,634
forward_year,2016,train,635
forward_year,2016,train,636
forward_year,2016,train,637
forward_year,2016,train,638
forward_year,2016,train,641
forward_year,2016,train,642
forward_year,2016,train,643
forward_year,2016,train,644
forward_year,2016,train,645
forward_year,2016,train,646
forward_year,2016,train,647
forward_year,2016,train,648
forward_year,2016,train,649
forward_year,2016,train,650
forward_year,2016,train,651
forward_year,2016,train,652
forward_year,2016,train,653
forward_year,2016,train,654
forward_year,2016,train,655
forward_year,2016,train,656
forward_year,2016,train,657
forward_year,2016,train,658
forward_year,2016,train,659
forward_year,2016,train,660
forward_year,2016,train,661
forward_year,2016,train,662
forward_year,2016,test,10
forward_year,2016,test,40
forward_year,2016,test,48
forward_year,2016,test,57
forward_year,2016,test,65
forward_year,2016,test,68
forward_year,2016,test,113
forward_year,2016,test,119
forward_year,2016,test,124
forward_year,2016,test,137
forward_year,2016,test,148
forward_year,2016,test,171
forward_year,2016,test,221
forward_year,2016,test,227
forward_year,2016,test,235
forward_year,2016,test,238
forward_year,2016,test,241
forward_year,2016,test,247
forward_year,2016,test,249
forward_year,2016,test,254
forward_year,2016,test,265
forward_year,2016,test,267
forward_year,2016,test,270
forward_year,2016,test,272
forward_year,2016,test,274
forward_year,2016,test,276
forward_year,2016,test,278
forward_year,2016,test,280
forward_year,2016,test,282
forward_year,2016,test,284
forward_year,2016,test,289
forward_year,2016,test,295
forward_year,2016,test,299
forward_year,2016,test,303
forward_year,2016,test,308
forward_year,2016,test,311
forward_year,2016,test,313
forward_year,2016,test,317
forward_year,2016,test,320
forward_year,2016,test,326
forward_year,2016,test,329
forward_year,2016,test,334
forward_year,2016,test,337
forward_year,2016,test,340
forward_year,2016,test,344
forward_year,2016,test,347
forward_year,2016,test,351
forward_year,2016,test,354
forward_year,2016,test,357
forward_year,2016,test,359
forward_year,2016,test,363
forward_year,2016,test,367
forward_year,2016,test,369
forward_year,2016,test,373
forward_year,2016,test,375
forward_year,2016,test,379
forward_year,2016,test,383
forward_year,2016,test,385
forward_year,2016,test,390
forward_year,2016,test,392
forward_year,2016,test,395
forward_year,2016,test,398
forward_year,2016,test,403
forward_year,2016,test,409
forward_year,2016,test,411
forward_year,2016,test,414
forward_year,2016,test,416
forward_year,2016,test,418
forward_year,2016,test,421
forward_year,2016,test,423
forward_year,2016,test,428
forward_year,2016,test,430
forward_year,2016,test,433
forward_year,2016,test,438
forward_year,2016,test,441
forward_year,2016,test,448
forward_year,2016,test,455
forward_year,2016,test,457
forward_year,2016,test,459
forward_year,2016,test,462
forward_year,2016,test,464
forward_year,2016,test,469
forward_year,2016,test,471
forward_year,2016,test,474
forward_year,2016,test,481
forward_year,2016,test,484
forward_year,2016,test,490
forward_year,2016,test,495
forward_year,2016,test,498
forward_year,2016,test,500
forward_year,2016,test,503
forward_year,2016,test,508
forward_year,2016,test,512
forward_year,2016,test,515
forward_year,2016,test,521
forward_year,2016,test,525
forward_year,2016,test,527
forward_year,2016,test,529
forward_year,2016,test,531
forward_year,2016,test,533
forward_year,2016,test,536
forward_year,2016,test,539
forward_year,2016,test,542
forward_year,2016,test,545
forward_year,2016,test,549
forward_year,2016,test,554
forward_year,2016,test,557
forward_year,2016,test,573
forward_year,2016,test,575
forward_year,2016,test,581
forward_year,2016,test,584
forward_year,2016,test,590
forward_year,2016,test,593
forward_year,2016,test,602
forward_year,2016,test,605
forward_year,2016,test,609
forward_year,2016,test,615
forward_year,2016,test,620
forward_year,2016,test,625
forward_year,2016,test,628
forward_year,2016,test,640
forward_year,2016,test,663
forward_year,2016,test,664
forward_year,2016,test,665
forward_year,2016,test,666
forward_year,2016,test,667
forward_year,2016,test,670
forward_year,2016,test,672
forward_year,2016,test,673
forward_year,2016,test,674
forward_year,2016,test,676
forward_year,2016,test,677
forward_year,2016,test,678
forward_year,2016,test,679
forward_year,2016,test,680
forward_year,2016,test,681
forward_year,2016,test,682
forward_year,2016,test,683
forward_year,2016,test,684
forward_year,2016,test,685
forward_year,2016,test,686
forward_year,2016,test,688
forward_year,2016,test,690
forward_year,2016,test,691
forward_year,2016,test,692
forward_year,2016,test,693
forward_year,2016,test,694
forward_year,2016,test,695
forward_year,2017,train,0
forward_year,2017,train,1
forward_year,2017,train,2
forward_year,2017,train,3
forward_year,2017,train,4
forward_year,2017,train,5
forward_year,2017,train,6
forward_year,2017,train,7
forward_year,2017,train,8
forward_year,2017,train,9
forward_year,2017,train,10
forward_year,2017,train,11
forward_year,2017,train,12
forward_year,2017,train,13
forward_year,2017,train,14
forward_year,2017,train,15
forward_year,2017,train,16
forward_year,2017,train,17
forward_year,2017,train,18
forward_year,2017,train,19
forward_year,2017,train,20
forward_year,2017,train,21
forward_year,2017,train,22
forward_year,2017,train,23
forward_year,2017,train,24
forward_year,2017,train,25
forward_year,2017,train,26
forward_year,2017,train,27
forward_year,2017,train,28
forward_year,2017,train,29
forward_year,2017,train,30
forward_year,2017,train,31
forward_year,2017,train,32
forward_year,2017,train,33
forward_year,2017,train,34
forward_year,2017,train,35
forward_year,2017,train,36
forward_year,2017,train,37
forward_year,2017,train,38
forward_year,2017,train,39
forward_year,2017,train,40
forward_year,2017,train,41
forward_year,2017,train,42
forward_year,2017,train,43
forward_year,2017,train,44
forward_year,2017,train,45
forward_year,2017,train,46
forward_year,2017,train,47
forward_year,2017,train,48
forward_year,2017,train,49
forward_year,2017,train,50
forward_year,2017,train,51
forward_year,2017,train,52
forward_year,2017,train,53
forward_year,2017,train,54
forward_year,2017,train,55
forward_year,2017,train,56
forward_year,2017,train,57
forward_year,2017,train,58
forward_year,2017,train,59
forward_year,2017,train,60
forward_year,2017,train,61
forward_year,2017,train,62
forward_year,2017,train,63
forward_year,2017,train,64
forward_year,2017,train,65
forward_year,2017,train,66
forward_year,2017,train,67
forward_year,2017,train,68
forward_year,2017,train,69
forward_year,2017,train,70
forward_year,2017,train,71
forward_year,2017,train,72
forward_year,2017,train,73
forward_year,2017,train,74
forward_year,2017,train,75
forward_year,2017,train,76
forward_year,2017,train,77
forward_year,2017,train,78
forward_year,2017,train,79
forward_year,2017,train,80
forward_year,2017,train,81
forward_year,2017,train,82
forward_year,2017,train,83
forward_year,2017,train,84
forward_year,2017,train,85
forward_year,2017,train,86
forward_year,2017,train,87
forward_year,2017,train,88
forward_year,2017,train,89
forward_year,2017,train,90
forward_year,2017,train,91
forward_year,2017,train,92
forward_year,2017,train,93
forward_year,2017,train,94
forward_year,2017,train,95
forward_year,2017,train,96
forward_year,2017,train,97
forward_year,2017,train,98
forward_year,2017,train,99
forward_year,2017,train,100
forward_year,2017,train,101
forward_year,2017,train,102
forward_year,2017,train,103
forward_year,2017,train,104
forward_year,2017,train,105
forward_year,2017,train,106
forward_year,2017,train,107
forward_year,2017,train,108
forward_year,2017,train,109
forward_year,2017,train,110
forward_year,2017,train,111
forward_year,2017,train,112
forward_year,2017,train,113
forward_year,2017,train,114
forward_year,2017,train,115
forward_year,2017,train,116
forward_year,2017,train,117
forward_year,2017,train,118
forward_year,2017,train,119
forward_year,2017,train,120
forward_year,2017,train,121
forward_year,2017,train,126
forward_year,2017,train,127
forward_year,2017,train,128
forward_year,2017,train,129
forward_year,2017,train,130
forward_year,2017,train,131
forward_year,2017,train,132
forward_year,2017,train,133
forward_year,2017,train,134
forward_year,2017,train,135
forward_year,2017,train,136
forward_year,2017,train,137
forward_year,2017,train,138
forward_year,2017,train,139
forward_year,2017,train,140
forward_year,2017,train,141
forward_year,2017,train,142
forward_year,2017,train,143
forward_year,2017,train,144
forward_year,2017,train,145
forward_year,2017,train,150
forward_year,2017,train,151
forward_year,2017,train,152
forward_year,2017,train,153
forward_year,2017,train,154
forward_year,2017,train,155
forward_year,2017,train,156
forward_year,2017,train,157
forward_year,2017,train,158
forward_year,2017,train,159
forward_year,2017,train,160
forward_year,2017,train,161
forward_year,2017,train,162
forward_year,2017,train,163
forward_year,2017,train,164
forward_year,2017,train,165
forward_year,2017,train,166
forward_year,2017,train,167
forward_year,2017,train,168
forward_year,2017,train,169
forward_year,2017,train,170
forward_year,2017,train,171
forward_year,2017,train,172
forward_year,2017,train,173
forward_year,2017,train,174
forward_year,2017,train,175
forward_year,2017,train,176
forward_year,2017,train,177
forward_year,2017,train,178
forward_year,2017,train,179
forward_year,2017,train,180
forward_year,2017,train,181
forward_year,2017,train,182
forward_year,2017,train,183
forward_year,2017,train,184
forward_year,2017,train,185
forward_year,2017,train,186
forward_year,2017,train,187
forward_year,2017,train,188
forward_year,2017,train,189
forward_year,2017,train,190
forward_year,2017,train,191
forward_year,2017,train,192
forward_year,2017,train,193
forward_year,2017,train,194
forward_year,2017,train,195
forward_year,2017,train,196
forward_year,2017,train,197
forward_year,2017,train,198
forward_year,2017,train,199
forward_year,2017,train,200
forward_year,2017,train,201
forward_year,2017,train,202
forward_year,2017,train,203
forward_year,2017,train,204
forward_year,2017,train,205
forward_year,2017,train,206
forward_year,2017,train,207
forward_year,2017,train,208
forward_year,2017,train,209
forward_year,2017,train,210
forward_year,2017,train,211
forward_year,2017,train,212
forward_year,2017,train,213
forward_year,2017,train,214
forward_year,2017,train,215
forward_year,2017,train,216
forward_year,2017,train,217
forward_year,2017,train,218
forward_year,2017,train,219
forward_year,2017,train,220
forward_year,2017,train,221
forward_year,2017,train,222
forward_year,2017,train,223
forward_year,2017,train,224
forward_year,2017,train,225
forward_year,2017,train,226
forward_year,2017,train,227
forward_year,2017,train,228
forward_year,2017,train,229
forward_year,2017,train,230
forward_year,2017,train,231
forward_year,2017,train,232
forward_year,2017,train,233
forward_year,2017,train,234
forward_year,2017,train,235
forward_year,2017,train,236
forward_year,2017,train,240
forward_year,2017,train,241
forward_year,2017,train,242
forward_year,2017,train,243
forward_year,2017,train,244
forward_year,2017,train,245
forward_year,2017,train,246
forward_year,2017,train,247
forward_year,2017,train,248
forward_year,2017,train,249
forward_year,2017,train,250
forward_year,2017,train,251
forward_year,2017,train,252
forward_year,2017,train,256
forward_year,2017,train,257
forward_year,2017,train,258
forward_year,2017,train,259
forward_year,2017,train,260
forward_year,2017,train,261
forward_year,2017,train,262
forward_year,2017,train,263
forward_year,2017,train,264
forward_year,2017,train,265
forward_year,2017,train,269
forward_year,2017,train,270
forward_year,2017,train,271
forward_year,2017,train,272
forward_year,2017,train,273
forward_year,2017,train,274
forward_year,2017,train,275
forward_year,2017,train,276
forward_year,2017,train,277
forward_year,2017,train,278
forward_year,2017,train,279
forward_year,2017,train,280
forward_year,2017,train,281
forward_year,2017,train,282
forward_year,2017,train,283
forward_year,2017,train,284
forward_year,2017,train,285
forward_year,2017,train,286
forward_year,2017,train,287
forward_year,2017,train,294
forward_year,2017,train,295
forward_year,2017,train,296
forward_year,2017,train,297
forward_year,2017,train,298
forward_year,2017,train,299
forward_year,2017,train,300
forward_year,2017,train,301
forward_year,2017,train,307
forward_year,2017,train,308
forward_year,2017,train,309
forward_year,2017,train,310
forward_year,2017,train,311
forward_year,2017,train,315
forward_year,2017,train,331
forward_year,2017,train,332
forward_year,2017,train,339
forward_year,2017,train,340
forward_year,2017,train,341
forward_year,2017,train,342
forward_year,2017,train,349
forward_year,2017,train,353
forward_year,2017,train,354
forward_year,2017,train,355
forward_year,2017,train,356
forward_year,2017,train,357
forward_year,2017,train,361
forward_year,2017,train,365
forward_year,2017,train,366
forward_year,2017,train,367
forward_year,2017,train,371
forward_year,2017,train,372
forward_year,2017,train,373
forward_year,2017,train,374
forward_year,2017,train,375
forward_year,2017,train,376
forward_year,2017,train,377
forward_year,2017,train,378
forward_year,2017,train,379
forward_year,2017,train,380
forward_year,2017,train,381
forward_year,2017,train,382
forward_year,2017,train,383
forward_year,2017,train,384
forward_year,2017,train,385
forward_year,2017,train,386
forward_year,2017,train,387
forward_year,2017,train,388
forward_year,2017,train,389
forward_year,2017,train,390
forward_year,2017,train,394
forward_year,2017,train,395
forward_year,2017,train,396
forward_year,2017,train,400
forward_year,2017,train,401
forward_year,2017,train,402
forward_year,2017,train,403
forward_year,2017,train,404
forward_year,2017,train,405
forward_year,2017,train,406
forward_year,2017,train,407
forward_year,2017,train,408
forward_year,2017,train,409
forward_year,2017,train,410
forward_year,2017,train,411
forward_year,2017,train,412
forward_year,2017,train,413
forward_year,2017,train,414
forward_year,2017,train,415
forward_year,2017,train,416
forward_year,2017,train,417
forward_year,2017,train,418
forward_year,2017,train,419
forward_year,2017,train,420
forward_year,2017,train,421
forward_year,2017,train,425
forward_year,2017,train,426
forward_year,2017,train,427
forward_year,2017,train,428
forward_year,2017,train,429
forward_year,2017,train,430
forward_year,2017,train,431
forward_year,2017,train,432
forward_year,2017,train,433
forward_year,2017,train,434
forward_year,2017,train,435
forward_year,2017,train,436
forward_year,2017,train,437
forward_year,2017,train,438
forward_year,2017,train,439
forward_year,2017,train,440
forward_year,2017,train,441
forward_year,2017,train,442
forward_year,2017,train,443
forward_year,2017,train,444
forward_year,2017,train,445
forward_year,2017,train,446
forward_year,2017,train,447
forward_year,2017,train,448
forward_year,2017,train,449
forward_year,2017,train,450
forward_year,2017,train,451
forward_year,2017,train,452
forward_year,2017,train,453
forward_year,2017,train,454
forward_year,2017,train,455
forward_year,2017,train,456
forward_year,2017,train,457
forward_year,2017,train,458
forward_year,2017,train,459
forward_year,2017,train,460
forward_year,2017,train,461
forward_year,2017,train,462
forward_year,2017,train,468
forward_year,2017,train,469
forward_year,2017,train,470
forward_year,2017,train,471
forward_year,2017,train,472
forward_year,2017,train,473
forward_year,2017,train,474
forward_year,2017,train,475
forward_year,2017,train,476
forward_year,2017,train,477
forward_year,2017,train,478
forward_year,2017,train,479
forward_year,2017,train,483
forward_year,2017,train,484
forward_year,2017,train,485
forward_year,2017,train,486
forward_year,2017,train,487
forward_year,2017,train,488
forward_year,2017,train,492
forward_year,2017,train,493
forward_year,2017,train,494
forward_year,2017,train,495
forward_year,2017,train,496
forward_year,2017,train,497
forward_year,2017,train,498
forward_year,2017,train,499
forward_year,2017,train,500
forward_year,2017,train,501
forward_year,2017,train,505
forward_year,2017,train,506
forward_year,2017,train,511
forward_year,2017,train,512
forward_year,2017,train,513
forward_year,2017,train,514
forward_year,2017,train,515
forward_year,2017,train,516
forward_year,2017,train,517
forward_year,2017,train,518
forward_year,2017,train,519
forward_year,2017,train,520
forward_year,2017,train,521
forward_year,2017,train,522
forward_year,2017,train,523
forward_year,2017,train,524
forward_year,2017,train,525
forward_year,2017,train,526
forward_year,2017,train,527
forward_year,2017,train,528
forward_year,2017,train,529
forward_year,2017,train,530
forward_year,2017,train,531
forward_year,2017,train,532
forward_year,2017,train,533
forward_year,2017,train,534
forward_year,2017,train,535
forward_year,2017,train,536
forward_year,2017,train,537
forward_year,2017,train,538
forward_year,2017,train,539
forward_year,2017,train,540
forward_year,2017,train,541
forward_year,2017,train,542
forward_year,2017,train,543
forward_year,2017,train,544
forward_year,2017,train,545
forward_year,2017,train,546
forward_year,2017,train,547
forward_year,2017,train,548
forward_year,2017,train,549
forward_year,2017,train,550
forward_year,2017,train,551
forward_year,2017,train,552
forward_year,2017,train,556
forward_year,2017,train,557
forward_year,2017,train,558
forward_year,2017,train,559
forward_year,2017,train,560
forward_year,2017,train,561
forward_year,2017,train,562
forward_year,2017,train,563
forward_year,2017,train,564
forward_year,2017,train,565
forward_year,2017,train,566
forward_year,2017,train,567
forward_year,2017,train,568
forward_year,2017,train,569
forward_year,2017,train,570
forward_year,2017,train,571
forward_year,2017,train,572
forward_year,2017,train,573
forward_year,2017,train,574
forward_year,2017,train,575
forward_year,2017,train,576
forward_year,2017,train,577
forward_year,2017,train,578
forward_year,2017,train,579
forward_year,2017,train,580
forward_year,2017,train,581
forward_year,2017,train,582
forward_year,2017,train,586
forward_year,2017,train,587
forward_year,2017,train,588
forward_year,2017,train,589
forward_year,2017,train,590
forward_year,2017,train,591
forward_year,2017,train,592
forward_year,2017,train,593
forward_year,2017,train,594
forward_year,2017,train,595
forward_year,2017,train,596
forward_year,2017,train,597
forward_year,2017,train,598
forward_year,2017,train,599
forward_year,2017,train,600
forward_year,2017,train,604
forward_year,2017,train,605
forward_year,2017,train,606
forward_year,2017,train,607
forward_year,2017,train,608
forward_year,2017,train,609
forward_year,2017,train,610
forward_year,2017,train,611
forward_year,2017,train,612
forward_year,2017,train,613
forward_year,2017,train,617
forward_year,2017,train,618
forward_year,2017,train,619
forward_year,2017,train,620
forward_year,2017,train,621
forward_year,2017,train,622
forward_year,2017,train,623
forward_year,2017,train,624
forward_year,2017,train,625
forward_year,2017,train,626
forward_year,2017,train,627
forward_year,2017,train,628
forward_year,2017,train,629
forward_year,2017,train,630
forward_year,2017,train,631
forward_year,2017,train,632
forward_year,2017,train,633
forward_year,2017,train,634
forward_year,2017,train,635
forward_year,2017,train,636
forward_year,2017,train,637
forward_year,2017,train,638
forward_year,2017,train,639
forward_year,2017,train,640
forward_year,2017,train,641
forward_year,2017,train,642
forward_year,2017,train,643
forward_year,2017,train,644
forward_year,2017,train,645
forward_year,2017,train,646
forward_year,2017,train,647
forward_year,2017,train,648
forward_year,2017,train,649
forward_year,2017,train,650
forward_year,2017,train,651
forward_year,2017,train,652
forward_year,2017,train,653
forward_year,2017,train,654
forward_year,2017,train,655
forward_year,2017,train,656
forward_year,2017,train,657
forward_year,2017,train,658
forward_year,2017,train,659
forward_year,2017,train,660
forward_year,2017,train,661
forward_year,2017,train,662
forward_year,2017,train,663
forward_year,2017,train,664
forward_year,2017,train,665
forward_year,2017,train,666
forward_year,2017,train,672
forward_year,2017,train,673
forward_year,2017,train,676
forward_year,2017,train,677
forward_year,2017,train,678
forward_year,2017,train,679
forward_year,2017,train,680
forward_year,2017,train,681
forward_year,2017,train,682
forward_year,2017,train,683
forward_year,2017,train,684
forward_year,2017,train,685
forward_year,2017,train,690
forward_year,2017,train,691
forward_year,2017,train,692
forward_year,2017,train,693
forward_year,2017,train,694
forward_year,2017,test,125
forward_year,2017,test,149
forward_year,2017,test,239
forward_year,2017,test,255
forward_year,2017,test,268
forward_year,2017,test,290
forward_year,2017,test,304
forward_year,2017,test,314
forward_year,2017,test,318
forward_year,2017,test,321
forward_year,2017,test,327
forward_year,2017,test,330
forward_year,2017,test,335
forward_year,2017,test,338
forward_year,2017,test,345
forward_year,2017,test,348
forward_year,2017,test,352
forward_year,2017,test,360
forward_year,2017,test,364
forward_year,2017,test,370
forward_year,2017,test,393
forward_year,2017,test,399
forward_year,2017,test,424
forward_year,2017,test,465
forward_year,2017,test,482
forward_year,2017,test,491
forward_year,2017,test,504
forward_year,2017,test,509
forward_year,2017,test,555
forward_year,2017,test,585
forward_year,2017,test,603
forward_year,2017,test,616
forward_year,2017,test,668
forward_year,2017,test,671
forward_year,2017,test,675
forward_year,2017,test,687
forward_year,2017,test,689
forward_year,2017,test,696
forward_year,2017,test,697
forward_year,2017,test,698
forward_year,2017,test,699
forward_year,2017,test,701
forward_year,2017,test,702
forward_year,2017,test,703
forward_year,2017,test,704
forward_year,2017,test,706
forward_year,2017,test,707
forward_year,2017,test,708
forward_year,2017,test,709
forward_year,2017,test,710
forward_year,2017,test,711
forward_year,2017,test,712
forward_year,2017,test,713
forward_year,2017,test,714
forward_year,2017,test,715
forward_year,2017,test,716
forward_year,2017,test,717
forward_year,2017,test,718
forward_year,2017,test,719
forward_year,2017,test,720
forward_year,2018,train,0
forward_year,2018,train,1
forward_year,2018,train,2
forward_year,2018,train,3
forward_year,2018,train,4
forward_year,2018,train,5
forward_year,2018,train,6
forward_year,2018,train,7
forward_year,2018,train,8
forward_year,2018,train,9
forward_year,2018,train,10
forward_year,2018,train,11
forward_year,2018,train,12
forward_year,2018,train,13
forward_year,2018,train,14
forward_year,2018,train,15
forward_year,2018,train,16
forward_year,2018,train,17
forward_year,2018,train,18
forward_year,2018,train,19
forward_year,2018,train,20
forward_year,2018,train,21
forward_year,2018,train,22
forward_year,2018,train,23
forward_year,2018,train,24
forward_year,2018,train,25
forward_year,2018,train,26
forward_year,2018,train,27
forward_year,2018,train,28
forward_year,2018,train,29
forward_year,2018,train,30
forward_year,2018,train,31
forward_year,2018,train,32
forward_year,2018,train,33
forward_year,2018,train,34
forward_year,2018,train,35
forward_year,2018,train,36
forward_year,2018,train,37
forward_year,2018,train,38
forward_year,2018,train,39
forward_year,2018,train,40
forward_year,2018,train,41
forward_year,2018,train,42
forward_year,2018,train,43
forward_year,2018,train,44
forward_year,2018,train,45
forward_year,2018,train,46
forward_year,2018,train,47
forward_year,2018,train,48
forward_year,2018,train,49
forward_year,2018,train,50
forward_year,2018,train,51
forward_year,2018,train,52
forward_year,2018,train,53
forward_year,2018,train,54
forward_year,2018,train,55
forward_year,2018,train,56
forward_year,2018,train,57
forward_year,2018,train,58
forward_year,2018,train,59
forward_year,2018,train,60
forward_year,2018,train,61
forward_year,2018,train,62
forward_year,2018,train,63
forward_year,2018,train,64
forward_year,2018,train,65
forward_year,2018,train,66
forward_year,2018,train,67
forward_year,2018,train,68
forward_year,2018,train,69
forward_year,2018,train,70
forward_year,2018,train,71
forward_year,2018,train,72
forward_year,2018,train,73
forward_year,2018,train,74
forward_year,2018,train,75
forward_year,2018,train,76
forward_year,2018,train,77
forward_year,2018,train,78
forward_year,2018,train,79
forward_year,2018,train,80
forward_year,2018,train,81
forward_year,2018,train,82
forward_year,2018,train,83
forward_year,2018,train,84
forward_year,2018,train,85
forward_year,2018,train,86
forward_year,2018,train,87
forward_year,2018,train,88
forward_year,2018,train,89
forward_year,2018,train,90
forward_year,2018,train,91
forward_year,2018,train,92
forward_year,2018,train,93
forward_year,2018,train,94
forward_year,2018,train,95
forward_year,2018,train,96
forward_year,2018,train,97
forward_year,2018,train,98
forward_year,2018,train,99
forward_year,2018,train,100
forward_year,2018,train,101
forward_year,2018,train,102
forward_year,2018,train,103
forward_year,2018,train,104
forward_year,2018,train,105
forward_year,2018,train,106
forward_year,2018,train,107
forward_year,2018,train,108
forward_year,2018,train,109
forward_year,2018,train,110
forward_year,2018,train,111
forward_year,2018,train,112
forward_year,2018,train,113
forward_year,2018,train,114
forward_year,2018,train,115
forward_year,2018,train,116
forward_year,2018,train,117
forward_year,2018,train,118
forward_year,2018,train,119
forward_year,2018,train,120
forward_year,2018,train,121
forward_year,2018,train,122
forward_year,2018,train,123
forward_year,2018,train,124
forward_year,2018,train,125
forward_year,2018,train,126
forward_year,2018,train,127
forward_year,2018,train,128
forward_year,2018,train,129
forward_year,2018,train,130
forward_year,2018,train,131
forward_year,2018,train,132
forward_year,2018,train,133
forward_year,2018,train,134
forward_year,2018,train,135
forward_year,2018,train,136
forward_year,2018,train,137
forward_year,2018,train,138
forward_year,2018,train,139
forward_year,2018,train,140
forward_year,2018,train,141
forward_year,2018,train,142
forward_year,2018,train,143
forward_year,2018,train,144
forward_year,2018,train,145
forward_year,2018,train,146
forward_year,2018,train,147
forward_year,2018,train,148
forward_year,2018,train,149
forward_year,2018,train,150
forward_year,2018,train,151
forward_year,2018,train,152
forward_year,2018,train,153
forward_year,2018,train,154
forward_year,2018,train,155
forward_year,2018,train,156
forward_year,2018,train,157
forward_year,2018,train,158
forward_year,2018,train,159
forward_year,2018,train,160
forward_year,2018,train,161
forward_year,2018,train,162
forward_year,2018,train,163
forward_year,2018,train,164
forward_year,2018,train,165
forward_year,2018,train,166
forward_year,2018,train,167
forward_year,2018,train,168
forward_year,2018,train,169
forward_year,2018,train,170
forward_year,2018,train,171
forward_year,2018,train,172
forward_year,2018,train,173
forward_year,2018,train,174
forward_year,2018,train,175
forward_year,2018,train,176
forward_year,2018,train,177
forward_year,2018,train,178
forward_year,2018,train,179
forward_year,2018,train,180
forward_year,2018,train,181
forward_year,2018,train,182
forward_year,2018,train,183
forward_year,2018,train,184
forward_year,2018,train,185
forward_year,2018,train,186
forward_year,2018,train,187
forward_year,2018,train,188
forward_year,2018,train,189
forward_year,2018,train,190
forward_year,2018,train,191
forward_year,2018,train,192
forward_year,2018,train,193
forward_year,2018,train,194
forward_year,2018,train,195
forward_year,2018,train,196
forward_year,2018,train,197
forward_year,2018,train,198
forward_year,2018,train,199
forward_year,2018,train,200
forward_year,2018,train,201
forward_year,2018,train,202
forward_year,2018,train,203
forward_year,2018,train,204
forward_year,2018,train,205
forward_year,2018,train,206
forward_year,2018,train,207
forward_year,2018,train,208
forward_year,2018,train,209
forward_year,2018,train,210
forward_year,2018,train,211
forward_year,2018,train,212
forward_year,2018,train,213
forward_year,2018,train,214
forward_year,2018,train,215
forward_year,2018,train,216
forward_year,2018,train,217
forward_year,2018,train,218
forward_year,2018,train,219
forward_year,2018,train,220
forward_year,2018,train,221
forward_year,2018,train,222
forward_year,2018,train,223
forward_year,2018,train,224
forward_year,2018,train,225
forward_year,2018,train,226
forward_year,2018,train,227
forward_year,2018,train,228
forward_year,2018,train,229
forward_year,2018,train,230
forward_year,2018,train,231
forward_year,2018,train,232
forward_year,2018,train,233
forward_year,2018,train,234
forward_year,2018,train,235
forward_year,2018,train,236
forward_year,2018,train,237
forward_year,2018,train,238
forward_year,2018,train,239
forward_year,2018,train,240
forward_year,2018,train,241
forward_year,2018,train,242
forward_year,2018,train,243
forward_year,2018,train,244
forward_year,2018,train,245
forward_year,2018,train,246
forward_year,2018,train,247
forward_year,2018,train,248
forward_year,2018,train,249
forward_year,2018,train,250
forward_year,2018,train,251
forward_year,2018,train,252
forward_year,2018,train,253
forward_year,2018,train,254
forward_year,2018,train,255
forward_year,2018,train,256
forward_year,2018,train,257
forward_year,2018,train,258
forward_year,2018,train,259
forward_year,2018,train,260
forward_year,2018,train,261
forward_year,2018,train,262
forward_year,2018,train,263
forward_year,2018,train,264
forward_year,2018,train,265
forward_year,2018,train,266
forward_year,2018,train,267
forward_year,2018,train,268
forward_year,2018,train,269
forward_year,2018,train,270
forward_year,2018,train,271
forward_year,2018,train,272
forward_year,2018,train,273
forward_year,2018,train,274
forward_year,2018,train,275
forward_year,2018,train,276
forward_year,2018,train,277
forward_year,2018,train,278
forward_year,2018,train,279
forward_year,2018,train,280
forward_year,2018,train,281
forward_year,2018,train,282
forward_year,2018,train,283
forward_year,2018,train,284
forward_year,2018,train,285
forward_year,2018,train,286
forward_year,2018,train,287
forward_year,2018,train,294
forward_year,2018,train,295
forward_year,2018,train,296
forward_year,2018,train,297
forward_year,2018,train,298
forward_year,2018,train,299
forward_year,2018,train,300
forward_year,2018,train,301
forward_year,2018,train,307
forward_year,2018,train,308
forward_year,2018,train,309
forward_year,2018,train,310
forward_year,2018,train,311
forward_year,2018,train,312
forward_year,2018,train,313
forward_year,2018,train,314
forward_year,2018,train,315
forward_year,2018,train,316
forward_year,2018,train,317
forward_year,2018,train,318
forward_year,2018,train,325
forward_year,2018,train,326
forward_year,2018,train,327
forward_year,2018,train,328
forward_year,2018,train,329
forward_year,2018,train,330
forward_year,2018,train,331
forward_year,2018,train,332
forward_year,2018,train,333
forward_year,2018,train,334
forward_year,2018,train,335
forward_year,2018,train,336
forward_year,2018,train,337
forward_year,2018,train,338
forward_year,2018,train,339
forward_year,2018,train,340
forward_year,2018,train,341
forward_year,2018,train,342
forward_year,2018,train,343
forward_year,2018,train,344
forward_year,2018,train,345
forward_year,2018,train,346
forward_year,2018,train,347
forward_year,2018,train,348
forward_year,2018,train,349
forward_year,2018,train,350
forward_year,2018,train,351
forward_year,2018,train,352
forward_year,2018,train,353
forward_year,2018,train,354
forward_year,2018,train,355
forward_year,2018,train,356
forward_year,2018,train,357
forward_year,2018,train,358
forward_year,2018,train,359
forward_year,2018,train,360
forward_year,2018,train,361
forward_year,2018,train,362
forward_year,2018,train,363
forward_year,2018,train,364
forward_year,2018,train,365
forward_year,2018,train,366
forward_year,2018,train,367
forward_year,2018,train,368
forward_year,2018,train,369
forward_year,2018,train,370
forward_year,2018,train,371
forward_year,2018,train,372
forward_year,2018,train,373
forward_year,2018,train,374
forward_year,2018,train,375
forward_year,2018,train,376
forward_year,2018,train,377
forward_year,2018,train,378
forward_year,2018,train,379
forward_year,2018,train,380
forward_year,2018,train,381
forward_year,2018,train,382
forward_year,2018,train,383
forward_year,2018,train,384
forward_year,2018,train,385
forward_year,2018,train,386
forward_year,2018,train,387
forward_year,2018,train,388
forward_year,2018,train,389
forward_year,2018,train,390
forward_year,2018,train,391
forward_year,2018,train,392
forward_year,2018,train,393
forward_year,2018,train,394
forward_year,2018,train,395
forward_year,2018,train,396
forward_year,2018,train,397
forward_year,2018,train,398
forward_year,2018,train,399
forward_year,2018,train,400
forward_year,2018,train,401
forward_year,2018,train,402
forward_year,2018,train,403
forward_year,2018,train,404
forward_year,2018,train,405
forward_year,2018,train,406
forward_year,2018,train,407
forward_year,2018,train,408
forward_year,2018,train,409
forward_year,2018,train,410
forward_year,2018,train,411
forward_year,2018,train,412
forward_year,2018,train,413
forward_year,2018,train,414
forward_year,2018,train,415
forward_year,2018,train,416
forward_year,2018,train,417
forward_year,2018,train,418
forward_year,2018,train,419
forward_year,2018,train,420
forward_year,2018,train,421
forward_year,2018,train,422
forward_year,2018,train,423
forward_year,2018,train,424
forward_year,2018,train,425
forward_year,2018,train,426
forward_year,2018,train,427
forward_year,2018,train,428
forward_year,2018,train,429
forward_year,2018,train,430
forward_year,2018,train,431
forward_year,2018,train,432
forward_year,2018,train,433
forward_year,2018,train,434
forward_year,2018,train,435
forward_year,2018,train,436
forward_year,2018,train,437
forward_year,2018,train,438
forward_year,2018,train,439
forward_year,2018,train,440
forward_year,2018,train,441
forward_year,2018,train,442
forward_year,2018,train,443
forward_year,2018,train,444
forward_year,2018,train,445
forward_year,2018,train,446
forward_year,2018,train,447
forward_year,2018,train,448
forward_year,2018,train,449
forward_year,2018,train,450
forward_year,2018,train,451
forward_year,2018,train,452
forward_year,2018,train,453
forward_year,2018,train,454
forward_year,2018,train,455
forward_year,2018,train,456
forward_year,2018,train,457
forward_year,2018,train,458
forward_year,2018,train,459
forward_year,2018,train,460
forward_year,2018,train,461
forward_year,2018,train,462
forward_year,2018,train,468
forward_year,2018,train,469
forward_year,2018,train,470
forward_year,2018,train,471
forward_year,2018,train,472
forward_year,2018,train,473
forward_year,2018,train,474
forward_year,2018,train,475
forward_year,2018,train,476
forward_year,2018,train,477
forward_year,2018,train,478
forward_year,2018,train,479
forward_year,2018,train,480
forward_year,2018,train,481
forward_year,2018,train,482
forward_year,2018,train,483
forward_year,2018,train,484
forward_year,2018,train,485
forward_year,2018,train,486
forward_year,2018,train,487
forward_year,2018,train,488
forward_year,2018,train,489
forward_year,2018,train,490
forward_year,2018,train,491
forward_year,2018,train,492
forward_year,2018,train,493
forward_year,2018,train,494
forward_year,2018,train,495
forward_year,2018,train,496
forward_year,2018,train,497
forward_year,2018,train,498
forward_year,2018,train,499
forward_year,2018,train,500
forward_year,2018,train,501
forward_year,2018,train,502
forward_year,2018,train,503
forward_year,2018,train,504
forward_year,2018,train,505
forward_year,2018,train,506
forward_year,2018,train,511
forward_year,2018,train,512
forward_year,2018,train,513
forward_year,2018,train,514
forward_year,2018,train,515
forward_year,2018,train,516
forward_year,2018,train,517
forward_year,2018,train,518
forward_year,2018,train,519
forward_year,2018,train,520
forward_year,2018,train,521
forward_year,2018,train,522
forward_year,2018,train,523
forward_year,2018,train,524
forward_year,2018,train,525
forward_year,2018,train,526
forward_year,2018,train,527
forward_year,2018,train,528
forward_year,2018,train,529
forward_year,2018,train,530
forward_year,2018,train,531
forward_year,2018,train,532
forward_year,2018,train,533
forward_year,2018,train,534
forward_year,2018,train,535
forward_year,2018,train,536
forward_year,2018,train,537
forward_year,2018,train,538
forward_year,2018,train,539
forward_year,2018,train,540
forward_year,2018,train,541
forward_year,2018,train,542
forward_year,2018,train,543
forward_year,2018,train,544
forward_year,2018,train,545
forward_year,2018,train,546
forward_year,2018,train,547
forward_year,2018,train,548
forward_year,2018,train,549
forward_year,2018,train,550
forward_year,2018,train,551
forward_year,2018,train,552
forward_year,2018,train,553
forward_year,2018,train,554
forward_year,2018,train,555
forward_year,2018,train,556
forward_year,2018,train,557
forward_year,2018,train,558
forward_year,2018,train,559
forward_year,2018,train,560
forward_year,2018,train,561
forward_year,2018,train,562
forward_year,2018,train,563
forward_year,2018,train,564
forward_year,2018,train,565
forward_year,2018,train,566
forward_year,2018,train,567
forward_year,2018,train,568
forward_year,2018,train,569
forward_year,2018,train,570
forward_year,2018,train,571
forward_year,2018,train,572
forward_year,2018,train,573
forward_year,2018,train,574
forward_year,2018,train,575
forward_year,2018,train,576
forward_year,2018,train,577
forward_year,2018,train,578
forward_year,2018,train,579
forward_year,2018,train,580
forward_year,2018,train,581
forward_year,2018,train,582
forward_year,2018,train,583
forward_year,2018,train,584
forward_year,2018,train,585
forward_year,2018,train,586
forward_year,2018,train,587
forward_year,2018,train,588
forward_year,2018,train,589
forward_year,2018,train,590
forward_year,2018,train,591
forward_year,2018,train,592
forward_year,2018,train,593
forward_year,2018,train,594
forward_year,2018,train,595
forward_year,2018,train,596
forward_year,2018,train,597
forward_year,2018,train,598
forward_year,2018,train,599
forward_year,2018,train,600
forward_year,2018,train,601
forward_year,2018,train,602
forward_year,2018,train,603
forward_year,2018,train,604
forward_year,2018,train,605
forward_year,2018,train,606
forward_year,2018,train,607
forward_year,2018,train,608
forward_year,2018,train,609
forward_year,2018,train,610
forward_year,2018,train,611
forward_year,2018,train,612
forward_year,2018,train,613
forward_year,2018,train,614
forward_year,2018,train,615
forward_year,2018,train,616
forward_year,2018,train,617
forward_year,2018,train,618
forward_year,2018,train,619
forward_year,2018,train,620
forward_year,2018,train,621
forward_year,2018,train,622
forward_year,2018,train,623
forward_year,2018,train,624
forward_year,2018,train,625
forward_year,2018,train,626
forward_year,2018,train,627
forward_year,2018,train,628
forward_year,2018,train,629
forward_year,2018,train,630
forward_year,2018,train,631
forward_year,2018,train,632
forward_year,2018,train,633
forward_year,2018,train,634
forward_year,2018,train,635
forward_year,2018,train,636
forward_year,2018,train,637
forward_year,2018,train,638
forward_year,2018,train,639
forward_year,2018,train,640
forward_year,2018,train,641
forward_year,2018,train,642
forward_year,2018,train,643
forward_year,2018,train,644
forward_year,2018,train,645
forward_year,2018,train,646
forward_year,2018,train,647
forward_year,2018,train,648
forward_year,2018,train,649
forward_year,2018,train,650
forward_year,2018,train,651
forward_year,2018,train,652
forward_year,2018,train,653
forward_year,2018,train,654
forward_year,2018,train,655
forward_year,2018,train,656
forward_year,2018,train,657
forward_year,2018,train,658
forward_year,2018,train,659
forward_year,2018,train,660
forward_year,2018,train,661
forward_year,2018,train,662
forward_year,2018,train,663
forward_year,2018,train,664
forward_year,2018,train,665
forward_year,2018,train,666
forward_year,2018,train,670
forward_year,2018,train,671
forward_year,2018,train,672
forward_year,2018,train,673
forward_year,2018,train,674
forward_year,2018,train,675
forward_year,2018,train,676
forward_year,2018,train,677
forward_year,2018,train,678
forward_year,2018,train,679
forward_year,2018,train,680
forward_year,2018,train,681
forward_year,2018,train,682
forward_year,2018,train,683
forward_year,2018,train,684
forward_year,2018,train,685
forward_year,2018,train,686
forward_year,2018,train,687
forward_year,2018,train,688
forward_year,2018,train,689
forward_year,2018,train,690
forward_year,2018,train,691
forward_year,2018,train,692
forward_year,2018,train,693
forward_year,2018,train,694
forward_year,2018,train,695
forward_year,2018,train,696
forward_year,2018,train,697
forward_year,2018,train,698
forward_year,2018,train,701
forward_year,2018,train,702
forward_year,2018,train,703
forward_year,2018,train,706
forward_year,2018,train,707
forward_year,2018,train,708
forward_year,2018,train,709
forward_year,2018,train,710
forward_year,2018,train,711
forward_year,2018,train,712
forward_year,2018,train,713
forward_year,2018,train,714
forward_year,2018,train,715
forward_year,2018,train,716
forward_year,2018,train,717
forward_year,2018,train,718
forward_year,2018,train,719
forward_year,2018,test,291
forward_year,2018,test,305
forward_year,2018,test,322
forward_year,2018,test,466
forward_year,2018,test,510
forward_year,2018,test,669
forward_year,2018,test,700
forward_year,2018,test,705
forward_year,2018,test,721
forward_year,2018,test,722
forward_year,2018,test,723
forward_year,2018,test,724
forward_year,2018,test,727
forward_year,2018,test,728
forward_year,2018,test,729
forward_year,2018,test,731
forward_year,2018,test,734
forward_year,2018,test,735
forward_year,2018,test,738
forward_year,2018,test,741
forward_year,2018,test,743
forward_year,2018,test,745
forward_year,2018,test,746
forward_year,2018,test,748
forward_year,2018,test,749
forward_year,2018,test,750
forward_year,2018,test,753
forward_year,2018,test,754
forward_year,2018,test,755
forward_year,2018,test,757
forward_year,2018,test,758
forward_year,2018,test,759
forward_year,2018,test,760
forward_year,2018,test,762
forward_year,2018,test,763
forward_year,2018,test,764
forward_year,2018,test,765
forward_year,2018,test,766
forward_year,2018,test,768
forward_year,2018,test,769
forward_year,2018,test,770
forward_year,2018,test,771
forward_year,2018,test,772
forward_year,2018,test,773
forward_year,2018,test,774
forward_year,2018,test,775
forward_year,2018,test,776
forward_year,2018,test,777
forward_year,2018,test,778
forward_year,2018,test,779
forward_year,2018,test,780
forward_year,2018,test,781
forward_year,2018,test,782
forward_year,2018,test,784
forward_year,2019,train,0
forward_year,2019,train,1
forward_year,2019,train,2
forward_year,2019,train,3
forward_year,2019,train,4
forward_year,2019,train,5
forward_year,2019,train,6
forward_year,2019,train,7
forward_year,2019,train,8
forward_year,2019,train,9
forward_year,2019,train,10
forward_year,2019,train,11
forward_year,2019,train,12
forward_year,2019,train,13
forward_year,2019,train,14
forward_year,2019,train,15
forward_year,2019,train,16
forward_year,2019,train,17
forward_year,2019,train,18
forward_year,2019,train,19
forward_year,2019,train,20
forward_year,2019,train,21
forward_year,2019,train,22
forward_year,2019,train,23
forward_year,2019,train,24
forward_year,2019,train,25
forward_year,2019,train,26
forward_year,2019,train,27
forward_year,2019,train,28
forward_year,2019,train,29
forward_year,2019,train,30
forward_year,2019,train,31
forward_year,2019,train,32
forward_year,2019,train,33
forward_year,2019,train,34
forward_year,2019,train,35
forward_year,2019,train,36
forward_year,2019,train,37
forward_year,2019,train,38
forward_year,2019,train,39
forward_year,2019,train,40
forward_year,2019,train,41
forward_year,2019,train,42
forward_year,2019,train,43
forward_year,2019,train,44
forward_year,2019,train,45
forward_year,2019,train,46
forward_year,2019,train,47
forward_year,2019,train,48
forward_year,2019,train,49
forward_year,2019,train,50
forward_year,2019,train,51
forward_year,2019,train,52
forward_year,2019,train,53
forward_year,2019,train,54
forward_year,2019,train,55
forward_year,2019,train,56
forward_year,2019,train,57
forward_year,2019,train,58
forward_year,2019,train,59
forward_year,2019,train,60
forward_year,2019,train,61
forward_year,2019,train,62
forward_year,2019,train,63
forward_year,2019,train,64
forward_year,2019,train,65
forward_year,2019,train,66
forward_year,2019,train,67
forward_year,2019,train,68
forward_year,2019,train,69
forward_year,2019,train,70
forward_year,2019,train,71
forward_year,2019,train,72
forward_year,2019,train,73
forward_year,2019,train,74
forward_year,2019,train,75
forward_year,2019,train,76
forward_year,2019,train,77
forward_year,2019,train,78
forward_year,2019,train,79
forward_year,2019,train,80
forward_year,2019,train,81
forward_year,2019,train,82
forward_year,2019,train,83
forward_year,2019,train,84
forward_year,2019,train,85
forward_year,2019,train,86
forward_year,2019,train,87
forward_year,2019,train,88
forward_year,2019,train,89
forward_year,2019,train,90
forward_year,2019,train,91
forward_year,2019,train,92
forward_year,2019,train,93
forward_year,2019,train,94
forward_year,2019,train,95
forward_year,2019,train,96
forward_year,2019,train,97
forward_year,2019,train,98
forward_year,2019,train,99
forward_year,2019,train,100
forward_year,2019,train,101
forward_year,2019,train,102
forward_year,2019,train,103
forward_year,2019,train,104
forward_year,2019,train,105
forward_year,2019,train,106
forward_year,2019,train,107
forward_year,2019,train,108
forward_year,2019,train,109
forward_year,2019,train,110
forward_year,2019,train,111
forward_year,2019,train,112
forward_year,2019,train,113
forward_year,2019,train,114
forward_year,2019,train,115
forward_year,2019,train,116
forward_year,2019,train,117
forward_year,2019,train,118
forward_year,2019,train,119
forward_year,2019,train,120
forward_year,2019,train,121
forward_year,2019,train,122
forward_year,2019,train,123
forward_year,2019,train,124
forward_year,2019,train,125
forward_year,2019,train,126
forward_year,2019,train,127
forward_year,2019,train,128
forward_year,2019,train,129
forward_year,2019,train,130
forward_year,2019,train,131
forward_year,2019,train,132
forward_year,2019,train,133
forward_year,2019,train,134
forward_year,2019,train,135
forward_year,2019,train,136
forward_year,2019,train,137
forward_year,2019,train,138
forward_year,2019,train,139
forward_year,2019,train,140
forward_year,2019,train,141
forward_year,2019,train,142
forward_year,2019,train,143
forward_year,2019,train,144
forward_year,2019,train,145
forward_year,2019,train,146
forward_year,2019,train,147
forward_year,2019,train,148
forward_year,2019,train,149
forward_year,2019,train,150
forward_year,2019,train,151
forward_year,2019,train,152
forward_year,2019,train,153
forward_year,2019,train,154
forward_year,2019,train,155
forward_year,2019,train,156
forward_year,2019,train,157
forward_year,2019,train,158
forward_year,2019,train,159
forward_year,2019,train,160
forward_year,2019,train,161
forward_year,2019,train,162
forward_year,2019,train,163
forward_year,2019,train,164
forward_year,2019,train,165
forward_year,2019,train,166
forward_year,2019,train,167
forward_year,2019,train,168
forward_year,2019,train,169
forward_year,2019,train,170
forward_year,2019,train,171
forward_year,2019,train,172
forward_year,2019,train,173
forward_year,2019,train,174
forward_year,2019,train,175
forward_year,2019,train,176
forward_year,2019,train,177
forward_year,2019,train,178
forward_year,2019,train,179
forward_year,2019,train,180
forward_year,2019,train,181
forward_year,2019,train,182
forward_year,2019,train,183
forward_year,2019,train,184
forward_year,2019,train,185
forward_year,2019,train,186
forward_year,2019,train,187
forward_year,2019,train,188
forward_year,2019,train,189
forward_year,2019,train,190
forward_year,2019,train,191
forward_year,2019,train,192
forward_year,2019,train,193
forward_year,2019,train,194
forward_year,2019,train,195
forward_year,2019,train,196
forward_year,2019,train,197
forward_year,2019,train,198
forward_year,2019,train,199
forward_year,2019,train,200
forward_year,2019,train,201
forward_year,2019,train,202
forward_year,2019,train,203
forward_year,2019,train,204
forward_year,2019,train,205
forward_year,2019,train,206
forward_year,2019,train,207
forward_year,2019,train,208
forward_year,2019,train,209
forward_year,2019,train,210
forward_year,2019,train,211
forward_year,2019,train,212
forward_year,2019,train,213
forward_year,2019,train,214
forward_year,2019,train,215
forward_year,2019,train,216
forward_year,2019,train,217
forward_year,2019,train,218
forward_year,2019,train,219
forward_year,2019,train,220
forward_year,2019,train,221
forward_year,2019,train,222
forward_year,2019,train,223
forward_year,2019,train,224
forward_year,2019,train,225
forward_year,2019,train,226
forward_year,2019,train,227
forward_year,2019,train,228
forward_year,2019,train,229
forward_year,2019,train,230
forward_year,2019,train,231
forward_year,2019,train,232
forward_year,2019,train,233
forward_year,2019,train,234
forward_year,2019,train,235
forward_year,2019,train,236
forward_year,2019,train,237
forward_year,2019,train,238
forward_year,2019,train,239
forward_year,2019,train,240
forward_year,2019,train,241
forward_year,2019,train,242
forward_year,2019,train,243
forward_year,2019,train,244
forward_year,2019,train,245
forward_year,2019,train,246
forward_year,2019,train,247
forward_year,2019,train,248
forward_year,2019,train,249
forward_year,2019,train,250
forward_year,2019,train,251
forward_year,2019,train,252
forward_year,2019,train,253
forward_year,2019,train,254
forward_year,2019,train,255
forward_year,2019,train,256
forward_year,2019,train,257
forward_year,2019,train,258
forward_year,2019,train,259
forward_year,2019,train,260
forward_year,2019,train,261
forward_year,2019,train,262
forward_year,2019,train,263
forward_year,2019,train,264
forward_year,2019,train,265
forward_year,2019,train,266
forward_year,2019,train,267
forward_year,2019,train,268
forward_year,2019,train,269
forward_year,2019,train,270
forward_year,2019,train,271
forward_year,2019,train,272
forward_year,2019,train,273
forward_year,2019,train,274
forward_year,2019,train,275
forward_year,2019,train,276
forward_year,2019,train,277
forward_year,2019,train,278
forward_year,2019,train,279
forward_year,2019,train,280
forward_year,2019,train,281
forward_year,2019,train,282
forward_year,2019,train,283
forward_year,2019,train,284
forward_year,2019,train,285
forward_year,2019,train,286
forward_year,2019,train,287
forward_year,2019,train,294
forward_year,2019,train,295
forward_year,2019,train,296
forward_year,2019,train,297
forward_year,2019,train,298
forward_year,2019,train,299
forward_year,2019,train,300
forward_year,2019,train,301
forward_year,2019,train,307
forward_year,2019,train,308
forward_year,2019,train,309
forward_year,2019,train,310
forward_year,2019,train,311
forward_year,2019,train,312
forward_year,2019,train,313
forward_year,2019,train,314
forward_year,2019,train,315
forward_year,2019,train,316
forward_year,2019,train,317
forward_year,2019,train,318
forward_year,2019,train,325
forward_year,2019,train,326
forward_year,2019,train,327
forward_year,2019,train,328
forward_year,2019,train,329
forward_year,2019,train,330
forward_year,2019,train,331
forward_year,2019,train,332
forward_year,2019,train,333
forward_year,2019,train,334
forward_year,2019,train,335
forward_year,2019,train,336
forward_year,2019,train,337
forward_year,2019,train,338
forward_year,2019,train,339
forward_year,2019,train,340
forward_year,2019,train,341
forward_year,2019,train,342
forward_year,2019,train,343
forward_year,2019,train,344
forward_year,2019,train,345
forward_year,2019,train,346
forward_year,2019,train,347
forward_year,2019,train,348
forward_year,2019,train,349
forward_year,2019,train,350
forward_year,2019,train,351
forward_year,2019,train,352
forward_year,2019,train,353
forward_year,2019,train,354
forward_year,2019,train,355
forward_year,2019,train,356
forward_year,2019,train,357
forward_year,2019,train,358
forward_year,2019,train,359
forward_year,2019,train,360
forward_year,2019,train,361
forward_year,2019,train,362
forward_year,2019,train,363
forward_year,2019,train,364
forward_year,2019,train,365
forward_year,2019,train,366
forward_year,2019,train,367
forward_year,2019,train,368
forward_year,2019,train,369
forward_year,2019,train,370
forward_year,2019,train,371
forward_year,2019,train,372
forward_year,2019,train,373
forward_year,2019,train,374
forward_year,2019,train,375
forward_year,2019,train,376
forward_year,2019,train,377
forward_year,2019,train,378
forward_year,2019,train,379
forward_year,2019,train,380
forward_year,2019,train,381
forward_year,2019,train,382
forward_year,2019,train,383
forward_year,2019,train,384
forward_year,2019,train,385
forward_year,2019,train,386
forward_year,2019,train,387
forward_year,2019,train,388
forward_year,2019,train,389
forward_year,2019,train,390
forward_year,2019,train,391
forward_year,2019,train,392
forward_year,2019,train,393
forward_year,2019,train,394
forward_year,2019,train,395
forward_year,2019,train,396
forward_year,2019,train,397
forward_year,2019,train,398
forward_year,2019,train,399
forward_year,2019,train,400
forward_year,2019,train,401
forward_year,2019,train,402
forward_year,2019,train,403
forward_year,2019,train,404
forward_year,2019,train,405
forward_year,2019,train,406
forward_year,2019,train,407
forward_year,2019,train,408
forward_year,2019,train,409
forward_year,2019,train,410
forward_year,2019,train,411
forward_year,2019,train,412
forward_year,2019,train,413
forward_year,2019,train,414
forward_year,2019,train,415
forward_year,2019,train,416
forward_year,2019,train,417
forward_year,2019,train,418
forward_year,2019,train,419
forward_year,2019,train,420
forward_year,2019,train,421
forward_year,2019,train,422
forward_year,2019,train,423
forward_year,2019,train,424
forward_year,2019,train,425
forward_year,2019,train,426
forward_year,2019,train,427
forward_year,2019,train,428
forward_year,2019,train,429
forward_year,2019,train,430
forward_year,2019,train,431
forward_year,2019,train,432
forward_year,2019,train,433
forward_year,2019,train,434
forward_year,2019,train,435
forward_year,2019,train,436
forward_year,2019,train,437
forward_year,2019,train,438
forward_year,2019,train,439
forward_year,2019,train,440
forward_year,2019,train,441
forward_year,2019,train,442
forward_year,2019,train,443
forward_year,2019,train,444
forward_year,2019,train,445
forward_year,2019,train,446
forward_year,2019,train,447
forward_year,2019,train,448
forward_year,2019,train,449
forward_year,2019,train,450
forward_year,2019,train,451
forward_year,2019,train,452
forward_year,2019,train,453
forward_year,2019,train,454
forward_year,2019,train,455
forward_year,2019,train,456
forward_year,2019,train,457
forward_year,2019,train,458
forward_year,2019,train,459
forward_year,2019,train,460
forward_year,2019,train,461
forward_year,2019,train,462
forward_year,2019,train,468
forward_year,2019,train,469
forward_year,2019,train,470
forward_year,2019,train,471
forward_year,2019,train,472
forward_year,2019,train,473
forward_year,2019,train,474
forward_year,2019,train,475
forward_year,2019,train,476
forward_year,2019,train,477
forward_year,2019,train,478
forward_year,2019,train,479
forward_year,2019,train,480
forward_year,2019,train,481
forward_year,2019,train,482
forward_year,2019,train,483
forward_year,2019,train,484
forward_year,2019,train,485
forward_year,2019,train,486
forward_year,2019,train,487
forward_year,2019,train,488
forward_year,2019,train,489
forward_year,2019,train,490
forward_year,2019,train,491
forward_year,2019,train,492
forward_year,2019,train,493
forward_year,2019,train,494
forward_year,2019,train,495
forward_year,2019,train,496
forward_year,2019,train,497
forward_year,2019,train,498
forward_year,2019,train,499
forward_year,2019,train,500
forward_year,2019,train,501
forward_year,2019,train,502
forward_year,2019,train,503
forward_year,2019,train,504
forward_year,2019,train,505
forward_year,2019,train,506
forward_year,2019,train,507
forward_year,2019,train,508
forward_year,2019,train,509
forward_year,2019,train,510
forward_year,2019,train,511
forward_year,2019,train,512
forward_year,2019,train,513
forward_year,2019,train,514
forward_year,2019,train,515
forward_year,2019,train,516
forward_year,2019,train,517
forward_year,2019,train,518
forward_year,2019,train,519
forward_year,2019,train,520
forward_year,2019,train,521
forward_year,2019,train,522
forward_year,2019,train,523
forward_year,2019,train,524
forward_year,2019,train,525
forward_year,2019,train,526
forward_year,2019,train,527
forward_year,2019,train,528
forward_year,2019,train,529
forward_year,2019,train,530
forward_year,2019,train,531
forward_year,2019,train,532
forward_year,2019,train,533
forward_year,2019,train,534
forward_year,2019,train,535
forward_year,2019,train,536
forward_year,2019,train,537
forward_year,2019,train,538
forward_year,2019,train,539
forward_year,2019,train,540
forward_year,2019,train,541
forward_year,2019,train,542
forward_year,2019,train,543
forward_year,2019,train,544
forward_year,2019,train,545
forward_year,2019,train,546
forward_year,2019,train,547
forward_year,2019,train,548
forward_year,2019,train,549
forward_year,2019,train,550
forward_year,2019,train,551
forward_year,2019,train,552
forward_year,2019,train,553
forward_year,2019,train,554
forward_year,2019,train,555
forward_year,2019,train,556
forward_year,2019,train,557
forward_year,2019,train,558
forward_year,2019,train,559
forward_year,2019,train,560
forward_year,2019,train,561
forward_year,2019,train,562
forward_year,2019,train,563
forward_year,2019,train,564
forward_year,2019,train,565
forward_year,2019,train,566
forward_year,2019,train,567
forward_year,2019,train,568
forward_year,2019,train,569
forward_year,2019,train,570
forward_year,2019,train,571
forward_year,2019,train,572
forward_year,2019,train,573
forward_year,2019,train,574
forward_year,2019,train,575
forward_year,2019,train,576
forward_year,2019,train,577
forward_year,2019,train,578
forward_year,2019,train,579
forward_year,2019,train,580
forward_year,2019,train,581
forward_year,2019,train,582
forward_year,2019,train,583
forward_year,2019,train,584
forward_year,2019,train,585
forward_year,2019,train,586
forward_year,2019,train,587
forward_year,2019,train,588
forward_year,2019,train,589
forward_year,2019,train,590
forward_year,2019,train,591
forward_year,2019,train,592
forward_year,2019,train,593
forward_year,2019,train,594
forward_year,2019,train,595
forward_year,2019,train,596
forward_year,2019,train,597
forward_year,2019,train,598
forward_year,2019,train,599
forward_year,2019,train,600
forward_year,2019,train,601
forward_year,2019,train,602
forward_year,2019,train,603
forward_year,2019,train,604
forward_year,2019,train,605
forward_year,2019,train,606
forward_year,2019,train,607
forward_year,2019,train,608
forward_year,2019,train,609
forward_year,2019,train,610
forward_year,2019,train,611
forward_year,2019,train,612
forward_year,2019,train,613
forward_year,2019,train,614
forward_year,2019,train,615
forward_year,2019,train,616
forward_year,2019,train,617
forward_year,2019,train,618
forward_year,2019,train,619
forward_year,2019,train,620
forward_year,2019,train,621
forward_year,2019,train,622
forward_year,2019,train,623
forward_year,2019,train,624
forward_year,2019,train,625
forward_year,2019,train,626
forward_year,2019,train,627
forward_year,2019,train,628
forward_year,2019,train,629
forward_year,2019,train,630
forward_year,2019,train,631
forward_year,2019,train,632
forward_year,2019,train,633
forward_year,2019,train,634
forward_year,2019,train,635
forward_year,2019,train,636
forward_year,2019,train,637
forward_year,2019,train,638
forward_year,2019,train,639
forward_year,2019,train,640
forward_year,2019,train,641
forward_year,2019,train,642
forward_year,2019,train,643
forward_year,2019,train,644
forward_year,2019,train,645
forward_year,2019,train,646
forward_year,2019,train,647
forward_year,2019,train,648
forward_year,2019,train,649
forward_year,2019,train,650
forward_year,2019,train,651
forward_year,2019,train,652
forward_year,2019,train,653
forward_year,2019,train,654
forward_year,2019,train,655
forward_year,2019,train,656
forward_year,2019,train,657
forward_year,2019,train,658
forward_year,2019,train,659
forward_year,2019,train,660
forward_year,2019,train,661
forward_year,2019,train,662
forward_year,2019,train,663
forward_year,2019,train,664
forward_year,2019,train,665
forward_year,2019,train,666
forward_year,2019,train,667
forward_year,2019,train,668
forward_year,2019,train,669
forward_year,2019,train,670
forward_year,2019,train,671
forward_year,2019,train,672
forward_year,2019,train,673
forward_year,2019,train,674
forward_year,2019,train,675
forward_year,2019,train,676
forward_year,2019,train,677
forward_year,2019,train,678
forward_year,2019,train,679
forward_year,2019,train,680
forward_year,2019,train,681
forward_year,2019,train,682
forward_year,2019,train,683
forward_year,2019,train,684
forward_year,2019,train,685
forward_year,2019,train,686
forward_year,2019,train,687
forward_year,2019,train,688
forward_year,2019,train,689
forward_year,2019,train,690
forward_year,2019,train,691
forward_year,2019,train,692
forward_year,2019,train,693
forward_year,2019,train,694
forward_year,2019,train,695
forward_year,2019,train,696
forward_year,2019,train,697
forward_year,2019,train,698
forward_year,2019,train,699
forward_year,2019,train,700
forward_year,2019,train,701
forward_year,2019,train,702
forward_year,2019,train,703
forward_year,2019,train,704
forward_year,2019,train,705
forward_year,2019,train,706
forward_year,2019,train,707
forward_year,2019,train,708
forward_year,2019,train,709
forward_year,2019,train,710
forward_year,2019,train,711
forward_year,2019,train,712
forward_year,2019,train,713
forward_year,2019,train,714
forward_year,2019,train,715
forward_year,2019,train,716
forward_year,2019,train,717
forward_year,2019,train,718
forward_year,2019,train,719
forward_year,2019,train,720
forward_year,2019,train,721
forward_year,2019,train,722
forward_year,2019,train,723
forward_year,2019,train,727
forward_year,2019,train,728
forward_year,2019,train,734
forward_year,2019,train,745
forward_year,2019,train,748
forward_year,2019,train,749
forward_year,2019,train,753
forward_year,2019,train,754
forward_year,2019,train,757
forward_year,2019,train,758
forward_year,2019,train,759
forward_year,2019,train,762
forward_year,2019,train,763
forward_year,2019,train,764
forward_year,2019,train,765
forward_year,2019,train,768
forward_year,2019,train,769
forward_year,2019,train,770
forward_year,2019,train,771
forward_year,2019,train,772
forward_year,2019,train,773
forward_year,2019,train,774
forward_year,2019,train,775
forward_year,2019,train,776
forward_year,2019,train,777
forward_year,2019,train,778
forward_year,2019,train,779
forward_year,2019,train,780
forward_year,2019,train,781
forward_year,2019,train,784
forward_year,2019,test,292
forward_year,2019,test,306
forward_year,2019,test,323
forward_year,2019,test,467
forward_year,2019,test,725
forward_year,2019,test,730
forward_year,2019,test,732
forward_year,2019,test,736
forward_year,2019,test,739
forward_year,2019,test,742
forward_year,2019,test,744
forward_year,2019,test,747
forward_year,2019,test,751
forward_year,2019,test,756
forward_year,2019,test,761
forward_year,2019,test,767
forward_year,2019,test,783
forward_year,2019,test,785
forward_year,2019,test,786
forward_year,2019,test,788
forward_year,2019,test,789
forward_year,2019,test,790
forward_year,2019,test,791
forward_year,2019,test,793
forward_year,2019,test,794
forward_year,2019,test,796
forward_year,2019,test,798
forward_year,2019,test,800
forward_year,2019,test,802
forward_year,2019,test,803
forward_year,2019,test,805
forward_year,2019,test,807
forward_year,2019,test,808
forward_year,2019,test,809
forward_year,2019,test,810
forward_year,2019,test,811
forward_year,2019,test,812
forward_year,2019,test,813
forward_year,2019,test,814
forward_year,2019,test,815
forward_year,2019,test,817
forward_year,2019,test,819
forward_year,2019,test,821
forward_year,2019,test,823
forward_year,2019,test,824
forward_year,2019,test,826
forward_year,2019,test,827
forward_year,2019,test,828
forward_year,2019,test,829
forward_year,2019,test,830
forward_year,2019,test,832
forward_year,2019,test,833
forward_year,2019,test,835
forward_year,2019,test,837
forward_year,2019,test,838
forward_year,2019,test,839
forward_year,2019,test,840
forward_year,2019,test,841
forward_year,2019,test,842
forward_year,2019,test,844
forward_year,2019,test,846
forward_year,2019,test,847
forward_year,2019,test,849
forward_year,2019,test,851
forward_year,2019,test,852
forward_year,2019,test,853
forward_year,2019,test,854
forward_year,2019,test,855
forward_year,2019,test,857
forward_year,2019,test,858
forward_year,2019,test,859
forward_year,2019,test,860
forward_year,2019,test,861
forward_year,2019,test,862
forward_year,2019,test,863
forward_year,2019,test,864
forward_year,2019,test,865
forward_year,2019,test,866
forward_year,2019,test,867
forward_year,2019,test,869
forward_year,2019,test,870
forward_year,2019,test,871
forward_year,2019,test,872
forward_year,2019,test,873
forward_year,2019,test,875
forward_year,2019,test,876
forward_year,2019,test,878
forward_year,2019,test,879
forward_year,2019,test,880
forward_year,2019,test,881
forward_year,2020,train,0
forward_year,2020,train,1
forward_year,2020,train,2
forward_year,2020,train,3
forward_year,2020,train,4
forward_year,2020,train,5
forward_year,2020,train,6
forward_year,2020,train,7
forward_year,2020,train,8
forward_year,2020,train,9
forward_year,2020,train,10
forward_year,2020,train,11
forward_year,2020,train,12
forward_year,2020,train,13
forward_year,2020,train,14
forward_year,2020,train,15
forward_year,2020,train,16
forward_year,2020,train,17
forward_year,2020,train,18
forward_year,2020,train,19
forward_year,2020,train,20
forward_year,2020,train,21
forward_year,2020,train,22
forward_year,2020,train,23
forward_year,2020,train,24
forward_year,2020,train,25
forward_year,2020,train,26
forward_year,2020,train,27
forward_year,2020,train,28
forward_year,2020,train,29
forward_year,2020,train,30
forward_year,2020,train,31
forward_year,2020,train,32
forward_year,2020,train,33
forward_year,2020,train,34
forward_year,2020,train,35
forward_year,2020,train,36
forward_year,2020,train,37
forward_year,2020,train,38
forward_year,2020,train,39
forward_year,2020,train,40
forward_year,2020,train,41
forward_year,2020,train,42
forward_year,2020,train,43
forward_year,2020,train,44
forward_year,2020,train,45
forward_year,2020,train,46
forward_year,2020,train,47
forward_year,2020,train,48
forward_year,2020,train,49
forward_year,2020,train,50
forward_year,2020,train,51
forward_year,2020,train,52
forward_year,2020,train,53
forward_year,2020,train,54
forward_year,2020,train,55
forward_year,2020,train,56
forward_year,2020,train,57
forward_year,2020,train,58
forward_year,2020,train,59
forward_year,2020,train,60
forward_year,2020,train,61
forward_year,2020,train,62
forward_year,2020,train,63
forward_year,2020,train,64
forward_year,2020,train,65
forward_year,2020,train,66
forward_year,2020,train,67
forward_year,2020,train,68
forward_year,2020,train,69
forward_year,2020,train,70
forward_year,2020,train,71
forward_year,2020,train,72
forward_year,2020,train,73
forward_year,2020,train,74
forward_year,2020,train,75
forward_year,2020,train,76
forward_year,2020,train,77
forward_year,2020,train,78
forward_year,2020,train,79
forward_year,2020,train,80
forward_year,2020,train,81
forward_year,2020,train,82
forward_year,2020,train,83
forward_year,2020,train,84
forward_year,2020,train,85
forward_year,2020,train,86
forward_year,2020,train,87
forward_year,2020,train,88
forward_year,2020,train,89
forward_year,2020,train,90
forward_year,2020,train,91
forward_year,2020,train,92
forward_year,2020,train,93
forward_year,2020,train,94
forward_year,2020,train,95
forward_year,2020,train,96
forward_year,2020,train,97
forward_year,2020,train,98
forward_year,2020,train,99
forward_year,2020,train,100
forward_year,2020,train,101
forward_year,2020,train,102
forward_year,2020,train,103
forward_year,2020,train,104
forward_year,2020,train,105
forward_year,2020,train,106
forward_year,2020,train,107
forward_year,2020,train,108
forward_year,2020,train,109
forward_year,2020,train,110
forward_year,2020,train,111
forward_year,2020,train,112
forward_year,2020,train,113
forward_year,2020,train,114
forward_year,2020,train,115
forward_year,2020,train,116
forward_year,2020,train,117
forward_year,2020,train,118
forward_year,2020,train,119
forward_year,2020,train,120
forward_year,2020,train,121
forward_year,2020,train,122
forward_year,2020,train,123
forward_year,2020,train,124
forward_year,2020,train,125
forward_year,2020,train,126
forward_year,2020,train,127
forward_year,2020,train,128
forward_year,2020,train,129
forward_year,2020,train,130
forward_year,2020,train,131
forward_year,2020,train,132
forward_year,2020,train,133
forward_year,2020,train,134
forward_year,2020,train,135
forward_year,2020,train,136
forward_year,2020,train,137
forward_year,2020,train,138
forward_year,2020,train,139
forward_year,2020,train,140
forward_year,2020,train,141
forward_year,2020,train,142
forward_year,2020,train,143
forward_year,2020,train,144
forward_year,2020,train,145
forward_year,2020,train,146
forward_year,2020,train,147
forward_year,2020,train,148
forward_year,2020,train,149
forward_year,2020,train,150
forward_year,2020,train,151
forward_year,2020,train,152
forward_year,2020,train,153
forward_year,2020,train,154
forward_year,2020,train,155
forward_year,2020,train,156
forward_year,2020,train,157
forward_year,2020,train,158
forward_year,2020,train,159
forward_year,2020,train,160
forward_year,2020,train,161
forward_year,2020,train,162
forward_year,2020,train,163
forward_year,2020,train,164
forward_year,2020,train,165
forward_year,2020,train,166
forward_year,2020,train,167
forward_year,2020,train,168
forward_year,2020,train,169
forward_year,2020,train,170
forward_year,2020,train,171
forward_year,2020,train,172
forward_year,2020,train,173
forward_year,2020,train,174
forward_year,2020,train,175
forward_year,2020,train,176
forward_year,2020,train,177
forward_year,2020,train,178
forward_year,2020,train,179
forward_year,2020,train,180
forward_year,2020,train,181
forward_year,2020,train,182
forward_year,2020,train,183
forward_year,2020,train,184
forward_year,2020,train,185
forward_year,2020,train,186
forward_year,2020,train,187
forward_year,2020,train,188
forward_year,2020,train,189
forward_year,2020,train,190
forward_year,2020,train,191
forward_year,2020,train,192
forward_year,2020,train,193
forward_year,2020,train,194
forward_year,2020,train,195
forward_year,2020,train,196
forward_year,2020,train,197
forward_year,2020,train,198
forward_year,2020,train,199
forward_year,2020,train,200
forward_year,2020,train,201
forward_year,2020,train,202
forward_year,2020,train,203
forward_year,2020,train,204
forward_year,2020,train,205
forward_year,2020,train,206
forward_year,2020,train,207
forward_year,2020,train,208
forward_year,2020,train,209
forward_year,2020,train,210
forward_year,2020,train,211
forward_year,2020,train,212
forward_year,2020,train,213
forward_year,2020,train,214
forward_year,2020,train,215
forward_year,2020,train,216
forward_year,2020,train,217
forward_year,2020,train,218
forward_year,2020,train,219
forward_year,2020,train,220
forward_year,2020,train,221
forward_year,2020,train,222
forward_year,2020,train,223
forward_year,2020,train,224
forward_year,2020,train,225
forward_year,2020,train,226
forward_year,2020,train,227
forward_year,2020,train,228
forward_year,2020,train,229
forward_year,2020,train,230
forward_year,2020,train,231
forward_year,2020,train,232
forward_year,2020,train,233
forward_year,2020,train,234
forward_year,2020,train,235
forward_year,2020,train,236
forward_year,2020,train,237
forward_year,2020,train,238
forward_year,2020,train,239
forward_year,2020,train,240
forward_year,2020,train,241
forward_year,2020,train,242
forward_year,2020,train,243
forward_year,2020,train,244
forward_year,2020,train,245
forward_year,2020,train,246
forward_year,2020,train,247
forward_year,2020,train,248
forward_year,2020,train,249
forward_year,2020,train,250
forward_year,2020,train,251
forward_year,2020,train,252
forward_year,2020,train,253
forward_year,2020,train,254
forward_year,2020,train,255
forward_year,2020,train,256
forward_year,2020,train,257
forward_year,2020,train,258
forward_year,2020,train,259
forward_year,2020,train,260
forward_year,2020,train,261
forward_year,2020,train,262
forward_year,2020,train,263
forward_year,2020,train,264
forward_year,2020,train,265
forward_year,2020,train,266
forward_year,2020,train,267
forward_year,2020,train,268
forward_year,2020,train,269
forward_year,2020,train,270
forward_year,2020,train,271
forward_year,2020,train,272
forward_year,2020,train,273
forward_year,2020,train,274
forward_year,2020,train,275
forward_year,2020,train,276
forward_year,2020,train,277
forward_year,2020,train,278
forward_year,2020,train,279
forward_year,2020,train,280
forward_year,2020,train,281
forward_year,2020,train,282
forward_year,2020,train,283
forward_year,2020,train,284
forward_year,2020,train,285
forward_year,2020,train,286
forward_year,2020,train,287
forward_year,2020,train,294
forward_year,2020,train,295
forward_year,2020,train,296
forward_year,2020,train,297
forward_year,2020,train,298
forward_year,2020,train,299
forward_year,2020,train,300
forward_year,2020,train,301
forward_year,2020,train,302
forward_year,2020,train,303
forward_year,2020,train,304
forward_year,2020,train,305
forward_year,2020,train,306
forward_year,2020,train,307
forward_year,2020,train,308
forward_year,2020,train,309
forward_year,2020,train,310
forward_year,2020,train,311
forward_year,2020,train,312
forward_year,2020,train,313
forward_year,2020,train,314
forward_year,2020,train,315
forward_year,2020,train,316
forward_year,2020,train,317
forward_year,2020,train,318
forward_year,2020,train,325
forward_year,2020,train,326
forward_year,2020,train,327
forward_year,2020,train,328
forward_year,2020,train,329
forward_year,2020,train,330
forward_year,2020,train,331
forward_year,2020,train,332
forward_year,2020,train,333
forward_year,2020,train,334
forward_year,2020,train,335
forward_year,2020,train,336
forward_year,2020,train,337
forward_year,2020,train,338
forward_year,2020,train,339
forward_year,2020,train,340
forward_year,2020,train,341
forward_year,2020,train,342
forward_year,2020,train,343
forward_year,2020,train,344
forward_year,2020,train,345
forward_year,2020,train,346
forward_year,2020,train,347
forward_year,2020,train,348
forward_year,2020,train,349
forward_year,2020,train,350
forward_year,2020,train,351
forward_year,2020,train,352
forward_year,2020,train,353
forward_year,2020,train,354
forward_year,2020,train,355
forward_year,2020,train,356
forward_year,2020,train,357
forward_year,2020,train,358
forward_year,2020,train,359
forward_year,2020,train,360
forward_year,2020,train,361
forward_year,2020,train,362
forward_year,2020,train,363
forward_year,2020,train,364
forward_year,2020,train,365
forward_year,2020,train,366
forward_year,2020,train,367
forward_year,2020,train,368
forward_year,2020,train,369
forward_year,2020,train,370
forward_year,2020,train,371
forward_year,2020,train,372
forward_year,2020,train,373
forward_year,2020,train,374
forward_year,2020,train,375
forward_year,2020,train,376
forward_year,2020,train,377
forward_year,2020,train,378
forward_year,2020,train,379
forward_year,2020,train,380
forward_year,2020,train,381
forward_year,2020,train,382
forward_year,2020,train,383
forward_year,2020,train,384
forward_year,2020,train,385
forward_year,2020,train,386
forward_year,2020,train,387
forward_year,2020,train,388
forward_year,2020,train,389
forward_year,2020,train,390
forward_year,2020,train,391
forward_year,2020,train,392
forward_year,2020,train,393
forward_year,2020,train,394
forward_year,2020,train,395
forward_year,2020,train,396
forward_year,2020,train,397
forward_year,2020,train,398
forward_year,2020,train,399
forward_year,2020,train,400
forward_year,2020,train,401
forward_year,2020,train,402
forward_year,2020,train,403
forward_year,2020,train,404
forward_year,2020,train,405
forward_year,2020,train,406
forward_year,2020,train,407
forward_year,2020,train,408
forward_year,2020,train,409
forward_year,2020,train,410
forward_year,2020,train,411
forward_year,2020,train,412
forward_year,2020,train,413
forward_year,2020,train,414
forward_year,2020,train,415
forward_year,2020,train,416
forward_year,2020,train,417
forward_year,2020,train,418
forward_year,2020,train,419
forward_year,2020,train,420
forward_year,2020,train,421
forward_year,2020,train,422
forward_year,2020,train,423
forward_year,2020,train,424
forward_year,2020,train,425
forward_year,2020,train,426
forward_year,2020,train,427
forward_year,2020,train,428
forward_year,2020,train,429
forward_year,2020,train,430
forward_year,2020,train,431
forward_year,2020,train,432
forward_year,2020,train,433
forward_year,2020,train,434
forward_year,2020,train,435
forward_year,2020,train,436
forward_year,2020,train,437
forward_year,2020,train,438
forward_year,2020,train,439
forward_year,2020,train,440
forward_year,2020,train,441
forward_year,2020,train,442
forward_year,2020,train,443
forward_year,2020,train,444
forward_year,2020,train,445
forward_year,2020,train,446
forward_year,2020,train,447
forward_year,2020,train,448
forward_year,2020,train,449
forward_year,2020,train,450
forward_year,2020,train,451
forward_year,2020,train,452
forward_year,2020,train,453
forward_year,2020,train,454
forward_year,2020,train,455
forward_year,2020,train,456
forward_year,2020,train,457
forward_year,2020,train,458
forward_year,2020,train,459
forward_year,2020,train,460
forward_year,2020,train,461
forward_year,2020,train,462
forward_year,2020,train,463
forward_year,2020,train,464
forward_year,2020,train,465
forward_year,2020,train,466
forward_year,2020,train,467
forward_year,2020,train,468
forward_year,2020,train,469
forward_year,2020,train,470
forward_year,2020,train,471
forward_year,2020,train,472
forward_year,2020,train,473
forward_year,2020,train,474
forward_year,2020,train,475
forward_year,2020,train,476
forward_year,2020,train,477
forward_year,2020,train,478
forward_year,2020,train,479
forward_year,2020,train,480
forward_year,2020,train,481
forward_year,2020,train,482
forward_year,2020,train,483
forward_year,2020,train,484
forward_year,2020,train,485
forward_year,2020,train,486
forward_year,2020,train,487
forward_year,2020,train,488
forward_year,2020,train,489
forward_year,2020,train,490
forward_year,2020,train,491
forward_year,2020,train,492
forward_year,2020,train,493
forward_year,2020,train,494
forward_year,2020,train,495
forward_year,2020,train,496
forward_year,2020,train,497
forward_year,2020,train,498
forward_year,2020,train,499
forward_year,2020,train,500
forward_year,2020,train,501
forward_year,2020,train,502
forward_year,2020,train,503
forward_year,2020,train,504
forward_year,2020,train,505
forward_year,2020,train,506
forward_year,2020,train,507
forward_year,2020,train,508
forward_year,2020,train,509
forward_year,2020,train,510
forward_year,2020,train,511
forward_year,2020,train,512
forward_year,2020,train,513
forward_year,2020,train,514
forward_year,2020,train,515
forward_year,2020,train,516
forward_year,2020,train,517
forward_year,2020,train,518
forward_year,2020,train,519
forward_year,2020,train,520
forward_year,2020,train,521
forward_year,2020,train,522
forward_year,2020,train,523
forward_year,2020,train,524
forward_year,2020,train,525
forward_year,2020,train,526
forward_year,2020,train,527
forward_year,2020,train,528
forward_year,2020,train,529
forward_year,2020,train,530
forward_year,2020,train,531
forward_year,2020,train,532
forward_year,2020,train,533
forward_year,2020,train,534
forward_year,2020,train,535
forward_year,2020,train,536
forward_year,2020,train,537
forward_year,2020,train,538
forward_year,2020,train,539
forward_year,2020,train,540
forward_year,2020,train,541
forward_year,2020,train,542
forward_year,2020,train,543
forward_year,2020,train,544
forward_year,2020,train,545
forward_year,2020,train,546
forward_year,2020,train,547
forward_year,2020,train,548
forward_year,2020,train,549
forward_year,2020,train,550
forward_year,2020,train,551
forward_year,2020,train,552
forward_year,2020,train,553
forward_year,2020,train,554
forward_year,2020,train,555
forward_year,2020,train,556
forward_year,2020,train,557
forward_year,2020,train,558
forward_year,2020,train,559
forward_year,2020,train,560
forward_year,2020,train,561
forward_year,2020,train,562
forward_year,2020,train,563
forward_year,2020,train,564
forward_year,2020,train,565
forward_year,2020,train,566
forward_year,2020,train,567
forward_year,2020,train,568
forward_year,2020,train,569
forward_year,2020,train,570
forward_year,2020,train,571
forward_year,2020,train,572
forward_year,2020,train,573
forward_year,2020,train,574
forward_year,2020,train,575
forward_year,2020,train,576
forward_year,2020,train,577
forward_year,2020,train,578
forward_year,2020,train,579
forward_year,2020,train,580
forward_year,2020,train,581
forward_year,2020,train,582
forward_year,2020,train,583
forward_year,2020,train,584
forward_year,2020,train,585
forward_year,2020,train,586
forward_year,2020,train,587
forward_year,2020,train,588
forward_year,2020,train,589
forward_year,2020,train,590
forward_year,2020,train,591
forward_year,2020,train,592
forward_year,2020,train,593
forward_year,2020,train,594
forward_year,2020,train,595
forward_year,2020,train,596
forward_year,2020,train,597
forward_year,2020,train,598
forward_year,2020,train,599
forward_year,2020,train,600
forward_year,2020,train,601
forward_year,2020,train,602
forward_year,2020,train,603
forward_year,2020,train,604
forward_year,2020,train,605
forward_year,2020,train,606
forward_year,2020,train,607
forward_year,2020,train,608
forward_year,2020,train,609
forward_year,2020,train,610
forward_year,2020,train,611
forward_year,2020,train,612
forward_year,2020,train,613
forward_year,2020,train,614
forward_year,2020,train,615
forward_year,2020,train,616
forward_year,2020,train,617
forward_year,2020,train,618
forward_year,2020,train,619
forward_year,2020,train,620
forward_year,2020,train,621
forward_year,2020,train,622
forward_year,2020,train,623
forward_year,2020,train,624
forward_year,2020,train,625
forward_year,2020,train,626
forward_year,2020,train,627
forward_year,2020,train,628
forward_year,2020,train,629
forward_year,2020,train,630
forward_year,2020,train,631
forward_year,2020,train,632
forward_year,2020,train,633
forward_year,2020,train,634
forward_year,2020,train,635
forward_year,2020,train,636
forward_year,2020,train,637
forward_year,2020,train,638
forward_year,2020,train,639
forward_year,2020,train,640
forward_year,2020,train,641
forward_year,2020,train,642
forward_year,2020,train,643
forward_year,2020,train,644
forward_year,2020,train,645
forward_year,2020,train,646
forward_year,2020,train,647
forward_year,2020,train,648
forward_year,2020,train,649
forward_year,2020,train,650
forward_year,2020,train,651
forward_year,2020,train,652
forward_year,2020,train,653
forward_year,2020,train,654
forward_year,2020,train,655
forward_year,2020,train,656
forward_year,2020,train,657
forward_year,2020,train,658
forward_year,2020,train,659
forward_year,2020,train,660
forward_year,2020,train,661
forward_year,2020,train,662
forward_year,2020,train,663
forward_year,2020,train,664
forward_year,2020,train,665
forward_year,2020,train,666
forward_year,2020,train,667
forward_year,2020,train,668
forward_year,2020,train,669
forward_year,2020,train,670
forward_year,2020,train,671
forward_year,2020,train,672
forward_year,2020,train,673
forward_year,2020,train,674
forward_year,2020,train,675
forward_year,2020,train,676
forward_year,2020,train,677
forward_year,2020,train,678
forward_year,2020,train,679
forward_year,2020,train,680
forward_year,2020,train,681
forward_year,2020,train,682
forward_year,2020,train,683
forward_year,2020,train,684
forward_year,2020,train,685
forward_year,2020,train,686
forward_year,2020,train,687
forward_year,2020,train,688
forward_year,2020,train,689
forward_year,2020,train,690
forward_year,2020,train,691
forward_year,2020,train,692
forward_year,2020,train,693
forward_year,2020,train,694
forward_year,2020,train,695
forward_year,2020,train,696
forward_year,2020,train,697
forward_year,2020,train,698
forward_year,2020,train,699
forward_year,2020,train,700
forward_year,2020,train,701
forward_year,2020,train,702
forward_year,2020,train,703
forward_year,2020,train,704
forward_year,2020,train,705
forward_year,2020,train,706
forward_year,2020,train,707
forward_year,2020,train,708
forward_year,2020,train,709
forward_year,2020,train,710
forward_year,2020,train,711
forward_year,2020,train,712
forward_year,2020,train,713
forward_year,2020,train,714
forward_year,2020,train,715
forward_year,2020,train,716
forward_year,2020,train,717
forward_year,2020,train,718
forward_year,2020,train,719
forward_year,2020,train,720
forward_year,2020,train,721
forward_year,2020,train,722
forward_year,2020,train,723
forward_year,2020,train,727
forward_year,2020,train,728
forward_year,2020,train,729
forward_year,2020,train,730
forward_year,2020,train,734
forward_year,2020,train,741
forward_year,2020,train,742
forward_year,2020,train,743
forward_year,2020,train,744
forward_year,2020,train,745
forward_year,2020,train,746
forward_year,2020,train,747
forward_year,2020,train,748
forward_year,2020,train,749
forward_year,2020,train,753
forward_year,2020,train,754
forward_year,2020,train,755
forward_year,2020,train,756
forward_year,2020,train,757
forward_year,2020,train,758
forward_year,2020,train,759
forward_year,2020,train,760
forward_year,2020,train,761
forward_year,2020,train,762
forward_year,2020,train,763
forward_year,2020,train,764
forward_year,2020,train,765
forward_year,2020,train,766
forward_year,2020,train,767
forward_year,2020,train,768
forward_year,2020,train,769
forward_year,2020,train,770
forward_year,2020,train,771
forward_year,2020,train,772
forward_year,2020,train,773
forward_year,2020,train,774
forward_year,2020,train,775
forward_year,2020,train,776
forward_year,2020,train,777
forward_year,2020,train,778
forward_year,2020,train,779
forward_year,2020,train,780
forward_year,2020,train,781
forward_year,2020,train,782
forward_year,2020,train,783
forward_year,2020,train,784
forward_year,2020,train,785
forward_year,2020,train,788
forward_year,2020,train,789
forward_year,2020,train,790
forward_year,2020,train,793
forward_year,2020,train,808
forward_year,2020,train,809
forward_year,2020,train,810
forward_year,2020,train,811
forward_year,2020,train,812
forward_year,2020,train,813
forward_year,2020,train,814
forward_year,2020,train,823
forward_year,2020,train,826
forward_year,2020,train,827
forward_year,2020,train,828
forward_year,2020,train,829
forward_year,2020,train,832
forward_year,2020,train,837
forward_year,2020,train,838
forward_year,2020,train,839
forward_year,2020,train,840
forward_year,2020,train,841
forward_year,2020,train,846
forward_year,2020,train,851
forward_year,2020,train,852
forward_year,2020,train,853
forward_year,2020,train,854
forward_year,2020,train,857
forward_year,2020,train,858
forward_year,2020,train,859
forward_year,2020,train,860
forward_year,2020,train,861
forward_year,2020,train,862
forward_year,2020,train,863
forward_year,2020,train,864
forward_year,2020,train,865
forward_year,2020,train,866
forward_year,2020,train,869
forward_year,2020,train,870
forward_year,2020,train,871
forward_year,2020,train,872
forward_year,2020,train,875
forward_year,2020,train,878
forward_year,2020,train,879
forward_year,2020,train,880
forward_year,2020,train,881
forward_year,2020,test,293
forward_year,2020,test,324
forward_year,2020,test,726
forward_year,2020,test,733
forward_year,2020,test,737
forward_year,2020,test,740
forward_year,2020,test,752
forward_year,2020,test,787
forward_year,2020,test,792
forward_year,2020,test,795
forward_year,2020,test,797
forward_year,2020,test,799
forward_year,2020,test,801
forward_year,2020,test,804
forward_year,2020,test,806
forward_year,2020,test,816
forward_year,2020,test,818
forward_year,2020,test,820
forward_year,2020,test,822
forward_year,2020,test,825
forward_year,2020,test,831
forward_year,2020,test,834
forward_year,2020,test,836
forward_year,2020,test,843
forward_year,2020,test,845
forward_year,2020,test,848
forward_year,2020,test,850
forward_year,2020,test,856
forward_year,2020,test,868
forward_year,2020,test,874
forward_year,2020,test,877
forward_year,2020,test,882
forward_year,2020,test,883
forward_year,2020,test,884
forward_year,2020,test,885
forward_year,2020,test,886
forward_year,2020,test,887
forward_year,2020,test,888
forward_year,2020,test,889
forward_year,2020,test,890
forward_year,2020,test,891
forward_year,2020,test,892
forward_year,2020,test,893
forward_year,2020,test,894
forward_year,2020,test,895
forward_year,2020,test,896
forward_year,2020,test,897
forward_year,2020,test,898
forward_year,2020,test,899
forward_year,2020,test,900
forward_year,2020,test,901
forward_year,2020,test,902
forward_year,2020,test,903
forward_year,2020,test,904
forward_year,2020,test,905
forward_year,2020,test,906
forward_year,2020,test,907
forward_year,2020,test,908
forward_year,2020,test,909
forward_year,2020,test,910
forward_year,2020,test,911
forward_year,2020,test,912
forward_year,2020,test,913
forward_year,2020,test,914
forward_year,2020,test,915
forward_year,2020,test,916
forward_year,2020,test,917
forward_year,2020,test,918
forward_year,2020,test,919
forward_year,2020,test,920
forward_year,2020,test,921
forward_year,2020,test,922
forward_year,2020,test,923
forward_year,2020,test,924
forward_year,2020,test,925
forward_year,2020,test,926
forward_year,2020,test,927
forward_year,2020,test,928
forward_year,2020,test,929
forward_year,2020,test,930
forward_year,2020,test,931
forward_year,2020,test,932
forward_year,2020,test,933
forward_year,2020,test,934
forward_year,2020,test,935
forward_year,2020,test,936
forward_year,2020,test,937
forward_year,2020,test,938
forward_year,2020,test,939
forward_year,2020,test,940
forward_year,2020,test,941
forward_year,2020,test,942
forward_year,2020,test,943
forward_year,2020,test,944
forward_year,2020,test,945
forward_year,2020,test,946
forward_year,2020,test,947
forward_year,2020,test,948
forward_year,2020,test,949
forward_year,2020,test,950
forward_year,2020,test,951
forward_year,2020,test,952
forward_year,2020,test,953
buffered_quadrant,0,train,11
buffered_quadrant,0,train,12
buffered_quadrant,0,train,14
buffered_quadrant,0,train,23
buffered_quadrant,0,train,24
buffered_quadrant,0,train,25
buffered_quadrant,0,train,26
buffered_quadrant,0,train,32
buffered_quadrant,0,train,44
buffered_quadrant,0,train,53
buffered_quadrant,0,train,54
buffered_quadrant,0,train,60
buffered_quadrant,0,train,66
buffered_quadrant,0,train,67
buffered_quadrant,0,train,68
buffered_quadrant,0,train,78
buffered_quadrant,0,train,79
buffered_quadrant,0,train,97
buffered_quadrant,0,train,98
buffered_quadrant,0,train,100
buffered_quadrant,0,train,107
buffered_quadrant,0,train,122
buffered_quadrant,0,train,123
buffered_quadrant,0,train,124
buffered_quadrant,0,train,125
buffered_quadrant,0,train,130
buffered_quadrant,0,train,131
buffered_quadrant,0,train,134
buffered_quadrant,0,train,139
buffered_quadrant,0,train,140
buffered_quadrant,0,train,141
buffered_quadrant,0,train,142
buffered_quadrant,0,train,143
buffered_quadrant,0,train,144
buffered_quadrant,0,train,145
buffered_quadrant,0,train,146
buffered_quadrant,0,train,147
buffered_quadrant,0,train,148
buffered_quadrant,0,train,149
buffered_quadrant,0,train,150
buffered_quadrant,0,train,151
buffered_quadrant,0,train,152
buffered_quadrant,0,train,153
buffered_quadrant,0,train,154
buffered_quadrant,0,train,155
buffered_quadrant,0,train,156
buffered_quadrant,0,train,157
buffered_quadrant,0,train,158
buffered_quadrant,0,train,159
buffered_quadrant,0,train,160
buffered_quadrant,0,train,161
buffered_quadrant,0,train,162
buffered_quadrant,0,train,163
buffered_quadrant,0,train,164
buffered_quadrant,0,train,165
buffered_quadrant,0,train,166
buffered_quadrant,0,train,167
buffered_quadrant,0,train,168
buffered_quadrant,0,train,169
buffered_quadrant,0,train,170
buffered_quadrant,0,train,171
buffered_quadrant,0,train,172
buffered_quadrant,0,train,173
buffered_quadrant,0,train,174
buffered_quadrant,0,train,175
buffered_quadrant,0,train,176
buffered_quadrant,0,train,177
buffered_quadrant,0,train,178
buffered_quadrant,0,train,179
buffered_quadrant,0,train,180
buffered_quadrant,0,train,181
buffered_quadrant,0,train,182
buffered_quadrant,0,train,183
buffered_quadrant,0,train,184
buffered_quadrant,0,train,185
buffered_quadrant,0,train,186
buffered_quadrant,0,train,187
buffered_quadrant,0,train,188
buffered_quadrant,0,train,189
buffered_quadrant,0,train,190
buffered_quadrant,0,train,191
buffered_quadrant,0,train,192
buffered_quadrant,0,train,193
buffered_quadrant,0,train,194
buffered_quadrant,0,train,195
buffered_quadrant,0,train,196
buffered_quadrant,0,train,197
buffered_quadrant,0,train,198
buffered_quadrant,0,train,199
buffered_quadrant,0,train,200
buffered_quadrant,0,train,201
buffered_quadrant,0,train,202
buffered_quadrant,0,train,203
buffered_quadrant,0,train,204
buffered_quadrant,0,train,205
buffered_quadrant,0,train,206
buffered_quadrant,0,train,207
buffered_quadrant,0,train,208
buffered_quadrant,0,train,209
buffered_quadrant,0,train,210
buffered_quadrant,0,train,216
buffered_quadrant,0,train,217
buffered_quadrant,0,train,219
buffered_quadrant,0,train,224
buffered_quadrant,0,train,229
buffered_quadrant,0,train,234
buffered_quadrant,0,train,235
buffered_quadrant,0,train,236
buffered_quadrant,0,train,237
buffered_quadrant,0,train,238
buffered_quadrant,0,train,239
buffered_quadrant,0,train,240
buffered_quadrant,0,train,241
buffered_quadrant,0,train,242
buffered_quadrant,0,train,243
buffered_quadrant,0,train,246
buffered_quadrant,0,train,247
buffered_quadrant,0,train,248
buffered_quadrant,0,train,249
buffered_quadrant,0,train,250
buffered_quadrant,0,train,251
buffered_quadrant,0,train,252
buffered_quadrant,0,train,253
buffered_quadrant,0,train,254
buffered_quadrant,0,train,255
buffered_quadrant,0,train,256
buffered_quadrant,0,train,258
buffered_quadrant,0,train,259
buffered_quadrant,0,train,260
buffered_quadrant,0,train,261
buffered_quadrant,0,train,262
buffered_quadrant,0,train,263
buffered_quadrant,0,train,266
buffered_quadrant,0,train,267
buffered_quadrant,0,train,268
buffered_quadrant,0,train,273
buffered_quadrant,0,train,274
buffered_quadrant,0,train,275
buffered_quadrant,0,train,276
buffered_quadrant,0,train,277
buffered_quadrant,0,train,278
buffered_quadrant,0,train,279
buffered_quadrant,0,train,280
buffered_quadrant,0,train,281
buffered_quadrant,0,train,282
buffered_quadrant,0,train,283
buffered_quadrant,0,train,284
buffered_quadrant,0,train,285
buffered_quadrant,0,train,286
buffered_quadrant,0,train,287
buffered_quadrant,0,train,288
buffered_quadrant,0,train,289
buffered_quadrant,0,train,290
buffered_quadrant,0,train,291
buffered_quadrant,0,train,292
buffered_quadrant,0,train,293
buffered_quadrant,0,train,294
buffered_quadrant,0,train,295
buffered_quadrant,0,train,296
buffered_quadrant,0,train,300
buffered_quadrant,0,train,301
buffered_quadrant,0,train,302
buffered_quadrant,0,train,303
buffered_quadrant,0,train,304
buffered_quadrant,0,train,305
buffered_quadrant,0,train,306
buffered_quadrant,0,train,310
buffered_quadrant,0,train,311
buffered_quadrant,0,train,312
buffered_quadrant,0,train,313
buffered_quadrant,0,train,314
buffered_quadrant,0,train,316
buffered_quadrant,0,train,317
buffered_quadrant,0,train,318
buffered_quadrant,0,train,319
buffered_quadrant,0,train,320
buffered_quadrant,0,train,321
buffered_quadrant,0,train,322
buffered_quadrant,0,train,323
buffered_quadrant,0,train,324
buffered_quadrant,0,train,325
buffered_quadrant,0,train,326
buffered_quadrant,0,train,327
buffered_quadrant,0,train,328
buffered_quadrant,0,train,329
buffered_quadrant,0,train,330
buffered_quadrant,0,train,331
buffered_quadrant,0,train,332
buffered_quadrant,0,train,333
buffered_quadrant,0,train,334
buffered_quadrant,0,train,335
buffered_quadrant,0,train,336
buffered_quadrant,0,train,337
buffered_quadrant,0,train,338
buffered_quadrant,0,train,339
buffered_quadrant,0,train,340
buffered_quadrant,0,train,342
buffered_quadrant,0,train,343
buffered_quadrant,0,train,344
buffered_quadrant,0,train,345
buffered_quadrant,0,train,346
buffered_quadrant,0,train,347
buffered_quadrant,0,train,348
buffered_quadrant,0,train,349
buffered_quadrant,0,train,350
buffered_quadrant,0,train,351
buffered_quadrant,0,train,352
buffered_quadrant,0,train,353
buffered_quadrant,0,train,354
buffered_quadrant,0,train,356
buffered_quadrant,0,train,357
buffered_quadrant,0,train,358
buffered_quadrant,0,train,359
buffered_quadrant,0,train,360
buffered_quadrant,0,train,361
buffered_quadrant,0,train,362
buffered_quadrant,0,train,363
buffered_quadrant,0,train,364
buffered_quadrant,0,train,365
buffered_quadrant,0,train,366
buffered_quadrant,0,train,367
buffered_quadrant,0,train,368
buffered_quadrant,0,train,369
buffered_quadrant,0,train,370
buffered_quadrant,0,train,371
buffered_quadrant,0,train,372
buffered_quadrant,0,train,373
buffered_quadrant,0,train,374
buffered_quadrant,0,train,375
buffered_quadrant,0,train,376
buffered_quadrant,0,train,377
buffered_quadrant,0,train,381
buffered_quadrant,0,train,382
buffered_quadrant,0,train,383
buffered_quadrant,0,train,387
buffered_quadrant,0,train,388
buffered_quadrant,0,train,389
buffered_quadrant,0,train,390
buffered_quadrant,0,train,391
buffered_quadrant,0,train,392
buffered_quadrant,0,train,393
buffered_quadrant,0,train,394
buffered_quadrant,0,train,395
buffered_quadrant,0,train,397
buffered_quadrant,0,train,398
buffered_quadrant,0,train,399
buffered_quadrant,0,train,401
buffered_quadrant,0,train,413
buffered_quadrant,0,train,414
buffered_quadrant,0,train,417
buffered_quadrant,0,train,418
buffered_quadrant,0,train,422
buffered_quadrant,0,train,423
buffered_quadrant,0,train,424
buffered_quadrant,0,train,426
buffered_quadrant,0,train,431
buffered_quadrant,0,train,432
buffered_quadrant,0,train,433
buffered_quadrant,0,train,435
buffered_quadrant,0,train,437
buffered_quadrant,0,train,438
buffered_quadrant,0,train,440
buffered_quadrant,0,train,441
buffered_quadrant,0,train,446
buffered_quadrant,0,train,447
buffered_quadrant,0,train,448
buffered_quadrant,0,train,450
buffered_quadrant,0,train,454
buffered_quadrant,0,train,455
buffered_quadrant,0,train,456
buffered_quadrant,0,train,457
buffered_quadrant,0,train,460
buffered_quadrant,0,train,461
buffered_quadrant,0,train,462
buffered_quadrant,0,train,463
buffered_quadrant,0,train,464
buffered_quadrant,0,train,465
buffered_quadrant,0,train,466
buffered_quadrant,0,train,467
buffered_quadrant,0,train,468
buffered_quadrant,0,train,469
buffered_quadrant,0,train,475
buffered_quadrant,0,train,477
buffered_quadrant,0,train,480
buffered_quadrant,0,train,481
buffered_quadrant,0,train,482
buffered_quadrant,0,train,483
buffered_quadrant,0,train,484
buffered_quadrant,0,train,486
buffered_quadrant,0,train,489
buffered_quadrant,0,train,490
buffered_quadrant,0,train,491
buffered_quadrant,0,train,492
buffered_quadrant,0,train,502
buffered_quadrant,0,train,503
buffered_quadrant,0,train,504
buffered_quadrant,0,train,505
buffered_quadrant,0,train,507
buffered_quadrant,0,train,508
buffered_quadrant,0,train,509
buffered_quadrant,0,train,510
buffered_quadrant,0,train,511
buffered_quadrant,0,train,513
buffered_quadrant,0,train,514
buffered_quadrant,0,train,515
buffered_quadrant,0,train,516
buffered_quadrant,0,train,517
buffered_quadrant,0,train,519
buffered_quadrant,0,train,520
buffered_quadrant,0,train,521
buffered_quadrant,0,train,522
buffered_quadrant,0,train,523
buffered_quadrant,0,train,524
buffered_quadrant,0,train,525
buffered_quadrant,0,train,526
buffered_quadrant,0,train,527
buffered_quadrant,0,train,528
buffered_quadrant,0,train,529
buffered_quadrant,0,train,530
buffered_quadrant,0,train,531
buffered_quadrant,0,train,532
buffered_quadrant,0,train,533
buffered_quadrant,0,train,534
buffered_quadrant,0,train,535
buffered_quadrant,0,train,536
buffered_quadrant,0,train,537
buffered_quadrant,0,train,538
buffered_quadrant,0,train,539
buffered_quadrant,0,train,540
buffered_quadrant,0,train,541
buffered_quadrant,0,train,542
buffered_quadrant,0,train,543
buffered_quadrant,0,train,544
buffered_quadrant,0,train,545
buffered_quadrant,0,train,546
buffered_quadrant,0,train,547
buffered_quadrant,0,train,548
buffered_quadrant,0,train,549
buffered_quadrant,0,train,550
buffered_quadrant,0,train,551
buffered_quadrant,0,train,552
buffered_quadrant,0,train,553
buffered_quadrant,0,train,554
buffered_quadrant,0,train,555
buffered_quadrant,0,train,556
buffered_quadrant,0,train,557
buffered_quadrant,0,train,558
buffered_quadrant,0,train,559
buffered_quadrant,0,train,560
buffered_quadrant,0,train,561
buffered_quadrant,0,train,562
buffered_quadrant,0,train,563
buffered_quadrant,0,train,564
buffered_quadrant,0,train,565
buffered_quadrant,0,train,566
buffered_quadrant,0,train,567
buffered_quadrant,0,train,568
buffered_quadrant,0,train,569
buffered_quadrant,0,train,570
buffered_quadrant,0,train,571
buffered_quadrant,0,train,572
buffered_quadrant,0,train,573
buffered_quadrant,0,train,574
buffered_quadrant,0,train,575
buffered_quadrant,0,train,576
buffered_quadrant,0,train,577
buffered_quadrant,0,train,578
buffered_quadrant,0,train,579
buffered_quadrant,0,train,580
buffered_quadrant,0,train,581
buffered_quadrant,0,train,582
buffered_quadrant,0,train,583
buffered_quadrant,0,train,584
buffered_quadrant,0,train,585
buffered_quadrant,0,train,586
buffered_quadrant,0,train,587
buffered_quadrant,0,train,588
buffered_quadrant,0,train,589
buffered_quadrant,0,train,590
buffered_quadrant,0,train,591
buffered_quadrant,0,train,592
buffered_quadrant,0,train,593
buffered_quadrant,0,train,594
buffered_quadrant,0,train,595
buffered_quadrant,0,train,596
buffered_quadrant,0,train,597
buffered_quadrant,0,train,598
buffered_quadrant,0,train,599
buffered_quadrant,0,train,600
buffered_quadrant,0,train,601
buffered_quadrant,0,train,602
buffered_quadrant,0,train,603
buffered_quadrant,0,train,604
buffered_quadrant,0,train,605
buffered_quadrant,0,train,606
buffered_quadrant,0,train,607
buffered_quadrant,0,train,608
buffered_quadrant,0,train,609
buffered_quadrant,0,train,610
buffered_quadrant,0,train,611
buffered_quadrant,0,train,612
buffered_quadrant,0,train,613
buffered_quadrant,0,train,614
buffered_quadrant,0,train,615
buffered_quadrant,0,train,616
buffered_quadrant,0,train,617
buffered_quadrant,0,train,618
buffered_quadrant,0,train,619
buffered_quadrant,0,train,620
buffered_quadrant,0,train,621
buffered_quadrant,0,train,622
buffered_quadrant,0,train,623
buffered_quadrant,0,train,624
buffered_quadrant,0,train,625
buffered_quadrant,0,train,626
buffered_quadrant,0,train,627
buffered_quadrant,0,train,628
buffered_quadrant,0,train,629
buffered_quadrant,0,train,630
buffered_quadrant,0,train,631
buffered_quadrant,0,train,632
buffered_quadrant,0,train,633
buffered_quadrant,0,train,634
buffered_quadrant,0,train,635
buffered_quadrant,0,train,636
buffered_quadrant,0,train,637
buffered_quadrant,0,train,638
buffered_quadrant,0,train,639
buffered_quadrant,0,train,640
buffered_quadrant,0,train,641
buffered_quadrant,0,train,642
buffered_quadrant,0,train,643
buffered_quadrant,0,train,644
buffered_quadrant,0,train,645
buffered_quadrant,0,train,646
buffered_quadrant,0,train,647
buffered_quadrant,0,train,648
buffered_quadrant,0,train,649
buffered_quadrant,0,train,650
buffered_quadrant,0,train,651
buffered_quadrant,0,train,652
buffered_quadrant,0,train,653
buffered_quadrant,0,train,654
buffered_quadrant,0,train,655
buffered_quadrant,0,train,656
buffered_quadrant,0,train,657
buffered_quadrant,0,train,658
buffered_quadrant,0,train,659
buffered_quadrant,0,train,660
buffered_quadrant,0,train,661
buffered_quadrant,0,train,662
buffered_quadrant,0,train,663
buffered_quadrant,0,train,664
buffered_quadrant,0,train,666
buffered_quadrant,0,train,667
buffered_quadrant,0,train,668
buffered_quadrant,0,train,669
buffered_quadrant,0,train,670
buffered_quadrant,0,train,671
buffered_quadrant,0,train,672
buffered_quadrant,0,train,673
buffered_quadrant,0,train,674
buffered_quadrant,0,train,675
buffered_quadrant,0,train,676
buffered_quadrant,0,train,677
buffered_quadrant,0,train,678
buffered_quadrant,0,train,679
buffered_quadrant,0,train,680
buffered_quadrant,0,train,681
buffered_quadrant,0,train,682
buffered_quadrant,0,train,683
buffered_quadrant,0,train,684
buffered_quadrant,0,train,685
buffered_quadrant,0,train,686
buffered_quadrant,0,train,687
buffered_quadrant,0,train,688
buffered_quadrant,0,train,689
buffered_quadrant,0,train,690
buffered_quadrant,0,train,691
buffered_quadrant,0,train,692
buffered_quadrant,0,train,693
buffered_quadrant,0,train,694
buffered_quadrant,0,train,695
buffered_quadrant,0,train,696
buffered_quadrant,0,train,698
buffered_quadrant,0,train,699
buffered_quadrant,0,train,700
buffered_quadrant,0,train,701
buffered_quadrant,0,train,702
buffered_quadrant,0,train,703
buffered_quadrant,0,train,704
buffered_quadrant,0,train,705
buffered_quadrant,0,train,706
buffered_quadrant,0,train,707
buffered_quadrant,0,train,708
buffered_quadrant,0,train,709
buffered_quadrant,0,train,710
buffered_quadrant,0,train,711
buffered_quadrant,0,train,712
buffered_quadrant,0,train,713
buffered_quadrant,0,train,714
buffered_quadrant,0,train,715
buffered_quadrant,0,train,716
buffered_quadrant,0,train,717
buffered_quadrant,0,train,718
buffered_quadrant,0,train,719
buffered_quadrant,0,train,720
buffered_quadrant,0,train,721
buffered_quadrant,0,train,729
buffered_quadrant,0,train,730
buffered_quadrant,0,train,734
buffered_quadrant,0,train,735
buffered_quadrant,0,train,736
buffered_quadrant,0,train,737
buffered_quadrant,0,train,741
buffered_quadrant,0,train,742
buffered_quadrant,0,train,743
buffered_quadrant,0,train,744
buffered_quadrant,0,train,745
buffered_quadrant,0,train,746
buffered_quadrant,0,train,747
buffered_quadrant,0,train,748
buffered_quadrant,0,train,749
buffered_quadrant,0,train,750
buffered_quadrant,0,train,751
buffered_quadrant,0,train,752
buffered_quadrant,0,train,757
buffered_quadrant,0,train,758
buffered_quadrant,0,train,759
buffered_quadrant,0,train,760
buffered_quadrant,0,train,761
buffered_quadrant,0,train,762
buffered_quadrant,0,train,763
buffered_quadrant,0,train,764
buffered_quadrant,0,train,765
buffered_quadrant,0,train,766
buffered_quadrant,0,train,767
buffered_quadrant,0,train,768
buffered_quadrant,0,train,769
buffered_quadrant,0,train,770
buffered_quadrant,0,train,771
buffered_quadrant,0,train,772
buffered_quadrant,0,train,773
buffered_quadrant,0,train,774
buffered_quadrant,0,train,775
buffered_quadrant,0,train,776
buffered_quadrant,0,train,777
buffered_quadrant,0,train,778
buffered_quadrant,0,train,779
buffered_quadrant,0,train,780
buffered_quadrant,0,train,781
buffered_quadrant,0,train,782
buffered_quadrant,0,train,783
buffered_quadrant,0,train,784
buffered_quadrant,0,train,785
buffered_quadrant,0,train,786
buffered_quadrant,0,train,787
buffered_quadrant,0,train,793
buffered_quadrant,0,train,798
buffered_quadrant,0,train,799
buffered_quadrant,0,train,808
buffered_quadrant,0,train,811
buffered_quadrant,0,train,813
buffered_quadrant,0,train,814
buffered_quadrant,0,train,823
buffered_quadrant,0,train,828
buffered_quadrant,0,train,829
buffered_quadrant,0,train,830
buffered_quadrant,0,train,831
buffered_quadrant,0,train,832
buffered_quadrant,0,train,833
buffered_quadrant,0,train,834
buffered_quadrant,0,train,837
buffered_quadrant,0,train,838
buffered_quadrant,0,train,839
buffered_quadrant,0,train,840
buffered_quadrant,0,train,841
buffered_quadrant,0,train,842
buffered_quadrant,0,train,843
buffered_quadrant,0,train,844
buffered_quadrant,0,train,845
buffered_quadrant,0,train,846
buffered_quadrant,0,train,847
buffered_quadrant,0,train,848
buffered_quadrant,0,train,849
buffered_quadrant,0,train,850
buffered_quadrant,0,train,851
buffered_quadrant,0,train,852
buffered_quadrant,0,train,853
buffered_quadrant,0,train,854
buffered_quadrant,0,train,855
buffered_quadrant,0,train,856
buffered_quadrant,0,train,857
buffered_quadrant,0,train,858
buffered_quadrant,0,train,859
buffered_quadrant,0,train,860
buffered_quadrant,0,train,861
buffered_quadrant,0,train,862
buffered_quadrant,0,train,863
buffered_quadrant,0,train,864
buffered_quadrant,0,train,865
buffered_quadrant,0,train,866
buffered_quadrant,0,train,867
buffered_quadrant,0,train,868
buffered_quadrant,0,train,869
buffered_quadrant,0,train,870
buffered_quadrant,0,train,871
buffered_quadrant,0,train,872
buffered_quadrant,0,train,873
buffered_quadrant,0,train,874
buffered_quadrant,0,train,875
buffered_quadrant,0,train,876
buffered_quadrant,0,train,877
buffered_quadrant,0,train,878
buffered_quadrant,0,train,879
buffered_quadrant,0,train,880
buffered_quadrant,0,train,881
buffered_quadrant,0,train,882
buffered_quadrant,0,train,899
buffered_quadrant,0,train,902
buffered_quadrant,0,train,903
buffered_quadrant,0,train,904
buffered_quadrant,0,train,905
buffered_quadrant,0,train,906
buffered_quadrant,0,train,907
buffered_quadrant,0,train,909
buffered_quadrant,0,train,911
buffered_quadrant,0,train,912
buffered_quadrant,0,train,913
buffered_quadrant,0,train,914
buffered_quadrant,0,train,915
buffered_quadrant,0,train,916
buffered_quadrant,0,train,917
buffered_quadrant,0,train,918
buffered_quadrant,0,train,919
buffered_quadrant,0,train,920
buffered_quadrant,0,train,921
buffered_quadrant,0,train,922
buffered_quadrant,0,train,923
buffered_quadrant,0,train,924
buffered_quadrant,0,train,925
buffered_quadrant,0,train,926
buffered_quadrant,0,train,927
buffered_quadrant,0,train,928
buffered_quadrant,0,train,929
buffered_quadrant,0,train,930
buffered_quadrant,0,train,931
buffered_quadrant,0,train,932
buffered_quadrant,0,train,933
buffered_quadrant,0,train,934
buffered_quadrant,0,train,935
buffered_quadrant,0,train,936
buffered_quadrant,0,train,937
buffered_quadrant,0,train,938
buffered_quadrant,0,train,939
buffered_quadrant,0,train,940
buffered_quadrant,0,train,941
buffered_quadrant,0,train,942
buffered_quadrant,0,train,943
buffered_quadrant,0,train,944
buffered_quadrant,0,train,945
buffered_quadrant,0,train,946
buffered_quadrant,0,train,947
buffered_quadrant,0,train,948
buffered_quadrant,0,train,949
buffered_quadrant,0,train,950
buffered_quadrant,0,train,951
buffered_quadrant,0,train,952
buffered_quadrant,0,train,953
buffered_quadrant,0,test,0
buffered_quadrant,0,test,1
buffered_quadrant,0,test,2
buffered_quadrant,0,test,3
buffered_quadrant,0,test,4
buffered_quadrant,0,test,5
buffered_quadrant,0,test,6
buffered_quadrant,0,test,7
buffered_quadrant,0,test,8
buffered_quadrant,0,test,9
buffered_quadrant,0,test,10
buffered_quadrant,0,test,13
buffered_quadrant,0,test,15
buffered_quadrant,0,test,16
buffered_quadrant,0,test,17
buffered_quadrant,0,test,18
buffered_quadrant,0,test,19
buffered_quadrant,0,test,20
buffered_quadrant,0,test,21
buffered_quadrant,0,test,22
buffered_quadrant,0,test,27
buffered_quadrant,0,test,28
buffered_quadrant,0,test,29
buffered_quadrant,0,test,30
buffered_quadrant,0,test,31
buffered_quadrant,0,test,33
buffered_quadrant,0,test,34
buffered_quadrant,0,test,35
buffered_quadrant,0,test,36
buffered_quadrant,0,test,37
buffered_quadrant,0,test,38
buffered_quadrant,0,test,39
buffered_quadrant,0,test,40
buffered_quadrant,0,test,41
buffered_quadrant,0,test,42
buffered_quadrant,0,test,43
buffered_quadrant,0,test,45
buffered_quadrant,0,test,46
buffered_quadrant,0,test,47
buffered_quadrant,0,test,48
buffered_quadrant,0,test,49
buffered_quadrant,0,test,50
buffered_quadrant,0,test,51
buffered_quadrant,0,test,52
buffered_quadrant,0,test,55
buffered_quadrant,0,test,56
buffered_quadrant,0,test,57
buffered_quadrant,0,test,58
buffered_quadrant,0,test,59
buffered_quadrant,0,test,61
buffered_quadrant,0,test,62
buffered_quadrant,0,test,63
buffered_quadrant,0,test,64
buffered_quadrant,0,test,65
buffered_quadrant,0,test,69
buffered_quadrant,0,test,70
buffered_quadrant,0,test,71
buffered_quadrant,0,test,72
buffered_quadrant,0,test,73
buffered_quadrant,0,test,74
buffered_quadrant,0,test,75
buffered_quadrant,0,test,76
buffered_quadrant,0,test,77
buffered_quadrant,0,test,80
buffered_quadrant,0,test,81
buffered_quadrant,0,test,82
buffered_quadrant,0,test,83
buffered_quadrant,0,test,84
buffered_quadrant,0,test,85
buffered_quadrant,0,test,86
buffered_quadrant,0,test,87
buffered_quadrant,0,test,88
buffered_quadrant,0,test,89
buffered_quadrant,0,test,90
buffered_quadrant,0,test,91
buffered_quadrant,0,test,92
buffered_quadrant,0,test,93
buffered_quadrant,0,test,94
buffered_quadrant,0,test,95
buffered_quadrant,0,test,96
buffered_quadrant,0,test,99
buffered_quadrant,0,test,101
buffered_quadrant,0,test,102
buffered_quadrant,0,test,103
buffered_quadrant,0,test,104
buffered_quadrant,0,test,105
buffered_quadrant,0,test,106
buffered_quadrant,0,test,108
buffered_quadrant,0,test,110
buffered_quadrant,0,test,111
buffered_quadrant,0,test,112
buffered_quadrant,0,test,113
buffered_quadrant,0,test,114
buffered_quadrant,0,test,115
buffered_quadrant,0,test,116
buffered_quadrant,0,test,120
buffered_quadrant,0,test,121
buffered_quadrant,0,test,126
buffered_quadrant,0,test,127
buffered_quadrant,0,test,128
buffered_quadrant,0,test,129
buffered_quadrant,0,test,133
buffered_quadrant,0,test,211
buffered_quadrant,0,test,212
buffered_quadrant,0,test,213
buffered_quadrant,0,test,214
buffered_quadrant,0,test,215
buffered_quadrant,0,test,218
buffered_quadrant,0,test,223
buffered_quadrant,0,test,225
buffered_quadrant,0,test,227
buffered_quadrant,0,test,230
buffered_quadrant,0,test,231
buffered_quadrant,0,test,232
buffered_quadrant,0,test,233
buffered_quadrant,0,test,244
buffered_quadrant,0,test,245
buffered_quadrant,0,test,257
buffered_quadrant,0,test,264
buffered_quadrant,0,test,265
buffered_quadrant,0,test,269
buffered_quadrant,0,test,270
buffered_quadrant,0,test,271
buffered_quadrant,0,test,272
buffered_quadrant,0,test,297
buffered_quadrant,0,test,298
buffered_quadrant,0,test,299
buffered_quadrant,0,test,307
buffered_quadrant,0,test,308
buffered_quadrant,0,test,309
buffered_quadrant,0,test,341
buffered_quadrant,0,test,355
buffered_quadrant,0,test,378
buffered_quadrant,0,test,379
buffered_quadrant,0,test,380
buffered_quadrant,0,test,384
buffered_quadrant,0,test,385
buffered_quadrant,0,test,386
buffered_quadrant,0,test,396
buffered_quadrant,0,test,400
buffered_quadrant,0,test,402
buffered_quadrant,0,test,403
buffered_quadrant,0,test,404
buffered_quadrant,0,test,405
buffered_quadrant,0,test,406
buffered_quadrant,0,test,407
buffered_quadrant,0,test,408
buffered_quadrant,0,test,409
buffered_quadrant,0,test,410
buffered_quadrant,0,test,411
buffered_quadrant,0,test,412
buffered_quadrant,0,test,419
buffered_quadrant,0,test,420
buffered_quadrant,0,test,421
buffered_quadrant,0,test,425
buffered_quadrant,0,test,427
buffered_quadrant,0,test,428
buffered_quadrant,0,test,429
buffered_quadrant,0,test,430
buffered_quadrant,0,test,434
buffered_quadrant,0,test,436
buffered_quadrant,0,test,439
buffered_quadrant,0,test,442
buffered_quadrant,0,test,443
buffered_quadrant,0,test,444
buffered_quadrant,0,test,445
buffered_quadrant,0,test,449
buffered_quadrant,0,test,451
buffered_quadrant,0,test,452
buffered_quadrant,0,test,453
buffered_quadrant,0,test,458
buffered_quadrant,0,test,459
buffered_quadrant,0,test,470
buffered_quadrant,0,test,471
buffered_quadrant,0,test,472
buffered_quadrant,0,test,473
buffered_quadrant,0,test,474
buffered_quadrant,0,test,476
buffered_quadrant,0,test,478
buffered_quadrant,0,test,479
buffered_quadrant,0,test,485
buffered_quadrant,0,test,487
buffered_quadrant,0,test,493
buffered_quadrant,0,test,495
buffered_quadrant,0,test,665
buffered_quadrant,0,test,697
buffered_quadrant,0,test,722
buffered_quadrant,0,test,723
buffered_quadrant,0,test,724
buffered_quadrant,0,test,725
buffered_quadrant,0,test,726
buffered_quadrant,0,test,727
buffered_quadrant,0,test,728
buffered_quadrant,0,test,731
buffered_quadrant,0,test,732
buffered_quadrant,0,test,733
buffered_quadrant,0,test,738
buffered_quadrant,0,test,739
buffered_quadrant,0,test,740
buffered_quadrant,0,test,753
buffered_quadrant,0,test,754
buffered_quadrant,0,test,755
buffered_quadrant,0,test,756
buffered_quadrant,0,test,788
buffered_quadrant,0,test,789
buffered_quadrant,0,test,790
buffered_quadrant,0,test,791
buffered_quadrant,0,test,792
buffered_quadrant,0,test,794
buffered_quadrant,0,test,795
buffered_quadrant,0,test,796
buffered_quadrant,0,test,797
buffered_quadrant,0,test,800
buffered_quadrant,0,test,801
buffered_quadrant,0,test,802
buffered_quadrant,0,test,803
buffered_quadrant,0,test,804
buffered_quadrant,0,test,805
buffered_quadrant,0,test,806
buffered_quadrant,0,test,807
buffered_quadrant,0,test,809
buffered_quadrant,0,test,810
buffered_quadrant,0,test,812
buffered_quadrant,0,test,815
buffered_quadrant,0,test,816
buffered_quadrant,0,test,817
buffered_quadrant,0,test,818
buffered_quadrant,0,test,819
buffered_quadrant,0,test,820
buffered_quadrant,0,test,821
buffered_quadrant,0,test,822
buffered_quadrant,0,test,824
buffered_quadrant,0,test,825
buffered_quadrant,0,test,826
buffered_quadrant,0,test,827
buffered_quadrant,0,test,835
buffered_quadrant,0,test,836
buffered_quadrant,0,test,883
buffered_quadrant,0,test,884
buffered_quadrant,0,test,885
buffered_quadrant,0,test,886
buffered_quadrant,0,test,887
buffered_quadrant,0,test,888
buffered_quadrant,0,test,889
buffered_quadrant,0,test,890
buffered_quadrant,0,test,891
buffered_quadrant,0,test,892
buffered_quadrant,0,test,893
buffered_quadrant,0,test,894
buffered_quadrant,0,test,895
buffered_quadrant,0,test,896
buffered_quadrant,0,test,897
buffered_quadrant,0,test,898
buffered_quadrant,0,test,900
buffered_quadrant,0,test,901
buffered_quadrant,0,test,908
buffered_quadrant,0,test,910
buffered_quadrant,1,train,0
buffered_quadrant,1,train,1
buffered_quadrant,1,train,2
buffered_quadrant,1,train,3
buffered_quadrant,1,train,4
buffered_quadrant,1,train,5
buffered_quadrant,1,train,6
buffered_quadrant,1,train,7
buffered_quadrant,1,train,8
buffered_quadrant,1,train,9
buffered_quadrant,1,train,10
buffered_quadrant,1,train,15
buffered_quadrant,1,train,16
buffered_quadrant,1,train,17
buffered_quadrant,1,train,18
buffered_quadrant,1,train,19
buffered_quadrant,1,train,20
buffered_quadrant,1,train,21
buffered_quadrant,1,train,22
buffered_quadrant,1,train,27
buffered_quadrant,1,train,28
buffered_quadrant,1,train,30
buffered_quadrant,1,train,31
buffered_quadrant,1,train,33
buffered_quadrant,1,train,34
buffered_quadrant,1,train,35
buffered_quadrant,1,train,36
buffered_quadrant,1,train,37
buffered_quadrant,1,train,38
buffered_quadrant,1,train,39
buffered_quadrant,1,train,40
buffered_quadrant,1,train,41
buffered_quadrant,1,train,42
buffered_quadrant,1,train,43
buffered_quadrant,1,train,45
buffered_quadrant,1,train,46
buffered_quadrant,1,train,47
buffered_quadrant,1,train,48
buffered_quadrant,1,train,49
buffered_quadrant,1,train,50
buffered_quadrant,1,train,51
buffered_quadrant,1,train,52
buffered_quadrant,1,train,55
buffered_quadrant,1,train,56
buffered_quadrant,1,train,57
buffered_quadrant,1,train,58
buffered_quadrant,1,train,59
buffered_quadrant,1,train,61
buffered_quadrant,1,train,62
buffered_quadrant,1,train,63
buffered_quadrant,1,train,64
buffered_quadrant,1,train,65
buffered_quadrant,1,train,69
buffered_quadrant,1,train,70
buffered_quadrant,1,train,71
buffered_quadrant,1,train,72
buffered_quadrant,1,train,73
buffered_quadrant,1,train,74
buffered_quadrant,1,train,75
buffered_quadrant,1,train,76
buffered_quadrant,1,train,77
buffered_quadrant,1,train,80
buffered_quadrant,1,train,81
buffered_quadrant,1,train,82
buffered_quadrant,1,train,83
buffered_quadrant,1,train,84
buffered_quadrant,1,train,85
buffered_quadrant,1,train,86
buffered_quadrant,1,train,87
buffered_quadrant,1,train,88
buffered_quadrant,1,train,89
buffered_quadrant,1,train,90
buffered_quadrant,1,train,91
buffered_quadrant,1,train,92
buffered_quadrant,1,train,93
buffered_quadrant,1,train,94
buffered_quadrant,1,train,95
buffered_quadrant,1,train,96
buffered_quadrant,1,train,99
buffered_quadrant,1,train,101
buffered_quadrant,1,train,102
buffered_quadrant,1,train,103
buffered_quadrant,1,train,104
buffered_quadrant,1,train,105
buffered_quadrant,1,train,106
buffered_quadrant,1,train,108
buffered_quadrant,1,train,110
buffered_quadrant,1,train,111
buffered_quadrant,1,train,112
buffered_quadrant,1,train,113
buffered_quadrant,1,train,114
buffered_quadrant,1,train,115
buffered_quadrant,1,train,116
buffered_quadrant,1,train,120
buffered_quadrant,1,train,121
buffered_quadrant,1,train,126
buffered_quadrant,1,train,127
buffered_quadrant,1,train,128
buffered_quadrant,1,train,129
buffered_quadrant,1,train,135
buffered_quadrant,1,train,136
buffered_quadrant,1,train,137
buffered_quadrant,1,train,139
buffered_quadrant,1,train,140
buffered_quadrant,1,train,141
buffered_quadrant,1,train,142
buffered_quadrant,1,train,143
buffered_quadrant,1,train,144
buffered_quadrant,1,train,145
buffered_quadrant,1,train,146
buffered_quadrant,1,train,147
buffered_quadrant,1,train,148
buffered_quadrant,1,train,149
buffered_quadrant,1,train,150
buffered_quadrant,1,train,151
buffered_quadrant,1,train,152
buffered_quadrant,1,train,153
buffered_quadrant,1,train,154
buffered_quadrant,1,train,155
buffered_quadrant,1,train,156
buffered_quadrant,1,train,157
buffered_quadrant,1,train,158
buffered_quadrant,1,train,159
buffered_quadrant,1,train,160
buffered_quadrant,1,train,161
buffered_quadrant,1,train,162
buffered_quadrant,1,train,163
buffered_quadrant,1,train,164
buffered_quadrant,1,train,165
buffered_quadrant,1,train,166
buffered_quadrant,1,train,167
buffered_quadrant,1,train,168
buffered_quadrant,1,train,169
buffered_quadrant,1,train,170
buffered_quadrant,1,train,171
buffered_quadrant,1,train,172
buffered_quadrant,1,train,173
buffered_quadrant,1,train,174
buffered_quadrant,1,train,175
buffered_quadrant,1,train,176
buffered_quadrant,1,train,177
buffered_quadrant,1,train,178
buffered_quadrant,1,train,179
buffered_quadrant,1,train,180
buffered_quadrant,1,train,181
buffered_quadrant,1,train,182
buffered_quadrant,1,train,183
buffered_quadrant,1,train,184
buffered_quadrant,1,train,185
buffered_quadrant,1,train,186
buffered_quadrant,1,train,187
buffered_quadrant,1,train,188
buffered_quadrant,1,train,189
buffered_quadrant,1,train,190
buffered_quadrant,1,train,191
buffered_quadrant,1,train,192
buffered_quadrant,1,train,193
buffered_quadrant,1,train,194
buffered_quadrant,1,train,195
buffered_quadrant,1,train,196
buffered_quadrant,1,train,197
buffered_quadrant,1,train,198
buffered_quadrant,1,train,199
buffered_quadrant,1,train,200
buffered_quadrant,1,train,201
buffered_quadrant,1,train,202
buffered_quadrant,1,train,203
buffered_quadrant,1,train,204
buffered_quadrant,1,train,205
buffered_quadrant,1,train,206
buffered_quadrant,1,train,207
buffered_quadrant,1,train,208
buffered_quadrant,1,train,209
buffered_quadrant,1,train,210
buffered_quadrant,1,train,211
buffered_quadrant,1,train,212
buffered_quadrant,1,train,213
buffered_quadrant,1,train,214
buffered_quadrant,1,train,215
buffered_quadrant,1,train,218
buffered_quadrant,1,train,225
buffered_quadrant,1,train,230
buffered_quadrant,1,train,233
buffered_quadrant,1,train,244
buffered_quadrant,1,train,245
buffered_quadrant,1,train,257
buffered_quadrant,1,train,264
buffered_quadrant,1,train,265
buffered_quadrant,1,train,269
buffered_quadrant,1,train,270
buffered_quadrant,1,train,271
buffered_quadrant,1,train,272
buffered_quadrant,1,train,297
buffered_quadrant,1,train,299
buffered_quadrant,1,train,307
buffered_quadrant,1,train,308
buffered_quadrant,1,train,309
buffered_quadrant,1,train,341
buffered_quadrant,1,train,355
buffered_quadrant,1,train,378
buffered_quadrant,1,train,379
buffered_quadrant,1,train,384
buffered_quadrant,1,train,385
buffered_quadrant,1,train,386
buffered_quadrant,1,train,396
buffered_quadrant,1,train,402
buffered_quadrant,1,train,403
buffered_quadrant,1,train,404
buffered_quadrant,1,train,405
buffered_quadrant,1,train,406
buffered_quadrant,1,train,408
buffered_quadrant,1,train,409
buffered_quadrant,1,train,410
buffered_quadrant,1,train,411
buffered_quadrant,1,train,419
buffered_quadrant,1,train,420
buffered_quadrant,1,train,421
buffered_quadrant,1,train,425
buffered_quadrant,1,train,427
buffered_quadrant,1,train,428
buffered_quadrant,1,train,429
buffered_quadrant,1,train,430
buffered_quadrant,1,train,434
buffered_quadrant,1,train,436
buffered_quadrant,1,train,439
buffered_quadrant,1,train,442
buffered_quadrant,1,train,443
buffered_quadrant,1,train,444
buffered_quadrant,1,train,445
buffered_quadrant,1,train,449
buffered_quadrant,1,train,451
buffered_quadrant,1,train,452
buffered_quadrant,1,train,453
buffered_quadrant,1,train,458
buffered_quadrant,1,train,459
buffered_quadrant,1,train,470
buffered_quadrant,1,train,471
buffered_quadrant,1,train,472
buffered_quadrant,1,train,473
buffered_quadrant,1,train,474
buffered_quadrant,1,train,476
buffered_quadrant,1,train,478
buffered_quadrant,1,train,479
buffered_quadrant,1,train,485
buffered_quadrant,1,train,494
buffered_quadrant,1,train,495
buffered_quadrant,1,train,497
buffered_quadrant,1,train,498
buffered_quadrant,1,train,499
buffered_quadrant,1,train,500
buffered_quadrant,1,train,501
buffered_quadrant,1,train,506
buffered_quadrant,1,train,511
buffered_quadrant,1,train,512
buffered_quadrant,1,train,514
buffered_quadrant,1,train,516
buffered_quadrant,1,train,517
buffered_quadrant,1,train,518
buffered_quadrant,1,train,519
buffered_quadrant,1,train,520
buffered_quadrant,1,train,521
buffered_quadrant,1,train,522
buffered_quadrant,1,train,523
buffered_quadrant,1,train,524
buffered_quadrant,1,train,525
buffered_quadrant,1,train,526
buffered_quadrant,1,train,527
buffered_quadrant,1,train,528
buffered_quadrant,1,train,529
buffered_quadrant,1,train,530
buffered_quadrant,1,train,531
buffered_quadrant,1,train,532
buffered_quadrant,1,train,533
buffered_quadrant,1,train,534
buffered_quadrant,1,train,535
buffered_quadrant,1,train,536
buffered_quadrant,1,train,537
buffered_quadrant,1,train,538
buffered_quadrant,1,train,539
buffered_quadrant,1,train,540
buffered_quadrant,1,train,541
buffered_quadrant,1,train,542
buffered_quadrant,1,train,543
buffered_quadrant,1,train,544
buffered_quadrant,1,train,545
buffered_quadrant,1,train,546
buffered_quadrant,1,train,547
buffered_quadrant,1,train,548
buffered_quadrant,1,train,549
buffered_quadrant,1,train,550
buffered_quadrant,1,train,551
buffered_quadrant,1,train,552
buffered_quadrant,1,train,553
buffered_quadrant,1,train,554
buffered_quadrant,1,train,555
buffered_quadrant,1,train,556
buffered_quadrant,1,train,557
buffered_quadrant,1,train,558
buffered_quadrant,1,train,559
buffered_quadrant,1,train,560
buffered_quadrant,1,train,561
buffered_quadrant,1,train,562
buffered_quadrant,1,train,563
buffered_quadrant,1,train,564
buffered_quadrant,1,train,565
buffered_quadrant,1,train,566
buffered_quadrant,1,train,567
buffered_quadrant,1,train,568
buffered_quadrant,1,train,569
buffered_quadrant,1,train,570
buffered_quadrant,1,train,571
buffered_quadrant,1,train,572
buffered_quadrant,1,train,573
buffered_quadrant,1,train,574
buffered_quadrant,1,train,575
buffered_quadrant,1,train,576
buffered_quadrant,1,train,577
buffered_quadrant,1,train,578
buffered_quadrant,1,train,579
buffered_quadrant,1,train,580
buffered_quadrant,1,train,581
buffered_quadrant,1,train,582
buffered_quadrant,1,train,583
buffered_quadrant,1,train,584
buffered_quadrant,1,train,585
buffered_quadrant,1,train,586
buffered_quadrant,1,train,587
buffered_quadrant,1,train,588
buffered_quadrant,1,train,589
buffered_quadrant,1,train,590
buffered_quadrant,1,train,591
buffered_quadrant,1,train,592
buffered_quadrant,1,train,593
buffered_quadrant,1,train,594
buffered_quadrant,1,train,595
buffered_quadrant,1,train,596
buffered_quadrant,1,train,597
buffered_quadrant,1,train,598
buffered_quadrant,1,train,599
buffered_quadrant,1,train,600
buffered_quadrant,1,train,601
buffered_quadrant,1,train,602
buffered_quadrant,1,train,603
buffered_quadrant,1,train,604
buffered_quadrant,1,train,605
buffered_quadrant,1,train,606
buffered_quadrant,1,train,607
buffered_quadrant,1,train,608
buffered_quadrant,1,train,609
buffered_quadrant,1,train,610
buffered_quadrant,1,train,611
buffered_quadrant,1,train,612
buffered_quadrant,1,train,613
buffered_quadrant,1,train,614
buffered_quadrant,1,train,615
buffered_quadrant,1,train,616
buffered_quadrant,1,train,617
buffered_quadrant,1,train,618
buffered_quadrant,1,train,619
buffered_quadrant,1,train,620
buffered_quadrant,1,train,621
buffered_quadrant,1,train,622
buffered_quadrant,1,train,623
buffered_quadrant,1,train,624
buffered_quadrant,1,train,625
buffered_quadrant,1,train,626
buffered_quadrant,1,train,627
buffered_quadrant,1,train,628
buffered_quadrant,1,train,629
buffered_quadrant,1,train,630
buffered_quadrant,1,train,631
buffered_quadrant,1,train,632
buffered_quadrant,1,train,633
buffered_quadrant,1,train,634
buffered_quadrant,1,train,635
buffered_quadrant,1,train,636
buffered_quadrant,1,train,637
buffered_quadrant,1,train,638
buffered_quadrant,1,train,639
buffered_quadrant,1,train,640
buffered_quadrant,1,train,641
buffered_quadrant,1,train,642
buffered_quadrant,1,train,643
buffered_quadrant,1,train,644
buffered_quadrant,1,train,645
buffered_quadrant,1,train,646
buffered_quadrant,1,train,647
buffered_quadrant,1,train,648
buffered_quadrant,1,train,649
buffered_quadrant,1,train,650
buffered_quadrant,1,train,651
buffered_quadrant,1,train,652
buffered_quadrant,1,train,653
buffered_quadrant,1,train,654
buffered_quadrant,1,train,655
buffered_quadrant,1,train,656
buffered_quadrant,1,train,657
buffered_quadrant,1,train,658
buffered_quadrant,1,train,659
buffered_quadrant,1,train,660
buffered_quadrant,1,train,661
buffered_quadrant,1,train,662
buffered_quadrant,1,train,665
buffered_quadrant,1,train,677
buffered_quadrant,1,train,678
buffered_quadrant,1,train,680
buffered_quadrant,1,train,681
buffered_quadrant,1,train,682
buffered_quadrant,1,train,683
buffered_quadrant,1,train,684
buffered_quadrant,1,train,685
buffered_quadrant,1,train,686
buffered_quadrant,1,train,687
buffered_quadrant,1,train,688
buffered_quadrant,1,train,689
buffered_quadrant,1,train,690
buffered_quadrant,1,train,691
buffered_quadrant,1,train,692
buffered_quadrant,1,train,693
buffered_quadrant,1,train,694
buffered_quadrant,1,train,695
buffered_quadrant,1,train,696
buffered_quadrant,1,train,697
buffered_quadrant,1,train,705
buffered_quadrant,1,train,706
buffered_quadrant,1,train,707
buffered_quadrant,1,train,708
buffered_quadrant,1,train,709
buffered_quadrant,1,train,710
buffered_quadrant,1,train,711
buffered_quadrant,1,train,712
buffered_quadrant,1,train,713
buffered_quadrant,1,train,714
buffered_quadrant,1,train,715
buffered_quadrant,1,train,716
buffered_quadrant,1,train,717
buffered_quadrant,1,train,718
buffered_quadrant,1,train,719
buffered_quadrant,1,train,720
buffered_quadrant,1,train,721
buffered_quadrant,1,train,722
buffered_quadrant,1,train,723
buffered_quadrant,1,train,724
buffered_quadrant,1,train,725
buffered_quadrant,1,train,726
buffered_quadrant,1,train,727
buffered_quadrant,1,train,728
buffered_quadrant,1,train,731
buffered_quadrant,1,train,732
buffered_quadrant,1,train,733
buffered_quadrant,1,train,738
buffered_quadrant,1,train,739
buffered_quadrant,1,train,740
buffered_quadrant,1,train,753
buffered_quadrant,1,train,754
buffered_quadrant,1,train,755
buffered_quadrant,1,train,756
buffered_quadrant,1,train,766
buffered_quadrant,1,train,767
buffered_quadrant,1,train,768
buffered_quadrant,1,train,769
buffered_quadrant,1,train,770
buffered_quadrant,1,train,771
buffered_quadrant,1,train,772
buffered_quadrant,1,train,773
buffered_quadrant,1,train,774
buffered_quadrant,1,train,775
buffered_quadrant,1,train,776
buffered_quadrant,1,train,777
buffered_quadrant,1,train,778
buffered_quadrant,1,train,779
buffered_quadrant,1,train,780
buffered_quadrant,1,train,781
buffered_quadrant,1,train,782
buffered_quadrant,1,train,783
buffered_quadrant,1,train,784
buffered_quadrant,1,train,788
buffered_quadrant,1,train,789
buffered_quadrant,1,train,790
buffered_quadrant,1,train,791
buffered_quadrant,1,train,792
buffered_quadrant,1,train,794
buffered_quadrant,1,train,795
buffered_quadrant,1,train,796
buffered_quadrant,1,train,797
buffered_quadrant,1,train,800
buffered_quadrant,1,train,801
buffered_quadrant,1,train,802
buffered_quadrant,1,train,803
buffered_quadrant,1,train,804
buffered_quadrant,1,train,805
buffered_quadrant,1,train,806
buffered_quadrant,1,train,807
buffered_quadrant,1,train,809
buffered_quadrant,1,train,810
buffered_quadrant,1,train,812
buffered_quadrant,1,train,815
buffered_quadrant,1,train,816
buffered_quadrant,1,train,817
buffered_quadrant,1,train,818
buffered_quadrant,1,train,819
buffered_quadrant,1,train,820
buffered_quadrant,1,train,824
buffered_quadrant,1,train,825
buffered_quadrant,1,train,826
buffered_quadrant,1,train,827
buffered_quadrant,1,train,835
buffered_quadrant,1,train,836
buffered_quadrant,1,train,851
buffered_quadrant,1,train,852
buffered_quadrant,1,train,853
buffered_quadrant,1,train,855
buffered_quadrant,1,train,856
buffered_quadrant,1,train,857
buffered_quadrant,1,train,858
buffered_quadrant,1,train,859
buffered_quadrant,1,train,860
buffered_quadrant,1,train,861
buffered_quadrant,1,train,862
buffered_quadrant,1,train,863
buffered_quadrant,1,train,864
buffered_quadrant,1,train,865
buffered_quadrant,1,train,866
buffered_quadrant,1,train,867
buffered_quadrant,1,train,868
buffered_quadrant,1,train,869
buffered_quadrant,1,train,870
buffered_quadrant,1,train,871
buffered_quadrant,1,train,872
buffered_quadrant,1,train,873
buffered_quadrant,1,train,874
buffered_quadrant,1,train,875
buffered_quadrant,1,train,876
buffered_quadrant,1,train,877
buffered_quadrant,1,train,878
buffered_quadrant,1,train,879
buffered_quadrant,1,train,880
buffered_quadrant,1,train,881
buffered_quadrant,1,train,883
buffered_quadrant,1,train,884
buffered_quadrant,1,train,885
buffered_quadrant,1,train,886
buffered_quadrant,1,train,887
buffered_quadrant,1,train,888
buffered_quadrant,1,train,889
buffered_quadrant,1,train,890
buffered_quadrant,1,train,891
buffered_quadrant,1,train,892
buffered_quadrant,1,train,893
buffered_quadrant,1,train,894
buffered_quadrant,1,train,895
buffered_quadrant,1,train,896
buffered_quadrant,1,train,897
buffered_quadrant,1,train,898
buffered_quadrant,1,train,900
buffered_quadrant,1,train,901
buffered_quadrant,1,train,908
buffered_quadrant,1,train,910
buffered_quadrant,1,train,914
buffered_quadrant,1,train,916
buffered_quadrant,1,train,917
buffered_quadrant,1,train,918
buffered_quadrant,1,train,919
buffered_quadrant,1,train,920
buffered_quadrant,1,train,921
buffered_quadrant,1,train,922
buffered_quadrant,1,train,923
buffered_quadrant,1,train,924
buffered_quadrant,1,train,925
buffered_quadrant,1,train,926
buffered_quadrant,1,train,927
buffered_quadrant,1,train,928
buffered_quadrant,1,train,929
buffered_quadrant,1,train,930
buffered_quadrant,1,train,931
buffered_quadrant,1,train,932
buffered_quadrant,1,train,933
buffered_quadrant,1,train,934
buffered_quadrant,1,train,935
buffered_quadrant,1,train,936
buffered_quadrant,1,train,937
buffered_quadrant,1,train,938
buffered_quadrant,1,train,939
buffered_quadrant,1,train,940
buffered_quadrant,1,train,941
buffered_quadrant,1,train,942
buffered_quadrant,1,train,943
buffered_quadrant,1,train,944
buffered_quadrant,1,train,945
buffered_quadrant,1,train,946
buffered_quadrant,1,train,947
buffered_quadrant,1,train,948
buffered_quadrant,1,train,949
buffered_quadrant,1,train,950
buffered_quadrant,1,train,951
buffered_quadrant,1,train,952
buffered_quadrant,1,train,953
buffered_quadrant,1,test,11
buffered_quadrant,1,test,12
buffered_quadrant,1,test,14
buffered_quadrant,1,test,23
buffered_quadrant,1,test,24
buffered_quadrant,1,test,25
buffered_quadrant,1,test,26
buffered_quadrant,1,test,32
buffered_quadrant,1,test,44
buffered_quadrant,1,test,53
buffered_quadrant,1,test,54
buffered_quadrant,1,test,60
buffered_quadrant,1,test,66
buffered_quadrant,1,test,67
buffered_quadrant,1,test,68
buffered_quadrant,1,test,78
buffered_quadrant,1,test,79
buffered_quadrant,1,test,97
buffered_quadrant,1,test,98
buffered_quadrant,1,test,100
buffered_quadrant,1,test,107
buffered_quadrant,1,test,109
buffered_quadrant,1,test,117
buffered_quadrant,1,test,118
buffered_quadrant,1,test,119
buffered_quadrant,1,test,122
buffered_quadrant,1,test,123
buffered_quadrant,1,test,124
buffered_quadrant,1,test,125
buffered_quadrant,1,test,130
buffered_quadrant,1,test,131
buffered_quadrant,1,test,132
buffered_quadrant,1,test,134
buffered_quadrant,1,test,216
buffered_quadrant,1,test,217
buffered_quadrant,1,test,219
buffered_quadrant,1,test,220
buffered_quadrant,1,test,221
buffered_quadrant,1,test,222
buffered_quadrant,1,test,224
buffered_quadrant,1,test,226
buffered_quadrant,1,test,228
buffered_quadrant,1,test,229
buffered_quadrant,1,test,234
buffered_quadrant,1,test,235
buffered_quadrant,1,test,236
buffered_quadrant,1,test,237
buffered_quadrant,1,test,238
buffered_quadrant,1,test,239
buffered_quadrant,1,test,240
buffered_quadrant,1,test,241
buffered_quadrant,1,test,242
buffered_quadrant,1,test,243
buffered_quadrant,1,test,246
buffered_quadrant,1,test,247
buffered_quadrant,1,test,248
buffered_quadrant,1,test,249
buffered_quadrant,1,test,250
buffered_quadrant,1,test,251
buffered_quadrant,1,test,252
buffered_quadrant,1,test,253
buffered_quadrant,1,test,254
buffered_quadrant,1,test,255
buffered_quadrant,1,test,256
buffered_quadrant,1,test,258
buffered_quadrant,1,test,259
buffered_quadrant,1,test,260
buffered_quadrant,1,test,261
buffered_quadrant,1,test,262
buffered_quadrant,1,test,263
buffered_quadrant,1,test,266
buffered_quadrant,1,test,267
buffered_quadrant,1,test,268
buffered_quadrant,1,test,273
buffered_quadrant,1,test,274
buffered_quadrant,1,test,275
buffered_quadrant,1,test,276
buffered_quadrant,1,test,277
buffered_quadrant,1,test,278
buffered_quadrant,1,test,279
buffered_quadrant,1,test,280
buffered_quadrant,1,test,281
buffered_quadrant,1,test,282
buffered_quadrant,1,test,283
buffered_quadrant,1,test,284
buffered_quadrant,1,test,285
buffered_quadrant,1,test,286
buffered_quadrant,1,test,287
buffered_quadrant,1,test,288
buffered_quadrant,1,test,289
buffered_quadrant,1,test,290
buffered_quadrant,1,test,291
buffered_quadrant,1,test,292
buffered_quadrant,1,test,293
buffered_quadrant,1,test,294
buffered_quadrant,1,test,295
buffered_quadrant,1,test,296
buffered_quadrant,1,test,300
buffered_quadrant,1,test,301
buffered_quadrant,1,test,302
buffered_quadrant,1,test,303
buffered_quadrant,1,test,304
buffered_quadrant,1,test,305
buffered_quadrant,1,test,306
buffered_quadrant,1,test,310
buffered_quadrant,1,test,311
buffered_quadrant,1,test,312
buffered_quadrant,1,test,313
buffered_quadrant,1,test,314
buffered_quadrant,1,test,315
buffered_quadrant,1,test,316
buffered_quadrant,1,test,317
buffered_quadrant,1,test,318
buffered_quadrant,1,test,319
buffered_quadrant,1,test,320
buffered_quadrant,1,test,321
buffered_quadrant,1,test,322
buffered_quadrant,1,test,323
buffered_quadrant,1,test,324
buffered_quadrant,1,test,325
buffered_quadrant,1,test,326
buffered_quadrant,1,test,327
buffered_quadrant,1,test,328
buffered_quadrant,1,test,329
buffered_quadrant,1,test,330
buffered_quadrant,1,test,331
buffered_quadrant,1,test,332
buffered_quadrant,1,test,333
buffered_quadrant,1,test,334
buffered_quadrant,1,test,335
buffered_quadrant,1,test,336
buffered_quadrant,1,test,337
buffered_quadrant,1,test,338
buffered_quadrant,1,test,339
buffered_quadrant,1,test,340
buffered_quadrant,1,test,342
buffered_quadrant,1,test,343
buffered_quadrant,1,test,344
buffered_quadrant,1,test,345
buffered_quadrant,1,test,346
buffered_quadrant,1,test,347
buffered_quadrant,1,test,348
buffered_quadrant,1,test,349
buffered_quadrant,1,test,350
buffered_quadrant,1,test,351
buffered_quadrant,1,test,352
buffered_quadrant,1,test,353
buffered_quadrant,1,test,354
buffered_quadrant,1,test,356
buffered_quadrant,1,test,357
buffered_quadrant,1,test,358
buffered_quadrant,1,test,359
buffered_quadrant,1,test,360
buffered_quadrant,1,test,361
buffered_quadrant,1,test,362
buffered_quadrant,1,test,363
buffered_quadrant,1,test,364
buffered_quadrant,1,test,365
buffered_quadrant,1,test,366
buffered_quadrant,1,test,367
buffered_quadrant,1,test,368
buffered_quadrant,1,test,369
buffered_quadrant,1,test,370
buffered_quadrant,1,test,371
buffered_quadrant,1,test,372
buffered_quadrant,1,test,373
buffered_quadrant,1,test,374
buffered_quadrant,1,test,375
buffered_quadrant,1,test,376
buffered_quadrant,1,test,377
buffered_quadrant,1,test,381
buffered_quadrant,1,test,382
buffered_quadrant,1,test,383
buffered_quadrant,1,test,387
buffered_quadrant,1,test,388
buffered_quadrant,1,test,389
buffered_quadrant,1,test,390
buffered_quadrant,1,test,391
buffered_quadrant,1,test,392
buffered_quadrant,1,test,393
buffered_quadrant,1,test,394
buffered_quadrant,1,test,395
buffered_quadrant,1,test,397
buffered_quadrant,1,test,398
buffered_quadrant,1,test,399
buffered_quadrant,1,test,401
buffered_quadrant,1,test,413
buffered_quadrant,1,test,414
buffered_quadrant,1,test,415
buffered_quadrant,1,test,416
buffered_quadrant,1,test,417
buffered_quadrant,1,test,418
buffered_quadrant,1,test,422
buffered_quadrant,1,test,423
buffered_quadrant,1,test,424
buffered_quadrant,1,test,426
buffered_quadrant,1,test,431
buffered_quadrant,1,test,432
buffered_quadrant,1,test,433
buffered_quadrant,1,test,435
buffered_quadrant,1,test,437
buffered_quadrant,1,test,438
buffered_quadrant,1,test,440
buffered_quadrant,1,test,441
buffered_quadrant,1,test,446
buffered_quadrant,1,test,447
buffered_quadrant,1,test,448
buffered_quadrant,1,test,450
buffered_quadrant,1,test,454
buffered_quadrant,1,test,455
buffered_quadrant,1,test,456
buffered_quadrant,1,test,457
buffered_quadrant,1,test,460
buffered_quadrant,1,test,461
buffered_quadrant,1,test,462
buffered_quadrant,1,test,463
buffered_quadrant,1,test,464
buffered_quadrant,1,test,465
buffered_quadrant,1,test,466
buffered_quadrant,1,test,467
buffered_quadrant,1,test,468
buffered_quadrant,1,test,469
buffered_quadrant,1,test,475
buffered_quadrant,1,test,477
buffered_quadrant,1,test,480
buffered_quadrant,1,test,481
buffered_quadrant,1,test,482
buffered_quadrant,1,test,483
buffered_quadrant,1,test,484
buffered_quadrant,1,test,486
buffered_quadrant,1,test,488
buffered_quadrant,1,test,489
buffered_quadrant,1,test,490
buffered_quadrant,1,test,491
buffered_quadrant,1,test,492
buffered_quadrant,1,test,663
buffered_quadrant,1,test,664
buffered_quadrant,1,test,666
buffered_quadrant,1,test,667
buffered_quadrant,1,test,668
buffered_quadrant,1,test,669
buffered_quadrant,1,test,670
buffered_quadrant,1,test,671
buffered_quadrant,1,test,672
buffered_quadrant,1,test,673
buffered_quadrant,1,test,674
buffered_quadrant,1,test,675
buffered_quadrant,1,test,676
buffered_quadrant,1,test,698
buffered_quadrant,1,test,699
buffered_quadrant,1,test,700
buffered_quadrant,1,test,701
buffered_quadrant,1,test,702
buffered_quadrant,1,test,703
buffered_quadrant,1,test,729
buffered_quadrant,1,test,730
buffered_quadrant,1,test,734
buffered_quadrant,1,test,735
buffered_quadrant,1,test,736
buffered_quadrant,1,test,737
buffered_quadrant,1,test,741
buffered_quadrant,1,test,742
buffered_quadrant,1,test,743
buffered_quadrant,1,test,744
buffered_quadrant,1,test,745
buffered_quadrant,1,test,746
buffered_quadrant,1,test,747
buffered_quadrant,1,test,748
buffered_quadrant,1,test,749
buffered_quadrant,1,test,750
buffered_quadrant,1,test,751
buffered_quadrant,1,test,752
buffered_quadrant,1,test,757
buffered_quadrant,1,test,758
buffered_quadrant,1,test,759
buffered_quadrant,1,test,760
buffered_quadrant,1,test,761
buffered_quadrant,1,test,762
buffered_quadrant,1,test,763
buffered_quadrant,1,test,785
buffered_quadrant,1,test,786
buffered_quadrant,1,test,787
buffered_quadrant,1,test,793
buffered_quadrant,1,test,798
buffered_quadrant,1,test,799
buffered_quadrant,1,test,808
buffered_quadrant,1,test,811
buffered_quadrant,1,test,813
buffered_quadrant,1,test,814
buffered_quadrant,1,test,823
buffered_quadrant,1,test,828
buffered_quadrant,1,test,829
buffered_quadrant,1,test,830
buffered_quadrant,1,test,831
buffered_quadrant,1,test,832
buffered_quadrant,1,test,833
buffered_quadrant,1,test,834
buffered_quadrant,1,test,837
buffered_quadrant,1,test,838
buffered_quadrant,1,test,839
buffered_quadrant,1,test,840
buffered_quadrant,1,test,841
buffered_quadrant,1,test,842
buffered_quadrant,1,test,843
buffered_quadrant,1,test,844
buffered_quadrant,1,test,845
buffered_quadrant,1,test,882
buffered_quadrant,1,test,899
buffered_quadrant,1,test,902
buffered_quadrant,1,test,903
buffered_quadrant,1,test,904
buffered_quadrant,1,test,905
buffered_quadrant,1,test,906
buffered_quadrant,1,test,907
buffered_quadrant,1,test,909
buffered_quadrant,1,test,911
buffered_quadrant,1,test,912
buffered_quadrant,1,test,913
buffered_quadrant,2,train,0
buffered_quadrant,2,train,1
buffered_quadrant,2,train,2
buffered_quadrant,2,train,3
buffered_quadrant,2,train,4
buffered_quadrant,2,train,5
buffered_quadrant,2,train,6
buffered_quadrant,2,train,7
buffered_quadrant,2,train,8
buffered_quadrant,2,train,9
buffered_quadrant,2,train,10
buffered_quadrant,2,train,11
buffered_quadrant,2,train,12
buffered_quadrant,2,train,13
buffered_quadrant,2,train,14
buffered_quadrant,2,train,15
buffered_quadrant,2,train,16
buffered_quadrant,2,train,17
buffered_quadrant,2,train,18
buffered_quadrant,2,train,19
buffered_quadrant,2,train,20
buffered_quadrant,2,train,21
buffered_quadrant,2,train,22
buffered_quadrant,2,train,23
buffered_quadrant,2,train,24
buffered_quadrant,2,train,25
buffered_quadrant,2,train,26
buffered_quadrant,2,train,27
buffered_quadrant,2,train,28
buffered_quadrant,2,train,29
buffered_quadrant,2,train,30
buffered_quadrant,2,train,31
buffered_quadrant,2,train,32
buffered_quadrant,2,train,33
buffered_quadrant,2,train,34
buffered_quadrant,2,train,35
buffered_quadrant,2,train,36
buffered_quadrant,2,train,37
buffered_quadrant,2,train,38
buffered_quadrant,2,train,39
buffered_quadrant,2,train,40
buffered_quadrant,2,train,41
buffered_quadrant,2,train,42
buffered_quadrant,2,train,43
buffered_quadrant,2,train,44
buffered_quadrant,2,train,45
buffered_quadrant,2,train,46
buffered_quadrant,2,train,47
buffered_quadrant,2,train,48
buffered_quadrant,2,train,49
buffered_quadrant,2,train,50
buffered_quadrant,2,train,51
buffered_quadrant,2,train,52
buffered_quadrant,2,train,53
buffered_quadrant,2,train,54
buffered_quadrant,2,train,55
buffered_quadrant,2,train,56
buffered_quadrant,2,train,57
buffered_quadrant,2,train,58
buffered_quadrant,2,train,59
buffered_quadrant,2,train,60
buffered_quadrant,2,train,61
buffered_quadrant,2,train,62
buffered_quadrant,2,train,63
buffered_quadrant,2,train,64
buffered_quadrant,2,train,65
buffered_quadrant,2,train,66
buffered_quadrant,2,train,67
buffered_quadrant,2,train,68
buffered_quadrant,2,train,69
buffered_quadrant,2,train,70
buffered_quadrant,2,train,71
buffered_quadrant,2,train,72
buffered_quadrant,2,train,73
buffered_quadrant,2,train,74
buffered_quadrant,2,train,75
buffered_quadrant,2,train,76
buffered_quadrant,2,train,77
buffered_quadrant,2,train,78
buffered_quadrant,2,train,79
buffered_quadrant,2,train,80
buffered_quadrant,2,train,81
buffered_quadrant,2,train,82
buffered_quadrant,2,train,83
buffered_quadrant,2,train,84
buffered_quadrant,2,train,85
buffered_quadrant,2,train,86
buffered_quadrant,2,train,87
buffered_quadrant,2,train,88
buffered_quadrant,2,train,89
buffered_quadrant,2,train,90
buffered_quadrant,2,train,91
buffered_quadrant,2,train,92
buffered_quadrant,2,train,93
buffered_quadrant,2,train,94
buffered_quadrant,2,train,95
buffered_quadrant,2,train,96
buffered_quadrant,2,train,97
buffered_quadrant,2,train,98
buffered_quadrant,2,train,99
buffered_quadrant,2,train,100
buffered_quadrant,2,train,101
buffered_quadrant,2,train,102
buffered_quadrant,2,train,103
buffered_quadrant,2,train,104
buffered_quadrant,2,train,105
buffered_quadrant,2,train,106
buffered_quadrant,2,train,107
buffered_quadrant,2,train,108
buffered_quadrant,2,train,109
buffered_quadrant,2,train,110
buffered_quadrant,2,train,111
buffered_quadrant,2,train,112
buffered_quadrant,2,train,113
buffered_quadrant,2,train,114
buffered_quadrant,2,train,115
buffered_quadrant,2,train,116
buffered_quadrant,2,train,117
buffered_quadrant,2,train,118
buffered_quadrant,2,train,119
buffered_quadrant,2,train,120
buffered_quadrant,2,train,121
buffered_quadrant,2,train,122
buffered_quadrant,2,train,123
buffered_quadrant,2,train,124
buffered_quadrant,2,train,125
buffered_quadrant,2,train,126
buffered_quadrant,2,train,127
buffered_quadrant,2,train,128
buffered_quadrant,2,train,129
buffered_quadrant,2,train,130
buffered_quadrant,2,train,131
buffered_quadrant,2,train,132
buffered_quadrant,2,train,133
buffered_quadrant,2,train,134
buffered_quadrant,2,train,138
buffered_quadrant,2,train,140
buffered_quadrant,2,train,141
buffered_quadrant,2,train,142
buffered_quadrant,2,train,144
buffered_quadrant,2,train,145
buffered_quadrant,2,train,146
buffered_quadrant,2,train,147
buffered_quadrant,2,train,148
buffered_quadrant,2,train,149
buffered_quadrant,2,train,167
buffered_quadrant,2,train,168
buffered_quadrant,2,train,173
buffered_quadrant,2,train,174
buffered_quadrant,2,train,175
buffered_quadrant,2,train,176
buffered_quadrant,2,train,179
buffered_quadrant,2,train,186
buffered_quadrant,2,train,196
buffered_quadrant,2,train,197
buffered_quadrant,2,train,202
buffered_quadrant,2,train,203
buffered_quadrant,2,train,205
buffered_quadrant,2,train,206
buffered_quadrant,2,train,207
buffered_quadrant,2,train,208
buffered_quadrant,2,train,209
buffered_quadrant,2,train,210
buffered_quadrant,2,train,211
buffered_quadrant,2,train,212
buffered_quadrant,2,train,213
buffered_quadrant,2,train,214
buffered_quadrant,2,train,215
buffered_quadrant,2,train,216
buffered_quadrant,2,train,217
buffered_quadrant,2,train,218
buffered_quadrant,2,train,219
buffered_quadrant,2,train,220
buffered_quadrant,2,train,221
buffered_quadrant,2,train,222
buffered_quadrant,2,train,223
buffered_quadrant,2,train,224
buffered_quadrant,2,train,225
buffered_quadrant,2,train,226
buffered_quadrant,2,train,227
buffered_quadrant,2,train,228
buffered_quadrant,2,train,229
buffered_quadrant,2,train,230
buffered_quadrant,2,train,231
buffered_quadrant,2,train,232
buffered_quadrant,2,train,233
buffered_quadrant,2,train,234
buffered_quadrant,2,train,235
buffered_quadrant,2,train,236
buffered_quadrant,2,train,237
buffered_quadrant,2,train,238
buffered_quadrant,2,train,239
buffered_quadrant,2,train,240
buffered_quadrant,2,train,241
buffered_quadrant,2,train,242
buffered_quadrant,2,train,243
buffered_quadrant,2,train,244
buffered_quadrant,2,train,245
buffered_quadrant,2,train,246
buffered_quadrant,2,train,247
buffered_quadrant,2,train,248
buffered_quadrant,2,train,249
buffered_quadrant,2,train,250
buffered_quadrant,2,train,251
buffered_quadrant,2,train,252
buffered_quadrant,2,train,253
buffered_quadrant,2,train,254
buffered_quadrant,2,train,255
buffered_quadrant,2,train,256
buffered_quadrant,2,train,257
buffered_quadrant,2,train,258
buffered_quadrant,2,train,259
buffered_quadrant,2,train,260
buffered_quadrant,2,train,261
buffered_quadrant,2,train,262
buffered_quadrant,2,train,263
buffered_quadrant,2,train,264
buffered_quadrant,2,train,265
buffered_quadrant,2,train,266
buffered_quadrant,2,train,267
buffered_quadrant,2,train,268
buffered_quadrant,2,train,269
buffered_quadrant,2,train,270
buffered_quadrant,2,train,271
buffered_quadrant,2,train,272
buffered_quadrant,2,train,273
buffered_quadrant,2,train,274
buffered_quadrant,2,train,275
buffered_quadrant,2,train,276
buffered_quadrant,2,train,277
buffered_quadrant,2,train,278
buffered_quadrant,2,train,279
buffered_quadrant,2,train,280
buffered_quadrant,2,train,281
buffered_quadrant,2,train,282
buffered_quadrant,2,train,283
buffered_quadrant,2,train,284
buffered_quadrant,2,train,285
buffered_quadrant,2,train,286
buffered_quadrant,2,train,287
buffered_quadrant,2,train,288
buffered_quadrant,2,train,289
buffered_quadrant,2,train,290
buffered_quadrant,2,train,291
buffered_quadrant,2,train,292
buffered_quadrant,2,train,293
buffered_quadrant,2,train,294
buffered_quadrant,2,train,295
buffered_quadrant,2,train,296
buffered_quadrant,2,train,297
buffered_quadrant,2,train,298
buffered_quadrant,2,train,299
buffered_quadrant,2,train,300
buffered_quadrant,2,train,301
buffered_quadrant,2,train,302
buffered_quadrant,2,train,303
buffered_quadrant,2,train,304
buffered_quadrant,2,train,305
buffered_quadrant,2,train,306
buffered_quadrant,2,train,307
buffered_quadrant,2,train,308
buffered_quadrant,2,train,309
buffered_quadrant,2,train,310
buffered_quadrant,2,train,311
buffered_quadrant,2,train,312
buffered_quadrant,2,train,313
buffered_quadrant,2,train,314
buffered_quadrant,2,train,315
buffered_quadrant,2,train,316
buffered_quadrant,2,train,317
buffered_quadrant,2,train,318
buffered_quadrant,2,train,319
buffered_quadrant,2,train,320
buffered_quadrant,2,train,321
buffered_quadrant,2,train,322
buffered_quadrant,2,train,323
buffered_quadrant,2,train,324
buffered_quadrant,2,train,325
buffered_quadrant,2,train,326
buffered_quadrant,2,train,327
buffered_quadrant,2,train,328
buffered_quadrant,2,train,329
buffered_quadrant,2,train,330
buffered_quadrant,2,train,331
buffered_quadrant,2,train,332
buffered_quadrant,2,train,333
buffered_quadrant,2,train,334
buffered_quadrant,2,train,335
buffered_quadrant,2,train,336
buffered_quadrant,2,train,337
buffered_quadrant,2,train,338
buffered_quadrant,2,train,339
buffered_quadrant,2,train,340
buffered_quadrant,2,train,341
buffered_quadrant,2,train,342
buffered_quadrant,2,train,343
buffered_quadrant,2,train,344
buffered_quadrant,2,train,345
buffered_quadrant,2,train,346
buffered_quadrant,2,train,347
buffered_quadrant,2,train,348
buffered_quadrant,2,train,349
buffered_quadrant,2,train,350
buffered_quadrant,2,train,351
buffered_quadrant,2,train,352
buffered_quadrant,2,train,353
buffered_quadrant,2,train,354
buffered_quadrant,2,train,355
buffered_quadrant,2,train,356
buffered_quadrant,2,train,357
buffered_quadrant,2,train,358
buffered_quadrant,2,train,359
buffered_quadrant,2,train,360
buffered_quadrant,2,train,361
buffered_quadrant,2,train,362
buffered_quadrant,2,train,363
buffered_quadrant,2,train,364
buffered_quadrant,2,train,365
buffered_quadrant,2,train,366
buffered_quadrant,2,train,367
buffered_quadrant,2,train,368
buffered_quadrant,2,train,369
buffered_quadrant,2,train,370
buffered_quadrant,2,train,371
buffered_quadrant,2,train,372
buffered_quadrant,2,train,373
buffered_quadrant,2,train,374
buffered_quadrant,2,train,375
buffered_quadrant,2,train,376
buffered_quadrant,2,train,377
buffered_quadrant,2,train,378
buffered_quadrant,2,train,379
buffered_quadrant,2,train,380
buffered_quadrant,2,train,381
buffered_quadrant,2,train,382
buffered_quadrant,2,train,383
buffered_quadrant,2,train,384
buffered_quadrant,2,train,385
buffered_quadrant,2,train,386
buffered_quadrant,2,train,387
buffered_quadrant,2,train,388
buffered_quadrant,2,train,389
buffered_quadrant,2,train,390
buffered_quadrant,2,train,391
buffered_quadrant,2,train,392
buffered_quadrant,2,train,393
buffered_quadrant,2,train,394
buffered_quadrant,2,train,395
buffered_quadrant,2,train,396
buffered_quadrant,2,train,397
buffered_quadrant,2,train,398
buffered_quadrant,2,train,399
buffered_quadrant,2,train,400
buffered_quadrant,2,train,401
buffered_quadrant,2,train,402
buffered_quadrant,2,train,403
buffered_quadrant,2,train,404
buffered_quadrant,2,train,405
buffered_quadrant,2,train,406
buffered_quadrant,2,train,407
buffered_quadrant,2,train,408
buffered_quadrant,2,train,409
buffered_quadrant,2,train,410
buffered_quadrant,2,train,411
buffered_quadrant,2,train,412
buffered_quadrant,2,train,413
buffered_quadrant,2,train,414
buffered_quadrant,2,train,415
buffered_quadrant,2,train,416
buffered_quadrant,2,train,417
buffered_quadrant,2,train,418
buffered_quadrant,2,train,419
buffered_quadrant,2,train,420
buffered_quadrant,2,train,421
buffered_quadrant,2,train,422
buffered_quadrant,2,train,423
buffered_quadrant,2,train,424
buffered_quadrant,2,train,425
buffered_quadrant,2,train,426
buffered_quadrant,2,train,427
buffered_quadrant,2,train,428
buffered_quadrant,2,train,429
buffered_quadrant,2,train,430
buffered_quadrant,2,train,431
buffered_quadrant,2,train,432
buffered_quadrant,2,train,433
buffered_quadrant,2,train,434
buffered_quadrant,2,train,435
buffered_quadrant,2,train,436
buffered_quadrant,2,train,437
buffered_quadrant,2,train,438
buffered_quadrant,2,train,439
buffered_quadrant,2,train,440
buffered_quadrant,2,train,441
buffered_quadrant,2,train,442
buffered_quadrant,2,train,443
buffered_quadrant,2,train,444
buffered_quadrant,2,train,445
buffered_quadrant,2,train,446
buffered_quadrant,2,train,447
buffered_quadrant,2,train,448
buffered_quadrant,2,train,449
buffered_quadrant,2,train,450
buffered_quadrant,2,train,451
buffered_quadrant,2,train,452
buffered_quadrant,2,train,453
buffered_quadrant,2,train,454
buffered_quadrant,2,train,455
buffered_quadrant,2,train,456
buffered_quadrant,2,train,457
buffered_quadrant,2,train,458
buffered_quadrant,2,train,459
buffered_quadrant,2,train,460
buffered_quadrant,2,train,461
buffered_quadrant,2,train,462
buffered_quadrant,2,train,463
buffered_quadrant,2,train,464
buffered_quadrant,2,train,465
buffered_quadrant,2,train,466
buffered_quadrant,2,train,467
buffered_quadrant,2,train,468
buffered_quadrant,2,train,469
buffered_quadrant,2,train,471
buffered_quadrant,2,train,473
buffered_quadrant,2,train,474
buffered_quadrant,2,train,475
buffered_quadrant,2,train,477
buffered_quadrant,2,train,480
buffered_quadrant,2,train,481
buffered_quadrant,2,train,482
buffered_quadrant,2,train,483
buffered_quadrant,2,train,484
buffered_quadrant,2,train,486
buffered_quadrant,2,train,487
buffered_quadrant,2,train,488
buffered_quadrant,2,train,489
buffered_quadrant,2,train,490
buffered_quadrant,2,train,491
buffered_quadrant,2,train,492
buffered_quadrant,2,train,493
buffered_quadrant,2,train,496
buffered_quadrant,2,train,502
buffered_quadrant,2,train,503
buffered_quadrant,2,train,504
buffered_quadrant,2,train,505
buffered_quadrant,2,train,507
buffered_quadrant,2,train,508
buffered_quadrant,2,train,509
buffered_quadrant,2,train,510
buffered_quadrant,2,train,513
buffered_quadrant,2,train,514
buffered_quadrant,2,train,515
buffered_quadrant,2,train,518
buffered_quadrant,2,train,522
buffered_quadrant,2,train,524
buffered_quadrant,2,train,525
buffered_quadrant,2,train,530
buffered_quadrant,2,train,531
buffered_quadrant,2,train,534
buffered_quadrant,2,train,535
buffered_quadrant,2,train,536
buffered_quadrant,2,train,537
buffered_quadrant,2,train,540
buffered_quadrant,2,train,543
buffered_quadrant,2,train,553
buffered_quadrant,2,train,554
buffered_quadrant,2,train,555
buffered_quadrant,2,train,556
buffered_quadrant,2,train,557
buffered_quadrant,2,train,561
buffered_quadrant,2,train,564
buffered_quadrant,2,train,566
buffered_quadrant,2,train,567
buffered_quadrant,2,train,568
buffered_quadrant,2,train,570
buffered_quadrant,2,train,595
buffered_quadrant,2,train,604
buffered_quadrant,2,train,605
buffered_quadrant,2,train,607
buffered_quadrant,2,train,610
buffered_quadrant,2,train,611
buffered_quadrant,2,train,613
buffered_quadrant,2,train,618
buffered_quadrant,2,train,619
buffered_quadrant,2,train,620
buffered_quadrant,2,train,621
buffered_quadrant,2,train,623
buffered_quadrant,2,train,624
buffered_quadrant,2,train,625
buffered_quadrant,2,train,627
buffered_quadrant,2,train,628
buffered_quadrant,2,train,632
buffered_quadrant,2,train,634
buffered_quadrant,2,train,636
buffered_quadrant,2,train,641
buffered_quadrant,2,train,645
buffered_quadrant,2,train,647
buffered_quadrant,2,train,648
buffered_quadrant,2,train,649
buffered_quadrant,2,train,650
buffered_quadrant,2,train,652
buffered_quadrant,2,train,655
buffered_quadrant,2,train,659
buffered_quadrant,2,train,660
buffered_quadrant,2,train,661
buffered_quadrant,2,train,662
buffered_quadrant,2,train,663
buffered_quadrant,2,train,664
buffered_quadrant,2,train,665
buffered_quadrant,2,train,666
buffered_quadrant,2,train,667
buffered_quadrant,2,train,668
buffered_quadrant,2,train,669
buffered_quadrant,2,train,670
buffered_quadrant,2,train,671
buffered_quadrant,2,train,672
buffered_quadrant,2,train,673
buffered_quadrant,2,train,674
buffered_quadrant,2,train,675
buffered_quadrant,2,train,676
buffered_quadrant,2,train,678
buffered_quadrant,2,train,679
buffered_quadrant,2,train,680
buffered_quadrant,2,train,681
buffered_quadrant,2,train,683
buffered_quadrant,2,train,686
buffered_quadrant,2,train,687
buffered_quadrant,2,train,688
buffered_quadrant,2,train,689
buffered_quadrant,2,train,694
buffered_quadrant,2,train,697
buffered_quadrant,2,train,698
buffered_quadrant,2,train,699
buffered_quadrant,2,train,700
buffered_quadrant,2,train,701
buffered_quadrant,2,train,702
buffered_quadrant,2,train,703
buffered_quadrant,2,train,704
buffered_quadrant,2,train,705
buffered_quadrant,2,train,706
buffered_quadrant,2,train,707
buffered_quadrant,2,train,713
buffered_quadrant,2,train,714
buffered_quadrant,2,train,715
buffered_quadrant,2,train,716
buffered_quadrant,2,train,717
buffered_quadrant,2,train,718
buffered_quadrant,2,train,719
buffered_quadrant,2,train,720
buffered_quadrant,2,train,721
buffered_quadrant,2,train,722
buffered_quadrant,2,train,723
buffered_quadrant,2,train,724
buffered_quadrant,2,train,725
buffered_quadrant,2,train,726
buffered_quadrant,2,train,727
buffered_quadrant,2,train,728
buffered_quadrant,2,train,729
buffered_quadrant,2,train,730
buffered_quadrant,2,train,731
buffered_quadrant,2,train,732
buffered_quadrant,2,train,733
buffered_quadrant,2,train,734
buffered_quadrant,2,train,735
buffered_quadrant,2,train,736
buffered_quadrant,2,train,737
buffered_quadrant,2,train,738
buffered_quadrant,2,train,739
buffered_quadrant,2,train,740
buffered_quadrant,2,train,741
buffered_quadrant,2,train,742
buffered_quadrant,2,train,743
buffered_quadrant,2,train,744
buffered_quadrant,2,train,745
buffered_quadrant,2,train,746
buffered_quadrant,2,train,747
buffered_quadrant,2,train,748
buffered_quadrant,2,train,749
buffered_quadrant,2,train,750
buffered_quadrant,2,train,751
buffered_quadrant,2,train,752
buffered_quadrant,2,train,753
buffered_quadrant,2,train,754
buffered_quadrant,2,train,755
buffered_quadrant,2,train,756
buffered_quadrant,2,train,757
buffered_quadrant,2,train,758
buffered_quadrant,2,train,759
buffered_quadrant,2,train,760
buffered_quadrant,2,train,761
buffered_quadrant,2,train,762
buffered_quadrant,2,train,763
buffered_quadrant,2,train,764
buffered_quadrant,2,train,765
buffered_quadrant,2,train,766
buffered_quadrant,2,train,767
buffered_quadrant,2,train,768
buffered_quadrant,2,train,769
buffered_quadrant,2,train,770
buffered_quadrant,2,train,771
buffered_quadrant,2,train,772
buffered_quadrant,2,train,773
buffered_quadrant,2,train,774
buffered_quadrant,2,train,775
buffered_quadrant,2,train,777
buffered_quadrant,2,train,778
buffered_quadrant,2,train,779
buffered_quadrant,2,train,780
buffered_quadrant,2,train,781
buffered_quadrant,2,train,782
buffered_quadrant,2,train,783
buffered_quadrant,2,train,784
buffered_quadrant,2,train,785
buffered_quadrant,2,train,786
buffered_quadrant,2,train,787
buffered_quadrant,2,train,788
buffered_quadrant,2,train,789
buffered_quadrant,2,train,790
buffered_quadrant,2,train,791
buffered_quadrant,2,train,792
buffered_quadrant,2,train,793
buffered_quadrant,2,train,794
buffered_quadrant,2,train,795
buffered_quadrant,2,train,796
buffered_quadrant,2,train,797
buffered_quadrant,2,train,798
buffered_quadrant,2,train,799
buffered_quadrant,2,train,800
buffered_quadrant,2,train,801
buffered_quadrant,2,train,802
buffered_quadrant,2,train,803
buffered_quadrant,2,train,804
buffered_quadrant,2,train,805
buffered_quadrant,2,train,806
buffered_quadrant,2,train,807
buffered_quadrant,2,train,808
buffered_quadrant,2,train,809
buffered_quadrant,2,train,810
buffered_quadrant,2,train,811
buffered_quadrant,2,train,812
buffered_quadrant,2,train,813
buffered_quadrant,2,train,814
buffered_quadrant,2,train,815
buffered_quadrant,2,train,816
buffered_quadrant,2,train,817
buffered_quadrant,2,train,818
buffered_quadrant,2,train,819
buffered_quadrant,2,train,820
buffered_quadrant,2,train,821
buffered_quadrant,2,train,822
buffered_quadrant,2,train,823
buffered_quadrant,2,train,824
buffered_quadrant,2,train,825
buffered_quadrant,2,train,826
buffered_quadrant,2,train,827
buffered_quadrant,2,train,828
buffered_quadrant,2,train,829
buffered_quadrant,2,train,830
buffered_quadrant,2,train,831
buffered_quadrant,2,train,832
buffered_quadrant,2,train,833
buffered_quadrant,2,train,834
buffered_quadrant,2,train,835
buffered_quadrant,2,train,836
buffered_quadrant,2,train,837
buffered_quadrant,2,train,838
buffered_quadrant,2,train,839
buffered_quadrant,2,train,840
buffered_quadrant,2,train,841
buffered_quadrant,2,train,842
buffered_quadrant,2,train,843
buffered_quadrant,2,train,844
buffered_quadrant,2,train,845
buffered_quadrant,2,train,846
buffered_quadrant,2,train,847
buffered_quadrant,2,train,848
buffered_quadrant,2,train,849
buffered_quadrant,2,train,850
buffered_quadrant,2,train,851
buffered_quadrant,2,train,852
buffered_quadrant,2,train,853
buffered_quadrant,2,train,854
buffered_quadrant,2,train,855
buffered_quadrant,2,train,856
buffered_quadrant,2,train,857
buffered_quadrant,2,train,858
buffered_quadrant,2,train,859
buffered_quadrant,2,train,860
buffered_quadrant,2,train,861
buffered_quadrant,2,train,862
buffered_quadrant,2,train,863
buffered_quadrant,2,train,864
buffered_quadrant,2,train,865
buffered_quadrant,2,train,866
buffered_quadrant,2,train,867
buffered_quadrant,2,train,868
buffered_quadrant,2,train,869
buffered_quadrant,2,train,870
buffered_quadrant,2,train,871
buffered_quadrant,2,train,872
buffered_quadrant,2,train,873
buffered_quadrant,2,train,874
buffered_quadrant,2,train,875
buffered_quadrant,2,train,876
buffered_quadrant,2,train,877
buffered_quadrant,2,train,878
buffered_quadrant,2,train,879
buffered_quadrant,2,train,880
buffered_quadrant,2,train,881
buffered_quadrant,2,train,882
buffered_quadrant,2,train,883
buffered_quadrant,2,train,884
buffered_quadrant,2,train,885
buffered_quadrant,2,train,886
buffered_quadrant,2,train,887
buffered_quadrant,2,train,888
buffered_quadrant,2,train,889
buffered_quadrant,2,train,890
buffered_quadrant,2,train,891
buffered_quadrant,2,train,892
buffered_quadrant,2,train,893
buffered_quadrant,2,train,894
buffered_quadrant,2,train,895
buffered_quadrant,2,train,896
buffered_quadrant,2,train,897
buffered_quadrant,2,train,898
buffered_quadrant,2,train,899
buffered_quadrant,2,train,900
buffered_quadrant,2,train,901
buffered_quadrant,2,train,902
buffered_quadrant,2,train,903
buffered_quadrant,2,train,904
buffered_quadrant,2,train,905
buffered_quadrant,2,train,906
buffered_quadrant,2,train,907
buffered_quadrant,2,train,908
buffered_quadrant,2,train,909
buffered_quadrant,2,train,910
buffered_quadrant,2,train,911
buffered_quadrant,2,train,912
buffered_quadrant,2,train,913
buffered_quadrant,2,train,914
buffered_quadrant,2,train,915
buffered_quadrant,2,train,916
buffered_quadrant,2,train,918
buffered_quadrant,2,train,919
buffered_quadrant,2,train,920
buffered_quadrant,2,train,921
buffered_quadrant,2,train,922
buffered_quadrant,2,train,923
buffered_quadrant,2,train,924
buffered_quadrant,2,train,925
buffered_quadrant,2,train,926
buffered_quadrant,2,train,927
buffered_quadrant,2,train,928
buffered_quadrant,2,train,929
buffered_quadrant,2,train,930
buffered_quadrant,2,train,936
buffered_quadrant,2,train,937
buffered_quadrant,2,train,939
buffered_quadrant,2,train,940
buffered_quadrant,2,train,941
buffered_quadrant,2,train,942
buffered_quadrant,2,train,944
buffered_quadrant,2,train,945
buffered_quadrant,2,train,946
buffered_quadrant,2,train,947
buffered_quadrant,2,train,948
buffered_quadrant,2,train,950
buffered_quadrant,2,train,951
buffered_quadrant,2,train,952
buffered_quadrant,2,train,953
buffered_quadrant,2,test,135
buffered_quadrant,2,test,136
buffered_quadrant,2,test,137
buffered_quadrant,2,test,139
buffered_quadrant,2,test,143
buffered_quadrant,2,test,150
buffered_quadrant,2,test,151
buffered_quadrant,2,test,152
buffered_quadrant,2,test,153
buffered_quadrant,2,test,155
buffered_quadrant,2,test,156
buffered_quadrant,2,test,157
buffered_quadrant,2,test,158
buffered_quadrant,2,test,159
buffered_quadrant,2,test,160
buffered_quadrant,2,test,161
buffered_quadrant,2,test,162
buffered_quadrant,2,test,163
buffered_quadrant,2,test,164
buffered_quadrant,2,test,165
buffered_quadrant,2,test,166
buffered_quadrant,2,test,169
buffered_quadrant,2,test,170
buffered_quadrant,2,test,171
buffered_quadrant,2,test,172
buffered_quadrant,2,test,177
buffered_quadrant,2,test,178
buffered_quadrant,2,test,180
buffered_quadrant,2,test,181
buffered_quadrant,2,test,183
buffered_quadrant,2,test,184
buffered_quadrant,2,test,185
buffered_quadrant,2,test,187
buffered_quadrant,2,test,188
buffered_quadrant,2,test,189
buffered_quadrant,2,test,190
buffered_quadrant,2,test,192
buffered_quadrant,2,test,193
buffered_quadrant,2,test,194
buffered_quadrant,2,test,195
buffered_quadrant,2,test,200
buffered_quadrant,2,test,201
buffered_quadrant,2,test,204
buffered_quadrant,2,test,494
buffered_quadrant,2,test,497
buffered_quadrant,2,test,498
buffered_quadrant,2,test,499
buffered_quadrant,2,test,500
buffered_quadrant,2,test,501
buffered_quadrant,2,test,506
buffered_quadrant,2,test,511
buffered_quadrant,2,test,512
buffered_quadrant,2,test,516
buffered_quadrant,2,test,517
buffered_quadrant,2,test,520
buffered_quadrant,2,test,521
buffered_quadrant,2,test,523
buffered_quadrant,2,test,528
buffered_quadrant,2,test,529
buffered_quadrant,2,test,532
buffered_quadrant,2,test,533
buffered_quadrant,2,test,538
buffered_quadrant,2,test,539
buffered_quadrant,2,test,541
buffered_quadrant,2,test,542
buffered_quadrant,2,test,546
buffered_quadrant,2,test,547
buffered_quadrant,2,test,548
buffered_quadrant,2,test,549
buffered_quadrant,2,test,550
buffered_quadrant,2,test,551
buffered_quadrant,2,test,552
buffered_quadrant,2,test,558
buffered_quadrant,2,test,559
buffered_quadrant,2,test,560
buffered_quadrant,2,test,562
buffered_quadrant,2,test,563
buffered_quadrant,2,test,565
buffered_quadrant,2,test,572
buffered_quadrant,2,test,573
buffered_quadrant,2,test,574
buffered_quadrant,2,test,575
buffered_quadrant,2,test,576
buffered_quadrant,2,test,577
buffered_quadrant,2,test,578
buffered_quadrant,2,test,579
buffered_quadrant,2,test,580
buffered_quadrant,2,test,581
buffered_quadrant,2,test,582
buffered_quadrant,2,test,583
buffered_quadrant,2,test,584
buffered_quadrant,2,test,585
buffered_quadrant,2,test,586
buffered_quadrant,2,test,587
buffered_quadrant,2,test,588
buffered_quadrant,2,test,589
buffered_quadrant,2,test,590
buffered_quadrant,2,test,591
buffered_quadrant,2,test,592
buffered_quadrant,2,test,593
buffered_quadrant,2,test,594
buffered_quadrant,2,test,596
buffered_quadrant,2,test,597
buffered_quadrant,2,test,598
buffered_quadrant,2,test,599
buffered_quadrant,2,test,600
buffered_quadrant,2,test,601
buffered_quadrant,2,test,602
buffered_quadrant,2,test,603
buffered_quadrant,2,test,606
buffered_quadrant,2,test,608
buffered_quadrant,2,test,609
buffered_quadrant,2,test,612
buffered_quadrant,2,test,614
buffered_quadrant,2,test,615
buffered_quadrant,2,test,616
buffered_quadrant,2,test,617
buffered_quadrant,2,test,626
buffered_quadrant,2,test,629
buffered_quadrant,2,test,630
buffered_quadrant,2,test,631
buffered_quadrant,2,test,633
buffered_quadrant,2,test,635
buffered_quadrant,2,test,637
buffered_quadrant,2,test,638
buffered_quadrant,2,test,639
buffered_quadrant,2,test,640
buffered_quadrant,2,test,642
buffered_quadrant,2,test,643
buffered_quadrant,2,test,644
buffered_quadrant,2,test,646
buffered_quadrant,2,test,651
buffered_quadrant,2,test,653
buffered_quadrant,2,test,654
buffered_quadrant,2,test,656
buffered_quadrant,2,test,657
buffered_quadrant,2,test,677
buffered_quadrant,2,test,682
buffered_quadrant,2,test,684
buffered_quadrant,2,test,685
buffered_quadrant,2,test,690
buffered_quadrant,2,test,691
buffered_quadrant,2,test,692
buffered_quadrant,2,test,693
buffered_quadrant,2,test,695
buffered_quadrant,2,test,696
buffered_quadrant,2,test,708
buffered_quadrant,2,test,709
buffered_quadrant,2,test,710
buffered_quadrant,2,test,711
buffered_quadrant,2,test,712
buffered_quadrant,2,test,776
buffered_quadrant,2,test,917
buffered_quadrant,2,test,931
buffered_quadrant,2,test,932
buffered_quadrant,2,test,933
buffered_quadrant,2,test,934
buffered_quadrant,2,test,935
buffered_quadrant,2,test,938
buffered_quadrant,2,test,943
buffered_quadrant,2,test,949
buffered_quadrant,3,train,0
buffered_quadrant,3,train,1
buffered_quadrant,3,train,2
buffered_quadrant,3,train,3
buffered_quadrant,3,train,4
buffered_quadrant,3,train,5
buffered_quadrant,3,train,6
buffered_quadrant,3,train,7
buffered_quadrant,3,train,8
buffered_quadrant,3,train,9
buffered_quadrant,3,train,10
buffered_quadrant,3,train,11
buffered_quadrant,3,train,12
buffered_quadrant,3,train,13
buffered_quadrant,3,train,14
buffered_quadrant,3,train,15
buffered_quadrant,3,train,16
buffered_quadrant,3,train,17
buffered_quadrant,3,train,18
buffered_quadrant,3,train,19
buffered_quadrant,3,train,20
buffered_quadrant,3,train,21
buffered_quadrant,3,train,22
buffered_quadrant,3,train,23
buffered_quadrant,3,train,24
buffered_quadrant,3,train,25
buffered_quadrant,3,train,26
buffered_quadrant,3,train,27
buffered_quadrant,3,train,28
buffered_quadrant,3,train,29
buffered_quadrant,3,train,30
buffered_quadrant,3,train,31
buffered_quadrant,3,train,32
buffered_quadrant,3,train,33
buffered_quadrant,3,train,34
buffered_quadrant,3,train,35
buffered_quadrant,3,train,36
buffered_quadrant,3,train,37
buffered_quadrant,3,train,38
buffered_quadrant,3,train,39
buffered_quadrant,3,train,40
buffered_quadrant,3,train,41
buffered_quadrant,3,train,42
buffered_quadrant,3,train,43
buffered_quadrant,3,train,44
buffered_quadrant,3,train,45
buffered_quadrant,3,train,46
buffered_quadrant,3,train,47
buffered_quadrant,3,train,48
buffered_quadrant,3,train,49
buffered_quadrant,3,train,50
buffered_quadrant,3,train,51
buffered_quadrant,3,train,52
buffered_quadrant,3,train,53
buffered_quadrant,3,train,54
buffered_quadrant,3,train,55
buffered_quadrant,3,train,56
buffered_quadrant,3,train,57
buffered_quadrant,3,train,58
buffered_quadrant,3,train,59
buffered_quadrant,3,train,60
buffered_quadrant,3,train,61
buffered_quadrant,3,train,62
buffered_quadrant,3,train,63
buffered_quadrant,3,train,64
buffered_quadrant,3,train,65
buffered_quadrant,3,train,66
buffered_quadrant,3,train,67
buffered_quadrant,3,train,68
buffered_quadrant,3,train,69
buffered_quadrant,3,train,70
buffered_quadrant,3,train,71
buffered_quadrant,3,train,72
buffered_quadrant,3,train,73
buffered_quadrant,3,train,74
buffered_quadrant,3,train,75
buffered_quadrant,3,train,76
buffered_quadrant,3,train,77
buffered_quadrant,3,train,78
buffered_quadrant,3,train,79
buffered_quadrant,3,train,80
buffered_quadrant,3,train,81
buffered_quadrant,3,train,82
buffered_quadrant,3,train,83
buffered_quadrant,3,train,84
buffered_quadrant,3,train,85
buffered_quadrant,3,train,86
buffered_quadrant,3,train,87
buffered_quadrant,3,train,88
buffered_quadrant,3,train,89
buffered_quadrant,3,train,90
buffered_quadrant,3,train,91
buffered_quadrant,3,train,92
buffered_quadrant,3,train,93
buffered_quadrant,3,train,94
buffered_quadrant,3,train,95
buffered_quadrant,3,train,96
buffered_quadrant,3,train,97
buffered_quadrant,3,train,98
buffered_quadrant,3,train,99
buffered_quadrant,3,train,100
buffered_quadrant,3,train,101
buffered_quadrant,3,train,102
buffered_quadrant,3,train,103
buffered_quadrant,3,train,104
buffered_quadrant,3,train,105
buffered_quadrant,3,train,106
buffered_quadrant,3,train,107
buffered_quadrant,3,train,108
buffered_quadrant,3,train,109
buffered_quadrant,3,train,110
buffered_quadrant,3,train,111
buffered_quadrant,3,train,112
buffered_quadrant,3,train,113
buffered_quadrant,3,train,114
buffered_quadrant,3,train,115
buffered_quadrant,3,train,116
buffered_quadrant,3,train,117
buffered_quadrant,3,train,118
buffered_quadrant,3,train,119
buffered_quadrant,3,train,120
buffered_quadrant,3,train,121
buffered_quadrant,3,train,122
buffered_quadrant,3,train,123
buffered_quadrant,3,train,124
buffered_quadrant,3,train,125
buffered_quadrant,3,train,126
buffered_quadrant,3,train,127
buffered_quadrant,3,train,128
buffered_quadrant,3,train,129
buffered_quadrant,3,train,130
buffered_quadrant,3,train,131
buffered_quadrant,3,train,133
buffered_quadrant,3,train,134
buffered_quadrant,3,train,135
buffered_quadrant,3,train,136
buffered_quadrant,3,train,137
buffered_quadrant,3,train,139
buffered_quadrant,3,train,143
buffered_quadrant,3,train,150
buffered_quadrant,3,train,152
buffered_quadrant,3,train,153
buffered_quadrant,3,train,155
buffered_quadrant,3,train,156
buffered_quadrant,3,train,157
buffered_quadrant,3,train,158
buffered_quadrant,3,train,159
buffered_quadrant,3,train,160
buffered_quadrant,3,train,161
buffered_quadrant,3,train,162
buffered_quadrant,3,train,163
buffered_quadrant,3,train,164
buffered_quadrant,3,train,165
buffered_quadrant,3,train,166
buffered_quadrant,3,train,169
buffered_quadrant,3,train,170
buffered_quadrant,3,train,171
buffered_quadrant,3,train,172
buffered_quadrant,3,train,177
buffered_quadrant,3,train,178
buffered_quadrant,3,train,180
buffered_quadrant,3,train,181
buffered_quadrant,3,train,183
buffered_quadrant,3,train,184
buffered_quadrant,3,train,185
buffered_quadrant,3,train,187
buffered_quadrant,3,train,188
buffered_quadrant,3,train,189
buffered_quadrant,3,train,190
buffered_quadrant,3,train,192
buffered_quadrant,3,train,193
buffered_quadrant,3,train,194
buffered_quadrant,3,train,195
buffered_quadrant,3,train,200
buffered_quadrant,3,train,201
buffered_quadrant,3,train,204
buffered_quadrant,3,train,211
buffered_quadrant,3,train,212
buffered_quadrant,3,train,213
buffered_quadrant,3,train,214
buffered_quadrant,3,train,215
buffered_quadrant,3,train,216
buffered_quadrant,3,train,217
buffered_quadrant,3,train,218
buffered_quadrant,3,train,219
buffered_quadrant,3,train,220
buffered_quadrant,3,train,221
buffered_quadrant,3,train,222
buffered_quadrant,3,train,223
buffered_quadrant,3,train,224
buffered_quadrant,3,train,225
buffered_quadrant,3,train,226
buffered_quadrant,3,train,227
buffered_quadrant,3,train,228
buffered_quadrant,3,train,229
buffered_quadrant,3,train,230
buffered_quadrant,3,train,231
buffered_quadrant,3,train,232
buffered_quadrant,3,train,233
buffered_quadrant,3,train,234
buffered_quadrant,3,train,235
buffered_quadrant,3,train,236
buffered_quadrant,3,train,237
buffered_quadrant,3,train,238
buffered_quadrant,3,train,239
buffered_quadrant,3,train,240
buffered_quadrant,3,train,241
buffered_quadrant,3,train,242
buffered_quadrant,3,train,243
buffered_quadrant,3,train,244
buffered_quadrant,3,train,245
buffered_quadrant,3,train,246
buffered_quadrant,3,train,247
buffered_quadrant,3,train,248
buffered_quadrant,3,train,249
buffered_quadrant,3,train,250
buffered_quadrant,3,train,251
buffered_quadrant,3,train,252
buffered_quadrant,3,train,253
buffered_quadrant,3,train,254
buffered_quadrant,3,train,255
buffered_quadrant,3,train,256
buffered_quadrant,3,train,257
buffered_quadrant,3,train,258
buffered_quadrant,3,train,259
buffered_quadrant,3,train,260
buffered_quadrant,3,train,261
buffered_quadrant,3,train,262
buffered_quadrant,3,train,263
buffered_quadrant,3,train,264
buffered_quadrant,3,train,265
buffered_quadrant,3,train,266
buffered_quadrant,3,train,267
buffered_quadrant,3,train,268
buffered_quadrant,3,train,269
buffered_quadrant,3,train,270
buffered_quadrant,3,train,271
buffered_quadrant,3,train,272
buffered_quadrant,3,train,273
buffered_quadrant,3,train,274
buffered_quadrant,3,train,275
buffered_quadrant,3,train,276
buffered_quadrant,3,train,277
buffered_quadrant,3,train,278
buffered_quadrant,3,train,279
buffered_quadrant,3,train,280
buffered_quadrant,3,train,281
buffered_quadrant,3,train,282
buffered_quadrant,3,train,283
buffered_quadrant,3,train,284
buffered_quadrant,3,train,285
buffered_quadrant,3,train,286
buffered_quadrant,3,train,287
buffered_quadrant,3,train,288
buffered_quadrant,3,train,289
buffered_quadrant,3,train,290
buffered_quadrant,3,train,291
buffered_quadrant,3,train,292
buffered_quadrant,3,train,293
buffered_quadrant,3,train,294
buffered_quadrant,3,train,295
buffered_quadrant,3,train,296
buffered_quadrant,3,train,297
buffered_quadrant,3,train,298
buffered_quadrant,3,train,299
buffered_quadrant,3,train,300
buffered_quadrant,3,train,301
buffered_quadrant,3,train,302
buffered_quadrant,3,train,303
buffered_quadrant,3,train,304
buffered_quadrant,3,train,305
buffered_quadrant,3,train,306
buffered_quadrant,3,train,307
buffered_quadrant,3,train,308
buffered_quadrant,3,train,309
buffered_quadrant,3,train,310
buffered_quadrant,3,train,311
buffered_quadrant,3,train,312
buffered_quadrant,3,train,313
buffered_quadrant,3,train,314
buffered_quadrant,3,train,315
buffered_quadrant,3,train,316
buffered_quadrant,3,train,317
buffered_quadrant,3,train,318
buffered_quadrant,3,train,319
buffered_quadrant,3,train,320
buffered_quadrant,3,train,321
buffered_quadrant,3,train,322
buffered_quadrant,3,train,323
buffered_quadrant,3,train,324
buffered_quadrant,3,train,325
buffered_quadrant,3,train,326
buffered_quadrant,3,train,327
buffered_quadrant,3,train,328
buffered_quadrant,3,train,329
buffered_quadrant,3,train,330
buffered_quadrant,3,train,331
buffered_quadrant,3,train,332
buffered_quadrant,3,train,333
buffered_quadrant,3,train,334
buffered_quadrant,3,train,335
buffered_quadrant,3,train,336
buffered_quadrant,3,train,337
buffered_quadrant,3,train,338
buffered_quadrant,3,train,339
buffered_quadrant,3,train,340
buffered_quadrant,3,train,341
buffered_quadrant,3,train,342
buffered_quadrant,3,train,343
buffered_quadrant,3,train,344
buffered_quadrant,3,train,345
buffered_quadrant,3,train,346
buffered_quadrant,3,train,347
buffered_quadrant,3,train,348
buffered_quadrant,3,train,349
buffered_quadrant,3,train,350
buffered_quadrant,3,train,351
buffered_quadrant,3,train,352
buffered_quadrant,3,train,353
buffered_quadrant,3,train,354
buffered_quadrant,3,train,355
buffered_quadrant,3,train,356
buffered_quadrant,3,train,357
buffered_quadrant,3,train,358
buffered_quadrant,3,train,359
buffered_quadrant,3,train,360
buffered_quadrant,3,train,361
buffered_quadrant,3,train,362
buffered_quadrant,3,train,363
buffered_quadrant,3,train,364
buffered_quadrant,3,train,365
buffered_quadrant,3,train,366
buffered_quadrant,3,train,367
buffered_quadrant,3,train,368
buffered_quadrant,3,train,369
buffered_quadrant,3,train,370
buffered_quadrant,3,train,371
buffered_quadrant,3,train,372
buffered_quadrant,3,train,373
buffered_quadrant,3,train,374
buffered_quadrant,3,train,375
buffered_quadrant,3,train,376
buffered_quadrant,3,train,377
buffered_quadrant,3,train,378
buffered_quadrant,3,train,379
buffered_quadrant,3,train,380
buffered_quadrant,3,train,381
buffered_quadrant,3,train,382
buffered_quadrant,3,train,383
buffered_quadrant,3,train,384
buffered_quadrant,3,train,385
buffered_quadrant,3,train,386
buffered_quadrant,3,train,387
buffered_quadrant,3,train,388
buffered_quadrant,3,train,389
buffered_quadrant,3,train,390
buffered_quadrant,3,train,391
buffered_quadrant,3,train,392
buffered_quadrant,3,train,393
buffered_quadrant,3,train,394
buffered_quadrant,3,train,395
buffered_quadrant,3,train,396
buffered_quadrant,3,train,397
buffered_quadrant,3,train,398
buffered_quadrant,3,train,399
buffered_quadrant,3,train,400
buffered_quadrant,3,train,401
buffered_quadrant,3,train,402
buffered_quadrant,3,train,403
buffered_quadrant,3,train,404
buffered_quadrant,3,train,405
buffered_quadrant,3,train,406
buffered_quadrant,3,train,407
buffered_quadrant,3,train,408
buffered_quadrant,3,train,409
buffered_quadrant,3,train,410
buffered_quadrant,3,train,411
buffered_quadrant,3,train,412
buffered_quadrant,3,train,413
buffered_quadrant,3,train,414
buffered_quadrant,3,train,415
buffered_quadrant,3,train,416
buffered_quadrant,3,train,417
buffered_quadrant,3,train,418
buffered_quadrant,3,train,419
buffered_quadrant,3,train,420
buffered_quadrant,3,train,421
buffered_quadrant,3,train,422
buffered_quadrant,3,train,423
buffered_quadrant,3,train,424
buffered_quadrant,3,train,425
buffered_quadrant,3,train,426
buffered_quadrant,3,train,427
buffered_quadrant,3,train,428
buffered_quadrant,3,train,429
buffered_quadrant,3,train,430
buffered_quadrant,3,train,431
buffered_quadrant,3,train,432
buffered_quadrant,3,train,433
buffered_quadrant,3,train,434
buffered_quadrant,3,train,435
buffered_quadrant,3,train,436
buffered_quadrant,3,train,437
buffered_quadrant,3,train,438
buffered_quadrant,3,train,439
buffered_quadrant,3,train,440
buffered_quadrant,3,train,441
buffered_quadrant,3,train,442
buffered_quadrant,3,train,443
buffered_quadrant,3,train,444
buffered_quadrant,3,train,445
buffered_quadrant,3,train,446
buffered_quadrant,3,train,447
buffered_quadrant,3,train,448
buffered_quadrant,3,train,449
buffered_quadrant,3,train,450
buffered_quadrant,3,train,451
buffered_quadrant,3,train,452
buffered_quadrant,3,train,453
buffered_quadrant,3,train,454
buffered_quadrant,3,train,455
buffered_quadrant,3,train,456
buffered_quadrant,3,train,457
buffered_quadrant,3,train,458
buffered_quadrant,3,train,459
buffered_quadrant,3,train,460
buffered_quadrant,3,train,461
buffered_quadrant,3,train,462
buffered_quadrant,3,train,463
buffered_quadrant,3,train,464
buffered_quadrant,3,train,465
buffered_quadrant,3,train,466
buffered_quadrant,3,train,467
buffered_quadrant,3,train,468
buffered_quadrant,3,train,469
buffered_quadrant,3,train,470
buffered_quadrant,3,train,471
buffered_quadrant,3,train,472
buffered_quadrant,3,train,473
buffered_quadrant,3,train,474
buffered_quadrant,3,train,476
buffered_quadrant,3,train,477
buffered_quadrant,3,train,478
buffered_quadrant,3,train,479
buffered_quadrant,3,train,480
buffered_quadrant,3,train,481
buffered_quadrant,3,train,482
buffered_quadrant,3,train,485
buffered_quadrant,3,train,494
buffered_quadrant,3,train,495
buffered_quadrant,3,train,497
buffered_quadrant,3,train,498
buffered_quadrant,3,train,499
buffered_quadrant,3,train,500
buffered_quadrant,3,train,501
buffered_quadrant,3,train,506
buffered_quadrant,3,train,511
buffered_quadrant,3,train,512
buffered_quadrant,3,train,516
buffered_quadrant,3,train,517
buffered_quadrant,3,train,520
buffered_quadrant,3,train,521
buffered_quadrant,3,train,523
buffered_quadrant,3,train,528
buffered_quadrant,3,train,529
buffered_quadrant,3,train,532
buffered_quadrant,3,train,533
buffered_quadrant,3,train,541
buffered_quadrant,3,train,542
buffered_quadrant,3,train,546
buffered_quadrant,3,train,547
buffered_quadrant,3,train,551
buffered_quadrant,3,train,558
buffered_quadrant,3,train,559
buffered_quadrant,3,train,560
buffered_quadrant,3,train,563
buffered_quadrant,3,train,572
buffered_quadrant,3,train,573
buffered_quadrant,3,train,574
buffered_quadrant,3,train,575
buffered_quadrant,3,train,576
buffered_quadrant,3,train,577
buffered_quadrant,3,train,578
buffered_quadrant,3,train,579
buffered_quadrant,3,train,580
buffered_quadrant,3,train,581
buffered_quadrant,3,train,582
buffered_quadrant,3,train,583
buffered_quadrant,3,train,584
buffered_quadrant,3,train,585
buffered_quadrant,3,train,586
buffered_quadrant,3,train,587
buffered_quadrant,3,train,588
buffered_quadrant,3,train,589
buffered_quadrant,3,train,590
buffered_quadrant,3,train,591
buffered_quadrant,3,train,592
buffered_quadrant,3,train,593
buffered_quadrant,3,train,594
buffered_quadrant,3,train,596
buffered_quadrant,3,train,597
buffered_quadrant,3,train,598
buffered_quadrant,3,train,599
buffered_quadrant,3,train,600
buffered_quadrant,3,train,601
buffered_quadrant,3,train,602
buffered_quadrant,3,train,603
buffered_quadrant,3,train,606
buffered_quadrant,3,train,608
buffered_quadrant,3,train,609
buffered_quadrant,3,train,612
buffered_quadrant,3,train,614
buffered_quadrant,3,train,615
buffered_quadrant,3,train,616
buffered_quadrant,3,train,617
buffered_quadrant,3,train,626
buffered_quadrant,3,train,629
buffered_quadrant,3,train,630
buffered_quadrant,3,train,633
buffered_quadrant,3,train,635
buffered_quadrant,3,train,637
buffered_quadrant,3,train,638
buffered_quadrant,3,train,639
buffered_quadrant,3,train,640
buffered_quadrant,3,train,642
buffered_quadrant,3,train,643
buffered_quadrant,3,train,644
buffered_quadrant,3,train,646
buffered_quadrant,3,train,651
buffered_quadrant,3,train,653
buffered_quadrant,3,train,654
buffered_quadrant,3,train,657
buffered_quadrant,3,train,663
buffered_quadrant,3,train,664
buffered_quadrant,3,train,665
buffered_quadrant,3,train,666
buffered_quadrant,3,train,667
buffered_quadrant,3,train,668
buffered_quadrant,3,train,669
buffered_quadrant,3,train,670
buffered_quadrant,3,train,671
buffered_quadrant,3,train,672
buffered_quadrant,3,train,673
buffered_quadrant,3,train,674
buffered_quadrant,3,train,675
buffered_quadrant,3,train,676
buffered_quadrant,3,train,677
buffered_quadrant,3,train,682
buffered_quadrant,3,train,684
buffered_quadrant,3,train,685
buffered_quadrant,3,train,690
buffered_quadrant,3,train,691
buffered_quadrant,3,train,692
buffered_quadrant,3,train,693
buffered_quadrant,3,train,695
buffered_quadrant,3,train,696
buffered_quadrant,3,train,697
buffered_quadrant,3,train,698
buffered_quadrant,3,train,699
buffered_quadrant,3,train,700
buffered_quadrant,3,train,701
buffered_quadrant,3,train,702
buffered_quadrant,3,train,703
buffered_quadrant,3,train,708
buffered_quadrant,3,train,709
buffered_quadrant,3,train,710
buffered_quadrant,3,train,711
buffered_quadrant,3,train,712
buffered_quadrant,3,train,722
buffered_quadrant,3,train,723
buffered_quadrant,3,train,724
buffered_quadrant,3,train,725
buffered_quadrant,3,train,726
buffered_quadrant,3,train,727
buffered_quadrant,3,train,728
buffered_quadrant,3,train,729
buffered_quadrant,3,train,730
buffered_quadrant,3,train,731
buffered_quadrant,3,train,732
buffered_quadrant,3,train,733
buffered_quadrant,3,train,734
buffered_quadrant,3,train,735
buffered_quadrant,3,train,736
buffered_quadrant,3,train,737
buffered_quadrant,3,train,738
buffered_quadrant,3,train,739
buffered_quadrant,3,train,740
buffered_quadrant,3,train,741
buffered_quadrant,3,train,742
buffered_quadrant,3,train,743
buffered_quadrant,3,train,744
buffered_quadrant,3,train,745
buffered_quadrant,3,train,746
buffered_quadrant,3,train,747
buffered_quadrant,3,train,748
buffered_quadrant,3,train,749
buffered_quadrant,3,train,750
buffered_quadrant,3,train,751
buffered_quadrant,3,train,752
buffered_quadrant,3,train,753
buffered_quadrant,3,train,754
buffered_quadrant,3,train,755
buffered_quadrant,3,train,756
buffered_quadrant,3,train,757
buffered_quadrant,3,train,758
buffered_quadrant,3,train,759
buffered_quadrant,3,train,760
buffered_quadrant,3,train,761
buffered_quadrant,3,train,762
buffered_quadrant,3,train,763
buffered_quadrant,3,train,785
buffered_quadrant,3,train,786
buffered_quadrant,3,train,787
buffered_quadrant,3,train,788
buffered_quadrant,3,train,789
buffered_quadrant,3,train,790
buffered_quadrant,3,train,791
buffered_quadrant,3,train,792
buffered_quadrant,3,train,793
buffered_quadrant,3,train,794
buffered_quadrant,3,train,795
buffered_quadrant,3,train,796
buffered_quadrant,3,train,797
buffered_quadrant,3,train,798
buffered_quadrant,3,train,799
buffered_quadrant,3,train,800
buffered_quadrant,3,train,801
buffered_quadrant,3,train,802
buffered_quadrant,3,train,803
buffered_quadrant,3,train,804
buffered_quadrant,3,train,805
buffered_quadrant,3,train,806
buffered_quadrant,3,train,807
buffered_quadrant,3,train,808
buffered_quadrant,3,train,809
buffered_quadrant,3,train,810
buffered_quadrant,3,train,811
buffered_quadrant,3,train,812
buffered_quadrant,3,train,813
buffered_quadrant,3,train,814
buffered_quadrant,3,train,815
buffered_quadrant,3,train,816
buffered_quadrant,3,train,817
buffered_quadrant,3,train,818
buffered_quadrant,3,train,819
buffered_quadrant,3,train,820
buffered_quadrant,3,train,821
buffered_quadrant,3,train,822
buffered_quadrant,3,train,823
buffered_quadrant,3,train,824
buffered_quadrant,3,train,825
buffered_quadrant,3,train,826
buffered_quadrant,3,train,827
buffered_quadrant,3,train,828
buffered_quadrant,3,train,829
buffered_quadrant,3,train,830
buffered_quadrant,3,train,831
buffered_quadrant,3,train,832
buffered_quadrant,3,train,833
buffered_quadrant,3,train,834
buffered_quadrant,3,train,835
buffered_quadrant,3,train,836
buffered_quadrant,3,train,837
buffered_quadrant,3,train,838
buffered_quadrant,3,train,839
buffered_quadrant,3,train,842
buffered_quadrant,3,train,843
buffered_quadrant,3,train,882
buffered_quadrant,3,train,883
buffered_quadrant,3,train,884
buffered_quadrant,3,train,885
buffered_quadrant,3,train,886
buffered_quadrant,3,train,887
buffered_quadrant,3,train,888
buffered_quadrant,3,train,889
buffered_quadrant,3,train,890
buffered_quadrant,3,train,891
buffered_quadrant,3,train,892
buffered_quadrant,3,train,893
buffered_quadrant,3,train,894
buffered_quadrant,3,train,895
buffered_quadrant,3,train,896
buffered_quadrant,3,train,897
buffered_quadrant,3,train,898
buffered_quadrant,3,train,899
buffered_quadrant,3,train,900
buffered_quadrant,3,train,901
buffered_quadrant,3,train,902
buffered_quadrant,3,train,903
buffered_quadrant,3,train,904
buffered_quadrant,3,train,905
buffered_quadrant,3,train,906
buffered_quadrant,3,train,907
buffered_quadrant,3,train,908
buffered_quadrant,3,train,909
buffered_quadrant,3,train,910
buffered_quadrant,3,train,913
buffered_quadrant,3,train,917
buffered_quadrant,3,train,931
buffered_quadrant,3,train,932
buffered_quadrant,3,train,933
buffered_quadrant,3,train,934
buffered_quadrant,3,train,935
buffered_quadrant,3,train,938
buffered_quadrant,3,test,138
buffered_quadrant,3,test,140
buffered_quadrant,3,test,141
buffered_quadrant,3,test,142
buffered_quadrant,3,test,144
buffered_quadrant,3,test,145
buffered_quadrant,3,test,146
buffered_quadrant,3,test,147
buffered_quadrant,3,test,148
buffered_quadrant,3,test,149
buffered_quadrant,3,test,154
buffered_quadrant,3,test,167
buffered_quadrant,3,test,168
buffered_quadrant,3,test,173
buffered_quadrant,3,test,174
buffered_quadrant,3,test,175
buffered_quadrant,3,test,176
buffered_quadrant,3,test,179
buffered_quadrant,3,test,182
buffered_quadrant,3,test,186
buffered_quadrant,3,test,191
buffered_quadrant,3,test,196
buffered_quadrant,3,test,197
buffered_quadrant,3,test,198
buffered_quadrant,3,test,199
buffered_quadrant,3,test,202
buffered_quadrant,3,test,203
buffered_quadrant,3,test,205
buffered_quadrant,3,test,206
buffered_quadrant,3,test,207
buffered_quadrant,3,test,208
buffered_quadrant,3,test,209
buffered_quadrant,3,test,210
buffered_quadrant,3,test,496
buffered_quadrant,3,test,502
buffered_quadrant,3,test,503
buffered_quadrant,3,test,504
buffered_quadrant,3,test,505
buffered_quadrant,3,test,507
buffered_quadrant,3,test,508
buffered_quadrant,3,test,509
buffered_quadrant,3,test,510
buffered_quadrant,3,test,513
buffered_quadrant,3,test,514
buffered_quadrant,3,test,515
buffered_quadrant,3,test,518
buffered_quadrant,3,test,519
buffered_quadrant,3,test,522
buffered_quadrant,3,test,524
buffered_quadrant,3,test,525
buffered_quadrant,3,test,526
buffered_quadrant,3,test,527
buffered_quadrant,3,test,530
buffered_quadrant,3,test,531
buffered_quadrant,3,test,534
buffered_quadrant,3,test,535
buffered_quadrant,3,test,536
buffered_quadrant,3,test,537
buffered_quadrant,3,test,540
buffered_quadrant,3,test,543
buffered_quadrant,3,test,544
buffered_quadrant,3,test,545
buffered_quadrant,3,test,553
buffered_quadrant,3,test,554
buffered_quadrant,3,test,555
buffered_quadrant,3,test,556
buffered_quadrant,3,test,557
buffered_quadrant,3,test,561
buffered_quadrant,3,test,564
buffered_quadrant,3,test,566
buffered_quadrant,3,test,567
buffered_quadrant,3,test,568
buffered_quadrant,3,test,569
buffered_quadrant,3,test,570
buffered_quadrant,3,test,571
buffered_quadrant,3,test,595
buffered_quadrant,3,test,604
buffered_quadrant,3,test,605
buffered_quadrant,3,test,607
buffered_quadrant,3,test,610
buffered_quadrant,3,test,611
buffered_quadrant,3,test,613
buffered_quadrant,3,test,618
buffered_quadrant,3,test,619
buffered_quadrant,3,test,620
buffered_quadrant,3,test,621
buffered_quadrant,3,test,622
buffered_quadrant,3,test,623
buffered_quadrant,3,test,624
buffered_quadrant,3,test,625
buffered_quadrant,3,test,627
buffered_quadrant,3,test,628
buffered_quadrant,3,test,632
buffered_quadrant,3,test,634
buffered_quadrant,3,test,636
buffered_quadrant,3,test,641
buffered_quadrant,3,test,645
buffered_quadrant,3,test,647
buffered_quadrant,3,test,648
buffered_quadrant,3,test,649
buffered_quadrant,3,test,650
buffered_quadrant,3,test,652
buffered_quadrant,3,test,655
buffered_quadrant,3,test,658
buffered_quadrant,3,test,659
buffered_quadrant,3,test,660
buffered_quadrant,3,test,661
buffered_quadrant,3,test,662
buffered_quadrant,3,test,678
buffered_quadrant,3,test,679
buffered_quadrant,3,test,680
buffered_quadrant,3,test,681
buffered_quadrant,3,test,683
buffered_quadrant,3,test,686
buffered_quadrant,3,test,687
buffered_quadrant,3,test,688
buffered_quadrant,3,test,689
buffered_quadrant,3,test,694
buffered_quadrant,3,test,704
buffered_quadrant,3,test,705
buffered_quadrant,3,test,706
buffered_quadrant,3,test,707
buffered_quadrant,3,test,713
buffered_quadrant,3,test,714
buffered_quadrant,3,test,715
buffered_quadrant,3,test,716
buffered_quadrant,3,test,717
buffered_quadrant,3,test,718
buffered_quadrant,3,test,719
buffered_quadrant,3,test,720
buffered_quadrant,3,test,721
buffered_quadrant,3,test,764
buffered_quadrant,3,test,765
buffered_quadrant,3,test,766
buffered_quadrant,3,test,767
buffered_quadrant,3,test,768
buffered_quadrant,3,test,769
buffered_quadrant,3,test,770
buffered_quadrant,3,test,771
buffered_quadrant,3,test,772
buffered_quadrant,3,test,773
buffered_quadrant,3,test,774
buffered_quadrant,3,test,775
buffered_quadrant,3,test,777
buffered_quadrant,3,test,778
buffered_quadrant,3,test,779
buffered_quadrant,3,test,780
buffered_quadrant,3,test,781
buffered_quadrant,3,test,782
buffered_quadrant,3,test,783
buffered_quadrant,3,test,784
buffered_quadrant,3,test,846
buffered_quadrant,3,test,847
buffered_quadrant,3,test,848
buffered_quadrant,3,test,849
buffered_quadrant,3,test,850
buffered_quadrant,3,test,851
buffered_quadrant,3,test,852
buffered_quadrant,3,test,853
buffered_quadrant,3,test,854
buffered_quadrant,3,test,855
buffered_quadrant,3,test,856
buffered_quadrant,3,test,857
buffered_quadrant,3,test,858
buffered_quadrant,3,test,859
buffered_quadrant,3,test,860
buffered_quadrant,3,test,861
buffered_quadrant,3,test,862
buffered_quadrant,3,test,863
buffered_quadrant,3,test,864
buffered_quadrant,3,test,865
buffered_quadrant,3,test,866
buffered_quadrant,3,test,867
buffered_quadrant,3,test,868
buffered_quadrant,3,test,869
buffered_quadrant,3,test,870
buffered_quadrant,3,test,871
buffered_quadrant,3,test,872
buffered_quadrant,3,test,873
buffered_quadrant,3,test,874
buffered_quadrant,3,test,875
buffered_quadrant,3,test,876
buffered_quadrant,3,test,877
buffered_quadrant,3,test,878
buffered_quadrant,3,test,879
buffered_quadrant,3,test,880
buffered_quadrant,3,test,881
buffered_quadrant,3,test,914
buffered_quadrant,3,test,915
buffered_quadrant,3,test,916
buffered_quadrant,3,test,918
buffered_quadrant,3,test,919
buffered_quadrant,3,test,920
buffered_quadrant,3,test,921
buffered_quadrant,3,test,922
buffered_quadrant,3,test,923
buffered_quadrant,3,test,924
buffered_quadrant,3,test,925
buffered_quadrant,3,test,926
buffered_quadrant,3,test,927
buffered_quadrant,3,test,928
buffered_quadrant,3,test,929
buffered_quadrant,3,test,930
buffered_quadrant,3,test,936
buffered_quadrant,3,test,937
buffered_quadrant,3,test,939
buffered_quadrant,3,test,940
buffered_quadrant,3,test,941
buffered_quadrant,3,test,942
buffered_quadrant,3,test,944
buffered_quadrant,3,test,945
buffered_quadrant,3,test,946
buffered_quadrant,3,test,947
buffered_quadrant,3,test,948
buffered_quadrant,3,test,950
buffered_quadrant,3,test,951
buffered_quadrant,3,test,952
buffered_quadrant,3,test,953
