source_component,target_component,intersection_pixels,source_area,target_area,overlap_over_min_area,iou,source_image,target_image
75,32,269,1179,16264,0.22815945716709077,0.015663211831838827,201408ddyw.tif,201508ddyw.tif
82,32,1294,2872,16264,0.4505571030640669,0.07252550162537832,201408ddyw.tif,201508ddyw.tif
91,32,288,4255,16264,0.06768507638072856,0.014235579061835797,201408ddyw.tif,201508ddyw.tif
110,49,358,2696,5852,0.1327893175074184,0.04371184371184371,201408ddyw.tif,201508ddyw.tif
116,55,2209,5708,14248,0.3870007007708479,0.12447174170282302,201408ddyw.tif,201508ddyw.tif
121,63,1204,7829,6124,0.19660352710646636,0.0944387795121186,201408ddyw.tif,201508ddyw.tif
125,64,886,4469,8112,0.19825464309688967,0.07575887131252672,201408ddyw.tif,201508ddyw.tif
128,70,1013,2870,6504,0.3529616724738676,0.12115775624925249,201408ddyw.tif,201508ddyw.tif
138,87,14780,24836,31884,0.5951038814623933,0.3524082021936099,201408ddyw.tif,201508ddyw.tif
140,94,224,322,4878,0.6956521739130435,0.04501607717041801,201408ddyw.tif,201508ddyw.tif
142,97,785,858,5989,0.914918414918415,0.12949521610029693,201408ddyw.tif,201508ddyw.tif
148,96,3999,10452,12722,0.38260619977037885,0.20855280312907432,201408ddyw.tif,201508ddyw.tif
150,107,78,245,5742,0.3183673469387755,0.013200203080047386,201408ddyw.tif,201508ddyw.tif
151,100,1210,4969,10444,0.2435097605151942,0.08519326902767022,201408ddyw.tif,201508ddyw.tif
152,101,86,2313,6172,0.03718115002161695,0.010239314204071913,201408ddyw.tif,201508ddyw.tif
154,104,176,4046,3906,0.04505888376856119,0.02263374485596708,201408ddyw.tif,201508ddyw.tif
158,108,148,3440,6616,0.04302325581395349,0.014937424303593056,201408ddyw.tif,201508ddyw.tif
159,122,2031,2343,7712,0.8668373879641486,0.25311565304087735,201408ddyw.tif,201508ddyw.tif
161,116,3206,7241,14565,0.4427565253418036,0.17236559139784946,201408ddyw.tif,201508ddyw.tif
162,148,400,24780,4328,0.09242144177449169,0.013933398355858995,201408ddyw.tif,201508ddyw.tif
166,134,1520,1548,3732,0.9819121447028424,0.40425531914893614,201408ddyw.tif,201508ddyw.tif
167,133,11294,11357,19012,0.9944527604120806,0.592083879423329,201408ddyw.tif,201508ddyw.tif
168,137,14365,14412,30560,0.9967388287538163,0.46933707975299765,201408ddyw.tif,201508ddyw.tif
173,138,2782,4533,9306,0.613721597176263,0.25160531789816404,201408ddyw.tif,201508ddyw.tif
176,146,207,292,4478,0.708904109589041,0.045364891518737675,201408ddyw.tif,201508ddyw.tif
178,148,379,2123,4328,0.1785209609043806,0.06241765480895916,201408ddyw.tif,201508ddyw.tif
180,149,1520,3063,7664,0.4962455109369899,0.1650917779950038,201408ddyw.tif,201508ddyw.tif
188,160,137,161,4011,0.8509316770186336,0.03395291201982652,201408ddyw.tif,201508ddyw.tif
189,158,732,2270,5621,0.3224669603524229,0.10224891744657075,201408ddyw.tif,201508ddyw.tif
192,163,1759,3093,8138,0.5687035240866473,0.18570523648648649,201408ddyw.tif,201508ddyw.tif
197,172,76,2788,5340,0.027259684361549498,0.009438648782911079,201408ddyw.tif,201508ddyw.tif
200,175,1046,3177,6741,0.329241422725842,0.1178990081154193,201408ddyw.tif,201508ddyw.tif
202,188,346,399,5658,0.8671679197994987,0.0605848362808615,201408ddyw.tif,201508ddyw.tif
204,185,148,148,4974,1.0,0.029754724567752314,201408ddyw.tif,201508ddyw.tif
205,181,191,2697,3810,0.07081942899517983,0.030240658644711843,201408ddyw.tif,201508ddyw.tif
209,202,98,266,5944,0.3684210526315789,0.016034031413612565,201408ddyw.tif,201508ddyw.tif
210,197,3,1189,2664,0.002523128679562658,0.0007792207792207792,201408ddyw.tif,201508ddyw.tif
220,234,482,1850,8683,0.26054054054054054,0.04795542732066461,201408ddyw.tif,201508ddyw.tif
224,223,5218,9087,16466,0.574226917574557,0.25660191787558395,201408ddyw.tif,201508ddyw.tif
225,226,426,426,6843,1.0,0.06225339763261727,201408ddyw.tif,201508ddyw.tif
227,230,2077,2826,5063,0.7349610757254069,0.35736407432897455,201408ddyw.tif,201508ddyw.tif
230,235,10850,11639,21114,0.9322106710198471,0.49536593160754233,201408ddyw.tif,201508ddyw.tif
235,242,1866,2068,6525,0.902321083172147,0.2773896239036718,201408ddyw.tif,201508ddyw.tif
236,243,3633,3633,8714,1.0,0.41691530869864585,201408ddyw.tif,201508ddyw.tif
241,248,966,2387,6446,0.4046920821114369,0.12279140714376509,201408ddyw.tif,201508ddyw.tif
243,251,1449,2463,9696,0.5883069427527405,0.13529411764705881,201408ddyw.tif,201508ddyw.tif
244,255,2759,3020,6753,0.9135761589403973,0.39335614485315085,201408ddyw.tif,201508ddyw.tif
245,252,2321,5178,12030,0.44824256469679413,0.15590783905420838,201408ddyw.tif,201508ddyw.tif
249,261,2868,4599,9776,0.6236138290932811,0.24923959329104023,201408ddyw.tif,201508ddyw.tif
251,263,304,1734,976,0.3114754098360656,0.12635078969243557,201408ddyw.tif,201508ddyw.tif
254,264,3317,3858,8539,0.8597719025401762,0.36530837004405287,201408ddyw.tif,201508ddyw.tif
258,272,2474,2474,6904,1.0,0.35834298957126304,201408ddyw.tif,201508ddyw.tif
259,274,268,1366,8794,0.19619326500732065,0.027092600080873434,201408ddyw.tif,201508ddyw.tif
263,274,2156,3950,8794,0.5458227848101266,0.20362674726105023,201408ddyw.tif,201508ddyw.tif
265,275,3124,3836,11019,0.8143899895724713,0.26630295797459724,201408ddyw.tif,201508ddyw.tif
266,283,1215,1798,8716,0.6757508342602893,0.13065921066781375,201408ddyw.tif,201508ddyw.tif
267,278,2632,2632,7755,1.0,0.3393939393939394,201408ddyw.tif,201508ddyw.tif
268,290,96,5193,8336,0.01848642403235124,0.007146579319586094,201408ddyw.tif,201508ddyw.tif
272,289,2579,3951,7984,0.6527461402176664,0.27565198802907226,201408ddyw.tif,201508ddyw.tif
273,290,2514,3823,8336,0.6575987444415381,0.26065318818040434,201408ddyw.tif,201508ddyw.tif
274,294,3788,3788,11370,1.0,0.33315743183817065,201408ddyw.tif,201508ddyw.tif
278,301,3117,4242,11388,0.7347949080622348,0.24910093502757133,201408ddyw.tif,201508ddyw.tif
279,306,1895,2289,5842,0.8278724333770205,0.30388069275176394,201408ddyw.tif,201508ddyw.tif
280,310,3778,5243,14880,0.720579820713332,0.2311410217191802,201408ddyw.tif,201508ddyw.tif
283,321,2539,2716,4817,0.9348306332842415,0.5084100921105327,201408ddyw.tif,201508ddyw.tif
284,322,71,5633,806,0.0880893300248139,0.011149497487437186,201408ddyw.tif,201508ddyw.tif
284,326,1599,5633,2377,0.6726966764829617,0.24941506785212916,201408ddyw.tif,201508ddyw.tif
288,328,5525,5525,18098,1.0,0.3052823516410653,201408ddyw.tif,201508ddyw.tif
297,340,640,2242,772,0.8290155440414507,0.2695871946082561,201408ddyw.tif,201508ddyw.tif
299,341,5033,5369,14242,0.9374185136897001,0.34524626148991633,201408ddyw.tif,201508ddyw.tif
304,347,3089,3089,9468,1.0,0.32625686523024927,201408ddyw.tif,201508ddyw.tif
305,353,286,13110,494,0.5789473684210527,0.021474695900285327,201408ddyw.tif,201508ddyw.tif
309,362,20,255,5248,0.0784313725490196,0.003647638154295094,201408ddyw.tif,201508ddyw.tif
324,377,12041,12916,19292,0.9322545679777021,0.5970645113303912,201408ddyw.tif,201508ddyw.tif
332,390,768,819,7351,0.9377289377289377,0.10375574169143474,201408ddyw.tif,201508ddyw.tif
340,393,1642,2020,6373,0.8128712871287128,0.24322322618871278,201408ddyw.tif,201508ddyw.tif
341,394,2780,2968,9589,0.9366576819407008,0.28434079983635063,201408ddyw.tif,201508ddyw.tif
345,398,4682,4682,13262,1.0,0.3530387573518323,201408ddyw.tif,201508ddyw.tif
346,402,4480,5475,11150,0.8182648401826484,0.3688760806916426,201408ddyw.tif,201508ddyw.tif
347,401,274,274,7204,1.0,0.038034425319267075,201408ddyw.tif,201508ddyw.tif
359,429,58,102,3986,0.5686274509803921,0.014392059553349877,201408ddyw.tif,201508ddyw.tif
361,437,6759,6823,17879,0.9906199618935952,0.3766928607256312,201408ddyw.tif,201508ddyw.tif
365,441,2424,2424,15586,1.0,0.15552418837418197,201408ddyw.tif,201508ddyw.tif
366,444,10521,10524,20574,0.999714937286203,0.5112990231812218,201408ddyw.tif,201508ddyw.tif
372,458,4309,5153,13107,0.8362119153890938,0.3088667479033761,201408ddyw.tif,201508ddyw.tif
375,468,5439,5690,13728,0.9558875219683656,0.3890836254381572,201408ddyw.tif,201508ddyw.tif
377,467,269,6473,5549,0.0484772030996576,0.022887773334467794,201408ddyw.tif,201508ddyw.tif
377,472,4105,6473,4912,0.8357084690553745,0.5638736263736264,201408ddyw.tif,201508ddyw.tif
378,471,4800,5139,17834,0.9340338587273789,0.2641281021295328,201408ddyw.tif,201508ddyw.tif
383,479,804,804,6693,1.0,0.1201255042581802,201408ddyw.tif,201508ddyw.tif
384,483,992,1828,4374,0.5426695842450766,0.19040307101727447,201408ddyw.tif,201508ddyw.tif
391,488,1221,1221,13541,1.0,0.0901705930138099,201408ddyw.tif,201508ddyw.tif
394,495,1407,1407,5230,1.0,0.26902485659655834,201408ddyw.tif,201508ddyw.tif
395,488,284,893,13541,0.3180291153415454,0.020070671378091872,201408ddyw.tif,201508ddyw.tif
398,506,1585,1593,6814,0.9949780288763339,0.23233655819407797,201408ddyw.tif,201508ddyw.tif
399,506,1039,5278,6814,0.19685486926866239,0.09400162851714466,201408ddyw.tif,201508ddyw.tif
400,512,374,716,3007,0.5223463687150838,0.1116751269035533,201408ddyw.tif,201508ddyw.tif
401,516,1796,2798,7388,0.6418870621872766,0.21406436233611442,201408ddyw.tif,201508ddyw.tif
411,556,2055,2055,8374,1.0,0.24540243611177454,201408ddyw.tif,201508ddyw.tif
428,571,741,1312,3699,0.5647865853658537,0.17353629976580795,201408ddyw.tif,201508ddyw.tif
430,575,2726,2726,9786,1.0,0.278561209891682,201408ddyw.tif,201508ddyw.tif
439,590,284,368,2912,0.7717391304347826,0.09479305740987984,201408ddyw.tif,201508ddyw.tif
446,599,361,361,6490,1.0,0.055624036979969184,201408ddyw.tif,201508ddyw.tif
448,602,312,316,6189,0.9873417721518988,0.0503794606814145,201408ddyw.tif,201508ddyw.tif
449,610,42,1487,5025,0.02824478816408877,0.006491499227202473,201408ddyw.tif,201508ddyw.tif
455,620,610,922,6033,0.6616052060737527,0.09613869188337273,201408ddyw.tif,201508ddyw.tif
465,634,4005,6009,9598,0.6665002496255616,0.3451991036028271,201408ddyw.tif,201508ddyw.tif
478,644,158,158,3068,1.0,0.051499348109517604,201408ddyw.tif,201508ddyw.tif
487,655,132,132,3226,1.0,0.04091754494730316,201408ddyw.tif,201508ddyw.tif
493,665,804,804,5715,1.0,0.14068241469816273,201408ddyw.tif,201508ddyw.tif
501,673,96,279,2205,0.34408602150537637,0.04020100502512563,201408ddyw.tif,201508ddyw.tif
503,669,128,1882,3701,0.06801275239107332,0.023464711274060496,201408ddyw.tif,201508ddyw.tif
511,684,281,329,4428,0.8541033434650456,0.0627792672028597,201408ddyw.tif,201508ddyw.tif
512,688,309,375,6752,0.824,0.045321208565561745,201408ddyw.tif,201508ddyw.tif
532,708,728,2453,4003,0.2967794537301264,0.1270949720670391,201408ddyw.tif,201508ddyw.tif
535,715,133,327,4660,0.40672782874617736,0.027400082406262877,201408ddyw.tif,201508ddyw.tif
537,717,256,256,3619,1.0,0.07073777286543244,201408ddyw.tif,201508ddyw.tif
566,756,140,1581,2887,0.08855154965211891,0.03234750462107209,201408ddyw.tif,201508ddyw.tif
567,757,36,2865,388,0.09278350515463918,0.011190550202051602,201408ddyw.tif,201508ddyw.tif
567,761,249,2865,249,1.0,0.08691099476439791,201408ddyw.tif,201508ddyw.tif
571,763,74,112,3988,0.6607142857142857,0.01838052657724789,201408ddyw.tif,201508ddyw.tif
578,765,2099,2920,5959,0.7188356164383561,0.30958702064896754,201408ddyw.tif,201508ddyw.tif
585,776,879,3943,1600,0.549375,0.1884648370497427,201408ddyw.tif,201508ddyw.tif
589,785,132,132,6811,1.0,0.019380414036118045,201408ddyw.tif,201508ddyw.tif
591,792,1064,2629,4421,0.40471662228984406,0.17774807885065153,201408ddyw.tif,201508ddyw.tif
604,812,476,476,8393,1.0,0.0567139282735613,201408ddyw.tif,201508ddyw.tif
614,817,1430,1430,7530,1.0,0.1899070385126162,201408ddyw.tif,201508ddyw.tif
617,820,497,497,8154,1.0,0.06095168015697817,201408ddyw.tif,201508ddyw.tif
619,823,840,840,4062,1.0,0.206794682422452,201408ddyw.tif,201508ddyw.tif
620,831,23,130,2820,0.17692307692307693,0.007857874957294158,201408ddyw.tif,201508ddyw.tif
621,830,1050,1260,10664,0.8333333333333334,0.09656060327386426,201408ddyw.tif,201508ddyw.tif
630,844,2521,2676,5671,0.9420777279521674,0.4327154136628905,201408ddyw.tif,201508ddyw.tif
633,850,156,406,1676,0.3842364532019704,0.08099688473520249,201408ddyw.tif,201508ddyw.tif
634,852,223,223,6046,1.0,0.03688389017532253,201408ddyw.tif,201508ddyw.tif
638,865,19,148,3768,0.12837837837837837,0.004875545291249679,201408ddyw.tif,201508ddyw.tif
639,868,9570,11894,21205,0.8046073650580124,0.4067321178120617,201408ddyw.tif,201508ddyw.tif
642,875,10273,10273,21185,1.0,0.48491857446306347,201408ddyw.tif,201508ddyw.tif
643,873,6438,7347,20419,0.8762760310330747,0.30185671417854465,201408ddyw.tif,201508ddyw.tif
644,884,319,319,4756,1.0,0.06707317073170732,201408ddyw.tif,201508ddyw.tif
646,887,2408,2408,9018,1.0,0.26702151253049455,201408ddyw.tif,201508ddyw.tif
649,896,3740,3740,11711,1.0,0.31935786867048077,201408ddyw.tif,201508ddyw.tif
651,907,4781,6589,14847,0.7256032781909243,0.28706094265986193,201408ddyw.tif,201508ddyw.tif
652,912,184,184,2545,1.0,0.07229862475442043,201408ddyw.tif,201508ddyw.tif
653,911,6255,6950,18266,0.9,0.32988766415273457,201408ddyw.tif,201508ddyw.tif
655,922,4519,4616,11580,0.9789861351819757,0.3870000856384345,201408ddyw.tif,201508ddyw.tif
656,929,6077,6077,16874,1.0,0.36013986013986016,201408ddyw.tif,201508ddyw.tif
665,958,1540,3414,6192,0.4510837727006444,0.1909248698239524,201408ddyw.tif,201508ddyw.tif
666,960,924,924,5794,1.0,0.15947531929582326,201408ddyw.tif,201508ddyw.tif
668,959,1908,2937,10199,0.6496424923391215,0.16993231207695048,201408ddyw.tif,201508ddyw.tif
669,962,849,1752,3420,0.4845890410958904,0.1963913948646773,201408ddyw.tif,201508ddyw.tif
673,977,50,412,3800,0.12135922330097088,0.012013455069678039,201408ddyw.tif,201508ddyw.tif
675,978,156,192,3459,0.8125,0.04463519313304721,201408ddyw.tif,201508ddyw.tif
676,986,116,255,2200,0.4549019607843137,0.04959384352287302,201408ddyw.tif,201508ddyw.tif
682,996,128,423,4411,0.30260047281323876,0.027199320016999574,201408ddyw.tif,201508ddyw.tif
684,999,4496,4496,14620,1.0,0.30752393980848153,201408ddyw.tif,201508ddyw.tif
686,1001,2469,3562,15376,0.6931499157776531,0.14991802780982452,201408ddyw.tif,201508ddyw.tif
687,1003,432,458,1849,0.9432314410480349,0.2304,201408ddyw.tif,201508ddyw.tif
696,1008,228,228,6509,1.0,0.03502842218466738,201408ddyw.tif,201508ddyw.tif
697,1007,1268,1296,7446,0.9783950617283951,0.16965480331816965,201408ddyw.tif,201508ddyw.tif
701,1010,111,111,15988,1.0,0.006942707030272705,201408ddyw.tif,201508ddyw.tif
705,1014,79,240,2405,0.32916666666666666,0.03078721745908028,201408ddyw.tif,201508ddyw.tif
706,1013,254,254,6250,1.0,0.04064,201408ddyw.tif,201508ddyw.tif
707,1016,300,300,3369,1.0,0.08904719501335707,201408ddyw.tif,201508ddyw.tif
709,1019,525,525,5192,1.0,0.10111710323574731,201408ddyw.tif,201508ddyw.tif
710,1022,225,432,1312,0.5208333333333334,0.14812376563528637,201408ddyw.tif,201508ddyw.tif
716,1023,294,294,7994,1.0,0.03677758318739054,201408ddyw.tif,201508ddyw.tif
739,1043,862,1018,7936,0.8467583497053045,0.10652496292634701,201408ddyw.tif,201508ddyw.tif
741,1042,3946,6501,16246,0.6069835409936932,0.2098824530610074,201408ddyw.tif,201508ddyw.tif
741,1046,210,6501,6146,0.03416856492027335,0.01688510090857924,201408ddyw.tif,201508ddyw.tif
746,1046,353,2527,6146,0.13969133359715077,0.04242788461538462,201408ddyw.tif,201508ddyw.tif
749,1048,6876,8748,12952,0.7860082304526749,0.46384241770102536,201408ddyw.tif,201508ddyw.tif
751,1049,908,2822,3718,0.32175761871013464,0.1612215909090909,201408ddyw.tif,201508ddyw.tif
752,1050,1,333,3550,0.003003003003003003,0.00025759917568263783,201408ddyw.tif,201508ddyw.tif
763,1064,118,149,4000,0.7919463087248322,0.02927313321756388,201408ddyw.tif,201508ddyw.tif
770,1066,1401,3106,11229,0.4510624597553123,0.1083191588062471,201408ddyw.tif,201508ddyw.tif
50,11,3,4490,1331,0.002253944402704733,0.0005156411137848057,201508ddyw.tif,20151017sp.tif
51,14,81,2801,2798,0.028949249463902788,0.014679231605654222,201508ddyw.tif,20151017sp.tif
55,15,2828,14248,8380,0.33747016706443916,0.14282828282828283,201508ddyw.tif,20151017sp.tif
56,10,129,170,15485,0.7588235294117647,0.008308643565631843,201508ddyw.tif,20151017sp.tif
59,17,2,1807,204,0.00980392156862745,0.0009955201592832255,201508ddyw.tif,20151017sp.tif
70,20,224,6504,2488,0.09003215434083602,0.025547445255474453,201508ddyw.tif,20151017sp.tif
73,21,48,3879,4184,0.01237432327919567,0.005988771054273237,201508ddyw.tif,20151017sp.tif
81,24,169,3501,3972,0.048271922307912024,0.02313800657174151,201508ddyw.tif,20151017sp.tif
87,33,7808,31884,10892,0.7168564083731179,0.22328986501944634,201508ddyw.tif,20151017sp.tif
94,34,1609,4878,3297,0.4880194115862906,0.24505025890953397,201508ddyw.tif,20151017sp.tif
96,35,6330,12722,14655,0.4975632762144317,0.3007554520834323,201508ddyw.tif,20151017sp.tif
100,37,606,10444,6467,0.0937065099737127,0.03716651333946642,201508ddyw.tif,20151017sp.tif
101,37,458,6172,6467,0.07420609202851587,0.03759954026762991,201508ddyw.tif,20151017sp.tif
108,38,734,6616,2496,0.29407051282051283,0.08761040821198376,201508ddyw.tif,20151017sp.tif
114,41,32,4188,816,0.0392156862745098,0.006436041834271922,201508ddyw.tif,20151017sp.tif
116,43,7670,14565,13062,0.587199510029092,0.3843263015483289,201508ddyw.tif,20151017sp.tif
122,44,2210,7712,6976,0.3168004587155963,0.1771117166212534,201508ddyw.tif,20151017sp.tif
124,46,7,2226,2209,0.003168854685377999,0.0015808491418247517,201508ddyw.tif,20151017sp.tif
130,49,917,3003,2779,0.32997481108312343,0.1884892086330935,201508ddyw.tif,20151017sp.tif
131,50,413,3021,2274,0.18161829375549693,0.08459647685374846,201508ddyw.tif,20151017sp.tif
132,51,289,1609,558,0.517921146953405,0.1538871139510117,201508ddyw.tif,20151017sp.tif
133,52,14124,19012,17244,0.8190675017397355,0.6381709741550696,201508ddyw.tif,20151017sp.tif
138,54,292,9306,1984,0.14717741935483872,0.026550281869430807,201508ddyw.tif,20151017sp.tif
141,53,61,2095,1441,0.04233171408743928,0.017553956834532373,201508ddyw.tif,20151017sp.tif
146,55,699,4478,2352,0.2971938775510204,0.11401076496493232,201508ddyw.tif,20151017sp.tif
151,57,1285,4295,3384,0.37972813238770686,0.2009696590553644,201508ddyw.tif,20151017sp.tif
159,66,334,4380,1140,0.2929824561403509,0.06440416505977632,201508ddyw.tif,20151017sp.tif
160,60,644,4011,3393,0.18980253463012084,0.09526627218934912,201508ddyw.tif,20151017sp.tif
163,63,3271,8138,8572,0.401941508970263,0.24339608601830492,201508ddyw.tif,20151017sp.tif
164,61,1144,5101,4128,0.2771317829457364,0.1414965986394558,201508ddyw.tif,20151017sp.tif
168,64,633,4244,3695,0.17131258457374832,0.08664111689022722,201508ddyw.tif,20151017sp.tif
169,62,260,2056,1655,0.15709969788519637,0.0753404810199942,201508ddyw.tif,20151017sp.tif
169,67,530,2056,2564,0.25778210116731515,0.1295843520782396,201508ddyw.tif,20151017sp.tif
174,67,484,3078,2564,0.18876755070202808,0.09383481969755719,201508ddyw.tif,20151017sp.tif
175,68,765,6741,5574,0.1372443487621098,0.06623376623376623,201508ddyw.tif,20151017sp.tif
181,68,50,3810,5574,0.013123359580052493,0.005356760231412042,201508ddyw.tif,20151017sp.tif
184,73,302,2338,2290,0.13187772925764193,0.06981044845122515,201508ddyw.tif,20151017sp.tif
185,76,93,4974,4240,0.021933962264150942,0.01019625041113913,201508ddyw.tif,20151017sp.tif
188,76,462,5658,4240,0.1089622641509434,0.04896142433234421,201508ddyw.tif,20151017sp.tif
189,81,77,4651,682,0.11290322580645161,0.014649923896499238,201508ddyw.tif,20151017sp.tif
192,78,1077,4805,4118,0.261534725594949,0.13726739739994903,201508ddyw.tif,20151017sp.tif
202,84,1206,5944,5607,0.21508828250401285,0.11657805703238279,201508ddyw.tif,20151017sp.tif
209,87,361,361,14740,1.0,0.024491180461329715,201508ddyw.tif,20151017sp.tif
214,90,41,4048,3975,0.010314465408805032,0.005136557253821098,201508ddyw.tif,20151017sp.tif
223,94,6374,16466,16013,0.3980515830887404,0.24416778394943497,201508ddyw.tif,20151017sp.tif
226,95,1636,6843,6087,0.26876950878922296,0.14485567557995396,201508ddyw.tif,20151017sp.tif
228,97,204,3534,3028,0.06737120211360634,0.03208556149732621,201508ddyw.tif,20151017sp.tif
229,96,223,3947,2686,0.08302308265078183,0.03478939157566303,201508ddyw.tif,20151017sp.tif
230,99,2506,5063,7581,0.49496346039897293,0.2471887946340501,201508ddyw.tif,20151017sp.tif
232,100,50,2568,2657,0.019470404984423675,0.00966183574879227,201508ddyw.tif,20151017sp.tif
235,102,14255,21114,18752,0.7601855802047781,0.5565967748233182,201508ddyw.tif,20151017sp.tif
241,106,219,3110,3959,0.07041800643086817,0.03197080291970803,201508ddyw.tif,20151017sp.tif
242,107,1394,6525,5526,0.2522620340209917,0.1308060429764474,201508ddyw.tif,20151017sp.tif
243,107,2,8714,5526,0.0003619254433586681,0.00014046916701783958,201508ddyw.tif,20151017sp.tif
243,108,2396,8714,6098,0.39291571006887505,0.19297680412371135,201508ddyw.tif,20151017sp.tif
247,109,191,3791,3228,0.05916976456009913,0.027973052138254247,201508ddyw.tif,20151017sp.tif
255,119,2182,6753,3336,0.6540767386091128,0.27595801188820035,201508ddyw.tif,20151017sp.tif
256,114,8,2947,2318,0.003451251078515962,0.0015217804831653035,201508ddyw.tif,20151017sp.tif
257,116,648,3582,1971,0.3287671232876712,0.13211009174311927,201508ddyw.tif,20151017sp.tif
267,122,546,4328,3336,0.16366906474820145,0.07670694015172802,201508ddyw.tif,20151017sp.tif
275,126,4165,11019,10421,0.399673735725938,0.2410998552821997,201508ddyw.tif,20151017sp.tif
277,127,13,1919,1094,0.011882998171846435,0.004333333333333333,201508ddyw.tif,20151017sp.tif
282,128,88,3086,3402,0.028515878159429683,0.01375,201508ddyw.tif,20151017sp.tif
283,130,3858,8716,8326,0.46336776363199617,0.292627427184466,201508ddyw.tif,20151017sp.tif
292,135,226,3238,2891,0.07817364233829124,0.038285617482635946,201508ddyw.tif,20151017sp.tif
293,142,241,1657,928,0.25969827586206895,0.10281569965870307,201508ddyw.tif,20151017sp.tif
294,141,808,11370,1522,0.5308804204993429,0.06686527639854353,201508ddyw.tif,20151017sp.tif
298,142,309,2777,928,0.3329741379310345,0.09098939929328621,201508ddyw.tif,20151017sp.tif
300,144,122,2120,1913,0.06377417668583377,0.03119406801329583,201508ddyw.tif,20151017sp.tif
301,145,2764,11388,7992,0.3458458458458458,0.16634569090033702,201508ddyw.tif,20151017sp.tif
309,146,188,5429,1871,0.10048102618920364,0.026434195725534307,201508ddyw.tif,20151017sp.tif
314,153,11,1277,1218,0.0090311986863711,0.004428341384863124,201508ddyw.tif,20151017sp.tif
326,156,1552,2377,10868,0.652923853596971,0.13272898315231335,201508ddyw.tif,20151017sp.tif
333,160,364,2432,2146,0.16961789375582478,0.08637873754152824,201508ddyw.tif,20151017sp.tif
336,161,1154,3558,4362,0.3243395165823496,0.17055867573159916,201508ddyw.tif,20151017sp.tif
346,167,99,2150,1847,0.05360043313481321,0.02539763981528989,201508ddyw.tif,20151017sp.tif
347,171,3204,9468,3394,0.9440188568061285,0.3317457030441085,201508ddyw.tif,20151017sp.tif
349,168,49,3946,5092,0.012417638114546376,0.0054511069084436535,201508ddyw.tif,20151017sp.tif
355,172,90,2018,1503,0.059880239520958084,0.026231419411250366,201508ddyw.tif,20151017sp.tif
360,175,261,2301,2339,0.11342894393741851,0.059602649006622516,201508ddyw.tif,20151017sp.tif
362,176,1505,5248,4926,0.3055217214778725,0.1736071057792133,201508ddyw.tif,20151017sp.tif
373,184,55,1764,336,0.1636904761904762,0.02689486552567237,201508ddyw.tif,20151017sp.tif
375,183,427,2589,2831,0.1649285438393202,0.08551972761866614,201508ddyw.tif,20151017sp.tif
377,185,13836,19292,17804,0.7771287351157043,0.5948409286328461,201508ddyw.tif,20151017sp.tif
383,186,2339,5439,5276,0.4433282789992419,0.2792502387774594,201508ddyw.tif,20151017sp.tif
384,188,85,2597,2690,0.03273007316134001,0.016339869281045753,201508ddyw.tif,20151017sp.tif
386,189,467,2460,1657,0.28183464091732047,0.12794520547945207,201508ddyw.tif,20151017sp.tif
387,190,66,3162,1424,0.046348314606741575,0.014601769911504425,201508ddyw.tif,20151017sp.tif
392,193,439,3694,439,1.0,0.11884136437466161,201508ddyw.tif,20151017sp.tif
392,194,14,3694,5146,0.003789929615592853,0.0015862225243598459,201508ddyw.tif,20151017sp.tif
393,194,3259,6373,5146,0.6333074232413525,0.39455205811138017,201508ddyw.tif,20151017sp.tif
394,195,2140,9589,3439,0.6222739168362896,0.19654665686994857,201508ddyw.tif,20151017sp.tif
399,198,553,3934,2904,0.19042699724517906,0.08798727128082737,201508ddyw.tif,20151017sp.tif
401,199,320,7204,320,1.0,0.04441976679622432,201508ddyw.tif,20151017sp.tif
406,201,2264,4378,3809,0.5943817274875295,0.3822387303731217,201508ddyw.tif,20151017sp.tif
407,203,98,2291,2396,0.04277608031427324,0.021355415123120506,201508ddyw.tif,20151017sp.tif
408,208,3122,6224,5217,0.5984282154494921,0.3752854910445967,201508ddyw.tif,20151017sp.tif
410,206,739,2875,2686,0.27513030528667165,0.153255910410618,201508ddyw.tif,20151017sp.tif
411,205,204,2725,2842,0.07486238532110091,0.038038411336938284,201508ddyw.tif,20151017sp.tif
413,209,108,2810,1734,0.06228373702422145,0.024346257889990983,201508ddyw.tif,20151017sp.tif
421,212,1618,3987,3372,0.47983392645314354,0.2818324333739767,201508ddyw.tif,20151017sp.tif
422,213,1431,4611,3783,0.3782712133227597,0.2055148642826368,201508ddyw.tif,20151017sp.tif
423,214,101,2141,1368,0.07383040935672515,0.029636150234741785,201508ddyw.tif,20151017sp.tif
424,215,112,1893,1235,0.09068825910931175,0.03713527851458886,201508ddyw.tif,20151017sp.tif
427,218,154,2897,1753,0.08784940102681119,0.03425266903914591,201508ddyw.tif,20151017sp.tif
432,224,709,4810,1440,0.49236111111111114,0.12795524273596823,201508ddyw.tif,20151017sp.tif
435,225,232,3456,1030,0.22524271844660193,0.05453690644099671,201508ddyw.tif,20151017sp.tif
438,221,6,2144,2427,0.002798507462686567,0.0013143483023001095,201508ddyw.tif,20151017sp.tif
440,227,244,4604,1775,0.13746478873239437,0.039771801140994295,201508ddyw.tif,20151017sp.tif
442,223,48,3448,1218,0.03940886699507389,0.01039411000433088,201508ddyw.tif,20151017sp.tif
443,226,1350,2524,2007,0.672645739910314,0.42439484438855707,201508ddyw.tif,20151017sp.tif
446,229,83,1162,225,0.3688888888888889,0.06365030674846625,201508ddyw.tif,20151017sp.tif
447,228,797,3234,2451,0.3251733986128111,0.16305237315875615,201508ddyw.tif,20151017sp.tif
451,234,1752,5485,2596,0.674884437596302,0.27682098277769,201508ddyw.tif,20151017sp.tif
452,235,272,2997,2734,0.09948792977322604,0.04982597545337974,201508ddyw.tif,20151017sp.tif
457,237,1070,2320,6302,0.46120689655172414,0.1416843220338983,201508ddyw.tif,20151017sp.tif
458,238,9992,13107,11837,0.8441328039199122,0.6682718031032637,201508ddyw.tif,20151017sp.tif
459,239,616,4093,3914,0.15738375063873275,0.0833446083074009,201508ddyw.tif,20151017sp.tif
461,237,336,336,6302,1.0,0.053316407489685816,201508ddyw.tif,20151017sp.tif
463,242,126,4719,1232,0.10227272727272728,0.02163090128755365,201508ddyw.tif,20151017sp.tif
465,241,279,1835,851,0.32784958871915393,0.11591192355629414,201508ddyw.tif,20151017sp.tif
467,243,5015,5549,21908,0.9037664444043972,0.22346493182425808,201508ddyw.tif,20151017sp.tif
468,245,6973,13728,9980,0.6986973947895792,0.41667164625037345,201508ddyw.tif,20151017sp.tif
471,244,8969,17834,18774,0.5029157788493888,0.32450522811968596,201508ddyw.tif,20151017sp.tif
472,243,4256,4912,21908,0.8664495114006515,0.18861903917745082,201508ddyw.tif,20151017sp.tif
479,248,2866,6693,6781,0.42820857612430896,0.2701734539969834,201508ddyw.tif,20151017sp.tif
485,249,220,3372,2236,0.09838998211091235,0.04083147735708983,201508ddyw.tif,20151017sp.tif
491,253,1682,4638,4326,0.3888118354137772,0.23098049986267508,201508ddyw.tif,20151017sp.tif
494,254,499,4417,4397,0.11348646804639527,0.06001202645820806,201508ddyw.tif,20151017sp.tif
494,259,234,4417,4550,0.05297713380122255,0.02679491583648231,201508ddyw.tif,20151017sp.tif
495,257,2612,5230,4875,0.5357948717948718,0.34859201921793675,201508ddyw.tif,20151017sp.tif
496,256,51,1732,924,0.05519480519480519,0.019577735124760076,201508ddyw.tif,20151017sp.tif
501,259,420,4014,4550,0.10463378176382661,0.05157170923379175,201508ddyw.tif,20151017sp.tif
504,260,561,3317,845,0.663905325443787,0.15579005831713413,201508ddyw.tif,20151017sp.tif
506,267,205,6814,205,1.0,0.03008511887290872,201508ddyw.tif,20151017sp.tif
506,269,40,6814,2882,0.013879250520471894,0.004142502071251036,201508ddyw.tif,20151017sp.tif
507,262,124,3430,3342,0.03710353081986834,0.01865222623345367,201508ddyw.tif,20151017sp.tif
508,263,99,2136,1761,0.056218057921635436,0.026066350710900472,201508ddyw.tif,20151017sp.tif
509,266,231,3401,728,0.3173076923076923,0.05926115956900975,201508ddyw.tif,20151017sp.tif
514,272,15,1430,1797,0.01048951048951049,0.004669987546699875,201508ddyw.tif,20151017sp.tif
515,273,261,1264,3200,0.2064873417721519,0.06209850107066381,201508ddyw.tif,20151017sp.tif
517,273,606,3743,3200,0.189375,0.09562884645731419,201508ddyw.tif,20151017sp.tif
518,274,740,2683,2543,0.2909948879276445,0.16495764600980828,201508ddyw.tif,20151017sp.tif
520,276,1278,3341,2921,0.437521396781924,0.25642054574638845,201508ddyw.tif,20151017sp.tif
521,278,2322,4270,4410,0.5437939110070258,0.3652091852783894,201508ddyw.tif,20151017sp.tif
522,279,26,1515,1452,0.01790633608815427,0.00884053043182591,201508ddyw.tif,20151017sp.tif
524,280,431,1870,2243,0.23048128342245988,0.11705594785442694,201508ddyw.tif,20151017sp.tif
527,281,522,2510,2629,0.20796812749003984,0.11306042884990253,201508ddyw.tif,20151017sp.tif
529,283,405,2473,1212,0.3341584158415842,0.12347560975609756,201508ddyw.tif,20151017sp.tif
531,286,79,2419,1093,0.07227813357731015,0.023011942907078357,201508ddyw.tif,20151017sp.tif
533,285,210,2032,1974,0.10638297872340426,0.05532139093782929,201508ddyw.tif,20151017sp.tif
534,288,1001,2301,3133,0.4350282485875706,0.22580645161290322,201508ddyw.tif,20151017sp.tif
535,289,1754,4559,4881,0.3847334941873218,0.22820712984647412,201508ddyw.tif,20151017sp.tif
536,291,2,5446,101,0.019801980198019802,0.0003606853020739405,201508ddyw.tif,20151017sp.tif
536,294,31,5446,104,0.2980769230769231,0.005616959594129371,201508ddyw.tif,20151017sp.tif
536,296,198,5446,336,0.5892857142857143,0.035458452722063036,201508ddyw.tif,20151017sp.tif
542,293,10,1999,1597,0.006261740763932373,0.002788622420524261,201508ddyw.tif,20151017sp.tif
544,295,2928,5657,5567,0.5259565295491287,0.35294117647058826,201508ddyw.tif,20151017sp.tif
545,298,906,3859,3704,0.24460043196544276,0.13609734114465977,201508ddyw.tif,20151017sp.tif
547,297,821,2429,2709,0.3379991766158913,0.1901783646050498,201508ddyw.tif,20151017sp.tif
551,301,37,6933,3658,0.010114816839803172,0.0035057797991282927,201508ddyw.tif,20151017sp.tif
554,300,600,2998,2336,0.2568493150684932,0.1267427122940431,201508ddyw.tif,20151017sp.tif
555,301,388,3974,3658,0.1060688901038819,0.053561568194367755,201508ddyw.tif,20151017sp.tif
556,302,5548,8374,8856,0.6625268688798662,0.4749186783085088,201508ddyw.tif,20151017sp.tif
561,304,17,1900,125,0.136,0.00846613545816733,201508ddyw.tif,20151017sp.tif
569,305,227,2264,1978,0.1147623862487361,0.05653798256537983,201508ddyw.tif,20151017sp.tif
571,308,250,3699,3703,0.06758583400919167,0.03495525727069351,201508ddyw.tif,20151017sp.tif
572,307,47,1423,750,0.06266666666666666,0.022107243650047036,201508ddyw.tif,20151017sp.tif
574,309,72,1298,1022,0.07045009784735812,0.03202846975088968,201508ddyw.tif,20151017sp.tif
577,310,13,2722,2730,0.004775900073475386,0.0023901452472881043,201508ddyw.tif,20151017sp.tif
578,312,180,2623,2395,0.07515657620041753,0.037205456800330716,201508ddyw.tif,20151017sp.tif
583,315,544,3954,1284,0.4236760124610592,0.11589262888794205,201508ddyw.tif,20151017sp.tif
584,316,2036,5978,4160,0.4894230769230769,0.2512959763021476,201508ddyw.tif,20151017sp.tif
591,318,359,2125,1880,0.19095744680851065,0.09846407021393308,201508ddyw.tif,20151017sp.tif
598,320,196,2922,1654,0.1185006045949214,0.04474885844748858,201508ddyw.tif,20151017sp.tif
599,321,4176,6490,5794,0.720745598895409,0.5150468672915639,201508ddyw.tif,20151017sp.tif
601,322,184,3643,3393,0.054229295608605954,0.026853473438412143,201508ddyw.tif,20151017sp.tif
603,323,185,1856,2057,0.09967672413793104,0.0496244635193133,201508ddyw.tif,20151017sp.tif
606,329,131,2806,336,0.3898809523809524,0.04350714048488874,201508ddyw.tif,20151017sp.tif
617,331,141,3474,3927,0.04058721934369603,0.019421487603305785,201508ddyw.tif,20151017sp.tif
618,332,523,2778,2631,0.19878373242113265,0.10704052394596807,201508ddyw.tif,20151017sp.tif
619,334,2092,5778,4820,0.4340248962655602,0.24594403950152832,201508ddyw.tif,20151017sp.tif
625,336,1352,2768,2992,0.4884393063583815,0.30671506352087113,201508ddyw.tif,20151017sp.tif
626,338,2,4699,316,0.006329113924050633,0.00039896269698783165,201508ddyw.tif,20151017sp.tif
628,337,212,2379,2110,0.1004739336492891,0.04956745382277297,201508ddyw.tif,20151017sp.tif
630,340,127,4717,275,0.4618181818181818,0.026104830421377186,201508ddyw.tif,20151017sp.tif
632,339,2116,3108,3020,0.7006622516556291,0.5274177467597209,201508ddyw.tif,20151017sp.tif
636,342,1723,3369,2941,0.5858551513090785,0.37562677131022454,201508ddyw.tif,20151017sp.tif
640,344,26,1509,1285,0.020233463035019456,0.00939306358381503,201508ddyw.tif,20151017sp.tif
644,345,72,3068,2217,0.03247631935047361,0.013811624784193363,201508ddyw.tif,20151017sp.tif
649,347,150,1899,1294,0.11591962905718702,0.04929346040092014,201508ddyw.tif,20151017sp.tif
650,349,435,1872,796,0.5464824120603015,0.19480519480519481,201508ddyw.tif,20151017sp.tif
651,348,1831,2979,2991,0.6146357838200739,0.4423773858419908,201508ddyw.tif,20151017sp.tif
653,350,200,2725,2455,0.0814663951120163,0.040160642570281124,201508ddyw.tif,20151017sp.tif
655,351,471,3226,480,0.98125,0.1455950540958269,201508ddyw.tif,20151017sp.tif
657,352,8958,26220,20930,0.42799808886765406,0.23455173858399664,201508ddyw.tif,20151017sp.tif
661,356,812,1873,1493,0.5438713998660415,0.3179326546593579,201508ddyw.tif,20151017sp.tif
665,358,1656,5715,5348,0.30964846671652957,0.17603911980440098,201508ddyw.tif,20151017sp.tif
668,361,20,1543,1311,0.015255530129672006,0.007057163020465773,201508ddyw.tif,20151017sp.tif
671,364,347,3648,1468,0.23637602179836512,0.07276158523799539,201508ddyw.tif,20151017sp.tif
672,363,676,1627,1232,0.5487012987012987,0.309665597801191,201508ddyw.tif,20151017sp.tif
688,366,2838,6752,4904,0.5787112561174551,0.3218416874574733,201508ddyw.tif,20151017sp.tif
692,367,291,2638,1672,0.17404306220095694,0.0724060711619806,201508ddyw.tif,20151017sp.tif
704,368,124,2186,2652,0.056724611161939616,0.026304624522698345,201508ddyw.tif,20151017sp.tif
709,369,45,1575,1089,0.04132231404958678,0.01718213058419244,201508ddyw.tif,20151017sp.tif
711,370,168,4013,720,0.23333333333333334,0.036801752464403065,201508ddyw.tif,20151017sp.tif
712,372,106,2455,1361,0.07788390889052167,0.02857142857142857,201508ddyw.tif,20151017sp.tif
713,371,2042,3914,3264,0.6256127450980392,0.39758566978193144,201508ddyw.tif,20151017sp.tif
719,374,121,3643,2741,0.044144472820138635,0.019319814785246688,201508ddyw.tif,20151017sp.tif
731,376,160,2167,267,0.599250936329588,0.07036059806508356,201508ddyw.tif,20151017sp.tif
750,379,264,2377,615,0.4292682926829268,0.0967741935483871,201508ddyw.tif,20151017sp.tif
752,380,168,2842,236,0.711864406779661,0.0577319587628866,201508ddyw.tif,20151017sp.tif
780,388,2593,4866,5390,0.5328812166050144,0.33837922484666577,201508ddyw.tif,20151017sp.tif
786,389,431,2763,2303,0.187147199305254,0.0929881337648328,201508ddyw.tif,20151017sp.tif
790,391,675,3117,2156,0.31307977736549164,0.1468029578077425,201508ddyw.tif,20151017sp.tif
804,392,1552,5952,1552,1.0,0.260752688172043,201508ddyw.tif,20151017sp.tif
809,393,591,2911,1434,0.4121338912133891,0.15743207245604687,201508ddyw.tif,20151017sp.tif
810,394,290,2252,1530,0.1895424836601307,0.08304696449026346,201508ddyw.tif,20151017sp.tif
817,395,3915,7530,7276,0.5380703683342496,0.3594711229455514,201508ddyw.tif,20151017sp.tif
818,396,745,2477,1070,0.6962616822429907,0.2658815132048537,201508ddyw.tif,20151017sp.tif
821,398,769,2911,2093,0.36741519350215,0.18158205430932703,201508ddyw.tif,20151017sp.tif
822,397,444,2151,701,0.6333808844507846,0.18438538205980065,201508ddyw.tif,20151017sp.tif
827,399,1285,3794,4105,0.3386926726410121,0.1942848503175083,201508ddyw.tif,20151017sp.tif
831,402,74,2820,4606,0.02624113475177305,0.010065288356909684,201508ddyw.tif,20151017sp.tif
839,403,623,2234,2466,0.27887197851387646,0.1528084375766495,201508ddyw.tif,20151017sp.tif
841,404,2463,5105,3941,0.6249682821618878,0.37414552635576487,201508ddyw.tif,20151017sp.tif
842,406,76,3765,823,0.09234507897934387,0.016843971631205674,201508ddyw.tif,20151017sp.tif
844,407,1592,5671,5668,0.28087508821453777,0.1633323073766287,201508ddyw.tif,20151017sp.tif
847,410,606,3951,1151,0.526498696785404,0.1347864768683274,201508ddyw.tif,20151017sp.tif
855,415,862,4915,5844,0.17538148524923702,0.08709710013135294,201508ddyw.tif,20151017sp.tif
857,416,1717,3937,4187,0.4361188722377445,0.2679881379740908,201508ddyw.tif,20151017sp.tif
858,417,845,5621,4640,0.18211206896551724,0.08974086661002549,201508ddyw.tif,20151017sp.tif
861,418,795,3104,3158,0.25612113402061853,0.14541796231937076,201508ddyw.tif,20151017sp.tif
866,420,941,3768,2162,0.43524514338575393,0.188614952896372,201508ddyw.tif,20151017sp.tif
869,423,4,1288,108,0.037037037037037035,0.0028735632183908046,201508ddyw.tif,20151017sp.tif
872,425,571,2520,2363,0.24164198053322047,0.13242115027829313,201508ddyw.tif,20151017sp.tif
873,427,11373,20419,19726,0.5765487174287742,0.3952801334630891,201508ddyw.tif,20151017sp.tif
875,428,16731,21185,20211,0.827816535549948,0.6783296168660045,201508ddyw.tif,20151017sp.tif
878,429,1379,4536,2383,0.5786823331934536,0.24891696750902528,201508ddyw.tif,20151017sp.tif
879,430,17,1495,1065,0.01596244131455399,0.006685017695635077,201508ddyw.tif,20151017sp.tif
885,431,186,2545,1873,0.0993059263214095,0.04395085066162571,201508ddyw.tif,20151017sp.tif
887,434,3938,9018,4240,0.9287735849056604,0.4225321888412017,201508ddyw.tif,20151017sp.tif
889,433,1,2384,1665,0.0006006006006006006,0.00024703557312252963,201508ddyw.tif,20151017sp.tif
894,437,1752,3117,2949,0.5940996948118006,0.40611961057023643,201508ddyw.tif,20151017sp.tif
896,438,9081,11711,10538,0.8617384702979692,0.6896263669501823,201508ddyw.tif,20151017sp.tif
898,439,879,2519,1633,0.5382731169626455,0.2685609532538955,201508ddyw.tif,20151017sp.tif
902,441,1335,2412,1600,0.834375,0.4986925663055659,201508ddyw.tif,20151017sp.tif
903,442,1018,3802,2058,0.4946550048590865,0.21024370095002065,201508ddyw.tif,20151017sp.tif
906,443,2618,3634,3792,0.7204182718767199,0.5445091514143094,201508ddyw.tif,20151017sp.tif
907,444,5796,14847,13692,0.4233128834355828,0.2548476454293629,201508ddyw.tif,20151017sp.tif
909,445,2958,5125,3612,0.8189368770764119,0.5118532618100017,201508ddyw.tif,20151017sp.tif
911,446,9542,18266,16567,0.575964266312549,0.37728836344944844,201508ddyw.tif,20151017sp.tif
912,448,7,2545,300,0.023333333333333334,0.0024665257223396757,201508ddyw.tif,20151017sp.tif
913,447,37,1498,1340,0.027611940298507463,0.013209568011424491,201508ddyw.tif,20151017sp.tif
914,450,3870,4324,4968,0.8950046253469011,0.7137587606049428,201508ddyw.tif,20151017sp.tif
921,452,903,3621,3796,0.24937862468931235,0.13862450107460852,201508ddyw.tif,20151017sp.tif
926,454,699,2174,1924,0.3633056133056133,0.205648720211827,201508ddyw.tif,20151017sp.tif
928,455,2462,3564,2736,0.8998538011695907,0.6414799374674309,201508ddyw.tif,20151017sp.tif
929,456,12130,16874,16091,0.7538375489404014,0.582193424526038,201508ddyw.tif,20151017sp.tif
930,457,1065,2853,1070,0.9953271028037384,0.3726382085374388,201508ddyw.tif,20151017sp.tif
932,459,2100,2685,3032,0.7821229050279329,0.5805916505391209,201508ddyw.tif,20151017sp.tif
936,460,3324,3819,3972,0.8703849175176748,0.7441235728676965,201508ddyw.tif,20151017sp.tif
937,461,279,2898,2965,0.09627329192546584,0.04996418338108882,201508ddyw.tif,20151017sp.tif
938,463,96,2634,2048,0.046875,0.020933275185346708,201508ddyw.tif,20151017sp.tif
939,462,402,1551,701,0.5734664764621968,0.2172972972972973,201508ddyw.tif,20151017sp.tif
940,464,174,2567,994,0.1750503018108652,0.05137289636846767,201508ddyw.tif,20151017sp.tif
941,465,2480,4708,4528,0.5477031802120141,0.36708111308466546,201508ddyw.tif,20151017sp.tif
943,466,431,2341,2235,0.19284116331096196,0.10398069963811822,201508ddyw.tif,20151017sp.tif
945,467,646,3459,3446,0.18746372605919906,0.10321137561910848,201508ddyw.tif,20151017sp.tif
946,468,2063,6359,6848,0.32442207894323005,0.18512203876525485,201508ddyw.tif,20151017sp.tif
948,469,442,2755,2043,0.21634850709740577,0.10146923783287419,201508ddyw.tif,20151017sp.tif
949,470,908,2431,1244,0.729903536977492,0.3281532345500542,201508ddyw.tif,20151017sp.tif
951,472,2117,3607,2284,0.9268826619964974,0.5609432962374139,201508ddyw.tif,20151017sp.tif
952,471,2750,4422,5509,0.6218905472636815,0.3829550201921738,201508ddyw.tif,20151017sp.tif
955,474,8745,12115,11083,0.7890462871063791,0.6050646924513942,201508ddyw.tif,20151017sp.tif
959,477,3409,10199,10108,0.33725761772853186,0.20173985086992544,201508ddyw.tif,20151017sp.tif
960,476,4763,5794,7576,0.8220573006558509,0.5533867782037876,201508ddyw.tif,20151017sp.tif
962,478,1432,3420,3088,0.4637305699481865,0.28211189913317575,201508ddyw.tif,20151017sp.tif
978,484,2052,3459,3308,0.6203143893591294,0.4352067868504772,201508ddyw.tif,20151017sp.tif
982,486,3577,4667,4896,0.7664452539104349,0.5975609756097561,201508ddyw.tif,20151017sp.tif
985,489,1762,2538,1864,0.9452789699570815,0.6674242424242425,201508ddyw.tif,20151017sp.tif
991,491,601,1279,727,0.8266850068775791,0.4277580071174377,201508ddyw.tif,20151017sp.tif
993,492,2,1421,848,0.0023584905660377358,0.000882223202470225,201508ddyw.tif,20151017sp.tif
997,494,2584,3098,2696,0.9584569732937686,0.8049844236760124,201508ddyw.tif,20151017sp.tif
998,495,1327,2232,2416,0.5945340501792115,0.39957844022884675,201508ddyw.tif,20151017sp.tif
1001,496,6500,15376,7940,0.818639798488665,0.38653663177925784,201508ddyw.tif,20151017sp.tif
1002,497,1737,2880,2151,0.8075313807531381,0.5273224043715847,201508ddyw.tif,20151017sp.tif
1003,498,933,1849,2415,0.5045970795024337,0.280096067247073,201508ddyw.tif,20151017sp.tif
1007,499,5285,7446,7693,0.7097770615095353,0.5363304241932211,201508ddyw.tif,20151017sp.tif
1008,500,2702,6509,5560,0.48597122302158274,0.28845948542756483,201508ddyw.tif,20151017sp.tif
1010,502,13564,15988,15120,0.897089947089947,0.7731418148654811,201508ddyw.tif,20151017sp.tif
1011,501,5680,10238,10436,0.5547958585661262,0.3788181939442444,201508ddyw.tif,20151017sp.tif
1013,503,2644,6250,3816,0.6928721174004193,0.356238210724872,201508ddyw.tif,20151017sp.tif
1016,504,35,3369,240,0.14583333333333334,0.009792949076664802,201508ddyw.tif,20151017sp.tif
1018,505,877,2519,1225,0.7159183673469388,0.3058946634112312,201508ddyw.tif,20151017sp.tif
1019,506,2684,5192,5019,0.5347678820482168,0.35658296798193173,201508ddyw.tif,20151017sp.tif
1020,507,5277,7446,8252,0.7087026591458501,0.5063813453603301,201508ddyw.tif,20151017sp.tif
1021,508,66,2297,418,0.15789473684210525,0.02491506228765572,201508ddyw.tif,20151017sp.tif
1022,509,1023,1312,1652,0.7797256097560976,0.527047913446677,201508ddyw.tif,20151017sp.tif
1023,510,3531,7994,8532,0.4417062797097823,0.27171989226625626,201508ddyw.tif,20151017sp.tif
1024,511,2884,4540,6168,0.6352422907488987,0.36860940695296524,201508ddyw.tif,20151017sp.tif
1026,513,2255,6046,5476,0.41179693206720236,0.24333657062695588,201508ddyw.tif,20151017sp.tif
1040,515,222,2406,2736,0.09226932668329177,0.045121951219512194,201508ddyw.tif,20151017sp.tif
1041,516,2737,7751,7316,0.37411153635866595,0.22197891321978913,201508ddyw.tif,20151017sp.tif
1042,517,11683,16246,14432,0.8095205099778271,0.6150565938404844,201508ddyw.tif,20151017sp.tif
1046,518,4021,6146,6099,0.6592884079357272,0.4889348249027237,201508ddyw.tif,20151017sp.tif
1050,519,539,3550,3391,0.15895016219404307,0.08419243986254296,201508ddyw.tif,20151017sp.tif
14,13,2000,2798,8017,0.7147962830593281,0.22688598979013047,20151017sp.tif,20160907.tif
20,16,1619,2488,14751,0.6507234726688103,0.10364916773367477,20151017sp.tif,20160907.tif
23,18,1776,2379,8314,0.7465321563682219,0.1991701244813278,20151017sp.tif,20160907.tif
24,19,3282,3972,10285,0.8262839879154078,0.29904328018223236,20151017sp.tif,20160907.tif
28,20,64,377,5570,0.16976127320954906,0.01087880333163352,20151017sp.tif,20160907.tif
33,22,10892,10892,50284,1.0,0.21660965714740274,20151017sp.tif,20160907.tif
37,25,93,6467,19840,0.01438070202566878,0.003547722590981918,20151017sp.tif,20160907.tif
39,30,1112,1372,7648,0.8104956268221575,0.1406170966110268,20151017sp.tif,20160907.tif
43,31,12434,13062,26070,0.9519216046547236,0.46572776987040226,20151017sp.tif,20160907.tif
63,41,7016,8572,18159,0.8184787680821278,0.3558711640882577,20151017sp.tif,20160907.tif
68,42,3037,5574,11343,0.5448510943667025,0.21880403458213257,20151017sp.tif,20160907.tif
74,44,1016,2219,6134,0.45786390265885535,0.13847621643723593,20151017sp.tif,20160907.tif
75,45,1069,1348,6041,0.793026706231454,0.16914556962025318,20151017sp.tif,20160907.tif
83,49,912,981,6967,0.9296636085626911,0.129619101762365,20151017sp.tif,20160907.tif
89,51,1756,2213,7710,0.7934929959331225,0.21501163217827843,20151017sp.tif,20160907.tif
92,52,1498,1886,7919,0.7942735949098622,0.1803298423016733,20151017sp.tif,20160907.tif
94,53,13697,16013,25777,0.8553675138949604,0.4875591784430285,20151017sp.tif,20160907.tif
103,54,2140,3082,7398,0.6943543153796237,0.2565947242206235,20151017sp.tif,20160907.tif
115,59,830,1383,6632,0.6001446131597975,0.11551844119693806,20151017sp.tif,20160907.tif
116,61,1897,1971,10292,0.9624556062912227,0.18300212232297897,20151017sp.tif,20160907.tif
122,63,3022,3336,10826,0.9058752997601919,0.27127468581687614,20151017sp.tif,20160907.tif
123,65,1497,1497,10516,1.0,0.14235450741726893,20151017sp.tif,20160907.tif
124,68,114,799,2436,0.14267834793491865,0.036526754245434154,20151017sp.tif,20160907.tif
125,69,2136,2357,9819,0.9062367416207043,0.21274900398406374,20151017sp.tif,20160907.tif
127,70,715,1094,4502,0.6535648994515539,0.14648637574267567,20151017sp.tif,20160907.tif
129,71,2244,2245,11186,0.999554565701559,0.20058997050147492,20151017sp.tif,20160907.tif
131,72,419,846,4019,0.49527186761229314,0.09424201529464687,20151017sp.tif,20160907.tif
141,73,1522,1522,22820,1.0,0.06669588080631025,20151017sp.tif,20160907.tif
144,74,1460,1913,6820,0.763199163617355,0.2007424721572941,20151017sp.tif,20160907.tif
156,77,9173,10868,21065,0.8440375414059624,0.40303163444639717,20151017sp.tif,20160907.tif
161,81,3756,4362,12222,0.8610729023383769,0.29279700654817586,20151017sp.tif,20160907.tif
167,85,1012,1847,5119,0.547915538711424,0.16996976822304333,20151017sp.tif,20160907.tif
169,87,942,1961,5506,0.48036715961244264,0.144367816091954,20151017sp.tif,20160907.tif
171,86,3394,3394,15858,1.0,0.21402446714592005,20151017sp.tif,20160907.tif
175,89,2034,2339,8933,0.8696023941855494,0.22017752760337736,20151017sp.tif,20160907.tif
176,91,4064,4926,13333,0.8250101502233049,0.28629799225079255,20151017sp.tif,20160907.tif
180,96,1045,1579,4973,0.661811272957568,0.18975848919556929,20151017sp.tif,20160907.tif
181,97,591,800,10320,0.73875,0.0561306866748979,20151017sp.tif,20160907.tif
183,98,2209,2831,7180,0.7802896503002472,0.28313253012048195,20151017sp.tif,20160907.tif
189,104,1657,1657,10019,1.0,0.16538576704261904,20151017sp.tif,20160907.tif
190,105,1323,1424,8662,0.9290730337078652,0.15097569325573434,20151017sp.tif,20160907.tif
195,107,3395,3439,17804,0.9872055830183193,0.19021739130434784,20151017sp.tif,20160907.tif
196,108,288,632,4435,0.45569620253164556,0.060263653483992465,20151017sp.tif,20160907.tif
197,109,176,316,6664,0.5569620253164557,0.02586713697824809,20151017sp.tif,20160907.tif
198,110,2482,2904,9890,0.8546831955922864,0.24069045771916214,20151017sp.tif,20160907.tif
200,111,740,1285,5832,0.5758754863813229,0.11604202603104909,20151017sp.tif,20160907.tif
203,114,1521,2396,7712,0.6348080133555927,0.17712821707231863,20151017sp.tif,20160907.tif
206,115,2043,2686,8788,0.7606105733432613,0.21662602057045913,20151017sp.tif,20160907.tif
207,116,430,1004,3905,0.42828685258964144,0.09600357222594329,20151017sp.tif,20160907.tif
209,117,1661,1734,8336,0.9579008073817762,0.19752645974551075,20151017sp.tif,20160907.tif
211,118,934,1343,5575,0.695457930007446,0.15608288770053477,20151017sp.tif,20160907.tif
215,119,1103,1235,8768,0.8931174089068826,0.12393258426966292,20151017sp.tif,20160907.tif
219,121,226,432,5562,0.5231481481481481,0.03918169209431346,20151017sp.tif,20160907.tif
220,122,140,140,5630,1.0,0.02486678507992895,20151017sp.tif,20160907.tif
221,123,1417,2427,5670,0.5838483724763082,0.212125748502994,20151017sp.tif,20160907.tif
223,125,1218,1218,9336,1.0,0.13046272493573266,20151017sp.tif,20160907.tif
226,127,1209,2007,4228,0.6023916292974589,0.2405491444488659,20151017sp.tif,20160907.tif
228,130,1947,2451,8887,0.7943696450428397,0.20732616334788628,20151017sp.tif,20160907.tif
229,131,225,225,5120,1.0,0.0439453125,20151017sp.tif,20160907.tif
230,129,1808,1842,11360,0.9815418023887079,0.15868000702123924,20151017sp.tif,20160907.tif
235,132,2557,2734,8865,0.9352596927578639,0.28279141782791417,20151017sp.tif,20160907.tif
238,133,11737,11837,24134,0.9915519134915941,0.4843195510439878,20151017sp.tif,20160907.tif
240,135,242,242,16464,1.0,0.014698736637512148,20151017sp.tif,20160907.tif
242,135,1232,1232,16464,1.0,0.07482993197278912,20151017sp.tif,20160907.tif
245,137,9304,9980,23070,0.9322645290581162,0.3918133580392487,20151017sp.tif,20160907.tif
248,140,5977,6781,15304,0.8814334169001622,0.3710578594487211,20151017sp.tif,20160907.tif
249,141,2190,2236,12113,0.9794275491949911,0.18011349617567235,20151017sp.tif,20160907.tif
252,146,430,859,4047,0.5005820721769499,0.09606791778373548,20151017sp.tif,20160907.tif
253,145,4303,4326,21907,0.9946833102172908,0.19621523027815777,20151017sp.tif,20160907.tif
255,147,1000,1671,5991,0.5984440454817475,0.15010507355148603,20151017sp.tif,20160907.tif
256,148,827,924,5379,0.895021645021645,0.15102264426588752,20151017sp.tif,20160907.tif
257,149,3738,4875,10481,0.7667692307692308,0.321742124289895,20151017sp.tif,20160907.tif
264,151,165,184,10912,0.8967391304347826,0.015094684841277102,20151017sp.tif,20160907.tif
266,150,728,728,12004,1.0,0.06064645118293902,20151017sp.tif,20160907.tif
272,154,894,1797,5361,0.4974958263772955,0.14272030651340997,20151017sp.tif,20160907.tif
274,155,1651,2543,6803,0.6492331891466772,0.21455490578297595,20151017sp.tif,20160907.tif
276,156,2405,2921,10519,0.8233481684354673,0.2179429089261441,20151017sp.tif,20160907.tif
279,157,1333,1452,7162,0.9180440771349863,0.1830792473561324,20151017sp.tif,20160907.tif
280,158,1805,2243,7939,0.8047258136424431,0.21547093231467113,20151017sp.tif,20160907.tif
285,159,1753,1974,16822,0.8880445795339412,0.10285747814351934,20151017sp.tif,20160907.tif
288,161,2433,3133,8834,0.7765719757421002,0.25519194461925737,20151017sp.tif,20160907.tif
295,165,5114,5567,16287,0.9186276270881983,0.3054958183990442,20151017sp.tif,20160907.tif
297,159,2324,2709,16822,0.8578811369509044,0.13506131225663973,20151017sp.tif,20160907.tif
300,167,2018,2336,7609,0.8638698630136986,0.25457297842815696,20151017sp.tif,20160907.tif
302,169,7300,8856,16566,0.8242999096657633,0.402825295221278,20151017sp.tif,20160907.tif
303,174,48,112,4011,0.42857142857142855,0.01177914110429448,20151017sp.tif,20160907.tif
304,175,125,125,10445,1.0,0.011967448539971278,20151017sp.tif,20160907.tif
307,185,363,750,2100,0.484,0.14595898673100122,20151017sp.tif,20160907.tif
309,186,394,1022,3744,0.38551859099804303,0.09011893870082342,20151017sp.tif,20160907.tif
312,187,1953,2395,9368,0.8154488517745303,0.19908256880733946,20151017sp.tif,20160907.tif
318,191,1140,1880,6383,0.6063829787234043,0.16004492489119754,20151017sp.tif,20160907.tif
320,193,1479,1654,8939,0.8941958887545345,0.16227781435154706,20151017sp.tif,20160907.tif
323,195,1485,2057,6755,0.7219251336898396,0.20267503753241436,20151017sp.tif,20160907.tif
331,200,3099,3927,9778,0.7891520244461421,0.2921930982462757,20151017sp.tif,20160907.tif
333,202,324,324,14852,1.0,0.021815243738217076,20151017sp.tif,20160907.tif
334,201,4625,4820,17046,0.9595435684647303,0.26825590162983587,20151017sp.tif,20160907.tif
336,205,2230,2992,10028,0.7453208556149733,0.20667284522706209,20151017sp.tif,20160907.tif
338,206,316,316,16026,1.0,0.019717958317733684,20151017sp.tif,20160907.tif
339,207,2618,3020,9242,0.866887417218543,0.2714641227706346,20151017sp.tif,20160907.tif
341,209,752,1254,5817,0.5996810207336523,0.1190061718626365,20151017sp.tif,20160907.tif
342,210,2449,2941,10033,0.8327099625977559,0.23268408551068884,20151017sp.tif,20160907.tif
344,212,5,1285,1544,0.0038910505836575876,0.0017705382436260624,20151017sp.tif,20160907.tif
345,213,1546,2217,8052,0.6973387460532251,0.17723260346211167,20151017sp.tif,20160907.tif
346,215,1433,2076,6509,0.6902697495183044,0.2003635346756152,20151017sp.tif,20160907.tif
349,216,701,796,7566,0.8806532663316583,0.09150241482835139,20151017sp.tif,20160907.tif
354,219,377,381,7664,0.989501312335958,0.049165362545644235,20151017sp.tif,20160907.tif
356,225,868,1493,6265,0.5813797722705961,0.12597968069666182,20151017sp.tif,20160907.tif
357,224,337,368,13156,0.9157608695652174,0.025555471297489953,20151017sp.tif,20160907.tif
361,230,984,1311,6256,0.7505720823798627,0.14947592283153577,20151017sp.tif,20160907.tif
363,232,1114,1232,9520,0.9042207792207793,0.11558414608840008,20151017sp.tif,20160907.tif
365,235,2522,3253,9742,0.7752843529050107,0.24080970113625513,20151017sp.tif,20160907.tif
368,243,2389,2652,9287,0.9008295625942685,0.2501570680628272,20151017sp.tif,20160907.tif
371,245,2646,3264,11314,0.8106617647058824,0.22175662085149178,20151017sp.tif,20160907.tif
372,246,1209,1361,8692,0.8883174136664217,0.13670284938941654,20151017sp.tif,20160907.tif
374,248,2657,2741,13802,0.9693542502736228,0.19134379951029815,20151017sp.tif,20160907.tif
376,254,267,267,10700,1.0,0.024953271028037384,20151017sp.tif,20160907.tif
379,266,600,615,8656,0.975609756097561,0.06919617114519663,20151017sp.tif,20160907.tif
380,272,236,236,10572,1.0,0.022323117669315173,20151017sp.tif,20160907.tif
384,274,105,105,8631,1.0,0.012165450121654502,20151017sp.tif,20160907.tif
385,274,100,100,8631,1.0,0.011586142973004287,20151017sp.tif,20160907.tif
386,279,336,336,11770,1.0,0.02854715378079864,20151017sp.tif,20160907.tif
388,282,5021,5390,16968,0.9315398886827458,0.28961181288573573,20151017sp.tif,20160907.tif
389,286,2302,2303,11092,0.9995657837603127,0.20751825475525107,20151017sp.tif,20160907.tif
394,304,1500,1530,9289,0.9803921568627451,0.16096147655327825,20151017sp.tif,20160907.tif
395,308,6360,7276,17544,0.874106652006597,0.3445287107258938,20151017sp.tif,20160907.tif
399,310,3159,4105,10610,0.7695493300852618,0.2733644859813084,20151017sp.tif,20160907.tif
400,311,1694,2058,8048,0.8231292517006803,0.20137898240608654,20151017sp.tif,20160907.tif
402,312,3028,4606,8105,0.6574033868866695,0.31271300216874937,20151017sp.tif,20160907.tif
412,316,54,219,465,0.2465753424657534,0.08571428571428572,20151017sp.tif,20160907.tif
414,317,534,870,5732,0.6137931034482759,0.08800263678312459,20151017sp.tif,20160907.tif
415,319,4978,5844,13778,0.851813826146475,0.3399344441409451,20151017sp.tif,20160907.tif
416,320,3787,4187,12350,0.9044662049199904,0.29701960784313725,20151017sp.tif,20160907.tif
417,321,4432,4640,18105,0.9551724137931035,0.24201386992846613,20151017sp.tif,20160907.tif
419,326,3003,3355,10847,0.8950819672131147,0.2681489418698098,20151017sp.tif,20160907.tif
423,328,83,108,6533,0.7685185185185185,0.012656297651723086,20151017sp.tif,20160907.tif
424,331,1907,3460,6499,0.5511560693641618,0.23683556880278192,20151017sp.tif,20160907.tif
425,330,2056,2363,7980,0.8700804062632247,0.24809943284662725,20151017sp.tif,20160907.tif
427,332,18262,19726,35192,0.9257832302544865,0.4981994762112615,20151017sp.tif,20160907.tif
428,333,19678,20211,37532,0.9736282222552075,0.5169578352817549,20151017sp.tif,20160907.tif
430,334,824,1065,7760,0.7737089201877935,0.10298712660917385,20151017sp.tif,20160907.tif
431,335,1682,1873,7711,0.8980245595301655,0.2128575044292584,20151017sp.tif,20160907.tif
434,336,3836,4240,17516,0.9047169811320754,0.2140625,20151017sp.tif,20160907.tif
435,338,703,1220,5034,0.5762295081967214,0.12664384795532335,20151017sp.tif,20160907.tif
436,339,264,561,4524,0.47058823529411764,0.054760423148724334,20151017sp.tif,20160907.tif
437,340,281,2949,2964,0.09528653780942692,0.04989346590909091,20151017sp.tif,20160907.tif
438,341,8566,10538,20470,0.8128677168343139,0.38169503609303984,20151017sp.tif,20160907.tif
440,343,236,837,4444,0.2819593787335723,0.046778989098116945,20151017sp.tif,20160907.tif
441,344,1115,1600,6882,0.696875,0.15135061761911225,20151017sp.tif,20160907.tif
442,345,1905,2058,10891,0.9256559766763849,0.17249185077870338,20151017sp.tif,20160907.tif
443,347,3268,3792,13347,0.8618143459915611,0.23559945209429745,20151017sp.tif,20160907.tif
444,350,12560,13692,25120,0.9173239848086474,0.47843973792472955,20151017sp.tif,20160907.tif
445,351,3025,3612,11592,0.8374861572535991,0.24837835618687906,20151017sp.tif,20160907.tif
446,352,14961,16567,31444,0.9030603005975735,0.45267776096823,20151017sp.tif,20160907.tif
447,353,997,1340,6129,0.7440298507462687,0.15404820766378244,20151017sp.tif,20160907.tif
452,354,3299,3796,11201,0.869072708113804,0.2820140194905112,20151017sp.tif,20160907.tif
454,356,1711,1924,9012,0.8892931392931392,0.18547425474254742,20151017sp.tif,20160907.tif
456,357,15543,16091,32204,0.9659436952333602,0.474566438690767,20151017sp.tif,20160907.tif
457,358,863,1070,9607,0.8065420560747664,0.08793560220093743,20151017sp.tif,20160907.tif
460,361,3186,3972,11132,0.8021148036253777,0.26732673267326734,20151017sp.tif,20160907.tif
462,364,223,701,4980,0.3181169757489301,0.040857456943935506,20151017sp.tif,20160907.tif
463,363,1515,2048,8980,0.73974609375,0.15925575528224534,20151017sp.tif,20160907.tif
464,365,891,994,8509,0.8963782696177063,0.10346028797027404,20151017sp.tif,20160907.tif
469,369,16,2043,2946,0.00783162016642193,0.003217373818620551,20151017sp.tif,20160907.tif
470,368,1076,1244,8012,0.864951768488746,0.1315403422982885,20151017sp.tif,20160907.tif
471,373,4829,5509,14412,0.8765656198947177,0.31997084548104954,20151017sp.tif,20160907.tif
472,372,1439,2284,9191,0.6300350262697023,0.14338381825428456,20151017sp.tif,20160907.tif
474,375,8748,11083,20903,0.7893169719390056,0.3764523625096824,20151017sp.tif,20160907.tif
476,379,5528,7576,15048,0.7296726504751848,0.3233504913430042,20151017sp.tif,20160907.tif
477,378,7368,10108,16776,0.7289275821131777,0.3775363804058209,20151017sp.tif,20160907.tif
479,377,296,404,8407,0.7326732673267327,0.03476218438050499,20151017sp.tif,20160907.tif
480,380,741,1333,7667,0.5558889722430608,0.08972030512168544,20151017sp.tif,20160907.tif
482,382,101,409,4278,0.2469437652811736,0.022023549934583515,20151017sp.tif,20160907.tif
486,389,4232,4896,16267,0.8643790849673203,0.249955702557439,20151017sp.tif,20160907.tif
488,390,1260,2029,7082,0.6209955643173978,0.16048910966755828,20151017sp.tif,20160907.tif
489,393,947,1864,8173,0.5080472103004292,0.10418041804180418,20151017sp.tif,20160907.tif
490,396,3065,3948,15931,0.7763424518743668,0.18228856904960153,20151017sp.tif,20160907.tif
491,399,8,727,4057,0.011004126547455296,0.0016750418760469012,20151017sp.tif,20160907.tif
492,402,518,848,5652,0.6108490566037735,0.08659311267134738,20151017sp.tif,20160907.tif
494,405,2145,2696,10978,0.7956231454005934,0.18605256310174342,20151017sp.tif,20160907.tif
495,406,1348,2416,7580,0.5579470198675497,0.15587419056429233,20151017sp.tif,20160907.tif
497,410,1191,2151,8847,0.5536959553695955,0.12144386662587947,20151017sp.tif,20160907.tif
499,415,6240,7693,15410,0.8111269985701287,0.3700409179861235,20151017sp.tif,20160907.tif
500,416,4277,5560,14798,0.7692446043165467,0.26596604688763137,20151017sp.tif,20160907.tif
501,418,8064,10436,20008,0.7727098505174397,0.36032171581769434,20151017sp.tif,20160907.tif
502,417,13392,15120,32752,0.8857142857142857,0.38839907192575407,20151017sp.tif,20160907.tif
507,423,5296,8252,13807,0.641783809985458,0.3159339020461731,20151017sp.tif,20160907.tif
508,422,406,418,7949,0.9712918660287081,0.050998618264037184,20151017sp.tif,20160907.tif
511,424,3064,6168,13649,0.496757457846952,0.1828926162478362,20151017sp.tif,20160907.tif
513,427,3688,5476,15873,0.6734842951059167,0.20882169752562144,20151017sp.tif,20160907.tif
519,435,2134,3391,10287,0.6293128870539664,0.18485793485793486,20151017sp.tif,20160907.tif
5,2,24,6660,2844,0.008438818565400843,0.002531645569620253,20160907.tif,20161025.tif
6,3,1830,5525,5450,0.3357798165137615,0.2001093493712411,20160907.tif,20161025.tif
8,5,1920,5698,5712,0.33696033696033695,0.20231822971549,20160907.tif,20161025.tif
9,6,2075,5786,6274,0.35862426546837195,0.20781171757636455,20160907.tif,20161025.tif
10,9,2784,6737,6905,0.4132403146801247,0.25640081046233193,20160907.tif,20161025.tif
11,10,146,2103,1708,0.08548009367681499,0.039836289222373804,20160907.tif,20161025.tif
13,11,3798,8017,7310,0.5195622435020519,0.3294301327088212,20160907.tif,20161025.tif
15,19,7521,14288,12930,0.5816705336426914,0.3818347971772351,20160907.tif,20161025.tif
16,20,9078,14751,13631,0.6659819529014745,0.4702652300041442,20160907.tif,20161025.tif
17,22,3390,7350,6816,0.49735915492957744,0.3145879732739421,20160907.tif,20161025.tif
18,23,3846,8314,8464,0.4625932162617272,0.2974017939993814,20160907.tif,20161025.tif
19,24,5470,10285,10544,0.5318424890617404,0.35614297805846734,20160907.tif,20161025.tif
20,25,2149,5570,5665,0.3858168761220826,0.23651771956856701,20160907.tif,20161025.tif
21,26,4712,9480,9188,0.5128428384849804,0.33763255947262827,20160907.tif,20161025.tif
22,27,38740,50284,49840,0.7772873194221509,0.6311090838003388,20160907.tif,20161025.tif
23,28,3575,7822,7620,0.46916010498687666,0.3012555827083509,20160907.tif,20161025.tif
25,32,12482,19840,19092,0.6537816886654096,0.4719092627599244,20160907.tif,20161025.tif
26,33,2699,6847,6252,0.43170185540627,0.2595192307692308,20160907.tif,20161025.tif
27,34,2727,6593,6178,0.4414049854321787,0.271505376344086,20160907.tif,20161025.tif
30,37,3680,7648,7631,0.482243480539903,0.31726873006293643,20160907.tif,20161025.tif
32,41,447,2268,3228,0.1970899470899471,0.0885323826500297,20160907.tif,20161025.tif
34,44,6800,12073,12076,0.5632402882465004,0.39195342671047323,20160907.tif,20161025.tif
35,55,192,192,33032,1.0,0.00581254541051102,20160907.tif,20161025.tif
36,55,1440,1440,33032,1.0,0.04359409057883265,20160907.tif,20161025.tif
38,58,6220,11926,11712,0.5310792349726776,0.3571018486623034,20160907.tif,20161025.tif
39,59,1835,3943,4442,0.4653816890692366,0.28015267175572517,20160907.tif,20161025.tif
40,63,11468,18864,17996,0.637252722827295,0.45163831127914306,20160907.tif,20161025.tif
41,64,11674,18159,18360,0.6428768103970482,0.46987321392634335,20160907.tif,20161025.tif
42,66,5843,11343,10518,0.5555238638524435,0.36477712573354976,20160907.tif,20161025.tif
43,67,1301,5392,4876,0.2668170631665299,0.1450875432140069,20160907.tif,20161025.tif
44,68,626,6134,2712,0.2308259587020649,0.07615571776155718,20160907.tif,20161025.tif
45,71,2922,6041,6643,0.48369475252441646,0.2993239090350338,20160907.tif,20161025.tif
48,74,3915,8391,8021,0.48809375389602294,0.3132751860446507,20160907.tif,20161025.tif
49,75,3180,6967,6766,0.46999704404374815,0.30133611295366247,20160907.tif,20161025.tif
50,76,1843,5187,5665,0.3553113553113553,0.20457320457320458,20160907.tif,20161025.tif
51,81,4008,7710,7897,0.5198443579766537,0.3455470299163721,20160907.tif,20161025.tif
52,83,3849,7919,7613,0.5055825561539472,0.32945305144226655,20160907.tif,20161025.tif
52,90,621,7919,8388,0.0784189922970072,0.039589442815249266,20160907.tif,20161025.tif
53,84,17682,25777,26074,0.6859603522520076,0.5174866106704908,20160907.tif,20161025.tif
54,90,3666,7398,8388,0.4955393349553934,0.30247524752475247,20160907.tif,20161025.tif
55,91,1626,3653,5605,0.445113605255954,0.2130503144654088,20160907.tif,20161025.tif
56,94,7684,12942,13211,0.5937258538093031,0.4160485137257025,20160907.tif,20161025.tif
57,95,12341,19562,20295,0.630865964625294,0.4485026893443815,20160907.tif,20161025.tif
57,103,47,19562,208,0.22596153846153846,0.0023830046139025505,20160907.tif,20161025.tif
58,96,15036,22866,23108,0.6575701915507741,0.48600426659771157,20160907.tif,20161025.tif
59,97,3570,6632,12398,0.5382991556091676,0.23091849935316947,20160907.tif,20161025.tif
60,98,516,3330,3466,0.15495495495495495,0.0821656050955414,20160907.tif,20161025.tif
61,100,7323,10292,11348,0.7115235134084726,0.5114898372564085,20160907.tif,20161025.tif
62,104,8486,17030,10868,0.7808244387191755,0.4371522769420977,20160907.tif,20161025.tif
63,106,5775,10826,11549,0.5334380195824866,0.34789156626506024,20160907.tif,20161025.tif
64,107,5537,7860,8269,0.7044529262086514,0.5227530211480362,20160907.tif,20161025.tif
65,109,5849,10516,9442,0.6194662147850032,0.414558083492806,20160907.tif,20161025.tif
66,110,7976,13860,13810,0.5775524981897175,0.4049964456179547,20160907.tif,20161025.tif
68,112,5,2436,1716,0.002913752913752914,0.0012056908608632747,20160907.tif,20161025.tif
69,111,5132,9819,9572,0.5361470956957793,0.35991303737990044,20160907.tif,20161025.tif
70,117,3050,4502,5206,0.6774766770324301,0.45809552418143584,20160907.tif,20161025.tif
72,121,1755,4019,4492,0.43667578999751183,0.25976909413854354,20160907.tif,20161025.tif
73,128,14854,22820,22114,0.6717011847698291,0.49381648936170214,20160907.tif,20161025.tif
74,130,3575,6820,7152,0.5241935483870968,0.34384918726555735,20160907.tif,20161025.tif
77,140,13616,21065,20128,0.6764705882352942,0.493744787322769,20160907.tif,20161025.tif
79,141,361,1042,409,0.882640586797066,0.3311926605504587,20160907.tif,20161025.tif
80,144,5147,10104,9886,0.5206352417560186,0.34676278380381326,20160907.tif,20161025.tif
81,146,7462,12222,11801,0.6323192949750022,0.45057665599903385,20160907.tif,20161025.tif
82,147,4879,9673,9935,0.5043936731107206,0.3312512729988458,20160907.tif,20161025.tif
84,149,474,2989,2386,0.19865884325230512,0.09671495613140176,20160907.tif,20161025.tif
85,151,2144,5119,5307,0.41883180308654033,0.25887466795460035,20160907.tif,20161025.tif
86,152,9528,15858,15367,0.6200299342747446,0.4391390514817717,20160907.tif,20161025.tif
87,156,102,5506,264,0.38636363636363635,0.01799576570218772,20160907.tif,20161025.tif
87,158,140,5506,140,1.0,0.025426807119505995,20160907.tif,20161025.tif
89,159,5387,8933,9303,0.6030448897346916,0.41925441668612345,20160907.tif,20161025.tif
90,161,4090,5898,5156,0.7932505818463925,0.5873061458931649,20160907.tif,20161025.tif
91,160,8465,13333,14107,0.6348908722718068,0.4461133069828722,20160907.tif,20161025.tif
94,162,449,2616,2439,0.1840918409184092,0.09748154580981329,20160907.tif,20161025.tif
96,165,3638,4973,5550,0.7315503720088478,0.528395061728395,20160907.tif,20161025.tif
98,171,5583,7180,7634,0.7775766016713092,0.6048098797530062,20160907.tif,20161025.tif
99,172,10054,12043,11820,0.8505922165820643,0.7280758925338547,20160907.tif,20161025.tif
101,169,394,2529,2720,0.15579280347963623,0.08115345005149331,20160907.tif,20161025.tif
104,177,6188,10019,10048,0.6176265096316997,0.4458534476547302,20160907.tif,20161025.tif
105,181,7202,8662,9206,0.8314477026090972,0.675229701856366,20160907.tif,20161025.tif
106,182,358,17577,2013,0.17784401390958768,0.018614808652246257,20160907.tif,20161025.tif
107,186,10709,17804,17892,0.6014940462817344,0.42858286308880617,20160907.tif,20161025.tif
107,192,1174,17804,7816,0.15020470829068577,0.048024216640759225,20160907.tif,20161025.tif
108,187,2392,4435,5159,0.5393461104847802,0.33212996389891697,20160907.tif,20161025.tif
109,188,4747,6664,11605,0.7123349339735895,0.35105753586747523,20160907.tif,20161025.tif
110,189,5198,9890,7272,0.7147964796479648,0.4344700768973587,20160907.tif,20161025.tif
111,191,2418,5832,6160,0.41460905349794236,0.2525590139962398,20160907.tif,20161025.tif
113,192,3470,8532,7816,0.4439611054247697,0.2694517782264327,20160907.tif,20161025.tif
114,193,3992,7712,7776,0.5176348547717843,0.34725121781489215,20160907.tif,20161025.tif
115,194,5752,8788,9526,0.6545289030496131,0.4578888711988537,20160907.tif,20161025.tif
116,195,2786,3905,4117,0.7134443021766965,0.5320855614973262,20160907.tif,20161025.tif
117,196,6144,8336,8776,0.7370441458733206,0.5601750547045952,20160907.tif,20161025.tif
118,197,3490,5575,6093,0.6260089686098654,0.42675470775250673,20160907.tif,20161025.tif
119,198,4850,8768,8398,0.5775184567754227,0.3937966872361156,20160907.tif,20161025.tif
120,199,8304,9311,9697,0.891848351412308,0.7757847533632287,20160907.tif,20161025.tif
121,200,1068,5562,1678,0.636471990464839,0.1730395333765392,20160907.tif,20161025.tif
122,201,4044,5630,6515,0.7182948490230906,0.4991976299222318,20160907.tif,20161025.tif
123,204,4564,5670,6182,0.8049382716049382,0.6262349066959385,20160907.tif,20161025.tif
124,202,1221,3117,3544,0.3917228103946102,0.2244485294117647,20160907.tif,20161025.tif
125,206,6460,9336,9832,0.6919451585261354,0.5083412023921939,20160907.tif,20161025.tif
126,205,7959,11954,12371,0.6658022419273883,0.4863130881094953,20160907.tif,20161025.tif
129,211,8506,11360,11595,0.7487676056338028,0.5886912589106512,20160907.tif,20161025.tif
130,210,4447,8887,8653,0.5139258060788165,0.3396471396929657,20160907.tif,20161025.tif
131,208,1172,5120,4904,0.23898858075040783,0.13239945774966108,20160907.tif,20161025.tif
132,215,6711,8865,9395,0.7570219966159052,0.5810892717984241,20160907.tif,20161025.tif
133,217,15967,24134,23638,0.6754801590659109,0.5020279830215375,20160907.tif,20161025.tif
134,220,1801,3394,3123,0.5766890810118476,0.38189143341815096,20160907.tif,20161025.tif
135,219,9609,16464,16543,0.5836370262390671,0.41067612616462945,20160907.tif,20161025.tif
137,225,14579,23070,20905,0.6973929681894284,0.495951830180977,20160907.tif,20161025.tif
138,227,503,3859,2460,0.20447154471544715,0.08648555708390647,20160907.tif,20161025.tif
139,228,3008,6911,6824,0.44079718640093785,0.28041390882819056,20160907.tif,20161025.tif
140,230,9805,15304,16212,0.6406821745948772,0.4516143890193911,20160907.tif,20161025.tif
141,231,8822,12113,12861,0.7283084289606209,0.5461862308073303,20160907.tif,20161025.tif
142,232,6565,13742,13263,0.4949860514212471,0.3211839530332681,20160907.tif,20161025.tif
143,233,7270,11547,12129,0.6296007621027107,0.443130561989516,20160907.tif,20161025.tif
144,234,5586,9867,10596,0.5661295226512618,0.37547892720306514,20160907.tif,20161025.tif
145,235,8327,21907,14932,0.5576613983391374,0.29205246913580246,20160907.tif,20161025.tif
145,241,2692,21907,6243,0.4312029473009771,0.10574279204965041,20160907.tif,20161025.tif
146,236,2479,4047,4421,0.61255250803064,0.4139255301385874,20160907.tif,20161025.tif
147,237,3261,5991,6301,0.5443164747120681,0.36108958033440375,20160907.tif,20161025.tif
148,238,1947,5379,5709,0.3619631901840491,0.21299638989169675,20160907.tif,20161025.tif
148,245,20,5379,7626,0.0037181632273656814,0.0015402387370042356,20160907.tif,20161025.tif
149,239,5613,10481,10910,0.5355405018605095,0.35574851058435797,20160907.tif,20161025.tif
150,243,5502,12004,11376,0.48364978902953587,0.307752545027408,20160907.tif,20161025.tif
151,247,7326,10912,11445,0.6713709677419355,0.48739272170846915,20160907.tif,20161025.tif
152,246,76,2493,2389,0.03181247383842612,0.01581356637536413,20160907.tif,20161025.tif
154,250,1919,5361,5325,0.3603755868544601,0.21888901562678226,20160907.tif,20161025.tif
155,254,2849,6803,6834,0.418785829780979,0.26408972932888397,20160907.tif,20161025.tif
156,253,5629,10519,11048,0.5351269132046772,0.3531810766721044,20160907.tif,20161025.tif
157,257,5012,7162,7275,0.6998045238760123,0.5317771883289125,20160907.tif,20161025.tif
158,258,3022,7939,7924,0.38137304391721355,0.23533992679697843,20160907.tif,20161025.tif
158,263,285,7939,8423,0.03589872779947097,0.017727187908191826,20160907.tif,20161025.tif
159,264,5733,16822,8601,0.6665504011161493,0.29116302691721685,20160907.tif,20161025.tif
159,273,6469,16822,9175,0.7050681198910081,0.3312679229823843,20160907.tif,20161025.tif
160,262,6208,11716,11116,0.5584742713206189,0.3734359961501444,20160907.tif,20161025.tif
161,265,3722,8834,8720,0.4268348623853211,0.2690861769809138,20160907.tif,20161025.tif
162,263,2945,7926,8423,0.3715619480191774,0.2197105341689048,20160907.tif,20161025.tif
162,270,1211,7926,8121,0.15278829169820843,0.08162577514154759,20160907.tif,20161025.tif
164,274,212,8013,212,1.0,0.02645700736303507,20160907.tif,20161025.tif
165,269,9777,16287,15502,0.6306928138304735,0.4441668180992186,20160907.tif,20161025.tif
166,275,1052,6940,4599,0.22874537943031092,0.10031467531229141,20160907.tif,20161025.tif
167,278,5489,7609,7689,0.7213825732684979,0.5595881333469263,20160907.tif,20161025.tif
168,283,402,1846,2644,0.21776814734561215,0.09833659491193737,20160907.tif,20161025.tif
169,280,10206,16566,16918,0.6160811300253531,0.4384397284990119,20160907.tif,20161025.tif
170,281,2480,7792,7357,0.3370939241538671,0.19575341384481806,20160907.tif,20161025.tif
172,282,3032,8456,7930,0.3823455233291299,0.22704807548300135,20160907.tif,20161025.tif
173,283,87,2624,2644,0.03315548780487805,0.01679212507237985,20160907.tif,20161025.tif
174,284,761,4011,3463,0.2197516604100491,0.11336213317443766,20160907.tif,20161025.tif
175,285,5056,10445,10227,0.4943776278478537,0.3237704918032787,20160907.tif,20161025.tif
177,287,184,3556,2036,0.09037328094302555,0.034023668639053255,20160907.tif,20161025.tif
178,288,155,2564,2652,0.060452418096723866,0.0306263584271883,20160907.tif,20161025.tif
178,294,921,2564,6570,0.359204368174727,0.11213929136734445,20160907.tif,20161025.tif
179,292,4312,10652,10107,0.426635005441773,0.26217547273058917,20160907.tif,20161025.tif
180,291,98,406,3280,0.2413793103448276,0.027313266443701228,20160907.tif,20161025.tif
183,297,1905,3581,4070,0.5319743088522759,0.33153498085624783,20160907.tif,20161025.tif
184,294,1672,6575,6570,0.25449010654490106,0.1457334611697028,20160907.tif,20161025.tif
186,298,862,3744,3715,0.2320323014804845,0.13066545399423982,20160907.tif,20161025.tif
187,299,4076,9368,9272,0.43960310612597064,0.27986816808569076,20160907.tif,20161025.tif
188,304,6434,9168,8921,0.7212195942158951,0.5520377520377521,20160907.tif,20161025.tif
189,309,3698,6256,6223,0.5942471476779688,0.4211365448126637,20160907.tif,20161025.tif
191,310,1715,6383,5910,0.29018612521150594,0.16212894687086407,20160907.tif,20161025.tif
193,311,3739,8939,9309,0.41827944960286384,0.25770211592804465,20160907.tif,20161025.tif
193,317,1223,8939,8028,0.15234180368709516,0.07768038617886179,20160907.tif,20161025.tif
194,314,1764,6582,5696,0.30969101123595505,0.1677762982689747,20160907.tif,20161025.tif
195,316,3914,6755,6760,0.5794226498889712,0.40766586813873557,20160907.tif,20161025.tif
197,317,2917,7864,8028,0.37093082400813837,0.2248169556840077,20160907.tif,20161025.tif
197,328,458,7864,15157,0.05824008138351984,0.020298719141958074,20160907.tif,20161025.tif
198,318,2348,7312,7172,0.32738427216954824,0.1934739617666447,20160907.tif,20161025.tif
198,328,10,7312,15157,0.0013676148796498905,0.0004452557994567879,20160907.tif,20161025.tif
199,323,1862,6154,5840,0.3188356164383562,0.1837741808132649,20160907.tif,20161025.tif
200,326,4150,9778,9974,0.42442217222335854,0.265991539546212,20160907.tif,20161025.tif
201,329,10584,17046,17558,0.6209081309398099,0.44063280599500415,20160907.tif,20161025.tif
202,328,7330,14852,15157,0.4935362240775653,0.32320649058600465,20160907.tif,20161025.tif
204,332,4362,9359,9656,0.466075435409766,0.29768648058418073,20160907.tif,20161025.tif
205,333,4909,10028,10812,0.48952931790985243,0.3081413596133325,20160907.tif,20161025.tif
205,342,138,10028,10004,0.013794482207117154,0.006936764853724741,20160907.tif,20161025.tif
206,336,10119,16026,15882,0.6371363808084624,0.46440864656478037,20160907.tif,20161025.tif
207,340,3700,9242,8479,0.4363722137044463,0.2638898794665145,20160907.tif,20161025.tif
209,341,1509,5817,5476,0.2755661066471877,0.15423139820114473,20160907.tif,20161025.tif
210,342,4625,10033,10004,0.4623150739704118,0.3000908383078121,20160907.tif,20161025.tif
213,345,2478,8052,7083,0.3498517577297755,0.19578099075610333,20160907.tif,20161025.tif
214,346,1128,6192,4854,0.2323856613102596,0.11373260738052027,20160907.tif,20161025.tif
214,354,332,6192,5258,0.06314187904146062,0.029861485878755173,20160907.tif,20161025.tif
215,347,1988,6509,6735,0.3054232601013981,0.17661691542288557,20160907.tif,20161025.tif
216,350,2930,7566,8168,0.387258789320645,0.2288347391440175,20160907.tif,20161025.tif
218,351,12,3723,1488,0.008064516129032258,0.002308136180034622,20160907.tif,20161025.tif
219,354,1632,7664,5258,0.3103841764929631,0.1445527015057573,20160907.tif,20161025.tif
223,356,3089,7440,7681,0.41518817204301073,0.25673204787234044,20160907.tif,20161025.tif
224,358,5834,13156,12123,0.4812340179823476,0.3000257135510414,20160907.tif,20161025.tif
225,357,2055,6265,6831,0.3280127693535515,0.1861244452495245,20160907.tif,20161025.tif
226,359,316,2594,3109,0.1218195836545875,0.05865973640245034,20160907.tif,20161025.tif
227,360,4126,10438,10204,0.4043512348098785,0.24981835795592153,20160907.tif,20161025.tif
228,362,316,2551,2184,0.1446886446886447,0.07150939126499208,20160907.tif,20161025.tif
229,366,462,3568,3724,0.12948430493273544,0.06764275256222547,20160907.tif,20161025.tif
230,365,1262,6256,5665,0.22277140335392762,0.11839759827375926,20160907.tif,20161025.tif
232,367,4260,9520,9826,0.4474789915966387,0.28238101551106987,20160907.tif,20161025.tif
233,370,288,2789,2725,0.10568807339449542,0.05510907003444317,20160907.tif,20161025.tif
233,372,261,2789,4578,0.09358192900681248,0.03672952434562342,20160907.tif,20161025.tif
234,369,2036,6508,6637,0.3128457283343577,0.18327482221622107,20160907.tif,20161025.tif
235,371,4225,9742,10499,0.4336891808663519,0.2637987012987013,20160907.tif,20161025.tif
236,372,1266,4805,4578,0.2765399737876802,0.1559689540470617,20160907.tif,20161025.tif
238,376,574,3628,3495,0.1642346208869814,0.08764696900290121,20160907.tif,20161025.tif
239,375,880,5379,5196,0.16936104695919937,0.09076843733883445,20160907.tif,20161025.tif
241,379,3278,8633,8054,0.40700273156195677,0.24446267432321575,20160907.tif,20161025.tif
243,381,3847,9287,10134,0.41423495208355765,0.2470142545267754,20160907.tif,20161025.tif
244,385,3123,8653,8452,0.3694983435873166,0.22335860391932486,20160907.tif,20161025.tif
245,389,4983,11314,10926,0.4560680944535969,0.28875239033435707,20160907.tif,20161025.tif
246,388,2567,8692,8877,0.29532903819604234,0.17111051859752033,20160907.tif,20161025.tif
247,390,778,5686,4876,0.15955701394585725,0.0795175797219951,20160907.tif,20161025.tif
248,391,6369,13802,14068,0.4614548616142588,0.2962187805218362,20160907.tif,20161025.tif
249,393,1985,5864,6074,0.338506139154161,0.19943735557118455,20160907.tif,20161025.tif
250,395,323,5241,4509,0.07163450876025726,0.03426328630529331,20160907.tif,20161025.tif
251,396,1212,5046,5357,0.24019024970273484,0.13186813186813187,20160907.tif,20161025.tif
252,397,65,3377,3420,0.01924785312407462,0.009655377302436126,20160907.tif,20161025.tif
254,403,4152,10700,11248,0.3880373831775701,0.2333108563722185,20160907.tif,20161025.tif
256,406,1530,5637,6066,0.27142096860031933,0.15039811265113537,20160907.tif,20161025.tif
257,409,6015,12626,13023,0.4763979090765088,0.3063563206682286,20160907.tif,20161025.tif
258,408,1288,6442,6831,0.1999379074821484,0.10746766791823112,20160907.tif,20161025.tif
260,411,1086,6836,5630,0.19289520426287743,0.09543057996485062,20160907.tif,20161025.tif
262,414,318,3874,3752,0.0847547974413646,0.04351395730706076,20160907.tif,20161025.tif
263,416,640,4869,4792,0.1335559265442404,0.0709455714444075,20160907.tif,20161025.tif
266,418,2882,8656,8662,0.3329482439926063,0.19963978941535052,20160907.tif,20161025.tif
266,426,1087,8656,8368,0.1298996175908222,0.06820606136663111,20160907.tif,20161025.tif
267,421,83,2834,2954,0.02928722653493296,0.014548641542506574,20160907.tif,20161025.tif
268,419,3093,9171,9264,0.33725875040889763,0.20160344153304655,20160907.tif,20161025.tif
272,420,3735,10572,10694,0.3532917139614075,0.2130511665050482,20160907.tif,20161025.tif
274,426,2724,8631,8368,0.32552581261950286,0.1908231173380035,20160907.tif,20161025.tif
275,427,124,5447,1592,0.07788944723618091,0.017932031814895156,20160907.tif,20161025.tif
276,431,93,3056,3074,0.03043193717277487,0.01540500248467782,20160907.tif,20161025.tif
279,432,5247,11770,11764,0.44602176130567833,0.286925138076229,20160907.tif,20161025.tif
280,442,61,2753,3008,0.022157646204140936,0.010701754385964912,20160907.tif,20161025.tif
282,450,7069,16968,16476,0.42904831269725663,0.2680189573459716,20160907.tif,20161025.tif
285,452,174,4996,3183,0.05466540999057493,0.021736414740787007,20160907.tif,20161025.tif
285,464,28,4996,136,0.20588235294117646,0.0054858934169279,20160907.tif,20161025.tif
286,456,4038,11092,10657,0.3789058834568828,0.22799390209474338,20160907.tif,20161025.tif
289,469,283,3473,1816,0.15583700440528633,0.056532161406312426,20160907.tif,20161025.tif
290,466,51,3043,3256,0.01675977653631285,0.008162612035851472,20160907.tif,20161025.tif
291,468,552,8304,1496,0.3689839572192513,0.05968858131487889,20160907.tif,20161025.tif
300,478,681,5268,5309,0.12927107061503418,0.06881568310428456,20160907.tif,20161025.tif
302,481,324,4951,4315,0.07508690614136733,0.036233504808767615,20160907.tif,20161025.tif
303,482,11147,22960,23718,0.4854965156794425,0.31372604204778926,20160907.tif,20161025.tif
304,483,2455,9289,10269,0.2642910969964474,0.14354206864292815,20160907.tif,20161025.tif
305,485,464,7754,4422,0.10492989597467209,0.03961748633879782,20160907.tif,20161025.tif
306,495,1643,11605,1710,0.9608187134502923,0.1407642220699109,20160907.tif,20161025.tif
308,489,6558,17544,17333,0.3783534298736514,0.23157597372788588,20160907.tif,20161025.tif
309,498,2651,9942,10014,0.26664654998994164,0.15319271886737937,20160907.tif,20161025.tif
310,499,2465,10610,10233,0.240887325320043,0.13412776145391228,20160907.tif,20161025.tif
311,500,1256,8048,8066,0.15606361829025844,0.0845335846008884,20160907.tif,20161025.tif
311,502,46,8048,7919,0.0058088142442227556,0.0028892657496388417,20160907.tif,20161025.tif
312,502,1270,8105,7919,0.16037378456875867,0.08607835163345533,20160907.tif,20161025.tif
313,509,600,6947,6618,0.09066183136899365,0.04627844195912071,20160907.tif,20161025.tif
314,510,234,5420,5562,0.04317343173431734,0.021771492370673613,20160907.tif,20161025.tif
315,512,926,8700,7721,0.11993265121098304,0.05976121329461116,20160907.tif,20161025.tif
317,514,156,5732,5697,0.02738283307003686,0.013838374878027145,20160907.tif,20161025.tif
319,515,4537,13778,13652,0.3323322590096689,0.19818285065303803,20160907.tif,20161025.tif
320,516,3451,12350,12703,0.2794331983805668,0.15975372650680492,20160907.tif,20161025.tif
320,523,342,12350,10290,0.03323615160349854,0.015337698448291326,20160907.tif,20161025.tif
321,517,7614,18105,18787,0.4205468102734051,0.2600587471821846,20160907.tif,20161025.tif
322,518,1550,10361,10308,0.1503686457120683,0.08107118573147132,20160907.tif,20161025.tif
324,520,1531,10589,9363,0.1635159671045605,0.08311166603333152,20160907.tif,20161025.tif
326,523,1646,10847,10290,0.15996112730806608,0.08444923297932379,20160907.tif,20161025.tif
327,530,3471,5140,8678,0.6752918287937744,0.3354595534937663,20160907.tif,20161025.tif
328,529,345,6533,5820,0.059278350515463915,0.028730846102598268,20160907.tif,20161025.tif
329,530,1367,9144,8678,0.1575247752938465,0.08307505317532665,20160907.tif,20161025.tif
330,531,292,7980,7392,0.039502164502164504,0.01936339522546419,20160907.tif,20161025.tif
332,532,18868,35192,35514,0.536144578313253,0.3639800918245303,20160907.tif,20161025.tif
333,533,20220,37532,33676,0.6004276042285307,0.3965638973876206,20160907.tif,20161025.tif
334,534,828,7760,7835,0.10670103092783505,0.056070969052617325,20160907.tif,20161025.tif
335,535,383,7711,7144,0.053611422172452405,0.02646489773355445,20160907.tif,20161025.tif
336,536,6485,17516,16649,0.3895128836566761,0.23428468208092484,20160907.tif,20161025.tif
336,541,2907,17516,21107,0.16596254852706097,0.08139209317952738,20160907.tif,20161025.tif
341,541,8305,20470,21107,0.4057156814851001,0.24960928107718203,20160907.tif,20161025.tif
341,552,3284,20470,11019,0.29803067428986296,0.11643325651480234,20160907.tif,20161025.tif
344,545,458,6882,4885,0.09375639713408393,0.040498717835352374,20160907.tif,20161025.tif
345,546,1878,10891,9886,0.18996560793040665,0.09937033705487062,20160907.tif,20161025.tif
347,550,3465,13347,10584,0.3273809523809524,0.1693051890941073,20160907.tif,20161025.tif
350,551,10343,25120,24201,0.427379033924218,0.26535481553696955,20160907.tif,20161025.tif
351,552,2141,11592,11019,0.19430075324439605,0.10459208597948216,20160907.tif,20161025.tif
352,553,14664,31444,31116,0.4712688006170459,0.3061633539335226,20160907.tif,20161025.tif
353,554,15,6129,5657,0.00265158211065936,0.0012743182397417382,20160907.tif,20161025.tif
354,556,1542,11201,10383,0.1485119907541173,0.07693842929847321,20160907.tif,20161025.tif
356,557,637,9012,8322,0.07654409997596731,0.03815056596993472,20160907.tif,20161025.tif
357,559,15570,32204,32736,0.4834803130045957,0.315373708729998,20160907.tif,20161025.tif
361,568,2357,11132,11221,0.21173194394538267,0.11787357471494299,20160907.tif,20161025.tif
363,570,340,8980,3803,0.08940310281356824,0.027324600176806237,20160907.tif,20161025.tif
365,571,458,8509,8004,0.05722138930534733,0.028526938648396137,20160907.tif,20161025.tif
366,573,421,8728,5440,0.07738970588235294,0.030624863606605077,20160907.tif,20161025.tif
367,576,36,6489,6609,0.005547850208044383,0.002756086357372531,20160907.tif,20161025.tif
368,582,392,8012,6804,0.05761316872427984,0.027176927343316695,20160907.tif,20161025.tif
368,589,11,8012,20920,0.0013729405891163256,0.0003803464610490647,20160907.tif,20161025.tif
370,580,2740,14964,13889,0.1972784217726258,0.10492857963466473,20160907.tif,20161025.tif
372,586,1060,9191,6810,0.15565345080763582,0.07094571983133659,20160907.tif,20161025.tif
373,584,3077,14412,14673,0.21350263669164585,0.11830975084589357,20160907.tif,20161025.tif
374,585,9,4983,4732,0.0019019442096365174,0.0009272614877395425,20160907.tif,20161025.tif
375,589,7469,20903,20920,0.3573171315122231,0.21741281946789312,20160907.tif,20161025.tif
375,600,2318,20903,3025,0.7662809917355372,0.10726515502082369,20160907.tif,20161025.tif
377,591,515,8407,8206,0.06275895686083353,0.031991551745558455,20160907.tif,20161025.tif
378,592,4656,16776,17432,0.27753934191702434,0.15755278830536004,20160907.tif,20161025.tif
379,596,2804,15048,4604,0.6090356211989574,0.1664292497625831,20160907.tif,20161025.tif
380,593,366,7667,7621,0.04802519354415431,0.024527543224768796,20160907.tif,20161025.tif
384,599,44,6143,6309,0.0071626241250203485,0.0035460992907801418,20160907.tif,20161025.tif
387,603,336,8660,7948,0.042274786109713136,0.02064896755162242,20160907.tif,20161025.tif
387,617,4,8660,4660,0.0008583690987124463,0.00030039050765995795,20160907.tif,20161025.tif
389,605,4255,16267,16280,0.2615725087600664,0.15039587162448748,20160907.tif,20161025.tif
390,606,8,7082,7049,0.0011349127535820683,0.0005664518869928486,20160907.tif,20161025.tif
393,611,347,8173,5512,0.06295355587808418,0.02601589443694707,20160907.tif,20161025.tif
396,612,3563,15931,16116,0.2236519992467516,0.1250877685718298,20160907.tif,20161025.tif
400,614,1960,13520,13188,0.14861995753715498,0.07919831905608533,20160907.tif,20161025.tif
405,621,1238,10978,9114,0.1358349791529515,0.06566245889466427,20160907.tif,20161025.tif
406,620,114,7580,7614,0.01503957783641161,0.007559681697612732,20160907.tif,20161025.tif
410,625,684,8847,7773,0.08799691238903898,0.04292168674698795,20160907.tif,20161025.tif
414,628,504,13927,11628,0.043343653250773995,0.02011895732705281,20160907.tif,20161025.tif
415,629,3139,15410,15584,0.20369889682024658,0.1126907197989589,20160907.tif,20161025.tif
416,630,3031,14798,14576,0.20794456641053788,0.11505902896405117,20160907.tif,20161025.tif
417,633,13728,32752,31360,0.4377551020408163,0.2724674499841219,20160907.tif,20161025.tif
418,632,5720,20008,19486,0.2935440829313353,0.16936104695919937,20160907.tif,20161025.tif
423,638,1328,13807,13392,0.0991636798088411,0.05133160681844536,20160907.tif,20161025.tif
424,640,561,13649,12474,0.04497354497354497,0.021946639543071748,20160907.tif,20161025.tif
425,641,6060,23136,21784,0.278185824458318,0.1559444158517756,20160907.tif,20161025.tif
426,642,4680,20452,20244,0.23117960877296978,0.12994224788982675,20160907.tif,20161025.tif
427,643,2264,15873,16188,0.14263214263214263,0.07598080343658757,20160907.tif,20161025.tif
438,655,108,12376,11447,0.009434786406918843,0.004554079696394687,20160907.tif,20161025.tif
20,19,254,13631,20708,0.018633996038441788,0.007451958339445504,20161025.tif,20170714.tif
29,24,12,8684,100,0.12,0.0013679890560875513,20161025.tif,20170714.tif
34,27,2879,6178,11766,0.4660084169634186,0.19110521075340192,20161025.tif,20170714.tif
47,30,653,5338,12430,0.12233046084675908,0.03815366637452527,20161025.tif,20170714.tif
66,38,207,10518,6673,0.03102053049602877,0.01218794159208667,20161025.tif,20170714.tif
69,36,744,8660,13148,0.0859122401847575,0.03532092669958223,20161025.tif,20170714.tif
72,39,652,14248,12144,0.053689064558629776,0.02533022533022533,20161025.tif,20170714.tif
80,43,2462,13428,18884,0.1833482275841525,0.08247906197654942,20161025.tif,20170714.tif
82,45,1808,9077,15771,0.19918475267158753,0.07847222222222222,20161025.tif,20170714.tif
84,49,5036,26074,34450,0.19314259415509702,0.09075836216839676,20161025.tif,20170714.tif
85,47,1066,16230,23766,0.06568083795440542,0.02738248137683021,20161025.tif,20170714.tif
88,46,1708,6594,12815,0.25902335456475584,0.09649172363143325,20161025.tif,20170714.tif
89,48,916,7772,32770,0.11785898095728255,0.02311613587038813,20161025.tif,20170714.tif
92,48,7745,10538,32770,0.7349591952932245,0.21778252678345472,20161025.tif,20170714.tif
97,54,660,12398,20430,0.05323439264397484,0.02051728425764735,20161025.tif,20170714.tif
99,52,2293,9616,16762,0.2384567387687188,0.0952044841187461,20161025.tif,20170714.tif
100,53,3197,11348,17389,0.28172365174480085,0.12517619420516837,20161025.tif,20170714.tif
106,59,132,11549,18128,0.011429561000952463,0.004467761042477577,20161025.tif,20170714.tif
107,58,2578,8269,13179,0.31176684000483734,0.13661897191308955,20161025.tif,20170714.tif
108,57,3320,6176,9273,0.5375647668393783,0.27372413224503256,20161025.tif,20170714.tif
109,60,191,9442,14952,0.020228765092141495,0.007891583687972565,20161025.tif,20170714.tif
111,62,362,9572,16148,0.037818637693272046,0.014275573783421406,20161025.tif,20170714.tif
112,60,1715,1716,14952,0.9994172494172494,0.11469270380525647,20161025.tif,20170714.tif
117,63,316,5206,8312,0.06069919323857088,0.02393576730798364,20161025.tif,20170714.tif
119,64,4196,11162,20680,0.3759182942125067,0.15177602546480504,20161025.tif,20170714.tif
120,65,3631,11212,17662,0.3238494470210489,0.1438418571485164,20161025.tif,20170714.tif
123,68,620,7986,10986,0.0776358627598297,0.033783783783783786,20161025.tif,20170714.tif
125,69,1730,9780,15133,0.1768916155419223,0.0746236466376224,20161025.tif,20170714.tif
129,70,3339,6226,11359,0.5362993896562801,0.23438158079460902,20161025.tif,20170714.tif
130,71,62,7152,12737,0.008668903803131992,0.003127048973621829,20161025.tif,20170714.tif
131,69,2384,8583,15133,0.2777583595479436,0.11175698481155072,20161025.tif,20170714.tif
131,72,1497,8583,14662,0.17441454037049983,0.06883391576236896,20161025.tif,20170714.tif
138,75,1709,13287,2028,0.8427021696252466,0.12560635013964427,20161025.tif,20170714.tif
141,74,409,409,38064,1.0,0.010745060949978983,20161025.tif,20170714.tif
144,79,14,9886,5952,0.0023521505376344087,0.000884732052578362,20161025.tif,20170714.tif
144,80,11,9886,16410,0.0011126846044911996,0.00041848963287045843,20161025.tif,20170714.tif
145,77,4780,6698,12532,0.7136458644371454,0.33079584775086507,20161025.tif,20170714.tif
146,78,2946,11801,20648,0.24963986102872637,0.09985425210995492,20161025.tif,20170714.tif
147,80,34,9935,16410,0.0034222445898339205,0.0012922351868039984,20161025.tif,20170714.tif
148,83,379,5176,8222,0.0732225656877898,0.02911129887088102,20161025.tif,20170714.tif
153,89,6489,12574,21819,0.5160648958167647,0.23254730504587157,20161025.tif,20170714.tif
157,90,896,2642,4554,0.33913701741105223,0.14222222222222222,20161025.tif,20170714.tif
159,98,2212,9303,17336,0.23777276147479307,0.09055553281205224,20161025.tif,20170714.tif
161,96,2708,5156,9722,0.5252133436772692,0.22251437962202136,20161025.tif,20170714.tif
163,100,1453,5718,11890,0.2541098286114026,0.08994119467657072,20161025.tif,20170714.tif
165,102,1762,5550,28428,0.31747747747747745,0.05469332008939657,20161025.tif,20170714.tif
166,104,2938,10178,16664,0.2886618196109255,0.1229082998661312,20161025.tif,20170714.tif
170,105,683,4260,6950,0.16032863849765258,0.0648807827491213,20161025.tif,20170714.tif
171,106,3739,7634,14330,0.4897825517422059,0.20515775034293554,20161025.tif,20170714.tif
172,102,7900,11820,28428,0.6683587140439933,0.24421911710152097,20161025.tif,20170714.tif
174,108,5477,15023,16552,0.36457431937695534,0.2098628247375278,20161025.tif,20170714.tif
177,111,3247,10048,18711,0.3231488853503185,0.12727343994982754,20161025.tif,20170714.tif
178,110,5652,7652,15531,0.7386304234187141,0.3224003194341452,20161025.tif,20170714.tif
181,116,296,9206,296,1.0,0.03215294373234847,20161025.tif,20170714.tif
183,114,2446,6766,13808,0.3615134496009459,0.13492939099735216,20161025.tif,20170714.tif
187,120,910,5159,11237,0.17639077340569878,0.05876275345473331,20161025.tif,20170714.tif
188,119,8553,11605,22682,0.7370099095217578,0.33236185591046863,20161025.tif,20170714.tif
193,122,1267,7776,12575,0.16293724279835392,0.06639069377488996,20161025.tif,20170714.tif
195,123,990,4117,6581,0.24046635899927132,0.10197775030902348,20161025.tif,20170714.tif
196,124,5266,8776,17434,0.600045578851413,0.2514323911382735,20161025.tif,20170714.tif
197,126,1588,6093,11277,0.26062694895782046,0.10062096058801166,20161025.tif,20170714.tif
199,127,8172,9697,20102,0.8427348664535423,0.3778610070744902,20161025.tif,20170714.tif
204,131,3162,6182,10467,0.5114849563248139,0.23444798695039668,20161025.tif,20170714.tif
207,135,10960,36352,32842,0.33371901833018697,0.18820620256207712,20161025.tif,20170714.tif
207,140,376,36352,376,1.0,0.01034330985915493,20161025.tif,20170714.tif
215,137,5753,9395,14300,0.6123469930814263,0.3206442982945045,20161025.tif,20170714.tif
219,141,3742,16543,13158,0.28438972488220093,0.1441503910011942,20161025.tif,20170714.tif
220,139,714,3123,9229,0.228626320845341,0.06135074755112562,20161025.tif,20170714.tif
225,144,9559,20905,30887,0.45725902894044484,0.22633959226197523,20161025.tif,20170714.tif
227,145,26,2460,9197,0.01056910569105691,0.002235405382168343,20161025.tif,20170714.tif
229,146,212,17388,212,1.0,0.012192316540142627,20161025.tif,20170714.tif
229,147,2396,17388,18578,0.13779618127444215,0.07137324992552875,20161025.tif,20170714.tif
230,149,6980,16212,22344,0.43054527510486057,0.22105396503673677,20161025.tif,20170714.tif
231,150,9290,12861,23834,0.7223388538993858,0.33898923554095967,20161025.tif,20170714.tif
233,155,6096,12129,19260,0.5025970813752164,0.24101530067607638,20161025.tif,20170714.tif
234,156,3705,10596,17120,0.3496602491506229,0.15430427720628045,20161025.tif,20170714.tif
236,157,2122,4421,7670,0.4799819045464827,0.21285986558330824,20161025.tif,20170714.tif
238,163,78,5709,7476,0.013662637940094587,0.005951018539711604,20161025.tif,20170714.tif
239,160,3357,10910,17138,0.3076993583868011,0.13596047142683568,20161025.tif,20170714.tif
240,164,331,7157,12761,0.04624842811233757,0.016898963598305,20161025.tif,20170714.tif
243,167,1788,11376,20485,0.1571729957805907,0.05945532537492103,20161025.tif,20170714.tif
245,168,646,7626,8692,0.08471020194072909,0.041220010209290454,20161025.tif,20170714.tif
247,166,7250,11445,20367,0.6334643949322848,0.2951714029802133,20161025.tif,20170714.tif
250,168,2796,5325,8692,0.5250704225352113,0.24917565279386863,20161025.tif,20170714.tif
253,173,3635,11048,20540,0.3290188269370022,0.1300397095123958,20161025.tif,20170714.tif
254,174,692,6834,11032,0.10125841381328651,0.040293466868522185,20161025.tif,20170714.tif
257,172,4525,7275,13432,0.6219931271477663,0.2796316895315783,20161025.tif,20170714.tif
258,176,159,7924,13749,0.020065623422513883,0.0073905363949056425,20161025.tif,20170714.tif
259,177,410,7691,11638,0.053309062540631905,0.021671335694275595,20161025.tif,20170714.tif
262,178,5296,11116,21452,0.47643037063691973,0.19419184511586976,20161025.tif,20170714.tif
265,176,261,8720,13749,0.02993119266055046,0.011752521613832853,20161025.tif,20170714.tif
265,182,356,8720,356,1.0,0.0408256880733945,20161025.tif,20170714.tif
267,186,252,6264,11321,0.040229885057471264,0.01453874112963711,20161025.tif,20170714.tif
268,183,2161,5874,9692,0.3678924072182499,0.16120850428944425,20161025.tif,20170714.tif
269,185,6926,15502,25496,0.4467810605083215,0.2032754167644987,20161025.tif,20170714.tif
270,176,152,8121,13749,0.01871690678487871,0.006998802836356939,20161025.tif,20170714.tif
278,187,4927,7689,12163,0.6407855377812459,0.33011725293132327,20161025.tif,20170714.tif
279,188,136,5224,136,1.0,0.026033690658499236,20161025.tif,20170714.tif
280,189,10448,16918,25608,0.6175670883083106,0.32570609140220713,20161025.tif,20170714.tif
285,185,477,10227,25496,0.04664124376650044,0.013533450604323895,20161025.tif,20170714.tif
286,189,1793,6693,25608,0.26789182728223515,0.058771469778418774,20161025.tif,20170714.tif
286,193,127,6693,127,1.0,0.01897504855819513,20161025.tif,20170714.tif
292,197,564,10107,4999,0.11282256451290258,0.03878421125017192,20161025.tif,20170714.tif
296,199,824,6460,9824,0.12755417956656348,0.053298835705045275,20161025.tif,20170714.tif
297,194,1738,4070,7288,0.42702702702702705,0.18066528066528068,20161025.tif,20170714.tif
298,200,31,3715,6007,0.008344549125168237,0.003198844288515117,20161025.tif,20170714.tif
299,199,444,9272,9824,0.04788610871440897,0.023804417756808922,20161025.tif,20170714.tif
299,201,2398,9272,16631,0.2586281276962899,0.10202084662837695,20161025.tif,20170714.tif
302,207,386,5730,1184,0.3260135135135135,0.05912990196078431,20161025.tif,20170714.tif
303,204,1916,4195,8052,0.4567342073897497,0.1854612331816862,20161025.tif,20170714.tif
304,202,7173,8921,18871,0.8040578410492097,0.3478830205150589,20161025.tif,20170714.tif
309,205,4107,6223,12066,0.659971075044191,0.2895924411225497,20161025.tif,20170714.tif
311,210,5157,9309,10904,0.5539800193361263,0.34252125398512223,20161025.tif,20170714.tif
326,222,1966,9974,15150,0.19711249248044918,0.08489506865877883,20161025.tif,20170714.tif
327,217,4020,8059,15393,0.4988211936964884,0.20687525730753398,20161025.tif,20170714.tif
329,219,11443,17558,32245,0.6517257090784827,0.2983055265901981,20161025.tif,20170714.tif
336,223,10847,15882,28483,0.6829744364689586,0.3236171609284563,20161025.tif,20170714.tif
341,225,5,5476,10129,0.0009130752373995618,0.0003205128205128205,20161025.tif,20170714.tif
345,225,134,7083,10129,0.018918537342933785,0.007846352031853847,20161025.tif,20170714.tif
345,231,107,7083,11662,0.015106593251447127,0.005740959330400258,20161025.tif,20170714.tif
347,235,546,6735,11174,0.08106904231625835,0.031446178655762255,20161025.tif,20170714.tif
348,229,5086,8240,15770,0.6172330097087378,0.2687592475163813,20161025.tif,20170714.tif
356,238,3956,7681,17002,0.5150371045436792,0.1908621604670237,20161025.tif,20170714.tif
357,240,1146,6831,12752,0.16776460254721123,0.062157617833703965,20161025.tif,20170714.tif
358,235,461,12123,11174,0.04125648827635583,0.020187423366614117,20161025.tif,20170714.tif
358,241,3216,12123,20326,0.26528087107151693,0.11001265692881333,20161025.tif,20170714.tif
362,239,1583,2184,5261,0.7248168498168498,0.2700443534629819,20161025.tif,20170714.tif
366,240,2345,3724,12752,0.6296992481203008,0.16594720826551554,20161025.tif,20170714.tif
369,250,2095,6637,13857,0.315654663251469,0.11386488396108484,20161025.tif,20170714.tif
371,254,2157,10499,15859,0.20544813791789696,0.08912854840709061,20161025.tif,20170714.tif
376,256,834,3495,10341,0.23862660944206007,0.0641439778495616,20161025.tif,20170714.tif
379,265,2241,8054,14314,0.2782468338713683,0.1113429721269936,20161025.tif,20170714.tif
381,254,396,10134,15859,0.03907637655417407,0.015470562956596476,20161025.tif,20170714.tif
381,269,863,10134,12099,0.08515887112689954,0.040383715489003276,20161025.tif,20170714.tif
385,270,229,8452,1926,0.11889927310488058,0.022563799389102374,20161025.tif,20170714.tif
385,275,2239,8452,15497,0.2649077141504969,0.1031321971441732,20161025.tif,20170714.tif
387,273,3433,8011,11388,0.42853576332542753,0.21501941625955154,20161025.tif,20170714.tif
388,284,738,8877,16664,0.08313619466035822,0.029754465185663024,20161025.tif,20170714.tif
389,279,4690,10926,18509,0.4292513271096467,0.18953323903818953,20161025.tif,20170714.tif
391,284,1592,14068,16664,0.11316462894512369,0.0546328071379547,20161025.tif,20170714.tif
391,287,5065,14068,25989,0.3600369633210122,0.14474737082761774,20161025.tif,20170714.tif
393,285,1550,6074,9903,0.2551860388541324,0.10743744368198517,20161025.tif,20170714.tif
395,289,564,4509,9594,0.12508316699933467,0.04165743407932639,20161025.tif,20170714.tif
403,292,3619,11248,22504,0.3217460881934566,0.12010088607174858,20161025.tif,20170714.tif
411,296,100,5630,11648,0.017761989342806393,0.005821399464431249,20161025.tif,20170714.tif
416,292,1573,4792,22504,0.3282554257095159,0.061151498658787856,20161025.tif,20170714.tif
416,300,20,4792,10061,0.004173622704507512,0.0013483449066271152,20161025.tif,20170714.tif
421,301,732,2954,5839,0.24779959377115776,0.09080759211016003,20161025.tif,20170714.tif
426,303,127,8368,2258,0.0562444641275465,0.012096390132393562,20161025.tif,20170714.tif
432,305,6305,11764,21612,0.5359571574294457,0.23290606183739057,20161025.tif,20170714.tif
442,312,25,3008,5893,0.008311170212765957,0.0028165840468679587,20161025.tif,20170714.tif
445,310,373,400,9630,0.9325,0.038624831728280004,20161025.tif,20170714.tif
453,309,104,11448,15437,0.009084556254367574,0.003883350136290654,20161025.tif,20170714.tif
454,312,30,2515,5893,0.011928429423459244,0.0035808068751492002,20161025.tif,20170714.tif
483,332,619,10269,20175,0.060278508131268865,0.020754400670578373,20161025.tif,20170714.tif
498,342,2120,10014,19190,0.2117036149390853,0.07827499630778319,20161025.tif,20170714.tif
498,344,1005,10014,2214,0.453929539295393,0.08954824913124833,20161025.tif,20170714.tif
500,345,580,8066,841,0.6896551724137931,0.06965293623153597,20161025.tif,20170714.tif
532,368,16364,35514,48204,0.46077603198738526,0.24295513258306856,20161025.tif,20170714.tif
541,378,697,21107,1573,0.4431023521932613,0.03170631851885548,20161025.tif,20170714.tif
543,377,2743,7333,13502,0.37406245738442656,0.15161397302675217,20161025.tif,20170714.tif
546,376,624,9886,7650,0.0815686274509804,0.036896877956480605,20161025.tif,20170714.tif
546,381,127,9886,17370,0.012846449524580214,0.004681337314313097,20161025.tif,20170714.tif
551,385,6915,24201,29900,0.28573199454567993,0.14654770482770313,20161025.tif,20170714.tif
552,383,2033,11019,15588,0.1844995008621472,0.08272971433222105,20161025.tif,20170714.tif
553,387,11964,31116,43672,0.38449672194369455,0.19043677575448872,20161025.tif,20170714.tif
556,390,232,10383,20283,0.02234421650775306,0.007623053164224223,20161025.tif,20170714.tif
559,391,15099,32736,48368,0.46123533724340177,0.22875539731838498,20161025.tif,20170714.tif
568,397,1023,11221,2517,0.4064362336114422,0.08045615414864334,20161025.tif,20170714.tif
572,398,671,3991,8615,0.16812828864946128,0.05622119815668203,20161025.tif,20170714.tif
573,399,935,5440,11416,0.171875,0.05872746686765907,20161025.tif,20170714.tif
584,407,553,14673,2408,0.22965116279069767,0.03345837366892546,20161025.tif,20170714.tif
586,403,2191,6810,15460,0.32173274596182083,0.1091189800288859,20161025.tif,20170714.tif
592,408,3312,17432,30792,0.18999541073887105,0.07374421090131814,20161025.tif,20170714.tif
605,416,8766,16280,30264,0.5384520884520885,0.23203981153052042,20161025.tif,20170714.tif
612,418,6425,16116,29880,0.39867212707867955,0.16236637941927168,20161025.tif,20170714.tif
617,417,3232,4660,13140,0.6935622317596567,0.22185612300933552,20161025.tif,20170714.tif
620,423,923,7614,13668,0.121224060940373,0.04533621494179478,20161025.tif,20170714.tif
625,424,1145,7773,14919,0.1473047729319439,0.053139648210887826,20161025.tif,20170714.tif
628,427,2300,11628,21216,0.1977984176126591,0.07530120481927711,20161025.tif,20170714.tif
630,430,3497,14576,22495,0.23991492864983535,0.10415797938881277,20161025.tif,20170714.tif
632,434,3704,19486,26252,0.19008518936672483,0.08811914164723796,20161025.tif,20170714.tif
633,431,468,31360,4245,0.11024734982332156,0.013319293052907192,20161025.tif,20170714.tif
633,432,17912,31360,50064,0.5711734693877552,0.28202544401058066,20161025.tif,20170714.tif
640,451,988,12474,17912,0.07920474587141253,0.03360772841689911,20161025.tif,20170714.tif
641,452,5116,21784,31368,0.23485126698494307,0.10650345574152718,20161025.tif,20170714.tif
3,5,69,2221,2577,0.031067086897793788,0.014590822584055826,20170714.tif,20170728.tif
4,6,107,2581,2915,0.041456799690042616,0.01985526071627389,20170714.tif,20170728.tif
5,6,356,1402,2915,0.25392296718972895,0.08987629386518556,20170714.tif,20170728.tif
16,27,4694,6023,8620,0.7793458409430516,0.47180621167956577,20170714.tif,20170728.tif
19,30,12802,20708,22236,0.6182151825381496,0.42472297790458496,20170714.tif,20170728.tif
20,33,6931,9065,9288,0.7645890788747932,0.6068114165645246,20170714.tif,20170728.tif
27,35,9192,11766,12572,0.7812340642529322,0.6068929090188828,20170714.tif,20170728.tif
29,36,416,4480,544,0.7647058823529411,0.09027777777777778,20170714.tif,20170728.tif
30,37,3258,12430,4035,0.8074349442379182,0.24668736276217157,20170714.tif,20170728.tif
30,38,110,12430,110,1.0,0.008849557522123894,20170714.tif,20170728.tif
30,39,1609,12430,6500,0.24753846153846154,0.09289302003348536,20170714.tif,20170728.tif
34,41,3432,5830,6072,0.5886792452830188,0.4051948051948052,20170714.tif,20170728.tif
36,46,10319,13148,13792,0.7848341953148767,0.6208411046266771,20170714.tif,20170728.tif
37,43,1480,5094,6246,0.29053788771103256,0.15010141987829614,20170714.tif,20170728.tif
38,44,2282,6673,7486,0.34197512363254906,0.1921360612949398,20170714.tif,20170728.tif
40,48,11473,13442,14059,0.853518821603928,0.7158098327926129,20170714.tif,20170728.tif
41,53,9469,11381,11858,0.8320007029259292,0.6876543209876543,20170714.tif,20170728.tif
42,54,3,9795,20318,0.00030627871362940275,9.963467286615742e-05,20170714.tif,20170728.tif
44,54,14033,16544,20318,0.848222920696325,0.6147006001138903,20170714.tif,20170728.tif
45,56,13143,15771,16928,0.8333650370933993,0.6720699529556147,20170714.tif,20170728.tif
46,59,1952,12815,1952,1.0,0.152321498244245,20170714.tif,20170728.tif
47,58,17026,23766,18418,0.9244217613204474,0.6767628587328086,20170714.tif,20170728.tif
49,57,25374,34450,36506,0.7365457184325109,0.5566671054363564,20170714.tif,20170728.tif
51,63,3900,6015,20214,0.6483790523690773,0.17466075507187961,20170714.tif,20170728.tif
52,66,14542,16762,17488,0.867557570695621,0.7378729449969555,20170714.tif,20170728.tif
53,67,14765,17389,18757,0.8491000057507619,0.6905663907207333,20170714.tif,20170728.tif
54,64,17679,20430,20710,0.865345080763583,0.7535484420953924,20170714.tif,20170728.tif
55,65,1210,3696,4591,0.3273809523809524,0.17097640243040838,20170714.tif,20170728.tif
56,68,13566,17642,18849,0.7689604353247931,0.5917557251908397,20170714.tif,20170728.tif
57,72,3897,9273,9222,0.422576447625244,0.26695437731196053,20170714.tif,20170728.tif
58,70,10048,13179,14229,0.7624250701874193,0.5788018433179724,20170714.tif,20170728.tif
59,69,12826,18128,18784,0.7075242718446602,0.5325085111683135,20170714.tif,20170728.tif
60,71,11011,14952,11828,0.9309266148123098,0.6982687551525144,20170714.tif,20170728.tif
61,73,484,570,2691,0.8491228070175438,0.17428880086424198,20170714.tif,20170728.tif
62,74,14705,16148,17170,0.9106390884320039,0.7900392199000699,20170714.tif,20170728.tif
63,75,6238,8312,9101,0.7504812319538018,0.5582102908277405,20170714.tif,20170728.tif
64,76,18430,20680,21677,0.8911992263056093,0.7702595394324403,20170714.tif,20170728.tif
69,82,7598,15133,7692,0.9877795111804473,0.49898207132068034,20170714.tif,20170728.tif
70,87,6438,11359,11620,0.5667752442996743,0.3892146786772263,20170714.tif,20170728.tif
71,88,12023,12737,13043,0.943942843683756,0.8739550774151341,20170714.tif,20170728.tif
73,89,3152,3639,3814,0.8661720252816708,0.7328528249244362,20170714.tif,20170728.tif
75,91,1547,2028,2053,0.7628205128205128,0.6104972375690608,20170714.tif,20170728.tif
76,90,2783,4424,4596,0.6290687160940326,0.4462081128747795,20170714.tif,20170728.tif
77,94,6480,12532,12319,0.526016722136537,0.3527298459528605,20170714.tif,20170728.tif
78,93,20016,20648,20820,0.969391708640062,0.9330598545590155,20170714.tif,20170728.tif
79,92,2544,5952,18182,0.4274193548387097,0.11783232978230662,20170714.tif,20170728.tif
83,95,6997,8222,8926,0.8510094867428849,0.689291695399468,20170714.tif,20170728.tif
85,98,150,1468,1702,0.10217983651226158,0.04966887417218543,20170714.tif,20170728.tif
86,96,2589,2844,3214,0.9103375527426161,0.7463245892187951,20170714.tif,20170728.tif
87,97,1004,1004,15478,1.0,0.06486626179092907,20170714.tif,20170728.tif
88,97,3894,4587,15478,0.8489208633093526,0.24080143466699647,20170714.tif,20170728.tif
89,100,19340,21819,23038,0.8863834272881433,0.7579260884900263,20170714.tif,20170728.tif
90,104,1410,4554,3129,0.4506232023010546,0.22477283596365374,20170714.tif,20170728.tif
93,101,5618,9307,10250,0.6036316750832706,0.40304182509505704,20170714.tif,20170728.tif
96,106,5897,9722,10719,0.6065624357128163,0.40545929592959296,20170714.tif,20170728.tif
98,105,17033,17336,17762,0.9825219197046609,0.9428729587600332,20170714.tif,20170728.tif
100,109,10542,11890,12593,0.8866274179983179,0.7561867871745211,20170714.tif,20170728.tif
101,108,3415,3948,4815,0.8649949341438703,0.6385564697083022,20170714.tif,20170728.tif
104,112,16234,16664,17563,0.9741958713394143,0.9022397599066303,20170714.tif,20170728.tif
105,114,5560,6950,7629,0.8,0.6164763277525225,20170714.tif,20170728.tif
106,116,11327,14330,14935,0.7904396371249127,0.6314527818039916,20170714.tif,20170728.tif
107,117,16487,22686,17215,0.9577112982863781,0.7041513624327326,20170714.tif,20170728.tif
108,119,10043,16552,12916,0.777562712914215,0.517014157014157,20170714.tif,20170728.tif
110,123,9200,15531,15320,0.6005221932114883,0.4249226363678352,20170714.tif,20170728.tif
111,122,17943,18711,18786,0.9589546256212923,0.9176127646517337,20170714.tif,20170728.tif
114,126,12367,13808,14422,0.8956402085747392,0.7796129357624662,20170714.tif,20170728.tif
115,119,60,556,12916,0.1079136690647482,0.0044736057262153295,20170714.tif,20170728.tif
115,124,52,556,156,0.3333333333333333,0.07878787878787878,20170714.tif,20170728.tif
119,129,18989,22682,23717,0.8371836698703818,0.6927763589930682,20170714.tif,20170728.tif
120,128,10755,11237,12017,0.9571059891430097,0.8604688375070005,20170714.tif,20170728.tif
121,130,9015,10620,11305,0.8488700564971752,0.698295894655306,20170714.tif,20170728.tif
122,132,11195,12575,12683,0.890258449304175,0.7960605845125507,20170714.tif,20170728.tif
123,133,4905,6581,7246,0.745327457833156,0.5497646267652992,20170714.tif,20170728.tif
124,134,15363,17434,18773,0.8812091315819662,0.7370466321243523,20170714.tif,20170728.tif
125,135,867,1282,1506,0.6762870514820593,0.45132743362831856,20170714.tif,20170728.tif
126,138,9335,11277,10970,0.8509571558796718,0.7229708798017348,20170714.tif,20170728.tif
127,144,14683,20102,20368,0.7304248333499155,0.5693954318067244,20170714.tif,20170728.tif
131,146,7487,10467,10483,0.7152956912200248,0.5561167644655723,20170714.tif,20170728.tif
133,147,4599,4899,5098,0.9387630128597673,0.8519822156354205,20170714.tif,20170728.tif
135,148,30250,32842,50556,0.9210766701175325,0.5691653495898247,20170714.tif,20170728.tif
136,152,1373,1593,1840,0.8618957940991839,0.666504854368932,20170714.tif,20170728.tif
137,155,11153,14300,16971,0.77993006993007,0.5543791629386619,20170714.tif,20170728.tif
138,150,1228,6387,7124,0.19226553937685925,0.0999755759993487,20170714.tif,20170728.tif
139,157,7573,9229,10136,0.8205656084082783,0.6422150610583447,20170714.tif,20170728.tif
140,148,376,376,50556,1.0,0.007437297254529631,20170714.tif,20170728.tif
141,156,4140,13158,27640,0.3146374829001368,0.11293578482186699,20170714.tif,20170728.tif
142,156,144,144,27640,1.0,0.005209840810419681,20170714.tif,20170728.tif
144,158,26669,30887,32346,0.8634376922329783,0.7293786237829559,20170714.tif,20170728.tif
145,159,8744,9197,9994,0.9507448080895944,0.8369866947449028,20170714.tif,20170728.tif
146,160,192,212,21424,0.9056603773584906,0.008953553441522105,20170714.tif,20170728.tif
147,160,11778,18578,21424,0.6339756701474862,0.41730442176870747,20170714.tif,20170728.tif
150,165,21504,23834,24215,0.9022404967693212,0.8100960632887549,20170714.tif,20170728.tif
151,160,56,120,21424,0.4666666666666667,0.0026061057334326137,20170714.tif,20170728.tif
155,166,18774,19260,20257,0.974766355140187,0.9050764113194812,20170714.tif,20170728.tif
156,167,14916,17120,17396,0.8712616822429906,0.7610204081632653,20170714.tif,20170728.tif
157,169,5417,7670,8400,0.70625814863103,0.5084952595513001,20170714.tif,20170728.tif
158,173,2898,3867,4002,0.7494181536074477,0.5829812914906457,20170714.tif,20170728.tif
160,171,14122,17138,17861,0.8240168047613491,0.6764381855630598,20170714.tif,20170728.tif
164,172,7669,12761,13574,0.6009717106809811,0.4108539590699668,20170714.tif,20170728.tif
166,175,18891,20367,21324,0.927529827662395,0.8285526315789473,20170714.tif,20170728.tif
167,174,12233,20485,21966,0.5971686599951184,0.4048249387782117,20170714.tif,20170728.tif
170,178,1955,3017,3498,0.6479946967185947,0.42872807017543857,20170714.tif,20170728.tif
172,181,10006,13432,13879,0.7449374627754616,0.5782143889049408,20170714.tif,20170728.tif
173,179,15601,20540,21222,0.7595423563777994,0.5963457054393945,20170714.tif,20170728.tif
174,180,8387,11032,11739,0.7602429296591733,0.5830784204671857,20170714.tif,20170728.tif
175,184,177,861,1063,0.20557491289198607,0.10131654264453349,20170714.tif,20170728.tif
177,183,7068,11638,12654,0.6073208455061007,0.41035764050162565,20170714.tif,20170728.tif
178,185,18296,21452,21598,0.8528808502703711,0.7391128706471681,20170714.tif,20170728.tif
183,188,8703,9692,10279,0.8979570780024763,0.7723642172523961,20170714.tif,20170728.tif
184,186,5754,13382,15134,0.42998057091615605,0.25278973728143395,20170714.tif,20170728.tif
185,190,18024,25496,23318,0.7729650913457415,0.5853848652159792,20170714.tif,20170728.tif
186,189,6114,11321,12018,0.5400582987368607,0.35494920174165456,20170714.tif,20170728.tif
187,192,9138,12163,13028,0.7512949107950341,0.5692393945056998,20170714.tif,20170728.tif
189,193,22658,25608,25010,0.9059576169532187,0.8103719599427754,20170714.tif,20170728.tif
192,199,7589,9445,10228,0.8034939121228163,0.6280205230056273,20170714.tif,20170728.tif
193,196,3,127,8190,0.023622047244094488,0.00036083714216983404,20170714.tif,20170728.tif
194,200,5580,7288,7593,0.7656421514818881,0.59993549080744,20170714.tif,20170728.tif
200,201,4308,6007,6104,0.7171633094722824,0.5520953479430988,20170714.tif,20170728.tif
201,203,11291,16631,17870,0.6789128735493957,0.48647134855665664,20170714.tif,20170728.tif
202,204,14666,18871,19734,0.7771713210746648,0.6126404611721459,20170714.tif,20170728.tif
204,208,6486,8052,8530,0.8055141579731744,0.6424326465927099,20170714.tif,20170728.tif
205,209,9580,12066,12447,0.793966517487154,0.6415321770575236,20170714.tif,20170728.tif
210,212,4297,10904,11908,0.39407556859867937,0.23208209559816365,20170714.tif,20170728.tif
211,214,731,1597,1160,0.6301724137931034,0.3608094768015795,20170714.tif,20170728.tif
215,216,2454,9314,10572,0.2634743397036719,0.14077558513079394,20170714.tif,20170728.tif
216,220,497,1394,2573,0.3565279770444763,0.14322766570605186,20170714.tif,20170728.tif
217,221,12892,15393,15309,0.8421190149585212,0.723862998315553,20170714.tif,20170728.tif
218,223,203,921,1049,0.22041259500542887,0.11488398415393322,20170714.tif,20170728.tif
219,222,26293,32245,31580,0.8325839138695377,0.7005488649685602,20170714.tif,20170728.tif
223,225,24181,28483,28124,0.8597994595363391,0.7457287361993462,20170714.tif,20170728.tif
224,227,867,960,1195,0.903125,0.6731366459627329,20170714.tif,20170728.tif
225,230,3964,10129,10680,0.39135156481390065,0.235322054021965,20170714.tif,20170728.tif
225,236,465,10129,11830,0.04590778951525323,0.021633944356564624,20170714.tif,20170728.tif
226,232,7605,9343,9611,0.8139783795354811,0.6701030927835051,20170714.tif,20170728.tif
229,241,13542,15770,15522,0.8724391186702745,0.7629295774647887,20170714.tif,20170728.tif
230,235,138,2169,2442,0.0636237897648686,0.03085177733065057,20170714.tif,20170728.tif
230,243,1300,2169,11483,0.5993545412632549,0.1052461139896373,20170714.tif,20170728.tif
231,236,5030,11662,11830,0.43131538329617564,0.2724515220452822,20170714.tif,20170728.tif
232,240,204,1964,2270,0.10386965376782077,0.050620347394540945,20170714.tif,20170728.tif
235,243,4681,11174,11483,0.4189189189189189,0.26040275923453493,20170714.tif,20170728.tif
238,248,13129,17002,16854,0.7789842173964637,0.6334250012061562,20170714.tif,20170728.tif
239,252,2806,5261,5338,0.5333586770575937,0.3600667265494675,20170714.tif,20170728.tif
240,244,8323,12752,20234,0.6526819322459222,0.33746908324210356,20170714.tif,20170728.tif
241,251,11632,20326,21184,0.572271966938896,0.38931655398621057,20170714.tif,20170728.tif
248,257,2371,5457,5184,0.4573688271604938,0.28669891172914147,20170714.tif,20170728.tif
249,258,526,1673,1806,0.31440526001195457,0.17812394175414833,20170714.tif,20170728.tif
250,259,9515,13857,13612,0.6990155744930944,0.5299654673053359,20170714.tif,20170728.tif
254,265,6477,15859,12878,0.5029507687529119,0.2909703504043127,20170714.tif,20170728.tif
256,267,6435,10341,9420,0.6831210191082803,0.4828905898244034,20170714.tif,20170728.tif
261,269,1676,9168,9870,0.18280977312390925,0.09653265752793457,20170714.tif,20170728.tif
265,271,8612,14314,15672,0.6016487355037027,0.40291943482736037,20170714.tif,20170728.tif
267,272,1031,2891,3083,0.35662400553441714,0.20857778676916852,20170714.tif,20170728.tif
269,283,50,12099,26902,0.004132572939912389,0.0012836640907807244,20170714.tif,20170728.tif
273,277,8836,11388,11292,0.7825008855827135,0.638254839641722,20170714.tif,20170728.tif
275,276,8964,15497,15882,0.5784345357165903,0.3999107740352443,20170714.tif,20170728.tif
278,280,217,2147,3383,0.10107126222636237,0.04084321475625823,20170714.tif,20170728.tif
279,281,12169,18509,18825,0.6574639364633421,0.4835684482416054,20170714.tif,20170728.tif
281,280,288,3276,3383,0.08791208791208792,0.04520483440590174,20170714.tif,20170728.tif
284,282,7960,16664,16680,0.4776764282285166,0.3135833595965963,20170714.tif,20170728.tif
285,285,7027,9903,9770,0.7192425793244627,0.5556697770045864,20170714.tif,20170728.tif
287,283,15113,25989,26902,0.5815152564546539,0.40004764677854837,20170714.tif,20170728.tif
289,286,4888,9594,10078,0.5094850948509485,0.3306277056277056,20170714.tif,20170728.tif
291,289,410,1012,1072,0.4051383399209486,0.24492234169653523,20170714.tif,20170728.tif
292,290,13142,22504,23212,0.5839850693210096,0.4034506047768159,20170714.tif,20170728.tif
295,295,4004,12014,12405,0.33327784251706344,0.19613029635072252,20170714.tif,20170728.tif
296,297,2716,11648,13683,0.23317307692307693,0.12009728056599601,20170714.tif,20170728.tif
297,298,1689,5705,5864,0.2960560911481157,0.1709514170040486,20170714.tif,20170728.tif
300,300,4161,10061,10284,0.4135771792068383,0.2571057834898665,20170714.tif,20170728.tif
301,301,4081,5839,5799,0.7037420244869805,0.5400291120815138,20170714.tif,20170728.tif
302,302,647,976,2233,0.6629098360655737,0.25253708040593287,20170714.tif,20170728.tif
303,303,5,2258,2368,0.0022143489813994687,0.0010820168794633195,20170714.tif,20170728.tif
304,304,1897,5563,5536,0.34266618497109824,0.2061508367746142,20170714.tif,20170728.tif
305,305,14495,21612,21416,0.6768304071722077,0.5080082711246626,20170714.tif,20170728.tif
307,306,717,3599,3758,0.1992220061128091,0.10798192771084338,20170714.tif,20170728.tif
309,313,5172,15437,16456,0.33503919155276285,0.1935556304030538,20170714.tif,20170728.tif
310,308,53,9630,4590,0.011546840958605665,0.003741088444977765,20170714.tif,20170728.tif
311,307,611,5430,5582,0.11252302025782689,0.05874435150466301,20170714.tif,20170728.tif
314,312,889,7073,6882,0.12917756466143562,0.06803918567273841,20170714.tif,20170728.tif
316,314,1459,2940,3047,0.4962585034013605,0.3222173144876325,20170714.tif,20170728.tif
319,319,283,4450,4883,0.06359550561797753,0.0312707182320442,20170714.tif,20170728.tif
323,321,1404,2430,2617,0.5777777777777777,0.3853966511117211,20170714.tif,20170728.tif
324,322,4419,5628,6027,0.785181236673774,0.6106965174129353,20170714.tif,20170728.tif
325,323,471,3864,2794,0.16857551896921977,0.07612736382737999,20170714.tif,20170728.tif
326,324,2246,6178,6567,0.3635480738102946,0.2139251357272121,20170714.tif,20170728.tif
328,327,512,4346,4263,0.1201032136992728,0.06323329628257379,20170714.tif,20170728.tif
332,330,6618,20175,20408,0.32802973977695166,0.19484763727366405,20170714.tif,20170728.tif
342,340,8414,19190,19099,0.4405466254777737,0.28164016736401676,20170714.tif,20170728.tif
346,348,519,762,1396,0.6811023622047244,0.3166564978645516,20170714.tif,20170728.tif
353,353,920,12069,12405,0.07622835363327533,0.03905918315360448,20170714.tif,20170728.tif
354,354,1002,13295,14532,0.07536667920270779,0.037353215284249765,20170714.tif,20170728.tif
355,360,1752,1752,28170,1.0,0.06219382321618743,20170714.tif,20170728.tif
362,369,1,18555,17274,5.78904712284358e-05,2.791113095902646e-05,20170714.tif,20170728.tif
364,369,160,16274,17274,0.009831633280078652,0.004792140888942135,20170714.tif,20170728.tif
368,376,26120,48204,47560,0.5492010092514719,0.3750502555855494,20170714.tif,20170728.tif
375,381,770,8891,8968,0.08660443144753122,0.04505822458891685,20170714.tif,20170728.tif
377,384,8288,13502,13785,0.6138349874092727,0.4362334859729459,20170714.tif,20170728.tif
381,387,1969,17370,17400,0.11335636154289004,0.060028657662876135,20170714.tif,20170728.tif
382,387,656,816,17400,0.803921568627451,0.03735763097949886,20170714.tif,20170728.tif
383,391,160,15588,848,0.18867924528301888,0.009830425165888425,20170714.tif,20170728.tif
385,392,3672,29900,15336,0.23943661971830985,0.08834568376479646,20170714.tif,20170728.tif
385,393,4208,29900,44504,0.14073578595317726,0.059946435694341556,20170714.tif,20170728.tif
385,396,312,29900,312,1.0,0.010434782608695653,20170714.tif,20170728.tif
387,393,21688,43672,44504,0.49661110093423705,0.32619420045722536,20170714.tif,20170728.tif
388,398,157,3700,3949,0.04243243243243243,0.020955686065136144,20170714.tif,20170728.tif
390,400,4473,20283,20745,0.22052950746930927,0.12236356175625769,20170714.tif,20170728.tif
391,404,25464,48368,42532,0.5987021536725289,0.38914359068402715,20170714.tif,20170728.tif
392,403,1726,16863,17277,0.10235426673782838,0.05324859628555562,20170714.tif,20170728.tif
393,406,7140,14463,14837,0.49367351171956025,0.322202166064982,20170714.tif,20170728.tif
394,407,1080,3046,3383,0.35456336178594877,0.20190689848569826,20170714.tif,20170728.tif
396,408,532,7895,6165,0.08629359286293593,0.03932584269662921,20170714.tif,20170728.tif
398,411,4037,8615,8253,0.4891554586211075,0.31462863377756994,20170714.tif,20170728.tif
399,413,4038,11416,11768,0.35371408549404343,0.21090567220307113,20170714.tif,20170728.tif
400,412,955,16429,16534,0.058128918376042366,0.029836290927268184,20170714.tif,20170728.tif
402,418,1391,12230,4686,0.2968416559965856,0.08959742351046698,20170714.tif,20170728.tif
403,415,8896,15460,15244,0.5835738651272632,0.40792369772560527,20170714.tif,20170728.tif
406,418,376,15200,4686,0.08023900981647461,0.01927216811891338,20170714.tif,20170728.tif
406,426,423,15200,8763,0.04827114002054091,0.017969413763806286,20170714.tif,20170728.tif
407,417,72,2408,6936,0.029900332225913623,0.007765314926660914,20170714.tif,20170728.tif
407,422,32,2408,11624,0.013289036544850499,0.002285714285714286,20170714.tif,20170728.tif
408,420,10436,30792,30968,0.3389191997921538,0.2033356714207778,20170714.tif,20170728.tif
409,421,1336,15332,15619,0.08713801200104357,0.04511227418537903,20170714.tif,20170728.tif
410,422,1212,13567,11624,0.10426703372333104,0.05054422619792318,20170714.tif,20170728.tif
414,426,191,8367,8763,0.022827775785825268,0.011275754176751874,20170714.tif,20170728.tif
416,428,17296,30264,30148,0.5737030648799257,0.4011503850078857,20170714.tif,20170728.tif
416,435,259,30264,1183,0.21893491124260356,0.008304476080543799,20170714.tif,20170728.tif
417,431,1200,13140,17288,0.091324200913242,0.04105652114410839,20170714.tif,20170728.tif
418,436,484,29880,13846,0.03495594395493283,0.011192821793626568,20170714.tif,20170728.tif
418,438,5416,29880,5916,0.9154834347532116,0.178275181040158,20170714.tif,20170728.tif
419,432,455,12529,12731,0.03631574746587916,0.018343075992743398,20170714.tif,20170728.tif
423,436,4361,13668,13846,0.3190664325431665,0.18835572064095366,20170714.tif,20170728.tif
424,440,6941,14919,15464,0.4652456598967759,0.29609248357648665,20170714.tif,20170728.tif
425,441,4,8047,8453,0.0004970796570150367,0.00024248302618816683,20170714.tif,20170728.tif
427,442,9580,21216,22401,0.45154600301659126,0.2814584129036049,20170714.tif,20170728.tif
430,443,7264,22495,21824,0.33284457478005863,0.19603292403184455,20170714.tif,20170728.tif
431,444,54,4245,4443,0.012720848056537103,0.006254343293954135,20170714.tif,20170728.tif
432,445,31484,50064,49036,0.642058895505343,0.46562943681968766,20170714.tif,20170728.tif
433,448,143,491,519,0.29124236252545826,0.16493656286043828,20170714.tif,20170728.tif
434,447,8624,26252,25828,0.3339011925042589,0.19845360824742267,20170714.tif,20170728.tif
435,450,450,911,949,0.49396267837541163,0.3191489361702128,20170714.tif,20170728.tif
436,453,78,571,282,0.2765957446808511,0.10064516129032258,20170714.tif,20170728.tif
437,452,416,1440,1188,0.3501683501683502,0.18806509945750452,20170714.tif,20170728.tif
438,454,104,371,406,0.2803234501347709,0.15453194650817237,20170714.tif,20170728.tif
439,455,126,428,347,0.3631123919308357,0.1941448382126348,20170714.tif,20170728.tif
440,456,1063,1515,1684,0.7016501650165017,0.49765917602996257,20170714.tif,20170728.tif
441,458,309,547,569,0.5648994515539305,0.3828996282527881,20170714.tif,20170728.tif
443,457,1000,11444,7936,0.12600806451612903,0.0544069640914037,20170714.tif,20170728.tif
443,460,617,11444,15170,0.05391471513456833,0.023733507712428357,20170714.tif,20170728.tif
447,460,2921,15317,15170,0.19255108767303888,0.10596386853370093,20170714.tif,20170728.tif
447,467,401,15317,33876,0.02618006136971992,0.008218560419740941,20170714.tif,20170728.tif
449,463,169,1287,396,0.42676767676767674,0.11162483487450463,20170714.tif,20170728.tif
450,461,536,9076,17492,0.05905685323931247,0.020590043023970498,20170714.tif,20170728.tif
451,462,7600,17912,18082,0.4242965609647164,0.2676621821511587,20170714.tif,20170728.tif
452,467,10420,31368,33876,0.33218566692170365,0.19006274624252154,20170714.tif,20170728.tif
455,468,186,684,685,0.2719298245614035,0.15722738799661876,20170714.tif,20170728.tif
456,467,4,184,33876,0.021739130434782608,0.00011745360582569885,20170714.tif,20170728.tif
466,474,1368,14240,14399,0.09606741573033707,0.05016317700121008,20170714.tif,20170728.tif
3,3,8,1091,725,0.011034482758620689,0.004424778761061947,20170728.tif,20171002.tif
5,4,860,2577,3676,0.3337213814513,0.1594659744112739,20170728.tif,20171002.tif
6,5,926,2915,3415,0.3176672384219554,0.17135455218356774,20170728.tif,20171002.tif
7,6,235,1635,2136,0.1437308868501529,0.06645927601809955,20170728.tif,20171002.tif
24,8,4076,7452,10221,0.5469672571121846,0.29977200853129365,20170728.tif,20171002.tif
27,11,4884,8620,11668,0.5665893271461717,0.3170605037652558,20170728.tif,20171002.tif
33,15,4732,9288,10594,0.5094745908699397,0.31234323432343236,20170728.tif,20171002.tif
34,16,3744,5312,11720,0.7048192771084337,0.2817579771222155,20170728.tif,20171002.tif
35,17,7206,12572,13751,0.5731784918867324,0.37694198880577495,20170728.tif,20171002.tif
41,20,2645,6072,7187,0.4356060606060606,0.2491991709063501,20170728.tif,20171002.tif
46,25,360,13792,360,1.0,0.026102088167053363,20170728.tif,20171002.tif
48,24,8788,14059,16280,0.625080019916068,0.40777690130388383,20170728.tif,20171002.tif
53,26,5361,11858,11166,0.4801182160128963,0.3035158240389515,20170728.tif,20171002.tif
53,29,870,11858,17844,0.07336819025130713,0.03017480577136515,20170728.tif,20171002.tif
54,29,9266,20318,17844,0.5192781887469178,0.3206672203765227,20170728.tif,20171002.tif
56,30,11147,16928,18680,0.6584948015122873,0.455704999795593,20170728.tif,20171002.tif
57,31,28996,36506,37286,0.7942803922642854,0.6472899366014823,20170728.tif,20171002.tif
59,33,1522,1952,14922,0.7797131147540983,0.0991401771756123,20170728.tif,20171002.tif
62,33,184,702,14922,0.2621082621082621,0.011917098445595855,20170728.tif,20171002.tif
66,35,11654,17488,20154,0.6663998170173834,0.44843774049561336,20170728.tif,20171002.tif
67,36,12891,18757,20790,0.6872634216559151,0.48360594237695076,20170728.tif,20171002.tif
68,37,13681,18849,22054,0.7258209984614569,0.5025714495628536,20170728.tif,20171002.tif
69,40,28,18784,360,0.07777777777777778,0.001464741577735928,20170728.tif,20171002.tif
70,38,8726,14229,15816,0.6132546208447537,0.40930625263849146,20170728.tif,20171002.tif
70,41,14,14229,8819,0.0015874815738745889,0.0006077971694017539,20170728.tif,20171002.tif
72,39,4295,9222,9545,0.46573411407503795,0.29677998894416807,20170728.tif,20171002.tif
74,44,31,17170,203,0.15270935960591134,0.0017875677545842463,20170728.tif,20171002.tif
75,41,4018,9101,8819,0.455607211702007,0.2890231621349446,20170728.tif,20171002.tif
87,48,7104,11620,14699,0.6113597246127367,0.3697111631537861,20170728.tif,20171002.tif
88,49,8015,13043,15008,0.6145058652150579,0.40002994609702536,20170728.tif,20171002.tif
89,52,1070,3814,4417,0.28054535920293655,0.14942047200111716,20170728.tif,20171002.tif
93,54,14686,20820,23523,0.7053794428434198,0.4951950635600364,20170728.tif,20171002.tif
94,55,6895,12319,12132,0.5683316848005275,0.3927432216905901,20170728.tif,20171002.tif
95,56,4301,8926,8824,0.48742067089755214,0.3198007286787122,20170728.tif,20171002.tif
96,57,1084,3214,4329,0.3372744243932794,0.16782783712649016,20170728.tif,20171002.tif
97,58,8114,15478,16090,0.5242279364258948,0.3459537818708962,20170728.tif,20171002.tif
98,59,224,1702,2633,0.13160987074030553,0.05448795913403065,20170728.tif,20171002.tif
100,61,16289,23038,25657,0.7070492230228318,0.50265382953774,20170728.tif,20171002.tif
105,62,11831,17762,19878,0.6660849003490598,0.4584059824092371,20170728.tif,20171002.tif
106,63,5446,10719,10880,0.5080697826289766,0.3371509936234755,20170728.tif,20171002.tif
108,65,1464,4815,5316,0.3040498442367601,0.1689165801315334,20170728.tif,20171002.tif
109,64,6726,12593,13616,0.5341062495036926,0.34522404147205255,20170728.tif,20171002.tif
114,71,2951,7629,8246,0.38681347489841394,0.22833488084184464,20170728.tif,20171002.tif
116,72,9173,14935,15202,0.6141948443254102,0.43755962602556764,20170728.tif,20171002.tif
117,73,11295,17215,25686,0.6561138541969213,0.3573688540150604,20170728.tif,20171002.tif
119,74,8830,12916,23520,0.6836481882935893,0.3198580018836485,20170728.tif,20171002.tif
123,75,9384,15320,18118,0.612532637075718,0.39012222499376403,20170728.tif,20171002.tif
126,76,8059,14422,16176,0.5587990569962558,0.35755801055947467,20170728.tif,20171002.tif
128,77,7240,12017,14400,0.6024798202546393,0.3775355895082651,20170728.tif,20171002.tif
129,78,16509,23717,24736,0.6960829784542734,0.5168106686701728,20170728.tif,20171002.tif
130,79,6364,11305,11558,0.562936753648828,0.385720346687678,20170728.tif,20171002.tif
132,80,7148,12683,14148,0.5635890562169834,0.3631560229639791,20170728.tif,20171002.tif
133,81,2954,7246,7706,0.40767319900634835,0.24620770128354727,20170728.tif,20171002.tif
134,82,11846,18773,18162,0.6522409426274639,0.4721591135557416,20170728.tif,20171002.tif
135,83,59,1506,2079,0.039176626826029216,0.016732841747022123,20170728.tif,20171002.tif
144,84,14009,20368,22683,0.6877945797329144,0.48237036016803253,20170728.tif,20171002.tif
151,88,3,3094,109,0.027522935779816515,0.0009375,20170728.tif,20171002.tif
152,87,156,1840,2567,0.08478260869565217,0.03669724770642202,20170728.tif,20171002.tif
153,90,80,11677,749,0.1068090787716956,0.0064798315243803665,20170728.tif,20171002.tif
155,89,9633,16971,17080,0.5676153438218137,0.3945040543861086,20170728.tif,20171002.tif
157,92,4849,10136,9128,0.5312226117440841,0.33638570933055845,20170728.tif,20171002.tif
159,93,4780,9994,9752,0.49015586546349466,0.31939061873580116,20170728.tif,20171002.tif
165,94,16845,24215,26206,0.6956431963658889,0.5016976411722659,20170728.tif,20171002.tif
166,95,13691,20257,22762,0.6758651330404305,0.46682351336606653,20170728.tif,20171002.tif
167,98,102,17396,102,1.0,0.00586341687744309,20170728.tif,20171002.tif
167,101,1396,17396,1396,1.0,0.08024833295010347,20170728.tif,20171002.tif
169,96,4044,8400,9316,0.48142857142857143,0.29578700994733764,20170728.tif,20171002.tif
171,97,11442,17861,19095,0.6406136274564694,0.4484596692012229,20170728.tif,20171002.tif
173,100,1370,4002,5057,0.3423288355822089,0.1781766159448563,20170728.tif,20171002.tif
175,103,14721,21324,23060,0.6903489026449071,0.4962748204834305,20170728.tif,20171002.tif
178,104,954,3498,4247,0.2727272727272727,0.1404800471211898,20170728.tif,20171002.tif
179,105,15111,21222,24473,0.7120441051738762,0.49408187287470573,20170728.tif,20171002.tif
180,106,6931,11739,12693,0.5904250787971718,0.39603451231358205,20170728.tif,20171002.tif
181,107,7699,13879,13560,0.5677728613569322,0.39002026342451873,20170728.tif,20171002.tif
183,108,6608,12654,11846,0.5578254263042377,0.36932707355242567,20170728.tif,20171002.tif
185,109,4296,21598,10034,0.42814430934821607,0.15715539947322213,20170728.tif,20171002.tif
185,112,220,21598,220,1.0,0.01018612834521715,20170728.tif,20171002.tif
188,110,4587,10279,10122,0.45317131001778305,0.2900594410016441,20170728.tif,20171002.tif
190,113,122,23318,2600,0.04692307692307692,0.004729415413242363,20170728.tif,20171002.tif
192,116,7419,13028,13246,0.5694657660423703,0.39347653142402544,20170728.tif,20171002.tif
200,120,3014,7593,7766,0.39694455419465297,0.24414742810854598,20170728.tif,20171002.tif
201,121,2614,6104,7448,0.42824377457404983,0.23898336076065094,20170728.tif,20171002.tif
203,122,10598,17870,18270,0.5930609960828204,0.41492443818025215,20170728.tif,20171002.tif
204,126,110,19734,110,1.0,0.005574136008918618,20170728.tif,20171002.tif
208,124,3959,8530,8502,0.4656551399670666,0.3028379101965884,20170728.tif,20171002.tif
209,125,6752,12447,11955,0.5647846089502301,0.38254957507082155,20170728.tif,20171002.tif
217,128,36,1622,2409,0.02219482120838471,0.009011264080100126,20170728.tif,20171002.tif
220,130,427,2573,2149,0.1986970684039088,0.09941792782305006,20170728.tif,20171002.tif
221,131,9464,15309,17102,0.6181984453589392,0.41242863990935635,20170728.tif,20171002.tif
225,133,19898,28124,30722,0.7075096003413455,0.5108863099517306,20170728.tif,20171002.tif
230,134,5732,10680,12690,0.5367041198501873,0.3249801564803266,20170728.tif,20171002.tif
232,135,5264,9611,11391,0.5477057538237436,0.3344770618884229,20170728.tif,20171002.tif
236,137,6132,11830,11544,0.5311850311850311,0.3556431968449136,20170728.tif,20171002.tif
240,139,96,2270,1200,0.08,0.02845287492590397,20170728.tif,20171002.tif
241,138,9748,15522,17487,0.6280118541425074,0.4190705472679592,20170728.tif,20171002.tif
248,142,11010,16854,19603,0.6532573869704521,0.43266396824773057,20170728.tif,20171002.tif
257,143,1754,5184,5516,0.33834876543209874,0.19606528057232284,20170728.tif,20171002.tif
259,144,7702,13612,15420,0.5658242727005584,0.36108766994842945,20170728.tif,20171002.tif
260,145,2018,5079,2640,0.7643939393939394,0.3539729871952289,20170728.tif,20171002.tif
265,148,84,12878,5129,0.016377461493468512,0.0046867153936282985,20170728.tif,20171002.tif
265,150,650,12878,720,0.9027777777777778,0.050200803212851405,20170728.tif,20171002.tif
265,153,184,12878,184,1.0,0.014287932908836776,20170728.tif,20171002.tif
265,154,305,12878,305,1.0,0.023683801832582698,20170728.tif,20171002.tif
265,157,244,12878,264,0.9242424242424242,0.01891766165296945,20170728.tif,20171002.tif
265,159,12,12878,8122,0.0014774686037921695,0.0005717552887364208,20170728.tif,20171002.tif
267,149,5075,9420,10274,0.5387473460721869,0.3471509679184623,20170728.tif,20171002.tif
271,156,9446,15672,14712,0.6420609026644916,0.4511414652784411,20170728.tif,20171002.tif
272,158,705,3083,4195,0.22867337009406422,0.10725696029210406,20170728.tif,20171002.tif
274,160,190,2506,3526,0.07581803671189145,0.03252310852447792,20170728.tif,20171002.tif
276,162,9942,15882,18428,0.6259916887041934,0.4079940906106369,20170728.tif,20171002.tif
277,163,6026,11292,12484,0.5336521431101665,0.33949295774647886,20170728.tif,20171002.tif
278,166,86,2158,2850,0.03985171455050973,0.017472572125152377,20170728.tif,20171002.tif
280,166,628,3383,2850,0.22035087719298246,0.11204281891168599,20170728.tif,20171002.tif
281,164,12396,18825,21072,0.6584860557768925,0.4507472455547071,20170728.tif,20171002.tif
282,165,10234,16680,16214,0.631182928333539,0.45163283318623126,20170728.tif,20171002.tif
283,167,19550,26902,30676,0.7267117686417367,0.5140948774587146,20170728.tif,20171002.tif
285,168,4042,9770,9916,0.4137154554759468,0.2583738174379954,20170728.tif,20171002.tif
286,170,4864,10078,10991,0.482635443540385,0.3001542733724159,20170728.tif,20171002.tif
290,171,16749,23212,27190,0.7215664311562985,0.49769708495527887,20170728.tif,20171002.tif
292,173,146,2167,2370,0.06737425011536687,0.033249829196082895,20170728.tif,20171002.tif
300,175,5757,10284,12177,0.559801633605601,0.3446479885057471,20170728.tif,20171002.tif
301,176,1349,5799,5809,0.23262631488187618,0.1314942976898333,20170728.tif,20171002.tif
302,177,191,2233,2691,0.08553515450067174,0.04035495457426579,20170728.tif,20171002.tif
304,179,1900,5536,6868,0.3432080924855491,0.1808834729626809,20170728.tif,20171002.tif
305,180,11831,21416,18716,0.6321329343876897,0.41804176530864634,20170728.tif,20171002.tif
306,181,1110,3758,5703,0.29536987759446515,0.13291821338761825,20170728.tif,20171002.tif
314,187,568,3047,3601,0.18641286511322613,0.09342105263157895,20170728.tif,20171002.tif
321,189,517,2617,3662,0.19755445166220864,0.08972578965636932,20170728.tif,20171002.tif
322,191,1578,6027,6256,0.2618218018914883,0.1474077533862681,20170728.tif,20171002.tif
328,194,407,2753,3230,0.147838721394842,0.07299139167862267,20170728.tif,20171002.tif
330,200,2268,20408,3308,0.6856106408706167,0.10574412532637076,20170728.tif,20171002.tif
336,205,293,2986,2794,0.10486757337151038,0.053398942956078,20170728.tif,20171002.tif
337,207,78,1952,2636,0.039959016393442626,0.01729490022172949,20170728.tif,20171002.tif
339,208,1121,4076,4556,0.27502453385672226,0.1492477699374251,20170728.tif,20171002.tif
353,216,6576,12405,13064,0.5301088270858525,0.3480654210554173,20170728.tif,20171002.tif
354,217,8802,14532,14917,0.6056977704376548,0.4263089068629825,20170728.tif,20171002.tif
358,218,5985,10842,11776,0.5520199225235196,0.35982685023747973,20170728.tif,20171002.tif
376,228,37276,47560,53278,0.7837678721614803,0.5864510241968471,20170728.tif,20171002.tif
380,232,7783,13326,15824,0.5840462254239832,0.3642532877802218,20170728.tif,20171002.tif
381,236,4169,8968,9424,0.46487511150758254,0.29311678267594743,20170728.tif,20171002.tif
382,237,3365,7869,9094,0.4276273986529419,0.24746286218561553,20170728.tif,20171002.tif
384,238,6620,13785,13807,0.4802321363801233,0.3156589738699218,20170728.tif,20171002.tif
386,239,2175,6649,6368,0.3415515075376884,0.2006087437742114,20170728.tif,20171002.tif
387,240,9546,17400,19601,0.5486206896551724,0.34769623019486434,20170728.tif,20171002.tif
389,240,816,816,19601,1.0,0.04163052905464007,20170728.tif,20171002.tif
392,243,16,15336,46248,0.0010432968179447052,0.0002598752598752599,20170728.tif,20171002.tif
393,243,33016,44504,46248,0.7418658996944095,0.5718442566163225,20170728.tif,20171002.tif
396,243,312,312,46248,1.0,0.006746237675142709,20170728.tif,20171002.tif
398,245,765,3949,4982,0.19371992909597366,0.09368111682586333,20170728.tif,20171002.tif
400,251,680,20745,680,1.0,0.032778982887442756,20170728.tif,20171002.tif
400,253,2096,20745,2096,1.0,0.10103639431188238,20170728.tif,20171002.tif
403,247,10445,17277,19360,0.6045609770214736,0.39878588882101407,20170728.tif,20171002.tif
406,254,8214,14837,16639,0.5536159600997507,0.3531080732525148,20170728.tif,20171002.tif
407,255,423,3383,3368,0.1255938242280285,0.06684576485461441,20170728.tif,20171002.tif
408,256,2729,6165,7329,0.44266017842660177,0.253506734788667,20170728.tif,20171002.tif
410,258,296,2678,3956,0.11053024645257654,0.04670242978857684,20170728.tif,20171002.tif
411,263,2834,8253,8772,0.34339028232158003,0.19970403777041787,20170728.tif,20171002.tif
412,264,8713,16534,16272,0.5354596853490659,0.36164031046362016,20170728.tif,20171002.tif
413,265,5168,11768,12624,0.43915703602991163,0.2688306283811902,20170728.tif,20171002.tif
415,266,8204,15244,16258,0.5381789556546838,0.35213323032019916,20170728.tif,20171002.tif
416,267,351,3003,4262,0.11688311688311688,0.05076656060167776,20170728.tif,20171002.tif
418,268,198,4686,2036,0.09724950884086445,0.030349478847332925,20170728.tif,20171002.tif
423,270,2933,7813,8740,0.3753999744016383,0.21534508076358297,20170728.tif,20171002.tif
428,271,20072,30148,32828,0.6657821414355845,0.4678351668842066,20170728.tif,20171002.tif
431,275,9276,17288,15956,0.5813487089496114,0.38701602136181573,20170728.tif,20171002.tif
432,277,6594,12731,13319,0.5179483151362815,0.33891858552631576,20170728.tif,20171002.tif
434,278,472,3969,4282,0.11892164273116654,0.06067617945751382,20170728.tif,20171002.tif
436,280,6776,13846,15458,0.48938321536905965,0.30078125,20170728.tif,20171002.tif
437,281,48,6212,3596,0.013348164627363738,0.004918032786885246,20170728.tif,20171002.tif
438,282,564,5916,564,1.0,0.09533468559837728,20170728.tif,20171002.tif
439,283,3856,8864,10116,0.43501805054151627,0.25495900555408624,20170728.tif,20171002.tif
440,284,8244,15464,16639,0.533109156751164,0.34552998868351564,20170728.tif,20171002.tif
441,286,487,8453,3129,0.15564077980185362,0.04389364578639027,20170728.tif,20171002.tif
443,291,12916,21824,24040,0.5918255131964809,0.39201165472866334,20170728.tif,20171002.tif
444,292,967,4443,5568,0.21764573486383074,0.10692171605484299,20170728.tif,20171002.tif
445,293,37272,49036,52032,0.7600946243576148,0.5842372562543107,20170728.tif,20171002.tif
457,304,3488,7936,11740,0.43951612903225806,0.21546824808500123,20170728.tif,20171002.tif
460,309,8818,15170,17533,0.5812788398154252,0.36918568138999375,20170728.tif,20171002.tif
461,311,8224,17492,15044,0.5466631215102367,0.3382691674893057,20170728.tif,20171002.tif
470,321,1457,6161,5512,0.2643323657474601,0.14261942051683635,20170728.tif,20171002.tif
472,327,7,2332,3226,0.003001715265866209,0.0012610340479192938,20170728.tif,20171002.tif
474,328,7015,14399,15692,0.4871866101812626,0.30399549315305946,20170728.tif,20171002.tif
475,330,1061,4954,6206,0.21417036737989503,0.10505990692147738,20170728.tif,20171002.tif
480,331,16,4280,3811,0.004198373130411965,0.001981424148606811,20170728.tif,20171002.tif
5,4,2254,3415,8225,0.6600292825768668,0.24014489665459193,20171002.tif,20180729.tif
6,4,1154,2136,8225,0.5402621722846442,0.1253394156619963,20171002.tif,20180729.tif
20,30,19,7187,7986,0.0026436621678029774,0.0012537943777220536,20171002.tif,20180729.tif
24,35,8,16280,104,0.07692307692307693,0.0004885197850512946,20171002.tif,20180729.tif
30,37,6281,18680,28016,0.33624197002141326,0.15541259433378696,20171002.tif,20180729.tif
33,41,2918,14922,17886,0.19555019434392173,0.09762462361993977,20171002.tif,20180729.tif
35,44,6014,20154,30006,0.29840230227250175,0.13622978299279662,20171002.tif,20180729.tif
38,55,4490,15816,13892,0.32320760149726463,0.17804742644143073,20171002.tif,20180729.tif
41,55,688,8819,13892,0.07801338020183694,0.031240067202470145,20171002.tif,20180729.tif
48,74,6075,14699,21236,0.4132934213211783,0.2034494306764903,20171002.tif,20180729.tif
54,96,6101,23523,27414,0.2593631764655869,0.13607369078419126,20171002.tif,20180729.tif
55,93,3048,12132,17968,0.2512363996043521,0.11267189117255656,20171002.tif,20180729.tif
56,99,208,8824,13289,0.02357207615593835,0.009495548961424332,20171002.tif,20180729.tif
58,104,1266,16090,20326,0.07868241143567434,0.03601706970128023,20171002.tif,20180729.tif
61,103,11430,25657,36740,0.44549245819854233,0.2242627582553417,20171002.tif,20180729.tif
62,106,4884,19878,28239,0.2456987624509508,0.11296925959336618,20171002.tif,20180729.tif
63,107,2908,10880,15910,0.2672794117647059,0.1217653462859057,20171002.tif,20180729.tif
64,99,178,13616,13289,0.013394536834976297,0.006659931904067049,20171002.tif,20180729.tif
64,108,1874,13616,22464,0.13763219741480612,0.05478571010933754,20171002.tif,20180729.tif
71,113,78,8246,11824,0.009459131700218287,0.0039015606242496998,20171002.tif,20180729.tif
73,106,1450,25686,28239,0.05645098497235848,0.027632205812291567,20171002.tif,20180729.tif
73,111,1608,25686,29472,0.06260219574865686,0.030028011204481793,20171002.tif,20180729.tif
73,114,7087,25686,37398,0.27590905551662387,0.12656035144739897,20171002.tif,20180729.tif
74,115,10922,23520,38584,0.46437074829931974,0.21339533429721386,20171002.tif,20180729.tif
75,117,7767,18118,26768,0.4286897008499834,0.20924593873757374,20171002.tif,20180729.tif
76,119,3447,16176,24622,0.21309347181008903,0.09228668576477203,20171002.tif,20180729.tif
77,127,2965,14400,22721,0.20590277777777777,0.08680758871062186,20171002.tif,20180729.tif
78,126,11873,24736,38054,0.47998868046571797,0.23318341614784846,20171002.tif,20180729.tif
81,126,2408,7706,38054,0.31248377887360496,0.05554530356154272,20171002.tif,20180729.tif
81,133,32,7706,12492,0.004152608357124318,0.0015868293166716254,20171002.tif,20180729.tif
82,135,6390,18162,25264,0.3518334985133796,0.1725348309752673,20171002.tif,20180729.tif
84,139,11404,22683,36203,0.502755367455804,0.24017522429552252,20171002.tif,20180729.tif
93,153,80,9752,14630,0.008203445447087777,0.003291910130853428,20171002.tif,20180729.tif
95,156,8340,22762,33370,0.36640014058518583,0.17450619350518914,20171002.tif,20180729.tif
96,160,1067,9316,13914,0.11453413482181193,0.048143301899562334,20171002.tif,20180729.tif
97,163,4060,19095,28766,0.21262110500130924,0.09269194767242757,20171002.tif,20180729.tif
103,166,10160,23060,33870,0.4405897658282741,0.2172332691896515,20171002.tif,20180729.tif
106,163,914,12693,28766,0.07200819349247617,0.022542853619435196,20171002.tif,20180729.tif
109,178,160,10034,35802,0.015945784333266894,0.0035029337069795953,20171002.tif,20180729.tif
112,178,220,220,35802,1.0,0.006144908105692419,20171002.tif,20180729.tif
124,193,300,8502,12332,0.035285815102328866,0.014609915262491478,20171002.tif,20180729.tif
130,199,529,2149,569,0.929701230228471,0.241662859753312,20171002.tif,20180729.tif
131,200,3121,17102,25496,0.18249327564027598,0.07905869240317147,20171002.tif,20180729.tif
133,200,2670,30722,25496,0.10472230938186382,0.04986180622992455,20171002.tif,20180729.tif
133,204,11764,30722,44564,0.3829177787904433,0.18519568023676836,20171002.tif,20180729.tif
135,210,418,11391,14366,0.03669563690632956,0.01649631003591302,20171002.tif,20180729.tif
138,213,4090,17487,27353,0.2338880311088237,0.1003680981595092,20171002.tif,20180729.tif
139,212,60,1200,1348,0.05,0.024115755627009645,20171002.tif,20180729.tif
142,216,4603,19603,29902,0.2348109983165842,0.10251213754398468,20171002.tif,20180729.tif
163,218,1013,12484,20157,0.08114386414610701,0.03202858226887568,20171002.tif,20180729.tif
196,244,139,192,214,0.7239583333333334,0.5205992509363296,20171002.tif,20180729.tif
217,276,504,14917,20460,0.0337869544814641,0.014452441717087719,20171002.tif,20180729.tif
232,301,748,15824,3567,0.20970002803476312,0.040122297913425954,20171002.tif,20180729.tif
239,325,396,6368,776,0.5103092783505154,0.05868405453467694,20171002.tif,20180729.tif
241,326,660,1689,1263,0.5225653206650831,0.2879581151832461,20171002.tif,20180729.tif
253,344,1204,2096,36684,0.5744274809160306,0.03204172876304024,20171002.tif,20180729.tif
278,384,308,4282,926,0.3326133909287257,0.06285714285714286,20171002.tif,20180729.tif
283,383,88,10116,15644,0.008699090549624358,0.003427859146151449,20171002.tif,20180729.tif
291,400,2421,24040,2421,1.0,0.1007071547420965,20171002.tif,20180729.tif
291,402,1120,24040,1120,1.0,0.04658901830282862,20171002.tif,20180729.tif
313,415,550,2120,3881,0.25943396226415094,0.1008989176297927,20171002.tif,20180729.tif
1,1,224,2648,2892,0.08459214501510574,0.042136945071482315,20180729.tif,20180828.tif
2,2,512,2972,3160,0.17227456258411844,0.0911032028469751,20180729.tif,20180828.tif
3,3,607,3528,3584,0.17205215419501133,0.09331283627978477,20180729.tif,20180828.tif
4,4,3840,8225,8499,0.4668693009118541,0.29804408568767465,20180729.tif,20180828.tif
11,25,84,943,1031,0.08907741251325557,0.044444444444444446,20180729.tif,20180828.tif
12,27,446,2154,1420,0.31408450704225355,0.1425831202046036,20180729.tif,20180828.tif
13,28,91,1184,1169,0.07784431137724551,0.040229885057471264,20180729.tif,20180828.tif
17,34,632,2886,3081,0.218988218988219,0.11846298031865042,20180729.tif,20180828.tif
19,36,280,1824,2684,0.15350877192982457,0.06622516556291391,20180729.tif,20180828.tif
20,38,49,1104,1317,0.044384057971014496,0.02065767284991568,20180729.tif,20180828.tif
22,40,2001,4265,4028,0.496772591857001,0.31802288620470437,20180729.tif,20180828.tif
24,43,264,1993,1428,0.18487394957983194,0.08362369337979095,20180729.tif,20180828.tif
25,42,102,1209,1217,0.08436724565756824,0.04388984509466437,20180729.tif,20180828.tif
27,45,78,920,843,0.09252669039145907,0.04629080118694362,20180729.tif,20180828.tif
29,46,72,980,1272,0.07346938775510205,0.03302752293577982,20180729.tif,20180828.tif
30,47,4024,7986,8217,0.5038817931379915,0.330404795139174,20180729.tif,20180828.tif
31,48,436,1876,4349,0.232409381663113,0.07531525306615997,20180729.tif,20180828.tif
32,50,1844,5098,4821,0.38249325866002903,0.22835913312693498,20180729.tif,20180828.tif
33,51,37,830,1059,0.04457831325301205,0.01997840172786177,20180729.tif,20180828.tif
36,55,195,1172,1571,0.16638225255972697,0.07653061224489796,20180729.tif,20180828.tif
37,57,21292,28016,27445,0.7758061577700857,0.6231379320436653,20180729.tif,20180828.tif
39,62,1190,2906,2939,0.40949759119064005,0.2556390977443609,20180729.tif,20180828.tif
41,58,13271,17886,24591,0.7419769652241976,0.45439293295898103,20180729.tif,20180828.tif
42,64,3,864,1153,0.003472222222222222,0.0014895729890764648,20180729.tif,20180828.tif
43,65,549,1910,1798,0.3053392658509455,0.1737891737891738,20180729.tif,20180828.tif
44,71,23112,30006,30484,0.770245950809838,0.6183316389319921,20180729.tif,20180828.tif
45,72,518,2047,2222,0.2530532486565706,0.13809650759797387,20180729.tif,20180828.tif
46,75,111,1161,1260,0.09560723514211886,0.048051948051948054,20180729.tif,20180828.tif
50,80,30,783,885,0.038314176245210725,0.018315018315018316,20180729.tif,20180828.tif
52,81,854,2633,2395,0.3565762004175365,0.20459990416866317,20180729.tif,20180828.tif
54,83,4,821,264,0.015151515151515152,0.0037002775208140612,20180729.tif,20180828.tif
55,82,8931,13892,24918,0.6428879930895479,0.2989055858629807,20180729.tif,20180828.tif
57,82,289,289,24918,1.0,0.011598041576370495,20180729.tif,20180828.tif
64,90,64,933,1078,0.06859592711682744,0.03287108371854135,20180729.tif,20180828.tif
65,89,370,1888,2077,0.19597457627118645,0.10292072322670376,20180729.tif,20180828.tif
65,91,6,1888,998,0.006012024048096192,0.0020833333333333333,20180729.tif,20180828.tif
69,94,118,1285,1436,0.09182879377431907,0.04533230887437572,20180729.tif,20180828.tif
72,102,1902,3898,3954,0.4879425346331452,0.3196638655462185,20180729.tif,20180828.tif
73,103,78,1056,832,0.09375,0.0430939226519337,20180729.tif,20180828.tif
74,104,15018,21236,22619,0.7071953286871351,0.5207892637930437,20180729.tif,20180828.tif
75,105,595,2084,2322,0.28550863723608444,0.15612700078719496,20180729.tif,20180828.tif
81,110,882,2870,3267,0.3073170731707317,0.16784015223596574,20180729.tif,20180828.tif
91,122,13374,16624,19062,0.8044995187680462,0.59940839010398,20180729.tif,20180828.tif
93,126,12142,17968,17776,0.683055805580558,0.5144479281416829,20180729.tif,20180828.tif
96,136,80,27414,644,0.12422360248447205,0.002859389520337408,20180729.tif,20180828.tif
99,133,9418,13289,15920,0.7087064489427346,0.47587287150725077,20180729.tif,20180828.tif
100,134,5304,8365,8739,0.6340705319784817,0.44949152542372883,20180729.tif,20180828.tif
103,138,29508,36740,38288,0.8031573217201959,0.6482425307557118,20180729.tif,20180828.tif
104,135,15604,20326,25078,0.7676867066810981,0.5236241610738255,20180729.tif,20180828.tif
106,142,22224,28239,28636,0.786996706682248,0.6413667715217454,20180729.tif,20180828.tif
107,143,10991,15910,15719,0.6992175074750302,0.5325612946990987,20180729.tif,20180828.tif
108,145,16852,22464,22126,0.7616378920726746,0.6075420001442065,20180729.tif,20180828.tif
109,146,259,1923,1978,0.13468538741549663,0.07111477210323998,20180729.tif,20180828.tif
110,147,136,1166,978,0.1390593047034765,0.06772908366533864,20180729.tif,20180828.tif
111,149,23806,29472,29870,0.8077497285559175,0.669912201710941,20180729.tif,20180828.tif
113,152,7558,11824,11945,0.6392083897158322,0.4662266362346555,20180729.tif,20180828.tif
114,154,31156,37398,38438,0.8330926787528745,0.6973142345568487,20180729.tif,20180828.tif
115,156,31596,38584,42444,0.8188886585113,0.6391810972649296,20180729.tif,20180828.tif
116,158,204,1561,1646,0.13068545803971812,0.06793206793206794,20180729.tif,20180828.tif
117,159,12816,26768,12988,0.9867570064675085,0.4757238307349666,20180729.tif,20180828.tif
117,175,320,26768,490,0.6530612244897959,0.011879129853738214,20180729.tif,20180828.tif
118,154,822,33986,38438,0.024186429706349672,0.011480126253456607,20180729.tif,20180828.tif
118,162,28174,33986,34510,0.828988406991114,0.6987252616437677,20180729.tif,20180828.tif
119,167,18884,24622,25681,0.766956380472748,0.6010375887202012,20180729.tif,20180828.tif
120,169,263,1093,1189,0.24062214089661482,0.13026250619118376,20180729.tif,20180828.tif
123,170,44,987,819,0.05372405372405373,0.024971623155505107,20180729.tif,20180828.tif
123,172,396,987,1484,0.4012158054711246,0.1908433734939759,20180729.tif,20180828.tif
124,174,345,1397,1491,0.24695776664280603,0.13566653558788833,20180729.tif,20180828.tif
125,176,1004,2180,2164,0.46395563770794823,0.3005988023952096,20180729.tif,20180828.tif
126,177,30472,38054,39442,0.8007568192568455,0.648009527050017,20180729.tif,20180828.tif
127,179,17438,22721,22848,0.7674838255358479,0.619885535530198,20180729.tif,20180828.tif
128,182,429,1978,2012,0.21688574317492418,0.12047177759056445,20180729.tif,20180828.tif
129,183,1444,2920,3050,0.4945205479452055,0.31904551480335835,20180729.tif,20180828.tif
133,185,8046,12492,12300,0.6541463414634147,0.4804729487638839,20180729.tif,20180828.tif
135,184,19640,25264,29160,0.7773907536415453,0.5646274149034038,20180729.tif,20180828.tif
138,189,1448,2656,2909,0.5451807228915663,0.35171241195044933,20180729.tif,20180828.tif
139,193,29134,36203,36794,0.804739938679115,0.6642044547796548,20180729.tif,20180828.tif
140,194,388,1770,1812,0.2192090395480226,0.12147777082028804,20180729.tif,20180828.tif
141,195,26,744,1184,0.03494623655913978,0.013669821240799159,20180729.tif,20180828.tif
142,200,1238,2330,2368,0.5313304721030043,0.3578034682080925,20180729.tif,20180828.tif
143,202,1728,2862,2975,0.6037735849056604,0.42054027743976635,20180729.tif,20180828.tif
144,201,106,1235,1884,0.08582995951417004,0.035180882841022235,20180729.tif,20180828.tif
146,206,432,1593,1619,0.2711864406779661,0.1553956834532374,20180729.tif,20180828.tif
148,207,2365,4444,4747,0.5321782178217822,0.346469381775564,20180729.tif,20180828.tif
149,211,313,870,1297,0.35977011494252875,0.16882416396979505,20180729.tif,20180828.tif
150,212,1302,2126,2884,0.6124176857949201,0.3511326860841424,20180729.tif,20180828.tif
151,214,17,657,948,0.0258751902587519,0.010705289672544081,20180729.tif,20180828.tif
152,212,125,3015,2884,0.04334257975034674,0.02164877034984413,20180729.tif,20180828.tif
152,215,1797,3015,2971,0.6048468529114777,0.4289806636428742,20180729.tif,20180828.tif
153,221,10655,14630,15119,0.728298017771702,0.5580287001152194,20180729.tif,20180828.tif
154,224,1631,2891,2998,0.5641646489104116,0.38304368248003756,20180729.tif,20180828.tif
155,225,178,1032,1240,0.17248062015503876,0.08500477554918816,20180729.tif,20180828.tif
156,228,27380,33370,33882,0.8204974528019179,0.6866974317817014,20180729.tif,20180828.tif
157,227,1681,3951,4377,0.42546190837762593,0.25289604332781707,20180729.tif,20180828.tif
160,229,9284,13914,14902,0.6672416271381343,0.47532254761417164,20180729.tif,20180828.tif
162,231,315,1395,1461,0.22580645161290322,0.12396694214876033,20180729.tif,20180828.tif
163,232,23662,28766,28580,0.8279216235129461,0.7024700154375965,20180729.tif,20180828.tif
165,233,779,1228,2193,0.6343648208469055,0.2948523845571537,20180729.tif,20180828.tif
166,235,27304,33870,35856,0.8061411278417479,0.6436283060676065,20180729.tif,20180828.tif
167,236,63,1142,1184,0.05516637478108581,0.027839151568714096,20180729.tif,20180828.tif
168,237,1904,3522,3613,0.5406019307211811,0.36398394188491684,20180729.tif,20180828.tif
170,239,332,1759,1865,0.18874360432063672,0.10085054678007291,20180729.tif,20180828.tif
171,240,913,2425,2514,0.3764948453608247,0.226775956284153,20180729.tif,20180828.tif
171,241,70,2425,10683,0.0288659793814433,0.005368921613744439,20180729.tif,20180828.tif
172,241,6902,10311,10683,0.6693822131704006,0.4897814362759012,20180729.tif,20180828.tif
173,242,606,2351,2431,0.2577626541897065,0.14511494252873564,20180729.tif,20180828.tif
176,247,156,1255,1552,0.12430278884462151,0.05884571859675594,20180729.tif,20180828.tif
179,249,10252,14698,15620,0.6975098652877942,0.5109139838532841,20180729.tif,20180828.tif
180,253,441,1852,2099,0.2381209503239741,0.12564102564102564,20180729.tif,20180828.tif
185,258,946,2783,2866,0.33992094861660077,0.20114820327450564,20180729.tif,20180828.tif
187,260,4,151,285,0.026490066225165563,0.009259259259259259,20180729.tif,20180828.tif
193,266,8546,12332,12929,0.6929938371715861,0.511277295842058,20180729.tif,20180828.tif
196,269,573,1714,1822,0.33430571761960326,0.19338508268646643,20180729.tif,20180828.tif
198,270,1027,1614,1494,0.6874163319946452,0.49351273426237385,20180729.tif,20180828.tif
200,271,20910,25496,26119,0.8201286476310009,0.6809965803615047,20180729.tif,20180828.tif
202,272,472,2124,36686,0.2222222222222222,0.012311544681517033,20180729.tif,20180828.tif
203,274,696,2040,2454,0.3411764705882353,0.18325434439178515,20180729.tif,20180828.tif
204,275,14972,44564,15706,0.9532662676684069,0.3305223188661751,20180729.tif,20180828.tif
209,276,2,856,933,0.002336448598130841,0.001119194180190263,20180729.tif,20180828.tif
210,277,10337,14366,14480,0.7195461506334401,0.5584850613215193,20180729.tif,20180828.tif
211,279,1023,2264,2162,0.47317298797409807,0.30061710255656776,20180729.tif,20180828.tif
212,280,144,1348,928,0.15517241379310345,0.0675422138836773,20180729.tif,20180828.tif
213,281,22683,27353,28839,0.8292691843673454,0.6769226178041721,20180729.tif,20180828.tif
216,284,24940,29902,30070,0.8340579225469869,0.7119205298013245,20180729.tif,20180828.tif
218,290,15899,20157,21178,0.7887582477551223,0.6250589715364051,20180729.tif,20180828.tif
219,291,810,1957,1787,0.4532736429770565,0.27607361963190186,20180729.tif,20180828.tif
220,292,1289,2174,1921,0.6710046850598647,0.4593727726300784,20180729.tif,20180828.tif
221,295,1264,2187,2430,0.5779606767261088,0.37697584252907845,20180729.tif,20180828.tif
222,297,282,780,903,0.36153846153846153,0.2012847965738758,20180729.tif,20180828.tif
223,301,771,1860,1959,0.41451612903225804,0.2529527559055118,20180729.tif,20180828.tif
225,302,889,2298,2617,0.38685813751087905,0.2208147044212618,20180729.tif,20180828.tif
226,304,786,1866,1850,0.42486486486486486,0.26825938566552904,20180729.tif,20180828.tif
227,303,56,972,1977,0.05761316872427984,0.01935706878672658,20180729.tif,20180828.tif
228,305,5732,8155,8566,0.7028816676885347,0.5216125216125216,20180729.tif,20180828.tif
229,306,2209,3881,4258,0.5691832002061324,0.37251264755480606,20180729.tif,20180828.tif
230,307,1087,2392,2510,0.4544314381270903,0.28492791612057666,20180729.tif,20180828.tif
231,308,1670,3240,3258,0.5154320987654321,0.34589892294946145,20180729.tif,20180828.tif
232,310,7899,10457,10576,0.75537917184661,0.6014161717679306,20180729.tif,20180828.tif
233,309,9135,11433,12251,0.7990028863815272,0.6278782046876074,20180729.tif,20180828.tif
234,311,457,1627,1636,0.28088506453595574,0.16286528866714184,20180729.tif,20180828.tif
235,312,247,487,1144,0.5071868583162218,0.17846820809248554,20180729.tif,20180828.tif
236,313,1340,2426,2498,0.5523495465787304,0.37388392857142855,20180729.tif,20180828.tif
238,318,4454,6971,7090,0.6389327212738488,0.46362027688144064,20180729.tif,20180828.tif
239,321,602,1133,1240,0.531332744924978,0.33992094861660077,20180729.tif,20180828.tif
246,324,116,893,1130,0.12989921612541994,0.06082852648138437,20180729.tif,20180828.tif
248,325,432,1477,1601,0.2924847664184157,0.16326530612244897,20180729.tif,20180828.tif
249,328,186,549,990,0.33879781420765026,0.13747228381374724,20180729.tif,20180828.tif
252,332,214,804,1050,0.26616915422885573,0.13048780487804879,20180729.tif,20180828.tif
254,334,15,531,637,0.02824858757062147,0.013009540329575022,20180729.tif,20180828.tif
255,335,2019,2706,2625,0.7691428571428571,0.6096014492753623,20180729.tif,20180828.tif
256,336,849,1290,1512,0.6581395348837209,0.434715821812596,20180729.tif,20180828.tif
256,338,1,1290,1011,0.0009891196834817012,0.0004347826086956522,20180729.tif,20180828.tif
258,338,598,1073,1011,0.5914935707220573,0.40242261103633914,20180729.tif,20180828.tif
259,337,11,555,715,0.01981981981981982,0.008737092930897538,20180729.tif,20180828.tif
264,340,222,288,3020,0.7708333333333334,0.07193778353856124,20180729.tif,20180828.tif
266,341,1097,1695,2006,0.6471976401179941,0.42127496159754224,20180729.tif,20180828.tif
270,345,337,1094,1229,0.3080438756855576,0.16968781470292044,20180729.tif,20180828.tif
271,346,153,722,769,0.21191135734072022,0.11434977578475336,20180729.tif,20180828.tif
272,347,6,126,1064,0.047619047619047616,0.005067567567567568,20180729.tif,20180828.tif
275,348,14,601,852,0.02329450915141431,0.009728978457261988,20180729.tif,20180828.tif
276,349,19088,20460,21532,0.9329423264907136,0.8333915473279776,20180729.tif,20180828.tif
278,350,923,1838,1997,0.5021762785636561,0.3169642857142857,20180729.tif,20180828.tif
279,352,420,591,617,0.7106598984771574,0.5329949238578681,20180729.tif,20180828.tif
280,351,14738,15896,16289,0.9271514846502265,0.844729752966126,20180729.tif,20180828.tif
281,354,397,534,570,0.7434456928838952,0.5615275813295615,20180729.tif,20180828.tif
282,353,575,1451,1480,0.39627842866988283,0.24405772495755518,20180729.tif,20180828.tif
283,356,363,484,466,0.778969957081545,0.6183986371379898,20180729.tif,20180828.tif
284,355,426,1208,1334,0.3526490066225166,0.20132325141776938,20180729.tif,20180828.tif
285,360,336,419,516,0.801909307875895,0.5609348914858097,20180729.tif,20180828.tif
286,357,1187,2127,2263,0.5580629995298543,0.3705900718076803,20180729.tif,20180828.tif
287,358,215,955,1018,0.225130890052356,0.1222980659840728,20180729.tif,20180828.tif
288,359,2814,3937,4502,0.714757429514859,0.5002666666666666,20180729.tif,20180828.tif
290,362,1633,2735,2901,0.5970749542961609,0.40794404196852363,20180729.tif,20180828.tif
292,364,991,1871,2174,0.5296632816675575,0.3244924688932547,20180729.tif,20180828.tif
294,366,449,1350,1871,0.3325925925925926,0.16197691197691197,20180729.tif,20180828.tif
295,368,3161,4327,4232,0.7469281663516069,0.5855872545387181,20180729.tif,20180828.tif
297,370,114,878,1025,0.12984054669703873,0.06372275013974288,20180729.tif,20180828.tif
298,371,576,1661,1916,0.34677904876580373,0.1919360213262246,20180729.tif,20180828.tif
299,372,904,2035,2290,0.4442260442260442,0.26425021923414205,20180729.tif,20180828.tif
300,374,1351,2662,2769,0.5075131480090158,0.33112745098039215,20180729.tif,20180828.tif
301,377,2927,3567,3765,0.8205775161199887,0.664472190692395,20180729.tif,20180828.tif
302,376,64,853,848,0.07547169811320754,0.03909590714722053,20180729.tif,20180828.tif
303,378,1570,2305,2631,0.6811279826464208,0.46642899584076053,20180729.tif,20180828.tif
304,380,12,865,660,0.01818181818181818,0.007931262392597489,20180729.tif,20180828.tif
306,381,26,663,551,0.047186932849364795,0.021885521885521887,20180729.tif,20180828.tif
307,382,136,392,716,0.3469387755102041,0.13991769547325103,20180729.tif,20180828.tif
308,383,111,786,1037,0.14122137404580154,0.06483644859813084,20180729.tif,20180828.tif
309,384,162,933,1034,0.17363344051446947,0.08975069252077562,20180729.tif,20180828.tif
310,385,329,1393,1338,0.24588938714499253,0.1369691923397169,20180729.tif,20180828.tif
311,386,147,765,806,0.19215686274509805,0.10323033707865169,20180729.tif,20180828.tif
313,388,1212,2614,2858,0.4636572302983933,0.28450704225352114,20180729.tif,20180828.tif
316,391,12848,15236,16092,0.8432659490679969,0.6952380952380952,20180729.tif,20180828.tif
318,392,164,277,935,0.592057761732852,0.15648854961832062,20180729.tif,20180828.tif
322,396,525,1457,1521,0.36032944406314343,0.21402364451691805,20180729.tif,20180828.tif
323,397,60,533,709,0.1125703564727955,0.050761421319796954,20180729.tif,20180828.tif
324,399,347,1117,1086,0.31952117863720075,0.1869612068965517,20180729.tif,20180828.tif
325,400,525,776,1707,0.6765463917525774,0.26813074565883555,20180729.tif,20180828.tif
326,401,370,1263,1498,0.2929532858273951,0.1547469677959013,20180729.tif,20180828.tif
327,402,100,831,880,0.12033694344163658,0.06207324643078833,20180729.tif,20180828.tif
328,403,95,833,929,0.11404561824729892,0.05698860227954409,20180729.tif,20180828.tif
330,408,111,921,1014,0.12052117263843648,0.06085526315789474,20180729.tif,20180828.tif
331,409,26,704,725,0.036931818181818184,0.018531717747683536,20180729.tif,20180828.tif
333,411,2019,2999,3313,0.6732244081360453,0.4703004891684137,20180729.tif,20180828.tif
334,410,29,815,884,0.03558282208588957,0.017365269461077845,20180729.tif,20180828.tif
335,412,3797,4954,5181,0.7664513524424708,0.5990848848217103,20180729.tif,20180828.tif
336,413,300,308,1516,0.974025974025974,0.1968503937007874,20180729.tif,20180828.tif
337,414,1071,2439,2285,0.4687089715536105,0.2931836846427594,20180729.tif,20180828.tif
338,415,730,1428,2026,0.511204481792717,0.26798825256975034,20180729.tif,20180828.tif
339,416,285,836,1018,0.3409090909090909,0.18164435946462715,20180729.tif,20180828.tif
343,420,9573,12158,12536,0.7873827932225695,0.6330930494014946,20180729.tif,20180828.tif
344,421,33816,36684,37780,0.9218187765783448,0.8319228498327101,20180729.tif,20180828.tif
345,422,477,1747,1609,0.2964574269732753,0.16568252865578326,20180729.tif,20180828.tif
346,423,11,447,788,0.024608501118568233,0.008986928104575163,20180729.tif,20180828.tif
349,425,94,860,625,0.1504,0.06757728253055356,20180729.tif,20180828.tif
350,427,153,1323,1264,0.12104430379746836,0.0628594905505341,20180729.tif,20180828.tif
351,428,958,2095,2198,0.45727923627684963,0.28725637181409297,20180729.tif,20180828.tif
353,430,1823,3328,3602,0.5477764423076923,0.35696103387507344,20180729.tif,20180828.tif
354,433,971,1923,2236,0.5049401976079043,0.3045796737766625,20180729.tif,20180828.tif
355,436,1560,3094,3435,0.5042016806722689,0.31394646810223387,20180729.tif,20180828.tif
356,441,79,857,963,0.09218203033838973,0.045376220562894885,20180729.tif,20180828.tif
357,442,8,685,433,0.018475750577367205,0.007207207207207207,20180729.tif,20180828.tif
358,443,136,136,2027,1.0,0.06709422792303897,20180729.tif,20180828.tif
359,445,3591,5014,4999,0.7183436687337468,0.5591715976331361,20180729.tif,20180828.tif
361,447,3,136,380,0.022058823529411766,0.005847953216374269,20180729.tif,20180828.tif
362,448,370,1299,1056,0.3503787878787879,0.18639798488664988,20180729.tif,20180828.tif
363,450,707,1589,1810,0.44493392070484583,0.262630014858841,20180729.tif,20180828.tif
364,451,74,664,1664,0.11144578313253012,0.032830523513753325,20180729.tif,20180828.tif
365,453,911,1718,1858,0.530267753201397,0.3418386491557223,20180729.tif,20180828.tif
365,454,120,1718,620,0.1935483870967742,0.05410279531109107,20180729.tif,20180828.tif
368,454,104,630,620,0.16774193548387098,0.09075043630017451,20180729.tif,20180828.tif
369,455,1737,2702,3067,0.6428571428571429,0.43080357142857145,20180729.tif,20180828.tif
370,457,550,1827,2048,0.30103995621237,0.16541353383458646,20180729.tif,20180828.tif
371,456,201,853,720,0.2791666666666667,0.14650145772594753,20180729.tif,20180828.tif
372,460,1006,1852,1841,0.5464421510048887,0.37439523632303684,20180729.tif,20180828.tif
373,458,21700,26576,27316,0.8165261890427453,0.6740805168986084,20180729.tif,20180828.tif
374,459,8132,10373,11371,0.7839583534175263,0.5974140464296209,20180729.tif,20180828.tif
375,461,732,1956,2148,0.37423312883435583,0.21708185053380782,20180729.tif,20180828.tif
376,462,60,565,557,0.10771992818671454,0.05649717514124294,20180729.tif,20180828.tif
377,463,2081,3456,3617,0.6021412037037037,0.41686698717948717,20180729.tif,20180828.tif
378,464,256,1102,1017,0.25172074729596855,0.1374127750939345,20180729.tif,20180828.tif
379,465,1442,2746,2906,0.5251274581209031,0.34251781472684084,20180729.tif,20180828.tif
380,466,3203,4108,4973,0.7796981499513145,0.5449132357944879,20180729.tif,20180828.tif
381,470,662,1593,1614,0.4155681104833647,0.2601178781925344,20180729.tif,20180828.tif
383,475,14608,15644,20932,0.9337765277422654,0.6649672250546249,20180729.tif,20180828.tif
384,477,270,926,1282,0.2915766738660907,0.1393188854489164,20180729.tif,20180828.tif
385,483,664,1458,1638,0.4554183813443073,0.2730263157894737,20180729.tif,20180828.tif
386,484,773,1954,1967,0.3955987717502559,0.24555273189326557,20180729.tif,20180828.tif
387,485,111,5048,776,0.14304123711340205,0.019429371608611936,20180729.tif,20180828.tif
388,486,24,324,965,0.07407407407407407,0.018972332015810278,20180729.tif,20180828.tif
391,489,740,1774,2024,0.41713641488162345,0.2419882275997384,20180729.tif,20180828.tif
392,490,440,936,1805,0.4700854700854701,0.1912212081703607,20180729.tif,20180828.tif
393,491,2103,3471,3716,0.6058772687986171,0.41365066876475215,20180729.tif,20180828.tif
394,492,268,1001,1208,0.2677322677322677,0.13807315816589386,20180729.tif,20180828.tif
396,494,1733,3054,3099,0.5674525212835625,0.3920814479638009,20180729.tif,20180828.tif
397,493,301,1116,1697,0.26971326164874554,0.11982484076433121,20180729.tif,20180828.tif
398,496,1780,3040,2892,0.6154910096818811,0.42870905587668595,20180729.tif,20180828.tif
399,497,587,1618,1817,0.36279357231149567,0.20610955056179775,20180729.tif,20180828.tif
400,498,1155,2421,2470,0.4770755885997522,0.3091541755888651,20180729.tif,20180828.tif
400,501,185,2421,1364,0.13563049853372433,0.05138888888888889,20180729.tif,20180828.tif
402,501,412,1120,1364,0.3678571428571429,0.19884169884169883,20180729.tif,20180828.tif
403,502,525,1319,1599,0.3980288097043215,0.21938988717091518,20180729.tif,20180828.tif
404,504,1633,2845,2924,0.5739894551845343,0.394825918762089,20180729.tif,20180828.tif
405,507,24,1008,883,0.027180067950169876,0.012854847348687734,20180729.tif,20180828.tif
406,508,946,2097,2237,0.45112064854554124,0.2792207792207792,20180729.tif,20180828.tif
408,509,1425,2692,3430,0.5293462109955424,0.3033851394507132,20180729.tif,20180828.tif
411,510,485,2237,2377,0.2168082253017434,0.11746185517074352,20180729.tif,20180828.tif
412,511,1604,3924,4325,0.4087665647298675,0.24138449962377728,20180729.tif,20180828.tif
413,512,116,116,1539,1.0,0.07537361923326835,20180729.tif,20180828.tif
414,517,443,1437,1487,0.3082811412665275,0.1785570334542523,20180729.tif,20180828.tif
415,516,1581,3881,4243,0.40736923473331615,0.24163227877120586,20180729.tif,20180828.tif
418,520,312,1008,1443,0.30952380952380953,0.1458625525946704,20180729.tif,20180828.tif
419,522,838,2825,3057,0.2966371681415929,0.16613798572561458,20180729.tif,20180828.tif
420,523,487,1564,1877,0.31138107416879796,0.16486120514556535,20180729.tif,20180828.tif
422,525,543,2219,2359,0.24470482199188823,0.13457249070631971,20180729.tif,20180828.tif
424,528,8,476,726,0.01680672268907563,0.006700167504187605,20180729.tif,20180828.tif
425,531,1763,3509,3633,0.5024223425477344,0.3277560884922848,20180729.tif,20180828.tif
428,533,448,1508,1600,0.29708222811671087,0.16842105263157894,20180729.tif,20180828.tif
429,535,4045,6478,6562,0.6244211176288978,0.44969427459699834,20180729.tif,20180828.tif
430,536,1984,3792,3784,0.5243128964059197,0.3547925608011445,20180729.tif,20180828.tif
431,538,4530,6988,7608,0.6482541499713795,0.45002980329823167,20180729.tif,20180828.tif
432,537,6,544,844,0.011029411764705883,0.004341534008683068,20180729.tif,20180828.tif
435,541,425,1928,2199,0.2204356846473029,0.11480280929227445,20180729.tif,20180828.tif
436,542,99,1316,1410,0.07522796352583587,0.037685572896840505,20180729.tif,20180828.tif
443,550,489,2262,2408,0.21618037135278514,0.11695766563023201,20180729.tif,20180828.tif
447,562,29,313,141,0.20567375886524822,0.06823529411764706,20180729.tif,20180828.tif
4,6,1773,8499,8541,0.20861277797387928,0.11613283552760857,20180828.tif,20180926.tif
28,26,895,1169,1852,0.7656116338751069,0.4209783631232361,20180828.tif,20180926.tif
30,28,6463,20047,13444,0.48073490032728355,0.2391223915939026,20180828.tif,20180926.tif
40,34,140,4028,4492,0.03475670307845084,0.016706443914081145,20180828.tif,20180926.tif
57,47,14341,27445,28182,0.5225359810530151,0.3473574577338565,20180828.tif,20180926.tif
62,48,13,2939,3007,0.004423273222184417,0.0021911343333895165,20180828.tif,20180926.tif
71,54,17528,30484,31840,0.5749901587718147,0.39128493615501386,20180828.tif,20180926.tif
82,63,12652,24918,25912,0.5077454049281643,0.3313950442663314,20180828.tif,20180926.tif
91,71,998,998,1955,1.0,0.5104859335038363,20180828.tif,20180926.tif
99,73,72,311,318,0.2315112540192926,0.12926391382405744,20180828.tif,20180926.tif
122,83,10938,19062,20882,0.5738117721120554,0.37709439426325586,20180828.tif,20180926.tif
125,85,44,531,1283,0.08286252354048965,0.024858757062146894,20180828.tif,20180926.tif
128,92,18,1204,283,0.0636042402826855,0.012253233492171545,20180828.tif,20180926.tif
129,87,182,253,857,0.7193675889328063,0.1961206896551724,20180828.tif,20180926.tif
133,95,6752,15920,16462,0.42412060301507537,0.26344127975029263,20180828.tif,20180926.tif
134,97,1800,8739,9292,0.2059732234809475,0.11089889717207813,20180828.tif,20180926.tif
135,98,13872,25078,26646,0.5531541590238456,0.36647997463806403,20180828.tif,20180926.tif
138,100,18180,38288,33866,0.5368215909762003,0.33682884351724907,20180828.tif,20180926.tif
142,91,608,28636,34260,0.021232015644643106,0.009761109684048292,20180828.tif,20180926.tif
143,102,5213,15719,15539,0.3354784735182444,0.20015358034171626,20180828.tif,20180926.tif
145,104,10838,22126,23207,0.4898309680918377,0.314190462385853,20180828.tif,20180926.tif
149,107,16566,29870,29380,0.5638529611980939,0.38810795614281696,20180828.tif,20180926.tif
152,109,3346,11945,11882,0.28160242383437134,0.1633709291538499,20180828.tif,20180926.tif
154,112,25638,38438,39496,0.6669962016754254,0.49024782010096374,20180828.tif,20180926.tif
154,117,1510,38438,35132,0.042980758283046795,0.020954759922286983,20180828.tif,20180926.tif
156,114,23328,42444,39854,0.58533647814523,0.39559097846362556,20180828.tif,20180926.tif
157,115,163,3264,3690,0.04993872549019608,0.024002356059490502,20180828.tif,20180926.tif
159,116,10921,12988,27809,0.8408530951647675,0.36554424956486814,20180828.tif,20180926.tif
162,117,21406,34510,35132,0.6202839756592292,0.4437764325400116,20180828.tif,20180926.tif
167,118,13093,25681,26552,0.5098321716444064,0.334517118037813,20180828.tif,20180926.tif
170,121,69,819,1352,0.08424908424908426,0.032825880114176975,20180828.tif,20180926.tif
174,122,113,1491,582,0.19415807560137457,0.05765306122448979,20180828.tif,20180926.tif
177,125,24338,39442,41890,0.6170579585213731,0.4270274063936555,20180828.tif,20180926.tif
179,126,11838,22848,24055,0.5181197478991597,0.33760159703407955,20180828.tif,20180926.tif
183,130,34,3050,3154,0.011147540983606558,0.005510534846029173,20180828.tif,20180926.tif
184,134,15240,29160,30734,0.522633744855967,0.3412908138128723,20180828.tif,20180926.tif
185,133,3925,12300,13325,0.31910569105691056,0.18087557603686635,20180828.tif,20180926.tif
187,135,220,220,666,1.0,0.3303303303303303,20180828.tif,20180926.tif
193,138,20365,36794,37656,0.5534869815730825,0.376536932606083,20180828.tif,20180926.tif
195,134,1184,1184,30734,1.0,0.03852411010607145,20180828.tif,20180926.tif
200,142,25,2368,2554,0.010557432432432432,0.005105166428425566,20180828.tif,20180926.tif
202,142,962,2975,2554,0.3766640563821457,0.21064155901029122,20180828.tif,20180926.tif
202,144,197,2975,3222,0.06621848739495799,0.03283333333333333,20180828.tif,20180926.tif
207,151,80,4747,4932,0.016852749104697702,0.008334201479320763,20180828.tif,20180926.tif
213,153,250,16940,250,1.0,0.01475796930342385,20180828.tif,20180926.tif
213,154,2927,16940,6412,0.456487835308796,0.1433047735618115,20180828.tif,20180926.tif
216,156,5773,16354,16245,0.3553708833487227,0.21520167002162083,20180828.tif,20180926.tif
217,154,617,1221,6412,0.5053235053235053,0.0879418472063854,20180828.tif,20180926.tif
221,162,6609,15119,15280,0.4371320854553873,0.2778058007566204,20180828.tif,20180926.tif
224,163,106,2998,3305,0.035356904603068715,0.01710505083104728,20180828.tif,20180926.tif
228,167,20056,33882,34964,0.5919367215630719,0.4110678417708547,20180828.tif,20180926.tif
229,170,5102,14902,15838,0.3423701516574956,0.19900148217489663,20180828.tif,20180926.tif
232,172,17685,28580,29441,0.6187893631910427,0.4384420864736216,20180828.tif,20180926.tif
235,176,20452,35856,37092,0.5703926818384649,0.38959158793050896,20180828.tif,20180926.tif
236,170,1184,1184,15838,1.0,0.07475691375173633,20180828.tif,20180926.tif
237,175,186,3613,3888,0.05148076390810961,0.025427204374572795,20180828.tif,20180926.tif
241,179,1588,10683,2661,0.5967681322810974,0.13507995916978563,20180828.tif,20180926.tif
241,181,2700,10683,11240,0.2527379949452401,0.140456744524788,20180828.tif,20180926.tif
249,189,6608,15620,15976,0.4230473751600512,0.2644469345285737,20180828.tif,20180926.tif
254,191,320,3676,3880,0.08705114254624592,0.04422332780541736,20180828.tif,20180926.tif
257,192,16,562,911,0.028469750889679714,0.01098146877144818,20180828.tif,20180926.tif
266,198,3552,12929,13369,0.27473122437930236,0.15615932471643365,20180828.tif,20180926.tif
271,208,14290,26119,26636,0.5471112982886022,0.37150656440920315,20180828.tif,20180926.tif
272,207,22638,36686,47786,0.6170746333751295,0.3661092602775172,20180828.tif,20180926.tif
277,212,5114,14480,15013,0.3531767955801105,0.20977070429467984,20180828.tif,20180926.tif
281,217,15976,28839,30149,0.553972051735497,0.37143122849437366,20180828.tif,20180926.tif
284,220,17320,30070,30748,0.5759893581642833,0.3981792266311095,20180828.tif,20180926.tif
290,226,9993,21178,21821,0.4718575880630843,0.3027631339756408,20180828.tif,20180926.tif
299,234,947,2300,3150,0.4117391304347826,0.21030424161669997,20180828.tif,20180926.tif
304,237,45,1850,2513,0.024324324324324326,0.010421491431218156,20180828.tif,20180926.tif
305,239,1969,8566,8639,0.22986224608918981,0.12923339459175637,20180828.tif,20180926.tif
306,239,85,4258,8639,0.019962423673085955,0.006634405245082735,20180828.tif,20180926.tif
306,240,17,4258,4395,0.003992484734617191,0.001968503937007874,20180828.tif,20180926.tif
309,243,4887,12251,12773,0.3989062117378173,0.24268759000844217,20180828.tif,20180926.tif
310,244,3445,10576,10779,0.3257375189107413,0.19235064209938582,20180828.tif,20180926.tif
314,250,76,544,164,0.4634146341463415,0.12025316455696203,20180828.tif,20180926.tif
318,253,1084,7090,7824,0.1528913963328632,0.07838033261026753,20180828.tif,20180926.tif
332,264,373,1050,1151,0.35523809523809524,0.20404814004376368,20180828.tif,20180926.tif
334,265,75,637,254,0.2952755905511811,0.09191176470588236,20180828.tif,20180926.tif
335,268,239,2625,2946,0.09104761904761904,0.04482370592648162,20180828.tif,20180926.tif
338,272,6,1011,144,0.041666666666666664,0.005221932114882507,20180828.tif,20180926.tif
345,276,1191,1229,3419,0.9690805532953621,0.34451836852762513,20180828.tif,20180926.tif
349,281,14302,21532,23035,0.6642206947798626,0.472559061622336,20180828.tif,20180926.tif
351,285,10337,16289,17098,0.6346000368346737,0.44845986984815617,20180828.tif,20180926.tif
359,289,747,4502,4369,0.1709773403524834,0.09194977843426884,20180828.tif,20180926.tif
362,288,378,2901,1632,0.23161764705882354,0.09097472924187726,20180828.tif,20180926.tif
362,292,68,2901,3375,0.023440193036883834,0.01095360824742268,20180828.tif,20180926.tif
366,293,190,1871,262,0.7251908396946565,0.09778692743180649,20180828.tif,20180926.tif
368,296,568,4232,4828,0.1342155009451796,0.06688648139425342,20180828.tif,20180926.tif
377,302,943,3765,4267,0.250464807436919,0.13302299337000986,20180828.tif,20180926.tif
380,300,225,660,1252,0.3409090909090909,0.13337285121517486,20180828.tif,20180926.tif
383,305,508,1037,902,0.5631929046563193,0.3549965059399022,20180828.tif,20180926.tif
385,308,328,1338,656,0.5,0.19687875150060025,20180828.tif,20180926.tif
391,317,7956,16092,16832,0.49440715883668906,0.318647869272669,20180828.tif,20180926.tif
398,321,115,3522,562,0.20462633451957296,0.028974552784076592,20180828.tif,20180926.tif
403,322,453,929,1274,0.4876210979547901,0.25885714285714284,20180828.tif,20180926.tif
404,325,2924,8692,6444,0.4537554314090627,0.23943661971830985,20180828.tif,20180926.tif
411,331,216,3313,3769,0.0651977060066405,0.03145936498689193,20180828.tif,20180926.tif
412,335,1156,5181,5812,0.22312294923759893,0.11751550269391074,20180828.tif,20180926.tif
420,343,4267,12536,13115,0.34037970644543714,0.1995417134306023,20180828.tif,20180926.tif
421,344,25788,37780,38844,0.6825833774483854,0.5072783067117791,20180828.tif,20180926.tif
424,345,7,136,1897,0.051470588235294115,0.0034550839091806516,20180828.tif,20180926.tif
429,352,128,4000,3136,0.04081632653061224,0.0182648401826484,20180828.tif,20180926.tif
433,352,410,2236,3136,0.18336314847942756,0.0826279725916969,20180828.tif,20180926.tif
445,359,814,4999,5595,0.16283256651330266,0.08323108384458078,20180828.tif,20180926.tif
452,364,1248,4592,5404,0.27177700348432055,0.14266117969821673,20180828.tif,20180926.tif
455,366,28,3067,3657,0.009129442451907402,0.004181600955794504,20180828.tif,20180926.tif
458,370,4516,27316,5832,0.7743484224965707,0.15772562168203408,20180828.tif,20180926.tif
459,369,3790,11371,12947,0.3333040189956908,0.18462587685113016,20180828.tif,20180926.tif
462,367,346,557,1384,0.6211849192100538,0.21692789968652038,20180828.tif,20180926.tif
463,372,33,3617,3992,0.00912358307990047,0.004355860612460401,20180828.tif,20180926.tif
464,369,63,1017,12947,0.061946902654867256,0.004532048054096827,20180828.tif,20180926.tif
465,369,1735,2906,12947,0.5970406056434963,0.12289276101430797,20180828.tif,20180926.tif
466,374,883,4973,4948,0.1784559417946645,0.09769860588625802,20180828.tif,20180926.tif
474,378,292,13300,2628,0.1111111111111111,0.018674852903555896,20180828.tif,20180926.tif
474,379,2064,13300,2820,0.7319148936170212,0.14684120660216277,20180828.tif,20180926.tif
475,377,11764,20932,22156,0.5620103191286069,0.3755586770527391,20180828.tif,20180926.tif
488,385,6880,14588,15600,0.4716205100082259,0.29517762141753906,20180828.tif,20180926.tif
491,389,125,3716,4386,0.03363832077502691,0.015670051397768586,20180828.tif,20180926.tif
495,394,328,11964,5651,0.05804282427888869,0.01897379533753688,20180828.tif,20180926.tif
496,395,64,2892,3500,0.022130013831258646,0.010113780025284451,20180828.tif,20180926.tif
512,406,315,1539,2157,0.2046783625730994,0.09316770186335403,20180828.tif,20180926.tif
513,414,7064,16632,17112,0.4247234247234247,0.26476761619190403,20180828.tif,20180926.tif
522,421,103,3057,1571,0.06556333545512412,0.02276243093922652,20180828.tif,20180926.tif
532,430,1328,10320,8516,0.15594175669328322,0.07585103952478867,20180828.tif,20180926.tif
535,431,124,6562,6656,0.018896677842121304,0.00946998625324576,20180828.tif,20180926.tif
538,433,709,7608,8260,0.09319137749737119,0.04677089517778218,20180828.tif,20180926.tif
551,443,264,375,2467,0.704,0.10240496508921644,20180828.tif,20180926.tif
1,4,1692,2532,5992,0.6682464454976303,0.24765807962529274,20180926.tif,20190828.tif
5,5,588,2680,4330,0.21940298507462686,0.09156026160074743,20180926.tif,20190828.tif
36,20,833,1356,4252,0.6143067846607669,0.1744502617801047,20180926.tif,20190828.tif
38,21,266,935,3346,0.28449197860962566,0.06625155666251557,20180926.tif,20190828.tif
49,35,4,925,1314,0.004324324324324324,0.0017897091722595079,20180926.tif,20190828.tif
76,57,132,1318,2009,0.10015174506828528,0.04131455399061033,20180926.tif,20190828.tif
90,73,8,1668,2862,0.004796163069544364,0.0017691287041132243,20180926.tif,20190828.tif
97,80,6733,9292,16982,0.7246018080068877,0.34455759684765364,20180926.tif,20190828.tif
98,81,23576,26646,41458,0.8847857089244164,0.5294646065397054,20180926.tif,20190828.tif
102,84,7556,15539,18810,0.4862603771156445,0.2820139588698541,20180926.tif,20190828.tif
104,86,16380,23207,32932,0.7058215193691558,0.41198219271108427,20180926.tif,20190828.tif
104,97,622,23207,1933,0.32177961717537507,0.025369116567419855,20180926.tif,20190828.tif
106,89,315,1096,5590,0.2874087591240876,0.04944278763145503,20180926.tif,20190828.tif
120,103,864,1632,3724,0.5294117647058824,0.1923419412288513,20180926.tif,20190828.tif
124,106,1995,2480,9068,0.8044354838709677,0.2088349209672354,20180926.tif,20190828.tif
126,109,20614,24055,38152,0.856952816462274,0.49561224244464214,20180926.tif,20190828.tif
130,116,2608,3154,11466,0.8268864933417882,0.21711621711621712,20180926.tif,20190828.tif
143,139,714,1301,6230,0.5488086087624904,0.10473815461346633,20180926.tif,20190828.tif
168,162,3053,4699,12679,0.6497127048308151,0.2131239092495637,20180926.tif,20190828.tif
171,170,324,1675,5870,0.19343283582089552,0.04486913169921063,20180926.tif,20190828.tif
178,173,765,2126,5745,0.35983066792097834,0.1076555023923445,20180926.tif,20190828.tif
182,174,979,2890,8260,0.3387543252595156,0.09625405564841215,20180926.tif,20190828.tif
193,191,1993,3132,12003,0.6363346104725415,0.1516511946431289,20180926.tif,20190828.tif
197,200,25,1004,3680,0.0249003984063745,0.0053659583601631256,20180926.tif,20190828.tif
198,201,8561,13369,19648,0.6403620315655622,0.3500572456656853,20180926.tif,20190828.tif
212,217,10817,15013,17976,0.7205088922933458,0.48786758073245534,20180926.tif,20190828.tif
214,214,802,2110,7241,0.3800947867298578,0.09381214177096736,20180926.tif,20190828.tif
220,222,22834,30748,46800,0.742617406010147,0.41733377197792154,20180926.tif,20190828.tif
226,238,1972,21821,3712,0.53125,0.08369763592377233,20180926.tif,20190828.tif
226,240,896,21821,896,1.0,0.04106136290729114,20180926.tif,20190828.tif
241,257,1007,2766,7290,0.3640636297903109,0.11128301469775666,20180926.tif,20190828.tif
245,265,230,1803,4816,0.12756516916250693,0.03599937392393176,20180926.tif,20190828.tif
303,305,1492,3095,9767,0.48206785137318253,0.13122251539138083,20180926.tif,20190828.tif
342,335,6,944,1574,0.006355932203389831,0.0023885350318471337,20180926.tif,20190828.tif
357,345,224,224,4976,1.0,0.04501607717041801,20180926.tif,20190828.tif
366,368,24,3657,3569,0.0067245727094424204,0.0033324076645376284,20180926.tif,20190828.tif
382,383,401,2066,7093,0.19409486931268152,0.04578670929435944,20180926.tif,20190828.tif
386,392,31,2317,5744,0.013379369874838154,0.0038605230386052304,20180926.tif,20190828.tif
390,394,48,1290,5220,0.037209302325581395,0.007428040854224698,20180926.tif,20190828.tif
395,406,16,3500,144,0.1111111111111111,0.004410143329658214,20180926.tif,20190828.tif
396,403,214,2079,4576,0.10293410293410293,0.03322465455674585,20180926.tif,20190828.tif
398,413,113,983,288,0.3923611111111111,0.09758203799654577,20180926.tif,20190828.tif
405,422,175,842,11414,0.20783847980997625,0.014485555831470905,20180926.tif,20190828.tif
412,422,2347,5141,11414,0.45652596771056214,0.16518862612612611,20180926.tif,20190828.tif
417,431,343,419,7897,0.8186157517899761,0.04302019315188762,20180926.tif,20190828.tif
420,431,1542,4888,7897,0.31546644844517185,0.13715200569243086,20180926.tif,20190828.tif
4,1,4338,5992,5873,0.7386344287416993,0.5763252291749701,20190828.tif,20190923.tif
5,3,2904,4330,4424,0.6706697459584295,0.49641025641025643,20190828.tif,20190923.tif
20,65,3416,4252,4349,0.8033866415804327,0.6588235294117647,20190828.tif,20190923.tif
21,66,2386,3346,3413,0.7130902570233114,0.5456208552481134,20190828.tif,20190923.tif
22,68,56,1165,480,0.11666666666666667,0.03524229074889868,20190828.tif,20190923.tif
30,74,782,1396,1545,0.5601719197707736,0.36220472440944884,20190828.tif,20190923.tif
31,76,28338,37198,31794,0.8913002453293074,0.6970531804988439,20190828.tif,20190923.tif
34,80,33,210,199,0.1658291457286432,0.08776595744680851,20190828.tif,20190923.tif
36,83,114,372,438,0.3064516129032258,0.16379310344827586,20190828.tif,20190923.tif
39,87,95,589,874,0.16129032258064516,0.06944444444444445,20190828.tif,20190923.tif
41,88,91,323,400,0.28173374613003094,0.1439873417721519,20190828.tif,20190923.tif
43,91,408,576,6312,0.7083333333333334,0.06296296296296296,20190828.tif,20190923.tif
45,92,1119,1952,1988,0.5732581967213115,0.3966678482807515,20190828.tif,20190923.tif
46,94,1271,2260,2324,0.5623893805309734,0.3836402052520374,20190828.tif,20190923.tif
47,95,9,266,417,0.03383458646616541,0.013353115727002967,20190828.tif,20190923.tif
49,96,245,961,1276,0.25494276795005205,0.12299196787148595,20190828.tif,20190923.tif
50,97,1116,2461,2035,0.5484029484029485,0.3301775147928994,20190828.tif,20190923.tif
52,101,2361,4281,4139,0.5704276395264557,0.3896682620894537,20190828.tif,20190923.tif
53,104,2272,3754,4016,0.6052210974960043,0.41324117861040377,20190828.tif,20190923.tif
54,102,226,490,598,0.46122448979591835,0.26218097447795824,20190828.tif,20190923.tif
55,105,120,296,539,0.40540540540540543,0.16783216783216784,20190828.tif,20190923.tif
57,111,1165,2009,2140,0.5798904927824788,0.39041554959785524,20190828.tif,20190923.tif
59,113,31822,36454,37990,0.8729357546496955,0.7466097320632538,20190828.tif,20190923.tif
61,115,924,3675,2042,0.4524975514201763,0.19278113916127687,20190828.tif,20190923.tif
62,118,2776,4359,4704,0.6368433126863959,0.44154604739939557,20190828.tif,20190923.tif
69,131,130,990,682,0.1906158357771261,0.08430609597924774,20190828.tif,20190923.tif
71,132,1318,2360,2335,0.5644539614561028,0.39028723719277464,20190828.tif,20190923.tif
72,133,19856,23878,23998,0.8315604321970014,0.7086366880799428,20190828.tif,20190923.tif
73,134,1287,2862,2440,0.5274590163934426,0.32054794520547947,20190828.tif,20190923.tif
76,135,105,364,389,0.28846153846153844,0.16203703703703703,20190828.tif,20190923.tif
79,138,154,724,784,0.212707182320442,0.1137370753323486,20190828.tif,20190923.tif
80,139,13878,16982,17490,0.8172182310681898,0.6738855977469166,20190828.tif,20190923.tif
84,142,12386,18810,15946,0.7767465195033237,0.5536879749664729,20190828.tif,20190923.tif
85,143,2213,3259,3589,0.6790426511199754,0.47745415318230855,20190828.tif,20190923.tif
86,144,28208,32932,38936,0.8565528968784162,0.6460833715071003,20190828.tif,20190923.tif
89,146,3889,5590,5597,0.6957066189624329,0.5328857221156481,20190828.tif,20190923.tif
90,147,31,350,291,0.10652920962199312,0.05081967213114754,20190828.tif,20190923.tif
91,148,40,310,300,0.13333333333333333,0.07017543859649122,20190828.tif,20190923.tif
95,154,39,282,381,0.13829787234042554,0.0625,20190828.tif,20190923.tif
96,155,46,336,354,0.13690476190476192,0.07142857142857142,20190828.tif,20190923.tif
97,144,1544,1933,38936,0.7987584066218314,0.03926255562619199,20190828.tif,20190923.tif
98,159,2776,5217,4623,0.600475881462254,0.3929784824462061,20190828.tif,20190923.tif
99,158,9,201,232,0.04477611940298507,0.02122641509433962,20190828.tif,20190923.tif
103,161,3448,3724,9648,0.9258861439312567,0.34744054816606207,20190828.tif,20190923.tif
104,162,796,1573,1797,0.5060394151303242,0.30924630924630925,20190828.tif,20190923.tif
106,163,7643,9068,9878,0.8428539920599912,0.6761921613730868,20190828.tif,20190923.tif
107,165,850,1804,1866,0.47117516629711753,0.30141843971631205,20190828.tif,20190923.tif
109,166,16598,38152,17026,0.9748619758017151,0.4302229134266459,20190828.tif,20190923.tif
109,172,316,38152,316,1.0,0.008282658838330887,20190828.tif,20190923.tif
109,175,176,38152,176,1.0,0.004613126441602013,20190828.tif,20190923.tif
112,167,12,234,257,0.05128205128205128,0.025052192066805846,20190828.tif,20190923.tif
113,168,599,1251,1334,0.4788169464428457,0.3016112789526687,20190828.tif,20190923.tif
114,171,503,1394,1420,0.36083213773314204,0.2176546949372566,20190828.tif,20190923.tif
115,173,815,1519,1664,0.5365371955233706,0.3441722972972973,20190828.tif,20190923.tif
116,174,10080,11466,12652,0.8791208791208791,0.7180510044165835,20190828.tif,20190923.tif
120,180,1583,2754,2884,0.574800290486565,0.3903822441430333,20190828.tif,20190923.tif
121,181,8,202,262,0.039603960396039604,0.017543859649122806,20190828.tif,20190923.tif
126,183,1583,2864,3074,0.5527234636871509,0.3634902411021814,20190828.tif,20190923.tif
127,185,873,1968,1760,0.4960227272727273,0.30577933450087563,20190828.tif,20190923.tif
132,189,1064,2171,1299,0.8190916089299461,0.44222776392352453,20190828.tif,20190923.tif
137,193,8,192,172,0.046511627906976744,0.02247191011235955,20190828.tif,20190923.tif
139,195,4206,6230,4748,0.8858466722830666,0.6210868281157709,20190828.tif,20190923.tif
143,200,23,255,334,0.09019607843137255,0.04063604240282685,20190828.tif,20190923.tif
145,203,735,1641,1820,0.44789762340036565,0.26962582538517976,20190828.tif,20190923.tif
149,207,372,1000,1110,0.372,0.2140391254315305,20190828.tif,20190923.tif
150,208,1931,3272,3609,0.590158924205379,0.3901010101010101,20190828.tif,20190923.tif
152,211,34,388,285,0.11929824561403508,0.053208137715179966,20190828.tif,20190923.tif
153,213,683,1805,1296,0.5270061728395061,0.282464846980976,20190828.tif,20190923.tif
158,216,4,164,204,0.024390243902439025,0.01098901098901099,20190828.tif,20190923.tif
162,218,9716,12679,13276,0.7663064910481899,0.5983127039842355,20190828.tif,20190923.tif
164,220,1678,3176,3308,0.5283375314861462,0.34914689970869744,20190828.tif,20190923.tif
165,223,74,658,741,0.11246200607902736,0.05584905660377359,20190828.tif,20190923.tif
166,221,77,311,370,0.24758842443729903,0.12748344370860928,20190828.tif,20190923.tif
170,226,2198,5870,2314,0.9498703543647364,0.36719011025726694,20190828.tif,20190923.tif
171,230,703,1796,1882,0.3914253897550111,0.23630252100840335,20190828.tif,20190923.tif
173,232,4140,5745,6026,0.720626631853786,0.5425239156073909,20190828.tif,20190923.tif
174,233,5918,8260,8382,0.7164648910411622,0.5518463259977621,20190828.tif,20190923.tif
184,240,625,1673,1686,0.3735803945008966,0.22860277980980248,20190828.tif,20190923.tif
188,244,112,682,888,0.16422287390029325,0.07681755829903979,20190828.tif,20190923.tif
189,247,739,1822,1713,0.4314068884997081,0.26430615164520743,20190828.tif,20190923.tif
191,251,9568,12003,12468,0.7971340498208781,0.6420183855599544,20190828.tif,20190923.tif
192,252,513,1459,1430,0.35874125874125873,0.2159090909090909,20190828.tif,20190923.tif
195,256,89,855,861,0.10409356725146199,0.054701905347264906,20190828.tif,20190923.tif
197,260,280,1330,914,0.3063457330415755,0.1425661914460285,20190828.tif,20190923.tif
200,262,2268,3680,3556,0.6377952755905512,0.45652173913043476,20190828.tif,20190923.tif
201,263,15907,19648,20429,0.8095989413680782,0.6581299131154323,20190828.tif,20190923.tif
202,264,939,2280,2184,0.42994505494505497,0.2663829787234043,20190828.tif,20190923.tif
203,266,723,2986,1862,0.3882921589688507,0.17527272727272727,20190828.tif,20190923.tif
204,267,1351,2481,2488,0.5445384925433293,0.37341072415699283,20190828.tif,20190923.tif
208,275,8936,11659,11806,0.7664465220001715,0.6150457705279097,20190828.tif,20190923.tif
209,277,491,1354,1461,0.362629246676514,0.2112736660929432,20190828.tif,20190923.tif
211,278,1484,3018,2815,0.5271758436944938,0.3412278684755116,20190828.tif,20190923.tif
212,275,67,4284,11806,0.015639589169000934,0.00418148910940523,20190828.tif,20190923.tif
212,279,2292,4284,4029,0.5688756515264334,0.38066766317887396,20190828.tif,20190923.tif
214,280,5298,7241,7500,0.7316668968374533,0.5610505136079635,20190828.tif,20190923.tif
215,281,508,1383,1453,0.3673174258857556,0.218213058419244,20190828.tif,20190923.tif
216,282,377,1334,1309,0.2880061115355233,0.16637246248896734,20190828.tif,20190923.tif
217,284,14913,17976,18987,0.8296061415220294,0.6763265306122449,20190828.tif,20190923.tif
218,285,2378,3928,4326,0.6053971486761711,0.40469707283866574,20190828.tif,20190923.tif
219,286,365,2192,874,0.41762013729977115,0.13513513513513514,20190828.tif,20190923.tif
220,287,164,851,797,0.205771643663739,0.1105121293800539,20190828.tif,20190923.tif
221,289,463,1373,1480,0.3372177713037145,0.19372384937238493,20190828.tif,20190923.tif
222,288,41952,46800,52966,0.8964102564102564,0.7256373888677483,20190828.tif,20190923.tif
223,290,645,1798,1368,0.47149122807017546,0.25585085283617615,20190828.tif,20190923.tif
227,293,648,1780,1783,0.36404494382022473,0.22229845626072042,20190828.tif,20190923.tif
230,298,657,3104,1584,0.4147727272727273,0.1629868518977921,20190828.tif,20190923.tif
238,304,1768,3712,5656,0.47629310344827586,0.2326315789473684,20190828.tif,20190923.tif
241,309,357,1518,1130,0.315929203539823,0.1558271497162811,20190828.tif,20190923.tif
242,310,654,1572,1749,0.41603053435114506,0.2452193475815523,20190828.tif,20190923.tif
244,314,827,1946,1916,0.43162839248434237,0.27248764415156507,20190828.tif,20190923.tif
245,316,1582,3312,3402,0.4776570048309179,0.3082618862042089,20190828.tif,20190923.tif
246,317,522,1581,1554,0.3359073359073359,0.1997703788748565,20190828.tif,20190923.tif
248,315,1772,2491,2803,0.7113608992372541,0.5031232254400908,20190828.tif,20190923.tif
249,319,807,2240,2157,0.3741307371349096,0.22479108635097492,20190828.tif,20190923.tif
250,318,2917,3967,4192,0.7353163599697504,0.5564669973292636,20190828.tif,20190923.tif
251,320,2411,3982,4221,0.6054746358613762,0.41626381215469616,20190828.tif,20190923.tif
253,321,124,848,131,0.9465648854961832,0.14502923976608187,20190828.tif,20190923.tif
255,322,1351,1960,2149,0.6892857142857143,0.48984771573604063,20190828.tif,20190923.tif
256,324,458,1255,1435,0.3649402390438247,0.20519713261648745,20190828.tif,20190923.tif
258,325,1392,2518,2680,0.5528196981731534,0.36573830793483975,20190828.tif,20190923.tif
259,326,505,1387,1529,0.36409516943042536,0.20945665698880134,20190828.tif,20190923.tif
261,328,832,1536,4398,0.5416666666666666,0.16307330458643668,20190828.tif,20190923.tif
262,329,1665,2852,3103,0.5838008415147266,0.3881118881118881,20190828.tif,20190923.tif
264,328,448,472,4398,0.9491525423728814,0.1013116236996834,20190828.tif,20190923.tif
265,330,3178,4816,5336,0.6598837209302325,0.4556925724118153,20190828.tif,20190923.tif
266,331,3779,5379,5919,0.7025469418107455,0.5025934299773906,20190828.tif,20190923.tif
268,332,618,1657,1881,0.37296318648159327,0.21164383561643835,20190828.tif,20190923.tif
270,336,2646,4146,4706,0.638205499276411,0.426361585562359,20190828.tif,20190923.tif
271,337,1142,2335,2633,0.48907922912205565,0.29848405645582854,20190828.tif,20190923.tif
273,338,805,1819,2083,0.44255085211654754,0.25992896351307715,20190828.tif,20190923.tif
274,340,841,1719,2051,0.48923792902850494,0.2871287128712871,20190828.tif,20190923.tif
277,342,157,844,1032,0.18601895734597157,0.09133216986620128,20190828.tif,20190923.tif
281,346,1170,2150,2630,0.5441860465116279,0.32409972299168976,20190828.tif,20190923.tif
285,347,64,776,550,0.11636363636363636,0.05071315372424723,20190828.tif,20190923.tif
286,348,20,1039,384,0.052083333333333336,0.014255167498218105,20190828.tif,20190923.tif
288,350,548,2301,924,0.5930735930735931,0.20470676129996265,20190828.tif,20190923.tif
289,351,996,2120,2181,0.469811320754717,0.30136157337367625,20190828.tif,20190923.tif
290,352,1277,2168,2544,0.5890221402214022,0.3717612809315866,20190828.tif,20190923.tif
294,356,354,1257,1281,0.28162291169451076,0.1620879120879121,20190828.tif,20190923.tif
297,360,120,720,860,0.16666666666666666,0.0821917808219178,20190828.tif,20190923.tif
300,364,698,1827,1977,0.3820470717022441,0.2247263361236317,20190828.tif,20190923.tif
301,365,570,1648,1620,0.35185185185185186,0.2112676056338028,20190828.tif,20190923.tif
302,364,3,2199,1977,0.0015174506828528073,0.0007189072609633358,20190828.tif,20190923.tif
302,366,906,2199,2380,0.4120054570259209,0.2466648516199292,20190828.tif,20190923.tif
304,369,36,588,384,0.09375,0.038461538461538464,20190828.tif,20190923.tif
305,370,7059,9767,10339,0.7227398382307771,0.5410439181421016,20190828.tif,20190923.tif
309,374,4217,6029,6398,0.6994526455465251,0.5136419001218027,20190828.tif,20190923.tif
312,376,394,1498,1516,0.2630173564753004,0.150381679389313,20190828.tif,20190923.tif
315,377,266,1312,1300,0.20461538461538462,0.113384484228474,20190828.tif,20190923.tif
318,378,611,1390,1662,0.439568345323741,0.25030725112658747,20190828.tif,20190923.tif
319,379,905,2099,2276,0.4311576941400667,0.260806916426513,20190828.tif,20190923.tif
321,380,193,1932,1044,0.18486590038314177,0.0693496227093065,20190828.tif,20190923.tif
323,382,1044,2172,2688,0.48066298342541436,0.27358490566037735,20190828.tif,20190923.tif
324,383,866,2086,2196,0.41514860977948226,0.2535128805620609,20190828.tif,20190923.tif
325,385,2132,4251,3581,0.5953644233454343,0.3740350877192982,20190828.tif,20190923.tif
326,384,1025,2390,2370,0.43248945147679324,0.2744310575635877,20190828.tif,20190923.tif
327,386,190,878,904,0.2164009111617312,0.11934673366834171,20190828.tif,20190923.tif
334,397,81,1035,681,0.11894273127753303,0.04954128440366973,20190828.tif,20190923.tif
338,399,198,1198,1133,0.17475728155339806,0.09282700421940929,20190828.tif,20190923.tif
342,400,8,296,260,0.03076923076923077,0.014598540145985401,20190828.tif,20190923.tif
343,401,212,1102,1197,0.19237749546279492,0.10158121705797796,20190828.tif,20190923.tif
346,402,842,2153,2459,0.3910822108685555,0.223342175066313,20190828.tif,20190923.tif
347,405,297,1232,1423,0.24107142857142858,0.12595419847328243,20190828.tif,20190923.tif
349,406,2261,3793,4404,0.5960980754020564,0.38089622641509435,20190828.tif,20190923.tif
353,413,9,1227,784,0.011479591836734694,0.004495504495504496,20190828.tif,20190923.tif
355,414,495,1617,1612,0.30707196029776673,0.18105340160936356,20190828.tif,20190923.tif
356,415,956,2788,2909,0.3428981348637016,0.20164522252689307,20190828.tif,20190923.tif
359,417,88,943,1088,0.09331919406150584,0.04529078744209985,20190828.tif,20190923.tif
360,415,30,3572,2909,0.010312822275696116,0.004650441791970238,20190828.tif,20190923.tif
360,418,1664,3572,2998,0.5550366911274183,0.33917651854871583,20190828.tif,20190923.tif
363,419,41,754,618,0.06634304207119741,0.030803906836964687,20190828.tif,20190923.tif
366,421,220,1483,941,0.23379383634431455,0.0998185117967332,20190828.tif,20190923.tif
370,425,266,1517,1396,0.19054441260744986,0.10049112202493389,20190828.tif,20190923.tif
371,424,213,1086,1279,0.19613259668508287,0.09897769516728624,20190828.tif,20190923.tif
374,429,539,2000,1788,0.30145413870246085,0.16589719913819637,20190828.tif,20190923.tif
379,435,611,2413,2109,0.2897107633949739,0.15622602914855535,20190828.tif,20190923.tif
380,436,1823,3537,3646,0.5154085383093017,0.34011194029850744,20190828.tif,20190923.tif
381,437,600,1716,2203,0.34965034965034963,0.1807773425730642,20190828.tif,20190923.tif
383,439,4532,7093,7411,0.6389397998026223,0.4544725230645808,20190828.tif,20190923.tif
389,441,1278,3093,3389,0.4131910766246363,0.24558032282859338,20190828.tif,20190923.tif
391,442,1348,2824,3144,0.4773371104815864,0.2917748917748918,20190828.tif,20190923.tif
394,443,2628,5220,5228,0.503448275862069,0.3360613810741688,20190828.tif,20190923.tif
398,445,702,1881,2049,0.37320574162679426,0.2174721189591078,20190828.tif,20190923.tif
403,448,1552,4576,2944,0.5271739130434783,0.26005361930294907,20190828.tif,20190923.tif
404,449,112,1120,768,0.14583333333333334,0.06306306306306306,20190828.tif,20190923.tif
407,450,516,5716,688,0.75,0.08763586956521739,20190828.tif,20190923.tif
412,451,2314,4729,4940,0.4893212095580461,0.31461590754588714,20190828.tif,20190923.tif
416,453,136,1176,1304,0.11564625850340136,0.05802047781569966,20190828.tif,20190923.tif
421,457,1068,3050,3278,0.3501639344262295,0.20304182509505703,20190828.tif,20190923.tif
422,458,7519,11414,11104,0.677143371757925,0.5013000866724449,20190828.tif,20190923.tif
429,459,646,1995,2306,0.3238095238095238,0.17674418604651163,20190828.tif,20190923.tif
431,460,4880,7897,7865,0.6204704386522568,0.4484469766587024,20190828.tif,20190923.tif
432,461,2567,5243,5602,0.4896051878695403,0.3100990577434163,20190828.tif,20190923.tif
452,471,1562,3464,3538,0.45092378752886836,0.28713235294117645,20190828.tif,20190923.tif
463,479,549,2542,2478,0.2215496368038741,0.12279132185193468,20190828.tif,20190923.tif
469,489,2495,5042,5800,0.49484331614438715,0.2989097879477657,20190828.tif,20190923.tif
473,493,301,2213,2104,0.14306083650190113,0.07495019920318725,20190828.tif,20190923.tif
479,499,2333,5290,5289,0.4411041784836453,0.28292505457191364,20190828.tif,20190923.tif
481,501,904,3076,2160,0.4185185185185185,0.20867959372114497,20190828.tif,20190923.tif
46,38,212,605,348,0.6091954022988506,0.28609986504723345,20190923.tif,20200727.tif
65,65,1636,4349,6036,0.37617843182340766,0.1869927991770488,20190923.tif,20200727.tif
76,78,26824,31794,45060,0.8436811977102598,0.5361583050169898,20190923.tif,20200727.tif
92,94,545,1988,5116,0.27414486921529174,0.08309193474615033,20190923.tif,20200727.tif
96,97,152,1276,5432,0.11912225705329153,0.023184868822452714,20190923.tif,20200727.tif
102,106,35,598,506,0.0691699604743083,0.03274087932647334,20190923.tif,20200727.tif
104,102,1591,4016,6213,0.3961653386454183,0.18418615420236165,20190923.tif,20200727.tif
111,110,134,2140,2204,0.06261682242990654,0.031828978622327794,20190923.tif,20200727.tif
113,112,29206,37990,43834,0.7687812582258489,0.5550572047588278,20190923.tif,20200727.tif
115,117,106,2042,4460,0.05190989226248776,0.01657285803627267,20190923.tif,20200727.tif
118,118,2001,4704,8647,0.42538265306122447,0.17629955947136564,20190923.tif,20200727.tif
132,126,554,2335,4272,0.23725910064239827,0.09152486370394845,20190923.tif,20200727.tif
133,127,17526,23998,27408,0.7303108592382699,0.5172963400236128,20190923.tif,20200727.tif
134,128,186,2440,2346,0.0792838874680307,0.04043478260869565,20190923.tif,20200727.tif
142,131,9176,15946,23712,0.5754421171453656,0.30103011613411196,20190923.tif,20200727.tif
159,140,1740,4623,6372,0.37637897469175857,0.1880064829821718,20190923.tif,20200727.tif
162,142,917,1797,6530,0.5102949360044519,0.12375168690958165,20190923.tif,20200727.tif
164,150,200,200,1587,1.0,0.1260239445494644,20190923.tif,20200727.tif
173,156,161,1664,2844,0.0967548076923077,0.037037037037037035,20190923.tif,20200727.tif
174,158,8867,12652,16465,0.7008378122036042,0.43787654320987657,20190923.tif,20200727.tif
180,165,1745,2884,9005,0.6050624133148405,0.17202287066246058,20190923.tif,20200727.tif
183,170,1583,3074,8001,0.5149642160052049,0.16677201854193005,20190923.tif,20200727.tif
203,188,339,1820,1345,0.2520446096654275,0.11995753715498939,20190923.tif,20200727.tif
216,202,50,204,116,0.43103448275862066,0.18518518518518517,20190923.tif,20200727.tif
223,205,52,741,3492,0.07017543859649122,0.012437215977038986,20190923.tif,20200727.tif
233,215,6164,8382,14524,0.7353853495585779,0.36817584517978735,20190923.tif,20200727.tif
252,225,289,1430,3787,0.2020979020979021,0.05864448051948052,20190923.tif,20200727.tif
260,231,195,914,3325,0.21334792122538293,0.04821958456973294,20190923.tif,20200727.tif
262,233,2154,3556,6800,0.6057367829021373,0.2626188734455011,20190923.tif,20200727.tif
263,235,14824,20429,23028,0.725635126535807,0.5177243041246115,20190923.tif,20200727.tif
267,236,1239,2488,5562,0.4979903536977492,0.18191161356628982,20190923.tif,20200727.tif
277,248,737,1461,5426,0.5044490075290896,0.11983739837398374,20190923.tif,20200727.tif
278,250,1572,2815,5979,0.558436944937833,0.2176682359457214,20190923.tif,20200727.tif
281,257,539,1453,3852,0.370956641431521,0.11309274024339068,20190923.tif,20200727.tif
282,258,219,1309,3067,0.16730328495034377,0.052682222756795766,20190923.tif,20200727.tif
284,259,7776,18987,8182,0.950378880469323,0.400969421956376,20190923.tif,20200727.tif
287,270,195,797,2802,0.24466750313676286,0.0572855464159812,20190923.tif,20200727.tif
289,271,136,1480,2481,0.0918918918918919,0.035555555555555556,20190923.tif,20200727.tif
290,274,104,1368,1162,0.08950086058519793,0.04286892003297609,20190923.tif,20200727.tif
293,278,756,1783,4903,0.42400448681996633,0.12748735244519394,20190923.tif,20200727.tif
298,286,661,1584,5645,0.4172979797979798,0.1006394640682095,20190923.tif,20200727.tif
316,322,2233,3402,7098,0.6563786008230452,0.2701100762066046,20190923.tif,20200727.tif
319,326,342,2157,2194,0.15855354659248957,0.08530805687203792,20190923.tif,20200727.tif
328,335,2124,4398,5836,0.4829467939972715,0.2618988902589396,20190923.tif,20200727.tif
360,368,365,860,2715,0.42441860465116277,0.11370716510903427,20190923.tif,20200727.tif
377,383,499,1300,2569,0.38384615384615384,0.14807121661721068,20190923.tif,20200727.tif
405,411,491,1423,2778,0.34504567814476456,0.13234501347708894,20190923.tif,20200727.tif
425,423,160,1396,452,0.35398230088495575,0.0947867298578199,20190923.tif,20200727.tif
438,432,27,451,897,0.0598669623059867,0.02043906131718395,20190923.tif,20200727.tif
445,437,4,2049,686,0.0058309037900874635,0.0014646649578908824,20190923.tif,20200727.tif
451,445,4607,4940,11236,0.932591093117409,0.3982193793759184,20190923.tif,20200727.tif
461,468,4344,5602,7768,0.7754373438057837,0.4812763128739198,20190923.tif,20200727.tif
476,487,258,307,1888,0.8403908794788274,0.13319566339700567,20190923.tif,20200727.tif
477,486,37396,37396,71640,1.0,0.521998883305416,20190923.tif,20200727.tif
479,489,2440,2478,7439,0.9846650524616626,0.32633409121305335,20190923.tif,20200727.tif
489,503,5800,5800,15047,1.0,0.38545889546088924,20190923.tif,20200727.tif
490,504,202,206,2055,0.9805825242718447,0.09810587663914522,20190923.tif,20200727.tif
492,508,478,582,2950,0.8213058419243986,0.15651604453176163,20190923.tif,20200727.tif
493,509,1777,2104,5037,0.8445817490494296,0.331282624906786,20190923.tif,20200727.tif
500,515,1,140,713,0.007142857142857143,0.0011737089201877935,20190923.tif,20200727.tif
501,516,397,2160,2075,0.19132530120481928,0.1034392912975508,20190923.tif,20200727.tif
5,6,574,574,2204,1.0,0.2604355716878403,20200727.tif,20210717.tif
26,26,308,315,410,0.9777777777777777,0.7386091127098321,20200727.tif,20210717.tif
32,33,112,134,144,0.835820895522388,0.6746987951807228,20200727.tif,20210717.tif
36,36,492,720,496,0.9919354838709677,0.6795580110497238,20200727.tif,20210717.tif
37,37,239,239,320,1.0,0.746875,20200727.tif,20210717.tif
39,39,1013,1134,1130,0.8964601769911504,0.8097521982414069,20200727.tif,20210717.tif
40,38,656,695,838,0.943884892086331,0.7480045610034207,20200727.tif,20210717.tif
43,41,1503,1518,1846,0.9901185770750988,0.8076303062869425,20200727.tif,20210717.tif
46,47,1276,1276,1621,1.0,0.7871684145589143,20200727.tif,20210717.tif
48,48,280,578,304,0.9210526315789473,0.46511627906976744,20200727.tif,20210717.tif
55,51,132,137,202,0.9635036496350365,0.6376811594202898,20200727.tif,20210717.tif
65,68,6036,6036,12680,1.0,0.47602523659305995,20200727.tif,20210717.tif
66,69,32,236,160,0.2,0.08791208791208792,20200727.tif,20210717.tif
70,73,248,248,1014,1.0,0.2445759368836292,20200727.tif,20210717.tif
79,92,12320,12320,18925,1.0,0.650990752972259,20200727.tif,20210717.tif
92,98,310,336,452,0.9226190476190477,0.6485355648535565,20200727.tif,20210717.tif
93,99,370,493,397,0.9319899244332494,0.7115384615384616,20200727.tif,20210717.tif
96,103,3563,3563,9000,1.0,0.3958888888888889,20200727.tif,20210717.tif
101,107,278,362,356,0.7808988764044944,0.6318181818181818,20200727.tif,20210717.tif
102,108,6213,6213,10934,1.0,0.5682275471007865,20200727.tif,20210717.tif
103,110,569,596,721,0.9546979865771812,0.7606951871657754,20200727.tif,20210717.tif
106,111,506,506,752,1.0,0.6728723404255319,20200727.tif,20210717.tif
108,116,267,365,325,0.8215384615384616,0.6312056737588653,20200727.tif,20210717.tif
109,117,108,108,232,1.0,0.46551724137931033,20200727.tif,20210717.tif
110,119,1875,2204,1917,0.9780907668231612,0.8348174532502226,20200727.tif,20210717.tif
112,121,40872,43834,48060,0.9324268832413195,0.8010662067343499,20200727.tif,20210717.tif
113,123,289,291,449,0.993127147766323,0.6407982261640798,20200727.tif,20210717.tif
119,131,398,453,407,0.9778869778869779,0.8614718614718615,20200727.tif,20210717.tif
120,132,433,439,572,0.9863325740318907,0.7491349480968859,20200727.tif,20210717.tif
121,133,6694,7297,10900,0.9173632999862957,0.5819351473528644,20200727.tif,20210717.tif
127,138,19898,27408,21302,0.934090695709323,0.6906150215188116,20200727.tif,20210717.tif
129,141,155,800,156,0.9935897435897436,0.19350811485642946,20200727.tif,20210717.tif
131,145,22938,23712,25322,0.9673582995951417,0.8789852851011649,20200727.tif,20210717.tif
132,148,116,718,116,1.0,0.1615598885793872,20200727.tif,20210717.tif
132,152,169,718,169,1.0,0.23537604456824512,20200727.tif,20210717.tif
134,153,207,215,267,0.9627906976744186,0.7527272727272727,20200727.tif,20210717.tif
137,159,369,413,451,0.8934624697336562,0.7454545454545455,20200727.tif,20210717.tif
140,165,5944,6372,7096,0.9328311362209667,0.7900053163211058,20200727.tif,20210717.tif
145,172,1814,1814,5244,1.0,0.34591914569031273,20200727.tif,20210717.tif
155,175,228,228,1865,1.0,0.12225201072386059,20200727.tif,20210717.tif
172,183,121,121,367,1.0,0.329700272479564,20200727.tif,20210717.tif
173,184,337,337,447,1.0,0.7539149888143176,20200727.tif,20210717.tif
175,186,269,269,515,1.0,0.5223300970873787,20200727.tif,20210717.tif
177,189,173,313,232,0.7456896551724138,0.4650537634408602,20200727.tif,20210717.tif
178,188,337,337,479,1.0,0.7035490605427975,20200727.tif,20210717.tif
181,193,378,476,582,0.7941176470588235,0.5558823529411765,20200727.tif,20210717.tif
183,194,367,367,530,1.0,0.6924528301886792,20200727.tif,20210717.tif
186,197,1470,1470,4809,1.0,0.3056768558951965,20200727.tif,20210717.tif
190,199,2247,3402,4176,0.6604938271604939,0.421496904895892,20200727.tif,20210717.tif
191,201,579,579,1196,1.0,0.48411371237458195,20200727.tif,20210717.tif
195,206,327,327,495,1.0,0.6606060606060606,20200727.tif,20210717.tif
213,220,2450,2450,4718,1.0,0.5192878338278932,20200727.tif,20210717.tif
214,222,1283,1283,3153,1.0,0.4069140501110054,20200727.tif,20210717.tif
216,226,3251,3251,8200,1.0,0.39646341463414636,20200727.tif,20210717.tif
218,234,75,2879,104,0.7211538461538461,0.02579092159559835,20200727.tif,20210717.tif
219,233,764,2806,1602,0.4769038701622971,0.20965971459934138,20200727.tif,20210717.tif
220,231,312,312,660,1.0,0.4727272727272727,20200727.tif,20210717.tif
221,235,1474,1474,5692,1.0,0.2589599437807449,20200727.tif,20210717.tif
223,238,148,148,340,1.0,0.43529411764705883,20200727.tif,20210717.tif
225,246,3787,3787,7513,1.0,0.5040596299747105,20200727.tif,20210717.tif
227,251,304,304,548,1.0,0.5547445255474452,20200727.tif,20210717.tif
240,273,788,788,1846,1.0,0.4268689057421452,20200727.tif,20210717.tif
243,276,410,1390,472,0.8686440677966102,0.28236914600550966,20200727.tif,20210717.tif
246,282,387,630,438,0.8835616438356164,0.5682819383259912,20200727.tif,20210717.tif
248,284,5426,5426,9996,1.0,0.5428171268507404,20200727.tif,20210717.tif
250,287,5979,5979,8909,1.0,0.6711190930519699,20200727.tif,20210717.tif
258,292,3044,3067,4843,0.9925008151287904,0.6255651459103987,20200727.tif,20210717.tif
266,300,1452,1774,1702,0.8531139835487661,0.717391304347826,20200727.tif,20210717.tif
270,302,2802,2802,5309,1.0,0.5277830099830476,20200727.tif,20210717.tif
274,304,447,1162,660,0.6772727272727272,0.3250909090909091,20200727.tif,20210717.tif
279,311,1204,1208,1994,0.9966887417218543,0.6026026026026026,20200727.tif,20210717.tif
280,309,552,552,3276,1.0,0.1684981684981685,20200727.tif,20210717.tif
281,312,226,242,309,0.9338842975206612,0.6953846153846154,20200727.tif,20210717.tif
286,316,5554,5645,7384,0.9838795394154118,0.7430100334448161,20200727.tif,20210717.tif
287,317,120,223,274,0.5381165919282511,0.3183023872679045,20200727.tif,20210717.tif
289,320,691,691,2514,1.0,0.2748607796340493,20200727.tif,20210717.tif
290,325,285,287,474,0.9930313588850174,0.5987394957983193,20200727.tif,20210717.tif
292,323,1980,1980,7016,1.0,0.282212086659065,20200727.tif,20210717.tif
295,328,1524,1524,3269,1.0,0.46619761394921994,20200727.tif,20210717.tif
301,329,1130,1130,4173,1.0,0.2707884016295231,20200727.tif,20210717.tif
302,331,1376,1376,4644,1.0,0.2962962962962963,20200727.tif,20210717.tif
307,333,4367,4367,8397,1.0,0.5200666904846969,20200727.tif,20210717.tif
314,338,468,639,509,0.9194499017681729,0.6882352941176471,20200727.tif,20210717.tif
315,340,1813,1813,6272,1.0,0.2890625,20200727.tif,20210717.tif
327,348,485,748,492,0.9857723577235772,0.6423841059602649,20200727.tif,20210717.tif
335,357,386,5836,442,0.8733031674208145,0.06551255940257977,20200727.tif,20210717.tif
342,360,803,1229,954,0.8417190775681341,0.5818840579710145,20200727.tif,20210717.tif
343,359,717,717,2843,1.0,0.25219838199085476,20200727.tif,20210717.tif
349,364,316,318,691,0.9937106918238994,0.455988455988456,20200727.tif,20210717.tif
350,363,129,129,3072,1.0,0.0419921875,20200727.tif,20210717.tif
352,366,437,437,2496,1.0,0.1750801282051282,20200727.tif,20210717.tif
354,368,1351,1351,5320,1.0,0.25394736842105264,20200727.tif,20210717.tif
357,373,406,1076,1060,0.38301886792452833,0.23468208092485549,20200727.tif,20210717.tif
369,379,627,688,680,0.9220588235294118,0.8461538461538461,20200727.tif,20210717.tif
370,380,424,579,467,0.9079229122055674,0.6816720257234726,20200727.tif,20210717.tif
373,382,479,582,540,0.8870370370370371,0.744945567651633,20200727.tif,20210717.tif
375,385,419,613,448,0.9352678571428571,0.6526479750778816,20200727.tif,20210717.tif
384,390,1980,1980,5273,1.0,0.3754978190783235,20200727.tif,20210717.tif
406,396,396,396,2876,1.0,0.1376912378303199,20200727.tif,20210717.tif
408,398,131,231,200,0.655,0.43666666666666665,20200727.tif,20210717.tif
413,400,822,822,4201,1.0,0.19566769816710308,20200727.tif,20210717.tif
415,402,614,614,1901,1.0,0.32298790110468173,20200727.tif,20210717.tif
419,407,731,731,4263,1.0,0.1714754867464227,20200727.tif,20210717.tif
420,409,1151,1151,4174,1.0,0.2757546717776713,20200727.tif,20210717.tif
422,410,646,664,847,0.9728915662650602,0.7468208092485549,20200727.tif,20210717.tif
423,411,452,452,1236,1.0,0.3656957928802589,20200727.tif,20210717.tif
430,417,226,226,403,1.0,0.5607940446650124,20200727.tif,20210717.tif
431,419,182,315,184,0.9891304347826086,0.5741324921135647,20200727.tif,20210717.tif
433,425,986,986,3442,1.0,0.2864613596746078,20200727.tif,20210717.tif
439,430,184,184,441,1.0,0.41723356009070295,20200727.tif,20210717.tif
450,445,986,986,2282,1.0,0.43207712532865905,20200727.tif,20210717.tif
451,447,335,335,1911,1.0,0.17530088958660386,20200727.tif,20210717.tif
452,448,1214,1482,2211,0.8191632928475033,0.48971359419120614,20200727.tif,20210717.tif
464,458,106,106,2854,1.0,0.03714085494043448,20200727.tif,20210717.tif
466,458,158,158,2854,1.0,0.05536089698668535,20200727.tif,20210717.tif
471,472,136,136,201,1.0,0.6766169154228856,20200727.tif,20210717.tif
475,484,188,188,8738,1.0,0.021515220874341955,20200727.tif,20210717.tif
488,493,213,213,411,1.0,0.5182481751824818,20200727.tif,20210717.tif
489,497,7439,7439,19124,1.0,0.38898765948546327,20200727.tif,20210717.tif
491,503,51,2065,735,0.06938775510204082,0.018552200800291015,20200727.tif,20210717.tif
495,506,167,167,332,1.0,0.5030120481927711,20200727.tif,20210717.tif
497,509,359,359,2124,1.0,0.1690207156308851,20200727.tif,20210717.tif
501,510,140,140,3783,1.0,0.037007665873645255,20200727.tif,20210717.tif
504,513,2055,2055,6015,1.0,0.341645885286783,20200727.tif,20210717.tif
515,518,311,713,636,0.4889937106918239,0.2996146435452794,20200727.tif,20210717.tif
