source_image,target_image,source_row,source_component,archived_next_row_present,archived_target_component,candidate_target_components,candidate_successors,category,target_rgb_extreme_fraction_at_source,source_col,source_top,width,height,source_area
201408ddyw.tif,201508ddyw.tif,0,2.0,False,,,0,row_absent_no_mask_overlap,0.0,14190,4225,56.0,58.0,2483.0
201408ddyw.tif,201508ddyw.tif,1,3.0,False,,,0,row_absent_no_mask_overlap,0.0,14348,4253,70.0,56.0,3149.0
201408ddyw.tif,201508ddyw.tif,2,7.0,False,,,0,row_absent_no_mask_overlap,0.0,13510,4453,116.0,112.0,9622.0
201408ddyw.tif,201508ddyw.tif,3,8.0,False,,,0,row_absent_no_mask_overlap,0.0,13342,4477,116.0,112.0,9668.0
201408ddyw.tif,201508ddyw.tif,4,10.0,False,,,0,row_absent_no_mask_overlap,0.0,12470,4609,40.0,32.0,960.0
201408ddyw.tif,201508ddyw.tif,5,11.0,False,,,0,row_absent_no_mask_overlap,0.0,11846,4919,20.0,16.0,245.0
201408ddyw.tif,201508ddyw.tif,6,12.0,False,,,0,row_absent_no_mask_overlap,0.0,13896,5271,54.0,52.0,2184.0
201408ddyw.tif,201508ddyw.tif,7,16.0,False,,,0,row_absent_no_mask_overlap,0.0,12021,5443,71.0,62.0,3290.0
201408ddyw.tif,201508ddyw.tif,8,17.0,False,,,0,row_absent_no_mask_overlap,0.0,12106,5455,95.0,90.0,6190.0
201408ddyw.tif,201508ddyw.tif,9,19.0,False,,,0,row_absent_no_mask_overlap,0.0,16447,5465,63.0,67.0,2973.0
201408ddyw.tif,201508ddyw.tif,10,20.0,False,,,0,row_absent_no_mask_overlap,0.0,16514,5649,74.0,64.0,3612.0
201408ddyw.tif,201508ddyw.tif,11,23.0,False,,,0,row_absent_no_mask_overlap,0.0,13127,5835,63.0,54.0,2634.0
201408ddyw.tif,201508ddyw.tif,12,24.0,False,,,0,row_absent_no_mask_overlap,0.0,16258,5837,68.0,64.0,3104.0
201408ddyw.tif,201508ddyw.tif,13,25.0,False,,,0,row_absent_no_mask_overlap,0.0,16120,6001,54.0,46.0,2072.0
201408ddyw.tif,201508ddyw.tif,14,26.0,False,,,0,row_absent_no_mask_overlap,0.0,17072,6013,77.0,79.0,4610.0
201408ddyw.tif,201508ddyw.tif,15,28.0,False,,,0,row_absent_no_mask_overlap,0.0,17020,6071,56.0,59.0,2541.0
201408ddyw.tif,201508ddyw.tif,16,29.0,False,,,0,row_absent_no_mask_overlap,0.0,13497,6085,80.0,72.0,4492.0
201408ddyw.tif,201508ddyw.tif,17,31.0,False,,,0,row_absent_no_mask_overlap,0.0,16530,6105,92.0,90.0,6367.0
201408ddyw.tif,201508ddyw.tif,18,32.0,False,,,0,row_absent_no_mask_overlap,0.0,16106,6109,80.0,80.0,4956.0
201408ddyw.tif,201508ddyw.tif,19,33.0,True,8.0,,0,continued_row_without_overlap,0.0,14844,6131,44.0,42.0,1442.0
201408ddyw.tif,201508ddyw.tif,20,35.0,False,,,0,row_absent_no_mask_overlap,0.0,12990,6153,62.0,55.0,2599.0
201408ddyw.tif,201508ddyw.tif,21,37.0,False,,,0,row_absent_no_mask_overlap,0.0,13660,6183,79.0,76.0,4618.0
201408ddyw.tif,201508ddyw.tif,22,38.0,False,,,0,row_absent_no_mask_overlap,0.0,12556,6187,60.0,62.0,2646.0
201408ddyw.tif,201508ddyw.tif,23,40.0,False,,,0,row_absent_no_mask_overlap,0.0,16322,6201,14.0,14.0,144.0
201408ddyw.tif,201508ddyw.tif,24,41.0,False,,,0,row_absent_no_mask_overlap,0.0,12820,6243,32.0,24.0,587.0
201408ddyw.tif,201508ddyw.tif,25,42.0,False,,,0,row_absent_no_mask_overlap,0.0,12931,6253,70.0,68.0,3454.0
201408ddyw.tif,201508ddyw.tif,26,43.0,False,,,0,row_absent_no_mask_overlap,0.0,14222,6293,42.0,44.0,1450.0
201408ddyw.tif,201508ddyw.tif,27,44.0,False,,,0,row_absent_no_mask_overlap,0.0,17514,6295,72.0,64.0,3488.0
201408ddyw.tif,201508ddyw.tif,28,45.0,True,12.0,,0,continued_row_without_overlap,0.0,14382,6303,49.0,48.0,1776.0
201408ddyw.tif,201508ddyw.tif,29,46.0,False,,,0,row_absent_no_mask_overlap,0.0,14282,6319,57.0,49.0,2007.0
201408ddyw.tif,201508ddyw.tif,30,47.0,False,,,0,row_absent_no_mask_overlap,0.0,17594,6321,108.0,94.0,7733.0
201408ddyw.tif,201508ddyw.tif,31,48.0,False,,,0,row_absent_no_mask_overlap,0.0,15922,6329,84.0,84.0,5873.0
201408ddyw.tif,201508ddyw.tif,32,49.0,False,,,0,row_absent_no_mask_overlap,0.0,13658,6337,56.0,49.0,2244.0
201408ddyw.tif,201508ddyw.tif,33,50.0,False,,,0,row_absent_no_mask_overlap,0.0,12750,6359,38.0,35.0,992.0
201408ddyw.tif,201508ddyw.tif,34,51.0,False,,,0,row_absent_no_mask_overlap,0.0,13587,6369,77.0,70.0,4220.0
201408ddyw.tif,201508ddyw.tif,35,52.0,False,,,0,row_absent_no_mask_overlap,0.0,16054,6391,56.0,60.0,2622.0
201408ddyw.tif,201508ddyw.tif,36,53.0,False,,,0,row_absent_no_mask_overlap,0.0,13448,6393,50.0,52.0,1964.0
201408ddyw.tif,201508ddyw.tif,37,55.0,False,,,0,row_absent_no_mask_overlap,0.0,14334,6407,65.0,64.0,3281.0
201408ddyw.tif,201508ddyw.tif,38,57.0,False,,,0,row_absent_no_mask_overlap,0.0,12247,6415,51.0,50.0,1914.0
201408ddyw.tif,201508ddyw.tif,39,58.0,False,,,0,row_absent_no_mask_overlap,0.0,16982,6433,92.0,94.0,6768.0
201408ddyw.tif,201508ddyw.tif,40,60.0,False,,,0,row_absent_no_mask_overlap,0.0,12832,6451,56.0,54.0,2361.0
201408ddyw.tif,201508ddyw.tif,41,61.0,False,,,0,row_absent_no_mask_overlap,0.0,16332,6457,74.0,74.0,4192.0
201408ddyw.tif,201508ddyw.tif,42,62.0,True,18.0,,0,continued_row_without_overlap,0.0,13942,6466,40.0,33.0,950.0
201408ddyw.tif,201508ddyw.tif,43,64.0,False,,,0,row_absent_no_mask_overlap,0.0,12627,6497,55.0,48.0,2024.0
201408ddyw.tif,201508ddyw.tif,44,65.0,False,,,0,row_absent_no_mask_overlap,0.0,17726,6511,100.0,82.0,6107.0
201408ddyw.tif,201508ddyw.tif,45,66.0,False,,,0,row_absent_no_mask_overlap,0.0,12560,6519,54.0,57.0,2339.0
201408ddyw.tif,201508ddyw.tif,46,67.0,False,,,0,row_absent_no_mask_overlap,0.0,16816,6551,50.0,52.0,2080.0
201408ddyw.tif,201508ddyw.tif,47,68.0,False,,,0,row_absent_no_mask_overlap,0.0,17002,6557,63.0,64.0,3115.0
201408ddyw.tif,201508ddyw.tif,48,69.0,False,,,0,row_absent_no_mask_overlap,0.0,14053,6585,75.0,72.0,4407.0
201408ddyw.tif,201508ddyw.tif,49,70.0,False,,,0,row_absent_no_mask_overlap,0.0,12064,6587,44.0,38.0,1244.0
201408ddyw.tif,201508ddyw.tif,50,71.0,False,,,0,row_absent_no_mask_overlap,0.0,13928,6603,50.0,48.0,1832.0
201408ddyw.tif,201508ddyw.tif,51,72.0,False,,,0,row_absent_no_mask_overlap,0.0,14148,6613,42.0,43.0,1356.0
201408ddyw.tif,201508ddyw.tif,52,73.0,False,,,0,row_absent_no_mask_overlap,0.0,15352,6617,58.0,68.0,2984.0
201408ddyw.tif,201508ddyw.tif,53,75.0,False,,,0,row_absent_no_mask_overlap,0.0,13880,6641,40.0,40.0,1179.0
201408ddyw.tif,201508ddyw.tif,54,78.0,False,,,0,row_absent_no_mask_overlap,0.0,12566,6663,42.0,40.0,1342.0
201408ddyw.tif,201508ddyw.tif,55,79.0,False,,,0,row_absent_no_mask_overlap,0.0,16266,6681,77.0,70.0,4326.0
201408ddyw.tif,201508ddyw.tif,56,80.0,False,,,0,row_absent_no_mask_overlap,0.0,14406,6685,48.0,48.0,1700.0
201408ddyw.tif,201508ddyw.tif,57,81.0,False,,,0,row_absent_no_mask_overlap,0.0,17558,6689,22.0,20.0,324.0
201408ddyw.tif,201508ddyw.tif,58,82.0,False,,32,1,row_absent_but_mask_overlap,0.0,13790,6701,60.0,60.0,2872.0
201408ddyw.tif,201508ddyw.tif,59,83.0,False,,,0,row_absent_no_mask_overlap,0.0,18112,6705,80.0,70.0,4258.0
201408ddyw.tif,201508ddyw.tif,60,84.0,False,,,0,row_absent_no_mask_overlap,0.0,13652,6713,76.0,67.0,3743.0
201408ddyw.tif,201508ddyw.tif,61,85.0,False,,,0,row_absent_no_mask_overlap,0.0,16100,6757,68.0,66.0,3661.0
201408ddyw.tif,201508ddyw.tif,62,86.0,False,,,0,row_absent_no_mask_overlap,0.0,18484,6763,110.0,98.0,8068.0
201408ddyw.tif,201508ddyw.tif,63,87.0,False,,,0,row_absent_no_mask_overlap,0.0,15048,6767,72.0,74.0,4016.0
201408ddyw.tif,201508ddyw.tif,64,88.0,False,,,0,row_absent_no_mask_overlap,0.0,13072,6779,78.0,74.0,4550.0
201408ddyw.tif,201508ddyw.tif,65,89.0,False,,,0,row_absent_no_mask_overlap,0.0,11729,6785,68.0,66.0,3477.0
201408ddyw.tif,201508ddyw.tif,66,90.0,False,,,0,row_absent_no_mask_overlap,0.0,14584,6819,82.0,82.0,5030.0
201408ddyw.tif,201508ddyw.tif,67,91.0,False,,,0,row_absent_no_mask_overlap,0.0,13770,6827,78.0,70.0,4255.0
201408ddyw.tif,201508ddyw.tif,68,93.0,False,,,0,row_absent_no_mask_overlap,0.0,15008,6837,54.0,60.0,2479.0
201408ddyw.tif,201508ddyw.tif,69,95.0,False,,,0,row_absent_no_mask_overlap,0.0,14052,6839,62.0,58.0,2699.0
201408ddyw.tif,201508ddyw.tif,70,96.0,True,45.0,,0,continued_row_without_overlap,0.0,13904,6843,62.0,62.0,2938.0
201408ddyw.tif,201508ddyw.tif,71,97.0,False,,,0,row_absent_no_mask_overlap,0.0,16276,6851,58.0,50.0,2235.0
201408ddyw.tif,201508ddyw.tif,72,98.0,False,,,0,row_absent_no_mask_overlap,0.0,11620,6881,62.0,70.0,3170.0
201408ddyw.tif,201508ddyw.tif,73,99.0,False,,,0,row_absent_no_mask_overlap,0.0,15870,6889,50.0,48.0,1875.0
201408ddyw.tif,201508ddyw.tif,74,100.0,False,,,0,row_absent_no_mask_overlap,0.0,11706,6895,66.0,62.0,3129.0
201408ddyw.tif,201508ddyw.tif,75,101.0,False,,,0,row_absent_no_mask_overlap,0.0,12701,6895,94.0,90.0,6392.0
201408ddyw.tif,201508ddyw.tif,76,103.0,False,,,0,row_absent_no_mask_overlap,0.0,11861,6907,67.0,62.0,3157.0
201408ddyw.tif,201508ddyw.tif,77,105.0,False,,,0,row_absent_no_mask_overlap,0.0,13870,6951,47.0,42.0,1483.0
201408ddyw.tif,201508ddyw.tif,78,106.0,False,,,0,row_absent_no_mask_overlap,0.0,12224,6967,102.0,106.0,8449.0
201408ddyw.tif,201508ddyw.tif,79,107.0,False,,,0,row_absent_no_mask_overlap,0.0,14474,6991,59.0,51.0,2378.0
201408ddyw.tif,201508ddyw.tif,80,108.0,False,,,0,row_absent_no_mask_overlap,0.0,13930,6995,58.0,50.0,2179.0
201408ddyw.tif,201508ddyw.tif,81,109.0,False,,,0,row_absent_no_mask_overlap,0.0,16854,7025,106.0,100.0,7944.0
201408ddyw.tif,201508ddyw.tif,82,110.0,True,49.0,,0,continued_row_without_overlap,0.0,13460,7027,58.0,58.0,2696.0
201408ddyw.tif,201508ddyw.tif,83,111.0,False,,,0,row_absent_no_mask_overlap,0.0,14550,7053,64.0,72.0,3482.0
201408ddyw.tif,201508ddyw.tif,84,112.0,False,,,0,row_absent_no_mask_overlap,0.0,13140,7063,56.0,48.0,1955.0
201408ddyw.tif,201508ddyw.tif,85,113.0,False,,,0,row_absent_no_mask_overlap,0.0,16147,7065,54.0,57.0,2358.0
201408ddyw.tif,201508ddyw.tif,86,114.0,False,,,0,row_absent_no_mask_overlap,0.0,14402,7071,32.0,32.0,804.0
201408ddyw.tif,201508ddyw.tif,87,115.0,False,,,0,row_absent_no_mask_overlap,0.0,16434,7077,18.0,14.0,175.0
201408ddyw.tif,201508ddyw.tif,88,116.0,True,55.0,55,1,continued_row_with_overlap,0.0,14026,7083,88.0,86.0,5708.0
201408ddyw.tif,201508ddyw.tif,89,118.0,False,,,0,row_absent_no_mask_overlap,0.0,14606,7110,52.0,61.0,2496.0
201408ddyw.tif,201508ddyw.tif,90,119.0,False,,,0,row_absent_no_mask_overlap,0.0,16942,7121,140.0,156.0,15320.0
201408ddyw.tif,201508ddyw.tif,91,120.0,False,,,0,row_absent_no_mask_overlap,0.0,12525,7137,117.0,116.0,10169.0
201408ddyw.tif,201508ddyw.tif,92,121.0,False,,,0,row_absent_no_mask_overlap,0.0,11814,7149,104.0,94.0,7829.0
201408ddyw.tif,201508ddyw.tif,93,123.0,False,,,0,row_absent_no_mask_overlap,0.0,19384,7163,101.0,90.0,6555.0
201408ddyw.tif,201508ddyw.tif,94,124.0,False,,,0,row_absent_no_mask_overlap,0.0,15106,7169,57.0,57.0,2479.0
201408ddyw.tif,201508ddyw.tif,95,125.0,True,64.0,,0,continued_row_without_overlap,0.0,14252,7173,74.0,78.0,4469.0
201408ddyw.tif,201508ddyw.tif,96,127.0,False,,,0,row_absent_no_mask_overlap,0.0,12364,7204,52.0,58.0,2305.0
201408ddyw.tif,201508ddyw.tif,97,128.0,True,70.0,70,1,continued_row_with_overlap,0.0,13486,7229,67.0,60.0,2870.0
201408ddyw.tif,201508ddyw.tif,98,131.0,False,,,0,row_absent_no_mask_overlap,0.0,12428,7263,77.0,74.0,4464.0
201408ddyw.tif,201508ddyw.tif,99,133.0,False,,,0,row_absent_no_mask_overlap,0.0,12382,7350,66.0,54.0,2610.0
201408ddyw.tif,201508ddyw.tif,100,134.0,False,,,0,row_absent_no_mask_overlap,0.0,21758,7359,48.0,46.0,1598.0
201408ddyw.tif,201508ddyw.tif,101,135.0,False,,,0,row_absent_no_mask_overlap,0.0,20278,7377,172.0,180.0,23536.0
201408ddyw.tif,201508ddyw.tif,102,138.0,False,,87,1,row_absent_but_mask_overlap,0.0,14170,7381,176.0,200.0,24836.0
201408ddyw.tif,201508ddyw.tif,103,140.0,True,94.0,94,1,continued_row_with_overlap,0.0,21152,7407,24.0,19.0,322.0
201408ddyw.tif,201508ddyw.tif,104,142.0,True,97.0,97,1,continued_row_with_overlap,0.0,17246,7435,34.0,33.0,858.0
201408ddyw.tif,201508ddyw.tif,105,143.0,True,91.0,,0,continued_row_without_overlap,0.0,18392,7449,16.0,15.0,162.0
201408ddyw.tif,201508ddyw.tif,106,144.0,False,,,0,row_absent_no_mask_overlap,0.0,20464,7449,106.0,104.0,8679.0
201408ddyw.tif,201508ddyw.tif,107,145.0,False,,,0,row_absent_no_mask_overlap,0.0,17908,7457,62.0,56.0,2844.0
201408ddyw.tif,201508ddyw.tif,108,148.0,True,96.0,96,1,continued_row_with_overlap,0.0,13662,7483,116.0,116.0,10452.0
201408ddyw.tif,201508ddyw.tif,109,149.0,False,,,0,row_absent_no_mask_overlap,0.0,11981,7493,69.0,64.0,3486.0
201408ddyw.tif,201508ddyw.tif,110,151.0,True,100.0,,0,continued_row_without_overlap,0.0,14554,7522,84.0,77.0,4969.0
201408ddyw.tif,201508ddyw.tif,111,152.0,True,101.0,,0,continued_row_without_overlap,0.0,14734,7523,56.0,52.0,2313.0
201408ddyw.tif,201508ddyw.tif,112,153.0,False,,,0,row_absent_no_mask_overlap,0.0,22990,7539,53.0,47.0,1854.0
201408ddyw.tif,201508ddyw.tif,113,154.0,True,104.0,,0,continued_row_without_overlap,0.0,11837,7543,73.0,70.0,4046.0
201408ddyw.tif,201508ddyw.tif,114,157.0,False,,,0,row_absent_no_mask_overlap,0.0,11733,7585,84.0,74.0,4917.0
201408ddyw.tif,201508ddyw.tif,115,158.0,True,108.0,,0,continued_row_without_overlap,0.0,12128,7597,70.0,62.0,3440.0
201408ddyw.tif,201508ddyw.tif,116,159.0,True,122.0,122,1,continued_row_with_overlap,0.0,16410,7627,54.0,56.0,2343.0
201408ddyw.tif,201508ddyw.tif,117,160.0,False,,,0,row_absent_no_mask_overlap,0.0,12300,7649,56.0,50.0,2048.0
201408ddyw.tif,201508ddyw.tif,118,161.0,True,116.0,116,1,continued_row_with_overlap,0.0,13235,7653,107.0,92.0,7241.0
201408ddyw.tif,201508ddyw.tif,119,162.0,False,,,0,row_absent_no_mask_overlap,0.0,12362,7657,187.0,184.0,24780.0
201408ddyw.tif,201508ddyw.tif,120,163.0,False,,,0,row_absent_no_mask_overlap,0.0,22204,7657,76.0,76.0,4447.0
201408ddyw.tif,201508ddyw.tif,121,164.0,False,,,0,row_absent_no_mask_overlap,0.0,11639,7665,85.0,86.0,5322.0
201408ddyw.tif,201508ddyw.tif,122,165.0,False,,,0,row_absent_no_mask_overlap,0.0,22086,7671,88.0,90.0,6138.0
201408ddyw.tif,201508ddyw.tif,123,166.0,True,134.0,134,1,continued_row_with_overlap,0.0,22480,7721,48.0,42.0,1548.0
201408ddyw.tif,201508ddyw.tif,124,167.0,True,133.0,133,1,continued_row_with_overlap,0.0,22907,7725,119.0,128.0,11357.0
201408ddyw.tif,201508ddyw.tif,125,168.0,True,137.0,137,1,continued_row_with_overlap,0.0,21849,7733,157.0,128.0,14412.0
201408ddyw.tif,201508ddyw.tif,126,171.0,False,,,0,row_absent_no_mask_overlap,0.0,11665,7797,65.0,58.0,2940.0
201408ddyw.tif,201508ddyw.tif,127,172.0,True,136.0,,0,continued_row_without_overlap,0.0,11594,7805,28.0,23.0,486.0
201408ddyw.tif,201508ddyw.tif,128,173.0,True,138.0,138,1,continued_row_with_overlap,0.0,12605,7809,79.0,78.0,4533.0
201408ddyw.tif,201508ddyw.tif,129,174.0,False,,,0,row_absent_no_mask_overlap,0.0,23232,7817,75.0,70.0,4074.0
201408ddyw.tif,201508ddyw.tif,130,175.0,False,,,0,row_absent_no_mask_overlap,0.0,15400,7823,16.0,12.0,137.0
201408ddyw.tif,201508ddyw.tif,131,176.0,True,146.0,146,1,continued_row_with_overlap,0.0,17414,7823,22.0,19.0,292.0
201408ddyw.tif,201508ddyw.tif,132,177.0,False,,,0,row_absent_no_mask_overlap,0.0,14711,7853,37.0,40.0,1100.0
201408ddyw.tif,201508ddyw.tif,133,178.0,True,148.0,,0,continued_row_without_overlap,0.0,12412,7879,51.0,54.0,2123.0
201408ddyw.tif,201508ddyw.tif,134,179.0,False,,,0,row_absent_no_mask_overlap,0.0,12012,7889,117.0,104.0,9170.0
201408ddyw.tif,201508ddyw.tif,135,180.0,True,149.0,149,1,continued_row_with_overlap,0.0,12784,7893,62.0,60.0,3063.0
201408ddyw.tif,201508ddyw.tif,136,183.0,False,,,0,row_absent_no_mask_overlap,0.0,19533,7909,67.0,68.0,3243.0
201408ddyw.tif,201508ddyw.tif,137,184.0,False,,,0,row_absent_no_mask_overlap,0.0,12186,7913,48.0,56.0,2101.0
201408ddyw.tif,201508ddyw.tif,138,185.0,True,159.0,,0,continued_row_without_overlap,0.0,18493,7931,21.0,22.0,344.0
201408ddyw.tif,201508ddyw.tif,139,186.0,False,,,0,row_absent_no_mask_overlap,0.0,14928,7937,152.0,144.0,16569.0
201408ddyw.tif,201508ddyw.tif,140,187.0,False,,,0,row_absent_no_mask_overlap,0.0,16542,7949,73.0,74.0,4011.0
201408ddyw.tif,201508ddyw.tif,141,189.0,True,158.0,158,1,continued_row_with_overlap,0.0,13291,8005,53.0,54.0,2270.0
201408ddyw.tif,201508ddyw.tif,142,190.0,False,,,0,row_absent_no_mask_overlap,0.0,10969,8025,63.0,64.0,2920.0
201408ddyw.tif,201508ddyw.tif,143,191.0,False,,,0,row_absent_no_mask_overlap,0.0,11845,8039,151.0,139.0,14778.0
201408ddyw.tif,201508ddyw.tif,144,192.0,True,163.0,163,1,continued_row_with_overlap,0.0,13001,8045,61.0,62.0,3093.0
201408ddyw.tif,201508ddyw.tif,145,193.0,False,,,0,row_absent_no_mask_overlap,0.0,12053,8047,77.0,76.0,4632.0
201408ddyw.tif,201508ddyw.tif,146,197.0,True,172.0,,0,continued_row_without_overlap,0.0,14790,8067,60.0,60.0,2788.0
201408ddyw.tif,201508ddyw.tif,147,198.0,False,,,0,row_absent_no_mask_overlap,0.0,18810,8069,36.0,40.0,1252.0
201408ddyw.tif,201508ddyw.tif,148,199.0,False,,,0,row_absent_no_mask_overlap,0.0,15858,8087,20.0,20.0,275.0
201408ddyw.tif,201508ddyw.tif,149,200.0,True,175.0,175,1,continued_row_with_overlap,0.0,12501,8105,64.0,62.0,3177.0
201408ddyw.tif,201508ddyw.tif,150,201.0,True,180.0,,0,continued_row_without_overlap,0.0,13950,8109,47.0,44.0,1529.0
201408ddyw.tif,201508ddyw.tif,151,202.0,True,188.0,188,1,continued_row_with_overlap,0.0,16744,8119,23.0,25.0,399.0
201408ddyw.tif,201508ddyw.tif,152,203.0,True,173.0,,0,continued_row_without_overlap,0.0,18548,8125,42.0,42.0,1338.0
201408ddyw.tif,201508ddyw.tif,153,204.0,True,185.0,185,1,continued_row_with_overlap,0.0,16624,8127,16.0,12.0,148.0
201408ddyw.tif,201508ddyw.tif,154,205.0,True,181.0,,0,continued_row_without_overlap,0.0,12374,8129,58.0,60.0,2697.0
201408ddyw.tif,201508ddyw.tif,155,206.0,False,,,0,row_absent_no_mask_overlap,0.0,22828,8169,50.0,48.0,1908.0
201408ddyw.tif,201508ddyw.tif,156,207.0,False,,,0,row_absent_no_mask_overlap,0.0,15818,8201,26.0,26.0,506.0
201408ddyw.tif,201508ddyw.tif,157,208.0,False,,,0,row_absent_no_mask_overlap,0.0,16501,8205,62.0,62.0,3124.0
201408ddyw.tif,201508ddyw.tif,158,209.0,True,202.0,202,1,continued_row_with_overlap,0.0,17214,8241,18.0,20.0,266.0
201408ddyw.tif,201508ddyw.tif,159,210.0,True,197.0,,0,continued_row_without_overlap,0.0,12612,8251,42.0,40.0,1189.0
201408ddyw.tif,201508ddyw.tif,160,211.0,False,,,0,row_absent_no_mask_overlap,0.0,15896,8251,24.0,18.0,333.0
201408ddyw.tif,201508ddyw.tif,161,213.0,False,,,0,row_absent_no_mask_overlap,0.0,14270,8295,53.0,52.0,2075.0
201408ddyw.tif,201508ddyw.tif,162,214.0,False,,,0,row_absent_no_mask_overlap,0.0,18823,8311,29.0,28.0,650.0
201408ddyw.tif,201508ddyw.tif,163,215.0,False,,,0,row_absent_no_mask_overlap,0.0,18794,8335,23.0,20.0,368.0
201408ddyw.tif,201508ddyw.tif,164,216.0,False,,,0,row_absent_no_mask_overlap,0.0,22992,8341,152.0,166.0,17279.0
201408ddyw.tif,201508ddyw.tif,165,217.0,False,,,0,row_absent_no_mask_overlap,0.0,14174,8347,94.0,84.0,6093.0
201408ddyw.tif,201508ddyw.tif,166,219.0,False,,,0,row_absent_no_mask_overlap,0.0,11289,8418,160.0,132.0,17375.0
201408ddyw.tif,201508ddyw.tif,167,220.0,True,234.0,234,1,continued_row_with_overlap,0.0,19330,8423,51.0,48.0,1850.0
201408ddyw.tif,201508ddyw.tif,168,221.0,True,216.0,,0,continued_row_without_overlap,0.0,18312,8429,36.0,41.0,1162.0
201408ddyw.tif,201508ddyw.tif,169,222.0,False,,,0,row_absent_no_mask_overlap,0.0,12746,8437,66.0,66.0,3494.0
201408ddyw.tif,201508ddyw.tif,170,224.0,True,223.0,223,1,continued_row_with_overlap,0.0,14470,8445,110.0,102.0,9087.0
201408ddyw.tif,201508ddyw.tif,171,226.0,False,,,0,row_absent_no_mask_overlap,0.0,11876,8465,69.0,84.0,4445.0
201408ddyw.tif,201508ddyw.tif,172,227.0,True,230.0,230,1,continued_row_with_overlap,0.0,13118,8467,59.0,64.0,2826.0
201408ddyw.tif,201508ddyw.tif,173,228.0,False,,,0,row_absent_no_mask_overlap,0.0,11617,8490,124.0,124.0,12414.0
201408ddyw.tif,201508ddyw.tif,174,229.0,False,,,0,row_absent_no_mask_overlap,0.0,12801,8498,50.0,52.0,1873.0
201408ddyw.tif,201508ddyw.tif,175,230.0,True,235.0,235,1,continued_row_with_overlap,0.0,13443,8503,123.0,124.0,11639.0
201408ddyw.tif,201508ddyw.tif,176,232.0,False,,,0,row_absent_no_mask_overlap,0.0,11757,8518,84.0,81.0,4976.0
201408ddyw.tif,201508ddyw.tif,177,233.0,False,,,0,row_absent_no_mask_overlap,0.0,17946,8543,56.0,54.0,2454.0
201408ddyw.tif,201508ddyw.tif,178,234.0,True,247.0,,0,continued_row_without_overlap,0.0,18756,8553,14.0,13.0,147.0
201408ddyw.tif,201508ddyw.tif,179,235.0,True,242.0,242,1,continued_row_with_overlap,0.0,13928,8565,54.0,48.0,2068.0
201408ddyw.tif,201508ddyw.tif,180,236.0,True,243.0,243,1,continued_row_with_overlap,0.0,13782,8567,63.0,74.0,3633.0
201408ddyw.tif,201508ddyw.tif,181,238.0,False,,,0,row_absent_no_mask_overlap,0.0,22882,8642,20.0,28.0,448.0
201408ddyw.tif,201508ddyw.tif,182,240.0,False,,,0,row_absent_no_mask_overlap,0.0,23284,8645,98.0,92.0,6428.0
201408ddyw.tif,201508ddyw.tif,183,241.0,True,248.0,248,1,continued_row_with_overlap,0.0,12550,8650,52.0,61.0,2387.0
201408ddyw.tif,201508ddyw.tif,184,242.0,True,259.0,,0,continued_row_without_overlap,0.0,17726,8651,18.0,18.0,248.0
201408ddyw.tif,201508ddyw.tif,185,243.0,True,251.0,251,1,continued_row_with_overlap,0.0,14490,8681,62.0,52.0,2463.0
201408ddyw.tif,201508ddyw.tif,186,244.0,True,255.0,255,1,continued_row_with_overlap,0.0,13434,8695,60.0,66.0,3020.0
201408ddyw.tif,201508ddyw.tif,187,245.0,True,252.0,252,1,continued_row_with_overlap,0.0,14226,8697,82.0,84.0,5178.0
201408ddyw.tif,201508ddyw.tif,188,247.0,False,,,0,row_absent_no_mask_overlap,0.0,18574,8746,63.0,67.0,3125.0
201408ddyw.tif,201508ddyw.tif,189,248.0,False,,,0,row_absent_no_mask_overlap,0.0,18766,8757,17.0,15.0,179.0
201408ddyw.tif,201508ddyw.tif,190,249.0,True,261.0,261,1,continued_row_with_overlap,0.0,14624,8781,78.0,80.0,4599.0
201408ddyw.tif,201508ddyw.tif,191,250.0,True,260.0,,0,continued_row_without_overlap,0.0,16649,8783,47.0,48.0,1646.0
201408ddyw.tif,201508ddyw.tif,192,251.0,False,,263,1,row_absent_but_mask_overlap,0.0,13494,8785,46.0,48.0,1734.0
201408ddyw.tif,201508ddyw.tif,193,252.0,False,,,0,row_absent_no_mask_overlap,0.0,12229,8842,92.0,95.0,6634.0
201408ddyw.tif,201508ddyw.tif,194,255.0,False,,,0,row_absent_no_mask_overlap,0.0,11554,8857,76.0,86.0,4848.0
201408ddyw.tif,201508ddyw.tif,195,257.0,False,,,0,row_absent_no_mask_overlap,0.0,13113,8889,72.0,60.0,3187.0
201408ddyw.tif,201508ddyw.tif,196,258.0,True,272.0,272,1,continued_row_with_overlap,0.0,13785,8902,57.0,56.0,2474.0
201408ddyw.tif,201508ddyw.tif,197,259.0,False,,,0,row_absent_no_mask_overlap,0.0,13428,8925,44.0,42.0,1366.0
201408ddyw.tif,201508ddyw.tif,198,260.0,False,,,0,row_absent_no_mask_overlap,0.0,13356,8935,56.0,60.0,2360.0
201408ddyw.tif,201508ddyw.tif,199,261.0,False,,,0,row_absent_no_mask_overlap,0.0,11458,8959,103.0,104.0,8572.0
201408ddyw.tif,201508ddyw.tif,200,262.0,False,,,0,row_absent_no_mask_overlap,0.0,13149,8959,77.0,81.0,4209.0
201408ddyw.tif,201508ddyw.tif,201,263.0,False,,274,1,row_absent_but_mask_overlap,0.0,13460,8997,72.0,70.0,3950.0
201408ddyw.tif,201508ddyw.tif,202,264.0,True,281.0,,0,continued_row_without_overlap,0.0,20514,8999,20.0,16.0,206.0
201408ddyw.tif,201508ddyw.tif,203,265.0,True,275.0,275,1,continued_row_with_overlap,0.0,14307,9011,72.0,71.0,3836.0
201408ddyw.tif,201508ddyw.tif,204,266.0,True,283.0,283,1,continued_row_with_overlap,0.0,17326,9015,50.0,47.0,1798.0
201408ddyw.tif,201508ddyw.tif,205,267.0,True,278.0,278,1,continued_row_with_overlap,0.0,13590,9022,61.0,57.0,2632.0
201408ddyw.tif,201508ddyw.tif,206,268.0,False,,,0,row_absent_no_mask_overlap,0.0,14620,9040,83.0,79.0,5193.0
201408ddyw.tif,201508ddyw.tif,207,269.0,False,,,0,row_absent_no_mask_overlap,0.0,15828,9045,73.0,74.0,3798.0
201408ddyw.tif,201508ddyw.tif,208,270.0,False,,,0,row_absent_no_mask_overlap,0.0,13748,9059,46.0,48.0,1585.0
201408ddyw.tif,201508ddyw.tif,209,271.0,False,,,0,row_absent_no_mask_overlap,0.0,15774,9122,76.0,67.0,3386.0
201408ddyw.tif,201508ddyw.tif,210,272.0,True,289.0,289,1,continued_row_with_overlap,0.0,13234,9147,70.0,74.0,3951.0
201408ddyw.tif,201508ddyw.tif,211,273.0,True,290.0,290,1,continued_row_with_overlap,0.0,14574,9153,70.0,70.0,3823.0
201408ddyw.tif,201508ddyw.tif,212,274.0,True,294.0,294,1,continued_row_with_overlap,0.0,13968,9170,64.0,79.0,3788.0
201408ddyw.tif,201508ddyw.tif,213,275.0,False,,,0,row_absent_no_mask_overlap,0.0,15445,9177,72.0,70.0,3953.0
201408ddyw.tif,201508ddyw.tif,214,276.0,False,,,0,row_absent_no_mask_overlap,0.0,15357,9231,75.0,68.0,3896.0
201408ddyw.tif,201508ddyw.tif,215,277.0,False,,,0,row_absent_no_mask_overlap,0.0,16018,9242,106.0,96.0,7292.0
201408ddyw.tif,201508ddyw.tif,216,278.0,True,301.0,301,1,continued_row_with_overlap,0.0,14508,9283,75.0,74.0,4242.0
201408ddyw.tif,201508ddyw.tif,217,279.0,True,306.0,306,1,continued_row_with_overlap,0.0,13366,9287,52.0,56.0,2289.0
201408ddyw.tif,201508ddyw.tif,218,280.0,True,310.0,310,1,continued_row_with_overlap,0.0,14974,9309,80.0,84.0,5243.0
201408ddyw.tif,201508ddyw.tif,219,281.0,False,,,0,row_absent_no_mask_overlap,0.0,16154,9309,62.0,70.0,3112.0
201408ddyw.tif,201508ddyw.tif,220,282.0,False,,,0,row_absent_no_mask_overlap,0.0,14728,9385,66.0,60.0,2851.0
201408ddyw.tif,201508ddyw.tif,221,283.0,True,321.0,321,1,continued_row_with_overlap,0.0,13768,9393,58.0,58.0,2716.0
201408ddyw.tif,201508ddyw.tif,222,284.0,False,,326,1,row_absent_but_mask_overlap,0.0,12790,9397,80.0,94.0,5633.0
201408ddyw.tif,201508ddyw.tif,223,286.0,False,,,0,row_absent_no_mask_overlap,0.0,14874,9459,62.0,79.0,3603.0
201408ddyw.tif,201508ddyw.tif,224,287.0,False,,,0,row_absent_no_mask_overlap,0.0,16652,9461,86.0,74.0,4709.0
201408ddyw.tif,201508ddyw.tif,225,288.0,True,328.0,328,1,continued_row_with_overlap,0.0,13690,9489,83.0,86.0,5525.0
201408ddyw.tif,201508ddyw.tif,226,289.0,False,,,0,row_absent_no_mask_overlap,0.0,13826,9491,78.0,70.0,3922.0
201408ddyw.tif,201508ddyw.tif,227,291.0,False,,,0,row_absent_no_mask_overlap,0.0,12553,9498,107.0,95.0,8318.0
201408ddyw.tif,201508ddyw.tif,228,292.0,False,,,0,row_absent_no_mask_overlap,0.0,14792,9499,65.0,67.0,3269.0
201408ddyw.tif,201508ddyw.tif,229,293.0,False,,,0,row_absent_no_mask_overlap,0.0,16435,9531,75.0,74.0,4311.0
201408ddyw.tif,201508ddyw.tif,230,294.0,False,,,0,row_absent_no_mask_overlap,0.0,14484,9583,46.0,48.0,1797.0
201408ddyw.tif,201508ddyw.tif,231,295.0,False,,,0,row_absent_no_mask_overlap,0.0,16346,9591,64.0,64.0,3266.0
201408ddyw.tif,201508ddyw.tif,232,296.0,False,,,0,row_absent_no_mask_overlap,0.0,15284,9639,84.0,72.0,4500.0
201408ddyw.tif,201508ddyw.tif,233,297.0,False,,340,1,row_absent_but_mask_overlap,0.0,13432,9657,50.0,56.0,2242.0
201408ddyw.tif,201508ddyw.tif,234,299.0,True,341.0,341,1,continued_row_with_overlap,0.0,13546,9695,83.0,86.0,5369.0
201408ddyw.tif,201508ddyw.tif,235,300.0,True,337.0,,0,continued_row_without_overlap,0.0,15502,9699,80.0,74.0,4380.0
201408ddyw.tif,201508ddyw.tif,236,302.0,False,,,0,row_absent_no_mask_overlap,0.0,16616,9719,88.0,84.0,5733.0
201408ddyw.tif,201508ddyw.tif,237,303.0,False,,,0,row_absent_no_mask_overlap,0.0,14584,9726,53.0,53.0,2175.0
201408ddyw.tif,201508ddyw.tif,238,304.0,True,347.0,347,1,continued_row_with_overlap,0.0,13710,9742,64.0,63.0,3089.0
201408ddyw.tif,201508ddyw.tif,239,305.0,False,,353,1,row_absent_but_mask_overlap,0.0,13366,9762,132.0,131.0,13110.0
201408ddyw.tif,201508ddyw.tif,240,306.0,False,,,0,row_absent_no_mask_overlap,0.0,14014,9779,104.0,110.0,8200.0
201408ddyw.tif,201508ddyw.tif,241,307.0,False,,,0,row_absent_no_mask_overlap,0.0,14637,9807,92.0,86.0,5953.0
201408ddyw.tif,201508ddyw.tif,242,308.0,False,,,0,row_absent_no_mask_overlap,0.0,15674,9811,92.0,82.0,5755.0
201408ddyw.tif,201508ddyw.tif,243,309.0,True,362.0,,0,continued_row_without_overlap,0.0,17749,9821,21.0,16.0,255.0
201408ddyw.tif,201508ddyw.tif,244,310.0,False,,,0,row_absent_no_mask_overlap,0.0,14412,9869,18.0,16.0,252.0
201408ddyw.tif,201508ddyw.tif,245,311.0,False,,,0,row_absent_no_mask_overlap,0.0,23514,9869,20.0,20.0,271.0
201408ddyw.tif,201508ddyw.tif,246,313.0,False,,,0,row_absent_no_mask_overlap,0.0,15185,9905,85.0,78.0,4813.0
201408ddyw.tif,201508ddyw.tif,247,315.0,False,,,0,row_absent_no_mask_overlap,0.0,14105,9929,19.0,17.0,239.0
201408ddyw.tif,201508ddyw.tif,248,316.0,False,,,0,row_absent_no_mask_overlap,0.0,15108,9951,58.0,63.0,2720.0
201408ddyw.tif,201508ddyw.tif,249,318.0,False,,,0,row_absent_no_mask_overlap,0.0,18275,9983,24.0,31.0,569.0
201408ddyw.tif,201508ddyw.tif,250,319.0,False,,,0,row_absent_no_mask_overlap,0.0,14636,9990,84.0,91.0,5753.0
201408ddyw.tif,201508ddyw.tif,251,322.0,False,,,0,row_absent_no_mask_overlap,0.0,13979,10011,31.0,24.0,574.0
201408ddyw.tif,201508ddyw.tif,252,323.0,False,,,0,row_absent_no_mask_overlap,0.0,14758,10021,77.0,76.0,4732.0
201408ddyw.tif,201508ddyw.tif,253,324.0,True,377.0,377,1,continued_row_with_overlap,0.0,13659,10029,132.0,126.0,12916.0
201408ddyw.tif,201508ddyw.tif,254,325.0,False,,,0,row_absent_no_mask_overlap,0.0,18010,10031,18.0,14.0,176.0
201408ddyw.tif,201508ddyw.tif,255,328.0,False,,,0,row_absent_no_mask_overlap,0.0,17997,10091,65.0,62.0,3081.0
201408ddyw.tif,201508ddyw.tif,256,329.0,False,,,0,row_absent_no_mask_overlap,0.0,14670,10097,76.0,78.0,4783.0
201408ddyw.tif,201508ddyw.tif,257,330.0,False,,,0,row_absent_no_mask_overlap,0.0,13974,10115,43.0,39.0,1275.0
201408ddyw.tif,201508ddyw.tif,258,331.0,False,,,0,row_absent_no_mask_overlap,0.0,14428,10138,98.0,95.0,7268.0
201408ddyw.tif,201508ddyw.tif,259,332.0,True,390.0,390,1,continued_row_with_overlap,0.0,18537,10181,33.0,32.0,819.0
201408ddyw.tif,201508ddyw.tif,260,333.0,False,,,0,row_absent_no_mask_overlap,0.0,14702,10231,72.0,80.0,4564.0
201408ddyw.tif,201508ddyw.tif,261,334.0,False,,,0,row_absent_no_mask_overlap,0.0,13442,10258,158.0,161.0,18912.0
201408ddyw.tif,201508ddyw.tif,262,335.0,False,,,0,row_absent_no_mask_overlap,0.0,13636,10259,58.0,62.0,2898.0
201408ddyw.tif,201508ddyw.tif,263,336.0,False,,,0,row_absent_no_mask_overlap,0.0,14964,10261,70.0,76.0,3951.0
201408ddyw.tif,201508ddyw.tif,264,337.0,False,,,0,row_absent_no_mask_overlap,0.0,17085,10303,49.0,52.0,1731.0
201408ddyw.tif,201508ddyw.tif,265,338.0,False,,,0,row_absent_no_mask_overlap,0.0,14670,10318,46.0,49.0,1802.0
201408ddyw.tif,201508ddyw.tif,266,339.0,False,,,0,row_absent_no_mask_overlap,0.0,13616,10326,41.0,39.0,1185.0
201408ddyw.tif,201508ddyw.tif,267,340.0,True,393.0,393,1,continued_row_with_overlap,0.0,13834,10331,55.0,50.0,2020.0
201408ddyw.tif,201508ddyw.tif,268,341.0,True,394.0,394,1,continued_row_with_overlap,0.0,13978,10337,64.0,63.0,2968.0
201408ddyw.tif,201508ddyw.tif,269,345.0,True,398.0,398,1,continued_row_with_overlap,0.0,14826,10377,76.0,78.0,4682.0
201408ddyw.tif,201508ddyw.tif,270,346.0,True,402.0,402,1,continued_row_with_overlap,0.0,17162,10425,80.0,94.0,5475.0
201408ddyw.tif,201508ddyw.tif,271,347.0,True,401.0,401,1,continued_row_with_overlap,0.0,13862,10451,18.0,20.0,274.0
201408ddyw.tif,201508ddyw.tif,272,354.0,False,,,0,row_absent_no_mask_overlap,0.0,14514,10651,84.0,84.0,5455.0
201408ddyw.tif,201508ddyw.tif,273,355.0,True,421.0,,0,continued_row_without_overlap,0.0,19590,10671,18.0,16.0,207.0
201408ddyw.tif,201508ddyw.tif,274,356.0,True,415.0,,0,continued_row_without_overlap,0.0,15606,10693,14.0,18.0,200.0
201408ddyw.tif,201508ddyw.tif,275,358.0,False,,,0,row_absent_no_mask_overlap,0.0,15598,10721,132.0,124.0,12228.0
201408ddyw.tif,201508ddyw.tif,276,361.0,True,437.0,437,1,continued_row_with_overlap,0.0,17592,10801,101.0,90.0,6823.0
201408ddyw.tif,201508ddyw.tif,277,365.0,True,441.0,441,1,continued_row_with_overlap,0.0,15806,10855,64.0,50.0,2424.0
201408ddyw.tif,201508ddyw.tif,278,366.0,True,444.0,444,1,continued_row_with_overlap,0.0,16946,10863,104.0,131.0,10524.0
201408ddyw.tif,201508ddyw.tif,279,368.0,False,,,0,row_absent_no_mask_overlap,0.0,13741,10895,27.0,32.0,627.0
201408ddyw.tif,201508ddyw.tif,280,369.0,False,,,0,row_absent_no_mask_overlap,0.0,14944,10951,82.0,94.0,6076.0
201408ddyw.tif,201508ddyw.tif,281,370.0,True,450.0,,0,continued_row_without_overlap,0.0,13788,10961,14.0,12.0,130.0
201408ddyw.tif,201508ddyw.tif,282,372.0,True,458.0,458,1,continued_row_with_overlap,0.0,13496,11029,82.0,82.0,5153.0
201408ddyw.tif,201508ddyw.tif,283,375.0,True,468.0,468,1,continued_row_with_overlap,0.0,17748,11102,88.0,83.0,5690.0
201408ddyw.tif,201508ddyw.tif,284,377.0,False,,472,1,row_absent_but_mask_overlap,0.0,13672,11141,98.0,86.0,6473.0
201408ddyw.tif,201508ddyw.tif,285,378.0,True,471.0,471,1,continued_row_with_overlap,0.0,15980,11141,94.0,70.0,5139.0
201408ddyw.tif,201508ddyw.tif,286,379.0,False,,,0,row_absent_no_mask_overlap,0.0,15448,11167,34.0,27.0,770.0
201408ddyw.tif,201508ddyw.tif,287,380.0,False,,,0,row_absent_no_mask_overlap,0.0,15010,11195,84.0,94.0,6225.0
201408ddyw.tif,201508ddyw.tif,288,381.0,False,,,0,row_absent_no_mask_overlap,0.0,14500,11219,26.0,23.0,419.0
201408ddyw.tif,201508ddyw.tif,289,382.0,False,,,0,row_absent_no_mask_overlap,0.0,18238,11249,76.0,80.0,4777.0
201408ddyw.tif,201508ddyw.tif,290,384.0,True,483.0,483,1,continued_row_with_overlap,0.0,13687,11311,52.0,46.0,1828.0
201408ddyw.tif,201508ddyw.tif,291,386.0,False,,,0,row_absent_no_mask_overlap,0.0,18326,11330,48.0,49.0,1814.0
201408ddyw.tif,201508ddyw.tif,292,387.0,False,,,0,row_absent_no_mask_overlap,0.0,18378,11359,74.0,66.0,3895.0
201408ddyw.tif,201508ddyw.tif,293,389.0,False,,,0,row_absent_no_mask_overlap,0.0,12174,11418,62.0,65.0,3104.0
201408ddyw.tif,201508ddyw.tif,294,390.0,False,,,0,row_absent_no_mask_overlap,0.0,14082,11446,90.0,85.0,5724.0
201408ddyw.tif,201508ddyw.tif,295,392.0,False,,,0,row_absent_no_mask_overlap,0.0,24062,11463,24.0,19.0,328.0
201408ddyw.tif,201508ddyw.tif,296,393.0,False,,,0,row_absent_no_mask_overlap,0.0,16354,11495,57.0,52.0,2235.0
201408ddyw.tif,201508ddyw.tif,297,394.0,True,495.0,495,1,continued_row_with_overlap,0.0,18147,11513,43.0,41.0,1407.0
201408ddyw.tif,201508ddyw.tif,298,396.0,False,,,0,row_absent_no_mask_overlap,0.0,12260,11522,48.0,53.0,1949.0
201408ddyw.tif,201508ddyw.tif,299,397.0,False,,,0,row_absent_no_mask_overlap,0.0,21878,11565,40.0,40.0,1191.0
201408ddyw.tif,201508ddyw.tif,300,398.0,False,,506,1,row_absent_but_mask_overlap,0.0,18706,11589,48.0,44.0,1593.0
201408ddyw.tif,201508ddyw.tif,301,399.0,False,,,0,row_absent_no_mask_overlap,0.0,18658,11637,84.0,86.0,5278.0
201408ddyw.tif,201508ddyw.tif,302,400.0,True,512.0,512,1,continued_row_with_overlap,0.0,16642,11679,30.0,30.0,716.0
201408ddyw.tif,201508ddyw.tif,303,401.0,False,,516,1,row_absent_but_mask_overlap,0.0,15990,11733,60.0,58.0,2798.0
201408ddyw.tif,201508ddyw.tif,304,402.0,False,,,0,row_absent_no_mask_overlap,0.0,19038,11797,84.0,78.0,5065.0
201408ddyw.tif,201508ddyw.tif,305,403.0,False,,,0,row_absent_no_mask_overlap,0.0,19128,11887,66.0,64.0,3184.0
201408ddyw.tif,201508ddyw.tif,306,405.0,False,,,0,row_absent_no_mask_overlap,0.0,19358,11938,75.0,71.0,4124.0
201408ddyw.tif,201508ddyw.tif,307,406.0,False,,,0,row_absent_no_mask_overlap,0.0,17286,12006,62.0,55.0,2617.0
201408ddyw.tif,201508ddyw.tif,308,408.0,False,,,0,row_absent_no_mask_overlap,0.0,19456,12015,36.0,34.0,912.0
201408ddyw.tif,201508ddyw.tif,309,410.0,False,,,0,row_absent_no_mask_overlap,0.0,17420,12051,24.0,29.0,480.0
201408ddyw.tif,201508ddyw.tif,310,412.0,False,,,0,row_absent_no_mask_overlap,0.0,17596,12110,58.0,58.0,2430.0
201408ddyw.tif,201508ddyw.tif,311,413.0,False,,,0,row_absent_no_mask_overlap,0.0,17703,12137,50.0,46.0,1684.0
201408ddyw.tif,201508ddyw.tif,312,419.0,False,,,0,row_absent_no_mask_overlap,0.0,15868,12225,142.0,148.0,16457.0
201408ddyw.tif,201508ddyw.tif,313,420.0,False,,,0,row_absent_no_mask_overlap,0.0,19574,12225,110.0,99.0,8143.0
201408ddyw.tif,201508ddyw.tif,314,423.0,False,,,0,row_absent_no_mask_overlap,0.0,15334,12250,76.0,73.0,4465.0
201408ddyw.tif,201508ddyw.tif,315,424.0,False,,,0,row_absent_no_mask_overlap,0.0,17550,12253,31.0,27.0,626.0
201408ddyw.tif,201508ddyw.tif,316,426.0,False,,,0,row_absent_no_mask_overlap,0.0,12730,12319,52.0,50.0,1955.0
201408ddyw.tif,201508ddyw.tif,317,427.0,False,,,0,row_absent_no_mask_overlap,0.0,15057,12321,117.0,128.0,10895.0
201408ddyw.tif,201508ddyw.tif,318,428.0,True,571.0,571,1,continued_row_with_overlap,0.0,17102,12327,40.0,42.0,1312.0
201408ddyw.tif,201508ddyw.tif,319,429.0,False,,,0,row_absent_no_mask_overlap,0.0,15250,12342,146.0,141.0,15817.0
201408ddyw.tif,201508ddyw.tif,320,430.0,True,575.0,575,1,continued_row_with_overlap,0.0,19286,12349,56.0,58.0,2726.0
201408ddyw.tif,201508ddyw.tif,321,431.0,False,,,0,row_absent_no_mask_overlap,0.0,18178,12383,48.0,50.0,1748.0
201408ddyw.tif,201508ddyw.tif,322,432.0,False,,,0,row_absent_no_mask_overlap,0.0,19950,12398,72.0,70.0,3704.0
201408ddyw.tif,201508ddyw.tif,323,433.0,False,,,0,row_absent_no_mask_overlap,0.0,11877,12431,41.0,47.0,1443.0
201408ddyw.tif,201508ddyw.tif,324,434.0,False,,,0,row_absent_no_mask_overlap,0.0,14490,12437,72.0,86.0,4885.0
201408ddyw.tif,201508ddyw.tif,325,435.0,False,,,0,row_absent_no_mask_overlap,0.0,16662,12445,124.0,150.0,14298.0
201408ddyw.tif,201508ddyw.tif,326,436.0,False,,,0,row_absent_no_mask_overlap,0.0,11650,12481,58.0,51.0,2390.0
201408ddyw.tif,201508ddyw.tif,327,437.0,False,,,0,row_absent_no_mask_overlap,0.0,18900,12491,116.0,121.0,10386.0
201408ddyw.tif,201508ddyw.tif,328,438.0,False,,,0,row_absent_no_mask_overlap,0.0,18822,12523,41.0,44.0,1478.0
201408ddyw.tif,201508ddyw.tif,329,439.0,True,590.0,590,1,continued_row_with_overlap,0.0,17812,12531,24.0,21.0,368.0
201408ddyw.tif,201508ddyw.tif,330,441.0,False,,,0,row_absent_no_mask_overlap,0.0,12005,12561,28.0,24.0,480.0
201408ddyw.tif,201508ddyw.tif,331,443.0,False,,,0,row_absent_no_mask_overlap,0.0,12743,12609,51.0,52.0,2036.0
201408ddyw.tif,201508ddyw.tif,332,445.0,False,,,0,row_absent_no_mask_overlap,0.0,12800,12631,73.0,76.0,3940.0
201408ddyw.tif,201508ddyw.tif,333,446.0,True,599.0,599,1,continued_row_with_overlap,0.0,17738,12643,25.0,21.0,361.0
201408ddyw.tif,201508ddyw.tif,334,447.0,False,,,0,row_absent_no_mask_overlap,0.0,14710,12674,84.0,81.0,5012.0
201408ddyw.tif,201508ddyw.tif,335,448.0,True,602.0,602,1,continued_row_with_overlap,0.0,17222,12685,22.0,18.0,316.0
201408ddyw.tif,201508ddyw.tif,336,449.0,False,,,0,row_absent_no_mask_overlap,0.0,19845,12699,45.0,42.0,1487.0
201408ddyw.tif,201508ddyw.tif,337,451.0,True,604.0,,0,continued_row_without_overlap,0.0,19808,12723,13.0,16.0,143.0
201408ddyw.tif,201508ddyw.tif,338,452.0,False,,,0,row_absent_no_mask_overlap,0.0,11643,12801,63.0,56.0,2769.0
201408ddyw.tif,201508ddyw.tif,339,453.0,False,,,0,row_absent_no_mask_overlap,0.0,14914,12802,60.0,68.0,3296.0
201408ddyw.tif,201508ddyw.tif,340,456.0,False,,,0,row_absent_no_mask_overlap,0.0,12103,12853,45.0,46.0,1595.0
201408ddyw.tif,201508ddyw.tif,341,457.0,False,,,0,row_absent_no_mask_overlap,0.0,11787,12862,51.0,43.0,1699.0
201408ddyw.tif,201508ddyw.tif,342,459.0,False,,,0,row_absent_no_mask_overlap,0.0,17878,12885,20.0,17.0,228.0
201408ddyw.tif,201508ddyw.tif,343,461.0,False,,,0,row_absent_no_mask_overlap,0.0,20206,12889,33.0,29.0,727.0
201408ddyw.tif,201508ddyw.tif,344,462.0,False,,,0,row_absent_no_mask_overlap,0.0,12067,12939,43.0,51.0,1644.0
201408ddyw.tif,201508ddyw.tif,345,463.0,False,,,0,row_absent_no_mask_overlap,0.0,11994,12949,44.0,43.0,1418.0
201408ddyw.tif,201508ddyw.tif,346,464.0,False,,,0,row_absent_no_mask_overlap,0.0,12415,12974,81.0,77.0,4844.0
201408ddyw.tif,201508ddyw.tif,347,465.0,False,,634,1,row_absent_but_mask_overlap,0.0,18362,12994,83.0,96.0,6009.0
201408ddyw.tif,201508ddyw.tif,348,466.0,False,,,0,row_absent_no_mask_overlap,0.0,11985,13019,33.0,34.0,822.0
201408ddyw.tif,201508ddyw.tif,349,467.0,False,,,0,row_absent_no_mask_overlap,0.0,11497,13026,60.0,65.0,3007.0
201408ddyw.tif,201508ddyw.tif,350,468.0,False,,,0,row_absent_no_mask_overlap,0.0,17034,13033,70.0,62.0,3110.0
201408ddyw.tif,201508ddyw.tif,351,469.0,False,,,0,row_absent_no_mask_overlap,0.0,12524,13035,60.0,56.0,2752.0
201408ddyw.tif,201508ddyw.tif,352,470.0,False,,,0,row_absent_no_mask_overlap,0.0,11674,13047,60.0,52.0,2315.0
201408ddyw.tif,201508ddyw.tif,353,471.0,False,,,0,row_absent_no_mask_overlap,0.0,11586,13085,70.0,74.0,3939.0
201408ddyw.tif,201508ddyw.tif,354,472.0,False,,,0,row_absent_no_mask_overlap,0.0,12632,13107,18.0,21.0,267.0
201408ddyw.tif,201508ddyw.tif,355,473.0,False,,,0,row_absent_no_mask_overlap,0.0,18434,13141,44.0,41.0,1388.0
201408ddyw.tif,201508ddyw.tif,356,474.0,False,,,0,row_absent_no_mask_overlap,0.0,11536,13149,80.0,83.0,5338.0
201408ddyw.tif,201508ddyw.tif,357,476.0,False,,,0,row_absent_no_mask_overlap,0.0,11789,13151,45.0,40.0,1382.0
201408ddyw.tif,201508ddyw.tif,358,478.0,True,644.0,644,1,continued_row_with_overlap,0.0,16418,13169,12.0,16.0,158.0
201408ddyw.tif,201508ddyw.tif,359,479.0,False,,,0,row_absent_no_mask_overlap,0.0,24349,13171,135.0,120.0,12488.0
201408ddyw.tif,201508ddyw.tif,360,481.0,False,,,0,row_absent_no_mask_overlap,0.0,18516,13193,12.0,13.0,107.0
201408ddyw.tif,201508ddyw.tif,361,482.0,False,,,0,row_absent_no_mask_overlap,0.0,11830,13207,44.0,47.0,1695.0
201408ddyw.tif,201508ddyw.tif,362,486.0,False,,,0,row_absent_no_mask_overlap,0.0,11848,13257,80.0,76.0,4778.0
201408ddyw.tif,201508ddyw.tif,363,487.0,True,655.0,655,1,continued_row_with_overlap,0.0,17662,13275,16.0,12.0,132.0
201408ddyw.tif,201508ddyw.tif,364,488.0,True,652.0,,0,continued_row_without_overlap,0.0,12601,13286,48.0,44.0,1560.0
201408ddyw.tif,201508ddyw.tif,365,489.0,False,,,0,row_absent_no_mask_overlap,0.0,12105,13302,43.0,43.0,1498.0
201408ddyw.tif,201508ddyw.tif,366,490.0,False,,,0,row_absent_no_mask_overlap,0.0,11450,13311,18.0,14.0,183.0
201408ddyw.tif,201508ddyw.tif,367,491.0,False,,,0,row_absent_no_mask_overlap,0.0,11921,13334,96.0,69.0,4762.0
201408ddyw.tif,201508ddyw.tif,368,492.0,False,,,0,row_absent_no_mask_overlap,0.0,11390,13373,30.0,26.0,606.0
201408ddyw.tif,201508ddyw.tif,369,493.0,True,665.0,665,1,continued_row_with_overlap,0.0,19471,13389,33.0,31.0,804.0
201408ddyw.tif,201508ddyw.tif,370,494.0,False,,,0,row_absent_no_mask_overlap,0.0,12202,13415,46.0,48.0,1646.0
201408ddyw.tif,201508ddyw.tif,371,495.0,False,,,0,row_absent_no_mask_overlap,0.0,11461,13437,53.0,52.0,2178.0
201408ddyw.tif,201508ddyw.tif,372,496.0,False,,,0,row_absent_no_mask_overlap,0.0,17226,13438,96.0,95.0,6929.0
201408ddyw.tif,201508ddyw.tif,373,497.0,False,,,0,row_absent_no_mask_overlap,0.0,11890,13447,42.0,38.0,1264.0
201408ddyw.tif,201508ddyw.tif,374,499.0,False,,,0,row_absent_no_mask_overlap,0.0,13626,13467,50.0,48.0,1774.0
201408ddyw.tif,201508ddyw.tif,375,500.0,False,,,0,row_absent_no_mask_overlap,0.0,11352,13475,53.0,46.0,1880.0
201408ddyw.tif,201508ddyw.tif,376,501.0,True,673.0,673,1,continued_row_with_overlap,0.0,18292,13487,21.0,20.0,279.0
201408ddyw.tif,201508ddyw.tif,377,503.0,True,669.0,,0,continued_row_without_overlap,0.0,12757,13499,50.0,50.0,1882.0
201408ddyw.tif,201508ddyw.tif,378,505.0,False,,,0,row_absent_no_mask_overlap,0.0,15382,13510,24.0,20.0,376.0
201408ddyw.tif,201508ddyw.tif,379,504.0,False,,,0,row_absent_no_mask_overlap,0.0,12496,13511,33.0,38.0,941.0
201408ddyw.tif,201508ddyw.tif,380,507.0,False,,,0,row_absent_no_mask_overlap,0.0,11805,13529,101.0,89.0,6647.0
201408ddyw.tif,201508ddyw.tif,381,508.0,False,,,0,row_absent_no_mask_overlap,0.0,14280,13535,22.0,22.0,372.0
201408ddyw.tif,201508ddyw.tif,382,509.0,False,,,0,row_absent_no_mask_overlap,0.0,18356,13537,18.0,22.0,306.0
201408ddyw.tif,201508ddyw.tif,383,510.0,False,,,0,row_absent_no_mask_overlap,0.0,11489,13546,67.0,65.0,3283.0
201408ddyw.tif,201508ddyw.tif,384,512.0,True,688.0,688,1,continued_row_with_overlap,0.0,19375,13593,23.0,21.0,375.0
201408ddyw.tif,201508ddyw.tif,385,513.0,False,,,0,row_absent_no_mask_overlap,0.0,13016,13607,38.0,46.0,1261.0
201408ddyw.tif,201508ddyw.tif,386,514.0,False,,,0,row_absent_no_mask_overlap,0.0,12830,13637,72.0,59.0,3428.0
201408ddyw.tif,201508ddyw.tif,387,515.0,False,,,0,row_absent_no_mask_overlap,0.0,12921,13647,57.0,44.0,1788.0
201408ddyw.tif,201508ddyw.tif,388,519.0,False,,,0,row_absent_no_mask_overlap,0.0,18902,13715,25.0,18.0,326.0
201408ddyw.tif,201508ddyw.tif,389,521.0,False,,,0,row_absent_no_mask_overlap,0.0,12832,13727,24.0,29.0,520.0
201408ddyw.tif,201508ddyw.tif,390,522.0,False,,,0,row_absent_no_mask_overlap,0.0,13224,13741,30.0,24.0,546.0
201408ddyw.tif,201508ddyw.tif,391,523.0,False,,,0,row_absent_no_mask_overlap,0.0,12993,13751,47.0,46.0,1687.0
201408ddyw.tif,201508ddyw.tif,392,524.0,False,,,0,row_absent_no_mask_overlap,0.0,13182,13769,42.0,43.0,1438.0
201408ddyw.tif,201508ddyw.tif,393,525.0,True,711.0,,0,continued_row_without_overlap,0.0,19885,13769,39.0,36.0,1069.0
201408ddyw.tif,201508ddyw.tif,394,527.0,False,,,0,row_absent_no_mask_overlap,0.0,12011,13794,75.0,71.0,4023.0
201408ddyw.tif,201508ddyw.tif,395,530.0,False,,,0,row_absent_no_mask_overlap,0.0,12976,13799,44.0,38.0,1185.0
201408ddyw.tif,201508ddyw.tif,396,531.0,False,,,0,row_absent_no_mask_overlap,0.0,15960,13799,82.0,79.0,4738.0
201408ddyw.tif,201508ddyw.tif,397,532.0,True,708.0,708,1,continued_row_with_overlap,0.0,12766,13803,60.0,52.0,2453.0
201408ddyw.tif,201508ddyw.tif,398,533.0,False,,,0,row_absent_no_mask_overlap,0.0,13142,13803,34.0,32.0,852.0
201408ddyw.tif,201508ddyw.tif,399,536.0,False,,,0,row_absent_no_mask_overlap,0.0,15900,13867,42.0,37.0,1170.0
201408ddyw.tif,201508ddyw.tif,400,537.0,True,717.0,717,1,continued_row_with_overlap,0.0,17230,13893,16.0,21.0,256.0
201408ddyw.tif,201508ddyw.tif,401,538.0,False,,,0,row_absent_no_mask_overlap,0.0,11597,13921,50.0,48.0,1912.0
201408ddyw.tif,201508ddyw.tif,402,539.0,False,,,0,row_absent_no_mask_overlap,0.0,11917,13939,76.0,72.0,3806.0
201408ddyw.tif,201508ddyw.tif,403,540.0,False,,,0,row_absent_no_mask_overlap,0.0,10830,13965,18.0,22.0,283.0
201408ddyw.tif,201508ddyw.tif,404,541.0,False,,,0,row_absent_no_mask_overlap,0.0,14706,13975,42.0,40.0,1238.0
201408ddyw.tif,201508ddyw.tif,405,542.0,False,,,0,row_absent_no_mask_overlap,0.0,11513,13981,92.0,89.0,6516.0
201408ddyw.tif,201508ddyw.tif,406,543.0,False,,,0,row_absent_no_mask_overlap,0.0,14790,14027,52.0,52.0,2133.0
201408ddyw.tif,201508ddyw.tif,407,544.0,False,,,0,row_absent_no_mask_overlap,0.0,12413,14041,76.0,84.0,4547.0
201408ddyw.tif,201508ddyw.tif,408,545.0,False,,,0,row_absent_no_mask_overlap,0.0,12085,14049,83.0,74.0,4732.0
201408ddyw.tif,201508ddyw.tif,409,546.0,False,,,0,row_absent_no_mask_overlap,0.0,11863,14065,67.0,58.0,3003.0
201408ddyw.tif,201508ddyw.tif,410,548.0,False,,,0,row_absent_no_mask_overlap,0.0,11934,14083,57.0,54.0,2265.0
201408ddyw.tif,201508ddyw.tif,411,549.0,False,,,0,row_absent_no_mask_overlap,0.0,12527,14129,55.0,58.0,2457.0
201408ddyw.tif,201508ddyw.tif,412,550.0,False,,,0,row_absent_no_mask_overlap,0.0,13452,14139,57.0,58.0,2408.0
201408ddyw.tif,201508ddyw.tif,413,552.0,False,,,0,row_absent_no_mask_overlap,0.0,13532,14208,77.0,75.0,4620.0
201408ddyw.tif,201508ddyw.tif,414,553.0,False,,,0,row_absent_no_mask_overlap,0.0,11704,14213,84.0,100.0,6595.0
201408ddyw.tif,201508ddyw.tif,415,554.0,False,,,0,row_absent_no_mask_overlap,0.0,12093,14234,67.0,67.0,3353.0
201408ddyw.tif,201508ddyw.tif,416,555.0,False,,,0,row_absent_no_mask_overlap,0.0,13750,14251,54.0,55.0,2300.0
201408ddyw.tif,201508ddyw.tif,417,556.0,False,,,0,row_absent_no_mask_overlap,0.0,13474,14255,48.0,44.0,1625.0
201408ddyw.tif,201508ddyw.tif,418,557.0,False,,,0,row_absent_no_mask_overlap,0.0,12190,14261,87.0,84.0,5637.0
201408ddyw.tif,201508ddyw.tif,419,558.0,False,,,0,row_absent_no_mask_overlap,0.0,12308,14261,48.0,45.0,1717.0
201408ddyw.tif,201508ddyw.tif,420,559.0,False,,,0,row_absent_no_mask_overlap,0.0,12728,14265,64.0,60.0,3236.0
201408ddyw.tif,201508ddyw.tif,421,560.0,False,,,0,row_absent_no_mask_overlap,0.0,13798,14309,76.0,68.0,3880.0
201408ddyw.tif,201508ddyw.tif,422,561.0,False,,,0,row_absent_no_mask_overlap,0.0,13364,14319,59.0,49.0,2076.0
201408ddyw.tif,201508ddyw.tif,423,563.0,False,,,0,row_absent_no_mask_overlap,0.0,12772,14373,48.0,55.0,2072.0
201408ddyw.tif,201508ddyw.tif,424,564.0,False,,,0,row_absent_no_mask_overlap,0.0,12280,14377,48.0,36.0,1387.0
201408ddyw.tif,201508ddyw.tif,425,566.0,False,,,0,row_absent_no_mask_overlap,0.0,13069,14417,49.0,42.0,1581.0
201408ddyw.tif,201508ddyw.tif,426,567.0,False,,761,1,row_absent_but_mask_overlap,0.0,13508,14417,66.0,57.0,2865.0
201408ddyw.tif,201508ddyw.tif,427,569.0,False,,,0,row_absent_no_mask_overlap,0.0,16791,14425,65.0,62.0,3184.0
201408ddyw.tif,201508ddyw.tif,428,570.0,False,,,0,row_absent_no_mask_overlap,0.0,13221,14427,68.0,59.0,3073.0
201408ddyw.tif,201508ddyw.tif,429,573.0,False,,,0,row_absent_no_mask_overlap,0.0,13744,14449,56.0,61.0,2744.0
201408ddyw.tif,201508ddyw.tif,430,574.0,False,,,0,row_absent_no_mask_overlap,0.0,12737,14451,73.0,66.0,3958.0
201408ddyw.tif,201508ddyw.tif,431,577.0,False,,,0,row_absent_no_mask_overlap,0.0,13113,14521,28.0,28.0,638.0
201408ddyw.tif,201508ddyw.tif,432,578.0,True,765.0,765,1,continued_row_with_overlap,0.0,12849,14542,56.0,72.0,2920.0
201408ddyw.tif,201508ddyw.tif,433,579.0,False,,,0,row_absent_no_mask_overlap,0.0,13982,14552,32.0,36.0,780.0
201408ddyw.tif,201508ddyw.tif,434,580.0,False,,,0,row_absent_no_mask_overlap,0.0,15024,14561,26.0,27.0,491.0
201408ddyw.tif,201508ddyw.tif,435,581.0,False,,,0,row_absent_no_mask_overlap,0.0,12340,14567,94.0,91.0,6224.0
201408ddyw.tif,201508ddyw.tif,436,582.0,False,,,0,row_absent_no_mask_overlap,0.0,12492,14587,70.0,66.0,3535.0
201408ddyw.tif,201508ddyw.tif,437,583.0,False,,,0,row_absent_no_mask_overlap,0.0,12618,14599,80.0,81.0,4905.0
201408ddyw.tif,201508ddyw.tif,438,584.0,False,,,0,row_absent_no_mask_overlap,0.0,13045,14613,41.0,33.0,1013.0
201408ddyw.tif,201508ddyw.tif,439,585.0,False,,776,1,row_absent_but_mask_overlap,0.0,12868,14669,73.0,74.0,3943.0
201408ddyw.tif,201508ddyw.tif,440,586.0,False,,,0,row_absent_no_mask_overlap,0.0,13350,14759,67.0,68.0,3735.0
201408ddyw.tif,201508ddyw.tif,441,587.0,False,,,0,row_absent_no_mask_overlap,0.0,13555,14770,55.0,39.0,1717.0
201408ddyw.tif,201508ddyw.tif,442,589.0,True,785.0,785,1,continued_row_with_overlap,0.0,15196,14801,14.0,14.0,132.0
201408ddyw.tif,201508ddyw.tif,443,590.0,False,,,0,row_absent_no_mask_overlap,0.0,14167,14815,25.0,23.0,437.0
201408ddyw.tif,201508ddyw.tif,444,591.0,False,,792,1,row_absent_but_mask_overlap,0.0,12660,14844,57.0,61.0,2629.0
201408ddyw.tif,201508ddyw.tif,445,592.0,False,,,0,row_absent_no_mask_overlap,0.0,12914,14851,44.0,39.0,1321.0
201408ddyw.tif,201508ddyw.tif,446,594.0,True,787.0,,0,continued_row_without_overlap,0.0,17542,14871,56.0,56.0,2356.0
201408ddyw.tif,201508ddyw.tif,447,595.0,False,,,0,row_absent_no_mask_overlap,0.0,11970,14915,37.0,43.0,1283.0
201408ddyw.tif,201508ddyw.tif,448,596.0,False,,,0,row_absent_no_mask_overlap,0.0,14958,14933,16.0,16.0,201.0
201408ddyw.tif,201508ddyw.tif,449,597.0,False,,,0,row_absent_no_mask_overlap,0.0,18339,14955,19.0,17.0,253.0
201408ddyw.tif,201508ddyw.tif,450,598.0,False,,,0,row_absent_no_mask_overlap,0.0,11928,14963,54.0,54.0,2412.0
201408ddyw.tif,201508ddyw.tif,451,600.0,False,,,0,row_absent_no_mask_overlap,0.0,12794,14989,42.0,36.0,1158.0
201408ddyw.tif,201508ddyw.tif,452,601.0,False,,,0,row_absent_no_mask_overlap,0.0,20134,14989,56.0,50.0,2017.0
201408ddyw.tif,201508ddyw.tif,453,603.0,False,,,0,row_absent_no_mask_overlap,0.0,13694,15163,26.0,25.0,478.0
201408ddyw.tif,201508ddyw.tif,454,604.0,True,812.0,812,1,continued_row_with_overlap,0.0,14652,15169,25.0,24.0,476.0
201408ddyw.tif,201508ddyw.tif,455,605.0,False,,,0,row_absent_no_mask_overlap,0.0,12349,15171,43.0,42.0,1415.0
201408ddyw.tif,201508ddyw.tif,456,606.0,False,,,0,row_absent_no_mask_overlap,0.0,12424,15179,49.0,50.0,1887.0
201408ddyw.tif,201508ddyw.tif,457,607.0,False,,,0,row_absent_no_mask_overlap,0.0,13097,15201,48.0,49.0,1863.0
201408ddyw.tif,201508ddyw.tif,458,608.0,False,,,0,row_absent_no_mask_overlap,0.0,12520,15258,50.0,55.0,2159.0
201408ddyw.tif,201508ddyw.tif,459,609.0,False,,,0,row_absent_no_mask_overlap,0.0,12441,15271,52.0,42.0,1666.0
201408ddyw.tif,201508ddyw.tif,460,612.0,False,,,0,row_absent_no_mask_overlap,0.0,12666,15407,36.0,31.0,852.0
201408ddyw.tif,201508ddyw.tif,461,614.0,True,817.0,817,1,continued_row_with_overlap,0.0,14810,15425,46.0,43.0,1430.0
201408ddyw.tif,201508ddyw.tif,462,615.0,False,,,0,row_absent_no_mask_overlap,0.0,12012,15447,61.0,68.0,3174.0
201408ddyw.tif,201508ddyw.tif,463,616.0,False,,,0,row_absent_no_mask_overlap,0.0,11602,15461,28.0,32.0,737.0
201408ddyw.tif,201508ddyw.tif,464,617.0,True,820.0,820,1,continued_row_with_overlap,0.0,13772,15489,24.0,27.0,497.0
201408ddyw.tif,201508ddyw.tif,465,618.0,False,,,0,row_absent_no_mask_overlap,0.0,12625,15497,51.0,44.0,1631.0
201408ddyw.tif,201508ddyw.tif,466,619.0,True,823.0,823,1,continued_row_with_overlap,0.0,16271,15543,33.0,35.0,840.0
201408ddyw.tif,201508ddyw.tif,467,620.0,True,831.0,,0,continued_row_without_overlap,0.0,16728,15675,12.0,16.0,130.0
201408ddyw.tif,201508ddyw.tif,468,627.0,False,,,0,row_absent_no_mask_overlap,0.0,13294,15859,84.0,87.0,5417.0
201408ddyw.tif,201508ddyw.tif,469,628.0,False,,,0,row_absent_no_mask_overlap,0.0,12209,15894,41.0,41.0,1278.0
201408ddyw.tif,201508ddyw.tif,470,630.0,True,844.0,844,1,continued_row_with_overlap,0.0,12798,15950,56.0,63.0,2676.0
201408ddyw.tif,201508ddyw.tif,471,632.0,False,,,0,row_absent_no_mask_overlap,0.0,13526,15971,22.0,22.0,393.0
201408ddyw.tif,201508ddyw.tif,472,633.0,True,850.0,850,1,continued_row_with_overlap,0.0,12872,16039,22.0,26.0,406.0
201408ddyw.tif,201508ddyw.tif,473,634.0,True,852.0,852,1,continued_row_with_overlap,0.0,12668,16067,20.0,16.0,223.0
201408ddyw.tif,201508ddyw.tif,474,639.0,True,868.0,868,1,continued_row_with_overlap,0.0,16784,16335,126.0,126.0,11894.0
201408ddyw.tif,201508ddyw.tif,475,640.0,False,,,0,row_absent_no_mask_overlap,0.0,13809,16365,23.0,22.0,384.0
201408ddyw.tif,201508ddyw.tif,476,642.0,True,875.0,875,1,continued_row_with_overlap,0.0,17844,16403,123.0,114.0,10273.0
201408ddyw.tif,201508ddyw.tif,477,643.0,True,873.0,873,1,continued_row_with_overlap,0.0,16411,16415,99.0,98.0,7347.0
201408ddyw.tif,201508ddyw.tif,478,644.0,True,884.0,884,1,continued_row_with_overlap,0.0,13702,16515,20.0,21.0,319.0
201408ddyw.tif,201508ddyw.tif,479,645.0,False,,,0,row_absent_no_mask_overlap,0.0,12058,16547,98.0,84.0,5744.0
201408ddyw.tif,201508ddyw.tif,480,646.0,True,887.0,887,1,continued_row_with_overlap,0.0,17618,16590,52.0,57.0,2408.0
201408ddyw.tif,201508ddyw.tif,481,647.0,False,,,0,row_absent_no_mask_overlap,0.0,14728,16653,74.0,78.0,4580.0
201408ddyw.tif,201508ddyw.tif,482,648.0,False,,,0,row_absent_no_mask_overlap,0.0,14852,16711,26.0,30.0,606.0
201408ddyw.tif,201508ddyw.tif,483,649.0,True,896.0,896,1,continued_row_with_overlap,0.0,17618,16772,63.0,77.0,3740.0
201408ddyw.tif,201508ddyw.tif,484,651.0,True,907.0,907,1,continued_row_with_overlap,0.0,16618,16957,92.0,92.0,6589.0
201408ddyw.tif,201508ddyw.tif,485,652.0,True,912.0,912,1,continued_row_with_overlap,0.0,18486,16979,16.0,16.0,184.0
201408ddyw.tif,201508ddyw.tif,486,653.0,True,911.0,911,1,continued_row_with_overlap,0.0,16369,17013,97.0,93.0,6950.0
201408ddyw.tif,201508ddyw.tif,487,655.0,True,922.0,922,1,continued_row_with_overlap,0.0,17518,17097,76.0,78.0,4616.0
201408ddyw.tif,201508ddyw.tif,488,656.0,True,929.0,929,1,continued_row_with_overlap,0.0,16854,17161,86.0,92.0,6077.0
201408ddyw.tif,201508ddyw.tif,489,657.0,False,,,0,row_absent_no_mask_overlap,0.0,14302,17289,53.0,50.0,1993.0
201408ddyw.tif,201508ddyw.tif,490,658.0,False,,,0,row_absent_no_mask_overlap,0.0,14049,17303,35.0,43.0,1232.0
201408ddyw.tif,201508ddyw.tif,491,660.0,False,,,0,row_absent_no_mask_overlap,0.0,14014,17481,16.0,15.0,182.0
201408ddyw.tif,201508ddyw.tif,492,661.0,True,946.0,,0,continued_row_without_overlap,0.0,15836,17523,16.0,19.0,230.0
201408ddyw.tif,201508ddyw.tif,493,662.0,False,,,0,row_absent_no_mask_overlap,0.0,17084,17531,86.0,96.0,6106.0
201408ddyw.tif,201508ddyw.tif,494,663.0,False,,,0,row_absent_no_mask_overlap,0.0,13970,17595,62.0,48.0,2167.0
201408ddyw.tif,201508ddyw.tif,495,664.0,False,,,0,row_absent_no_mask_overlap,0.0,14464,17599,64.0,61.0,3021.0
201408ddyw.tif,201508ddyw.tif,496,665.0,False,,958,1,row_absent_but_mask_overlap,0.0,14340,17745,66.0,70.0,3414.0
201408ddyw.tif,201508ddyw.tif,497,666.0,True,960.0,960,1,continued_row_with_overlap,0.0,18700,17767,34.0,38.0,924.0
201408ddyw.tif,201508ddyw.tif,498,668.0,True,959.0,959,1,continued_row_with_overlap,0.0,16303,17783,59.0,64.0,2937.0
201408ddyw.tif,201508ddyw.tif,499,669.0,False,,962,1,row_absent_but_mask_overlap,0.0,16944,17787,42.0,53.0,1752.0
201408ddyw.tif,201508ddyw.tif,500,670.0,False,,,0,row_absent_no_mask_overlap,0.0,16890,17901,47.0,50.0,1873.0
201408ddyw.tif,201508ddyw.tif,501,671.0,False,,,0,row_absent_no_mask_overlap,0.0,14366,17929,99.0,98.0,7188.0
201408ddyw.tif,201508ddyw.tif,502,672.0,True,979.0,,0,continued_row_without_overlap,0.0,16872,17959,24.0,22.0,360.0
201408ddyw.tif,201508ddyw.tif,503,673.0,True,977.0,,0,continued_row_without_overlap,0.0,14826,17971,24.0,24.0,412.0
201408ddyw.tif,201508ddyw.tif,504,674.0,False,,,0,row_absent_no_mask_overlap,0.0,14502,17979,80.0,78.0,4929.0
201408ddyw.tif,201508ddyw.tif,505,675.0,True,978.0,978,1,continued_row_with_overlap,0.0,17822,18009,17.0,14.0,192.0
201408ddyw.tif,201508ddyw.tif,506,678.0,False,,,0,row_absent_no_mask_overlap,0.0,16692,18067,44.0,44.0,1432.0
201408ddyw.tif,201508ddyw.tif,507,680.0,False,,,0,row_absent_no_mask_overlap,0.0,16456,18115,102.0,104.0,7782.0
201408ddyw.tif,201508ddyw.tif,508,682.0,True,996.0,996,1,continued_row_with_overlap,0.0,14674,18163,26.0,22.0,423.0
201408ddyw.tif,201508ddyw.tif,509,684.0,True,999.0,999,1,continued_row_with_overlap,0.0,15242,18211,76.0,78.0,4496.0
201408ddyw.tif,201508ddyw.tif,510,685.0,False,,,0,row_absent_no_mask_overlap,0.0,14845,18238,49.0,55.0,1980.0
201408ddyw.tif,201508ddyw.tif,511,686.0,True,1001.0,1001,1,continued_row_with_overlap,0.0,16102,18243,72.0,66.0,3562.0
201408ddyw.tif,201508ddyw.tif,512,687.0,True,1003.0,1003,1,continued_row_with_overlap,0.0,16460,18373,28.0,20.0,458.0
201408ddyw.tif,201508ddyw.tif,513,688.0,False,,,0,row_absent_no_mask_overlap,0.0,16151,18439,56.0,58.0,2416.0
201408ddyw.tif,201508ddyw.tif,514,690.0,False,,,0,row_absent_no_mask_overlap,0.0,15834,18497,22.0,24.0,377.0
201408ddyw.tif,201508ddyw.tif,515,692.0,False,,,0,row_absent_no_mask_overlap,0.0,15937,18551,42.0,46.0,1510.0
201408ddyw.tif,201508ddyw.tif,516,693.0,False,,,0,row_absent_no_mask_overlap,0.0,15360,18585,28.0,26.0,546.0
201408ddyw.tif,201508ddyw.tif,517,696.0,True,1008.0,1008,1,continued_row_with_overlap,0.0,17906,18653,18.0,16.0,228.0
201408ddyw.tif,201508ddyw.tif,518,699.0,False,,,0,row_absent_no_mask_overlap,0.0,15752,18671,52.0,66.0,2568.0
201408ddyw.tif,201508ddyw.tif,519,702.0,False,,,0,row_absent_no_mask_overlap,0.0,15712,18763,69.0,74.0,3730.0
201408ddyw.tif,201508ddyw.tif,520,705.0,True,1014.0,1014,1,continued_row_with_overlap,0.0,17706,18935,17.0,19.0,240.0
201408ddyw.tif,201508ddyw.tif,521,707.0,True,1016.0,1016,1,continued_row_with_overlap,0.0,16856,18965,22.0,18.0,300.0
201408ddyw.tif,201508ddyw.tif,522,709.0,True,1019.0,1019,1,continued_row_with_overlap,0.0,16804,19047,28.0,24.0,525.0
201408ddyw.tif,201508ddyw.tif,523,715.0,False,,,0,row_absent_no_mask_overlap,0.0,16260,19135,42.0,44.0,1400.0
201408ddyw.tif,201508ddyw.tif,524,716.0,True,1023.0,1023,1,continued_row_with_overlap,0.0,17916,19179,22.0,19.0,294.0
201408ddyw.tif,201508ddyw.tif,525,719.0,False,,,0,row_absent_no_mask_overlap,0.0,16673,19319,37.0,48.0,1373.0
201408ddyw.tif,201508ddyw.tif,526,720.0,False,,,0,row_absent_no_mask_overlap,0.0,19370,19363,112.0,110.0,9035.0
201408ddyw.tif,201508ddyw.tif,527,722.0,False,,,0,row_absent_no_mask_overlap,0.0,16111,19421,15.0,20.0,210.0
201408ddyw.tif,201508ddyw.tif,528,725.0,False,,,0,row_absent_no_mask_overlap,0.0,16338,19529,39.0,41.0,1223.0
201408ddyw.tif,201508ddyw.tif,529,727.0,False,,,0,row_absent_no_mask_overlap,0.0,19634,19560,76.0,81.0,4670.0
201408ddyw.tif,201508ddyw.tif,530,728.0,False,,,0,row_absent_no_mask_overlap,0.0,19324,19566,156.0,157.0,19152.0
201408ddyw.tif,201508ddyw.tif,531,729.0,False,,,0,row_absent_no_mask_overlap,0.0,19170,19640,100.0,99.0,7803.0
201408ddyw.tif,201508ddyw.tif,532,732.0,False,,,0,row_absent_no_mask_overlap,0.0,17272,19687,26.0,22.0,417.0
201408ddyw.tif,201508ddyw.tif,533,733.0,False,,,0,row_absent_no_mask_overlap,0.0,19076,19741,70.0,66.0,3284.0
201408ddyw.tif,201508ddyw.tif,534,735.0,False,,,0,row_absent_no_mask_overlap,0.0,16514,19776,28.0,24.0,576.0
201408ddyw.tif,201508ddyw.tif,535,736.0,False,,,0,row_absent_no_mask_overlap,0.0,19994,19819,170.0,165.0,20783.0
201408ddyw.tif,201508ddyw.tif,536,737.0,False,,,0,row_absent_no_mask_overlap,0.0,16756,19849,26.0,22.0,389.0
201408ddyw.tif,201508ddyw.tif,537,738.0,False,,,0,row_absent_no_mask_overlap,0.0,19366,19855,122.0,128.0,12046.0
201408ddyw.tif,201508ddyw.tif,538,739.0,True,1043.0,1043,1,continued_row_with_overlap,0.0,17034,19868,37.0,38.0,1018.0
201408ddyw.tif,201508ddyw.tif,539,740.0,False,,,0,row_absent_no_mask_overlap,0.0,16632,19879,24.0,21.0,354.0
201408ddyw.tif,201508ddyw.tif,540,741.0,True,1042.0,1042,1,continued_row_with_overlap,0.0,18924,19880,88.0,95.0,6501.0
201408ddyw.tif,201508ddyw.tif,541,743.0,False,,,0,row_absent_no_mask_overlap,0.0,20400,19933,90.0,102.0,6964.0
201408ddyw.tif,201508ddyw.tif,542,744.0,False,,,0,row_absent_no_mask_overlap,0.0,20728,19987,90.0,92.0,6150.0
201408ddyw.tif,201508ddyw.tif,543,745.0,False,,,0,row_absent_no_mask_overlap,0.0,16821,20000,39.0,41.0,1282.0
201408ddyw.tif,201508ddyw.tif,544,746.0,True,1046.0,,0,continued_row_without_overlap,0.0,18860,20003,53.0,66.0,2527.0
201408ddyw.tif,201508ddyw.tif,545,747.0,False,,,0,row_absent_no_mask_overlap,0.0,16550,20011,16.0,15.0,179.0
201408ddyw.tif,201508ddyw.tif,546,748.0,False,,,0,row_absent_no_mask_overlap,0.0,20188,20060,134.0,145.0,14100.0
201408ddyw.tif,201508ddyw.tif,547,749.0,True,1048.0,1048,1,continued_row_with_overlap,0.0,18614,20079,102.0,116.0,8748.0
201408ddyw.tif,201508ddyw.tif,548,751.0,True,1049.0,1049,1,continued_row_with_overlap,0.0,18380,20150,64.0,59.0,2822.0
201408ddyw.tif,201508ddyw.tif,549,756.0,False,,,0,row_absent_no_mask_overlap,0.0,20102,20283,100.0,96.0,7648.0
201408ddyw.tif,201508ddyw.tif,550,757.0,False,,,0,row_absent_no_mask_overlap,0.0,20595,20284,67.0,59.0,2984.0
201408ddyw.tif,201508ddyw.tif,551,760.0,False,,,0,row_absent_no_mask_overlap,0.0,18788,20323,44.0,46.0,1522.0
201408ddyw.tif,201508ddyw.tif,552,762.0,False,,,0,row_absent_no_mask_overlap,0.0,19378,20415,120.0,108.0,9847.0
201408ddyw.tif,201508ddyw.tif,553,763.0,True,1064.0,1064,1,continued_row_with_overlap,0.0,17886,20419,14.0,14.0,149.0
201408ddyw.tif,201508ddyw.tif,554,764.0,False,,,0,row_absent_no_mask_overlap,0.0,18770,20419,168.0,158.0,19896.0
201408ddyw.tif,201508ddyw.tif,555,765.0,False,,,0,row_absent_no_mask_overlap,0.0,21576,20477,20.0,19.0,300.0
201408ddyw.tif,201508ddyw.tif,556,766.0,False,,,0,row_absent_no_mask_overlap,0.0,19020,20481,52.0,50.0,1809.0
201408ddyw.tif,201508ddyw.tif,557,770.0,True,1066.0,1066,1,continued_row_with_overlap,0.0,19466,20585,64.0,67.0,3106.0
201408ddyw.tif,201508ddyw.tif,558,773.0,False,,,0,row_absent_no_mask_overlap,0.0,22136,20646,36.0,41.0,1137.0
201408ddyw.tif,201508ddyw.tif,559,775.0,False,,,0,row_absent_no_mask_overlap,0.0,18906,20677,90.0,94.0,6615.0
201408ddyw.tif,201508ddyw.tif,560,776.0,False,,,0,row_absent_no_mask_overlap,0.0,22364,20795,21.0,18.0,241.0
201408ddyw.tif,201508ddyw.tif,561,777.0,False,,,0,row_absent_no_mask_overlap,0.0,20322,20801,44.0,68.0,2302.0
201408ddyw.tif,201508ddyw.tif,562,778.0,False,,,0,row_absent_no_mask_overlap,0.0,22406,20810,43.0,45.0,1429.0
201408ddyw.tif,201508ddyw.tif,563,780.0,False,,,0,row_absent_no_mask_overlap,0.0,19530,20943,88.0,96.0,6468.0
201408ddyw.tif,201508ddyw.tif,564,781.0,False,,,0,row_absent_no_mask_overlap,0.0,19738,21079,12.0,16.0,144.0
201408ddyw.tif,201508ddyw.tif,565,783.0,False,,,0,row_absent_no_mask_overlap,0.0,19824,21140,36.0,40.0,1077.0
201408ddyw.tif,201508ddyw.tif,566,784.0,False,,,0,row_absent_no_mask_overlap,0.0,17894,21623,58.0,58.0,2606.0
201408ddyw.tif,201508ddyw.tif,567,786.0,False,,,0,row_absent_no_mask_overlap,0.0,21490,21835,12.0,14.0,125.0
201508ddyw.tif,20151017sp.tif,19,8.0,False,,,0,row_absent_no_mask_overlap,0.0,14884,6067,65.0,62.0,2902.0
201508ddyw.tif,20151017sp.tif,28,12.0,False,,,0,row_absent_no_mask_overlap,0.0,14418,6249,56.0,56.0,2608.0
201508ddyw.tif,20151017sp.tif,42,18.0,False,,,0,row_absent_no_mask_overlap,0.0,13978,6409,52.0,53.0,2246.0
201508ddyw.tif,20151017sp.tif,70,45.0,False,,,0,row_absent_no_mask_overlap,0.0,13934,6761,92.0,94.0,6180.0
201508ddyw.tif,20151017sp.tif,82,49.0,False,,,0,row_absent_no_mask_overlap,0.0,13466,6955,84.0,92.0,5852.0
201508ddyw.tif,20151017sp.tif,88,55.0,False,,15,1,row_absent_but_mask_overlap,0.0,14040,7009,142.0,134.0,14248.0
201508ddyw.tif,20151017sp.tif,95,64.0,False,,,0,row_absent_no_mask_overlap,0.0,14290,7117,100.0,108.0,8112.0
201508ddyw.tif,20151017sp.tif,97,70.0,False,,,0,row_absent_no_mask_overlap,0.0,13494,7169,96.0,96.0,6504.0
201508ddyw.tif,20151017sp.tif,103,94.0,True,34.0,34,1,continued_row_with_overlap,0.0,21126,7411,84.0,82.0,4878.0
201508ddyw.tif,20151017sp.tif,104,97.0,False,,,0,row_absent_no_mask_overlap,0.0,17218,7439,90.0,90.0,5989.0
201508ddyw.tif,20151017sp.tif,105,91.0,False,,,0,row_absent_no_mask_overlap,0.0,18386,7373,55.0,52.0,2072.0
201508ddyw.tif,20151017sp.tif,108,96.0,True,35.0,35,1,continued_row_with_overlap,0.0,13682,7429,137.0,124.0,12722.0
201508ddyw.tif,20151017sp.tif,110,100.0,False,,,0,row_absent_no_mask_overlap,0.0,14594,7459,116.0,126.0,10444.0
201508ddyw.tif,20151017sp.tif,111,101.0,True,37.0,,0,continued_row_without_overlap,0.0,14770,7469,88.0,92.0,6172.0
201508ddyw.tif,20151017sp.tif,113,104.0,False,,,0,row_absent_no_mask_overlap,0.0,11865,7477,72.0,76.0,3906.0
201508ddyw.tif,20151017sp.tif,115,108.0,False,,38,1,row_absent_but_mask_overlap,0.0,12126,7509,90.0,94.0,6616.0
201508ddyw.tif,20151017sp.tif,116,122.0,True,44.0,44,1,continued_row_with_overlap,0.0,16412,7625,99.0,100.0,7712.0
201508ddyw.tif,20151017sp.tif,118,116.0,True,43.0,43,1,continued_row_with_overlap,0.0,13222,7570,152.0,135.0,14565.0
201508ddyw.tif,20151017sp.tif,123,134.0,True,49.0,,0,continued_row_without_overlap,0.0,22477,7718,71.0,71.0,3732.0
201508ddyw.tif,20151017sp.tif,124,133.0,True,52.0,52,1,continued_row_with_overlap,0.0,22890,7717,150.0,166.0,19012.0
201508ddyw.tif,20151017sp.tif,125,137.0,False,,,0,row_absent_no_mask_overlap,0.0,21842,7733,204.0,198.0,30560.0
201508ddyw.tif,20151017sp.tif,127,136.0,False,,,0,row_absent_no_mask_overlap,0.0,11588,7723,36.0,36.0,1018.0
201508ddyw.tif,20151017sp.tif,128,138.0,False,,,0,row_absent_no_mask_overlap,0.0,12614,7749,103.0,116.0,9306.0
201508ddyw.tif,20151017sp.tif,131,146.0,True,55.0,55,1,continued_row_with_overlap,0.0,17404,7825,79.0,71.0,4478.0
201508ddyw.tif,20151017sp.tif,133,148.0,False,,,0,row_absent_no_mask_overlap,0.0,12421,7829,80.0,68.0,4328.0
201508ddyw.tif,20151017sp.tif,135,149.0,False,,,0,row_absent_no_mask_overlap,0.0,12778,7829,100.0,102.0,7664.0
201508ddyw.tif,20151017sp.tif,138,159.0,False,,66,1,row_absent_but_mask_overlap,0.0,18480,7957,76.0,78.0,4380.0
201508ddyw.tif,20151017sp.tif,141,158.0,False,,,0,row_absent_no_mask_overlap,0.0,13278,7941,88.0,84.0,5621.0
201508ddyw.tif,20151017sp.tif,144,163.0,True,63.0,63,1,continued_row_with_overlap,0.0,12979,7983,105.0,102.0,8138.0
201508ddyw.tif,20151017sp.tif,146,172.0,False,,,0,row_absent_no_mask_overlap,0.0,14842,8025,88.0,80.0,5340.0
201508ddyw.tif,20151017sp.tif,149,175.0,True,68.0,,0,continued_row_without_overlap,0.0,12514,8035,95.0,100.0,6741.0
201508ddyw.tif,20151017sp.tif,150,180.0,False,,,0,row_absent_no_mask_overlap,0.0,13990,8055,60.0,47.0,1936.0
201508ddyw.tif,20151017sp.tif,151,188.0,True,76.0,,0,continued_row_without_overlap,0.0,16742,8105,87.0,88.0,5658.0
201508ddyw.tif,20151017sp.tif,152,173.0,False,,,0,row_absent_no_mask_overlap,0.0,18574,8025,60.0,54.0,2707.0
201508ddyw.tif,20151017sp.tif,153,185.0,False,,,0,row_absent_no_mask_overlap,0.0,16620,8103,78.0,84.0,4974.0
201508ddyw.tif,20151017sp.tif,154,181.0,True,74.0,,0,continued_row_without_overlap,0.0,12390,8065,70.0,76.0,3810.0
201508ddyw.tif,20151017sp.tif,158,202.0,True,84.0,,0,continued_row_without_overlap,0.0,17206,8242,92.0,87.0,5944.0
201508ddyw.tif,20151017sp.tif,159,197.0,False,,,0,row_absent_no_mask_overlap,0.0,12614,8197,62.0,57.0,2664.0
201508ddyw.tif,20151017sp.tif,167,234.0,False,,,0,row_absent_no_mask_overlap,0.0,19312,8453,114.0,106.0,8683.0
201508ddyw.tif,20151017sp.tif,168,216.0,False,,,0,row_absent_no_mask_overlap,0.0,18266,8357,51.0,52.0,1997.0
201508ddyw.tif,20151017sp.tif,170,223.0,True,94.0,94,1,continued_row_with_overlap,0.0,14498,8393,152.0,141.0,16466.0
201508ddyw.tif,20151017sp.tif,172,230.0,True,99.0,99,1,continued_row_with_overlap,0.0,13101,8434,80.0,88.0,5063.0
201508ddyw.tif,20151017sp.tif,175,235.0,True,102.0,102,1,continued_row_with_overlap,0.0,13402,8459,176.0,162.0,21114.0
201508ddyw.tif,20151017sp.tif,178,247.0,True,109.0,,0,continued_row_without_overlap,0.0,18732,8581,74.0,66.0,3791.0
201508ddyw.tif,20151017sp.tif,179,242.0,True,107.0,107,1,continued_row_with_overlap,0.0,13929,8539,102.0,88.0,6525.0
201508ddyw.tif,20151017sp.tif,180,243.0,True,108.0,108,1,continued_row_with_overlap,0.0,13766,8542,112.0,107.0,8714.0
201508ddyw.tif,20151017sp.tif,183,248.0,False,,,0,row_absent_no_mask_overlap,0.0,12549,8586,89.0,99.0,6446.0
201508ddyw.tif,20151017sp.tif,184,259.0,False,,,0,row_absent_no_mask_overlap,0.0,17722,8675,76.0,93.0,5195.0
201508ddyw.tif,20151017sp.tif,185,251.0,False,,,0,row_absent_no_mask_overlap,0.0,14502,8625,112.0,109.0,9696.0
201508ddyw.tif,20151017sp.tif,186,255.0,False,,119,1,row_absent_but_mask_overlap,0.0,13406,8659,96.0,98.0,6753.0
201508ddyw.tif,20151017sp.tif,187,252.0,False,,,0,row_absent_no_mask_overlap,0.0,14242,8638,132.0,120.0,12030.0
201508ddyw.tif,20151017sp.tif,190,261.0,False,,,0,row_absent_no_mask_overlap,0.0,14646,8742,116.0,115.0,9776.0
201508ddyw.tif,20151017sp.tif,191,260.0,False,,,0,row_absent_no_mask_overlap,0.0,16648,8681,59.0,56.0,2462.0
201508ddyw.tif,20151017sp.tif,196,272.0,False,,,0,row_absent_no_mask_overlap,0.0,13766,8869,98.0,96.0,6904.0
201508ddyw.tif,20151017sp.tif,202,281.0,False,,,0,row_absent_no_mask_overlap,0.0,20498,9014,73.0,68.0,3698.0
201508ddyw.tif,20151017sp.tif,203,275.0,True,126.0,126,1,continued_row_with_overlap,0.0,14310,8959,124.0,116.0,11019.0
201508ddyw.tif,20151017sp.tif,204,283.0,True,130.0,130,1,continued_row_with_overlap,0.0,17310,9027,108.0,106.0,8716.0
201508ddyw.tif,20151017sp.tif,205,278.0,False,,,0,row_absent_no_mask_overlap,0.0,13560,8987,106.0,103.0,7755.0
201508ddyw.tif,20151017sp.tif,210,289.0,False,,,0,row_absent_no_mask_overlap,0.0,13189,9110,99.0,105.0,7984.0
201508ddyw.tif,20151017sp.tif,211,290.0,False,,,0,row_absent_no_mask_overlap,0.0,14598,9111,96.0,110.0,8336.0
201508ddyw.tif,20151017sp.tif,212,294.0,False,,141,1,row_absent_but_mask_overlap,0.0,13946,9158,122.0,121.0,11370.0
201508ddyw.tif,20151017sp.tif,216,301.0,False,,145,1,row_absent_but_mask_overlap,0.0,14506,9238,134.0,116.0,11388.0
201508ddyw.tif,20151017sp.tif,217,306.0,False,,,0,row_absent_no_mask_overlap,0.0,13322,9265,88.0,88.0,5842.0
201508ddyw.tif,20151017sp.tif,218,310.0,False,,,0,row_absent_no_mask_overlap,0.0,14994,9277,148.0,134.0,14880.0
201508ddyw.tif,20151017sp.tif,221,321.0,False,,,0,row_absent_no_mask_overlap,0.0,13748,9373,86.0,78.0,4817.0
201508ddyw.tif,20151017sp.tif,225,328.0,False,,,0,row_absent_no_mask_overlap,0.0,13642,9442,148.0,159.0,18098.0
201508ddyw.tif,20151017sp.tif,234,341.0,False,,,0,row_absent_no_mask_overlap,0.0,13494,9666,128.0,141.0,14242.0
201508ddyw.tif,20151017sp.tif,235,337.0,False,,,0,row_absent_no_mask_overlap,0.0,15458,9594,64.0,63.0,2983.0
201508ddyw.tif,20151017sp.tif,238,347.0,False,,171,1,row_absent_but_mask_overlap,0.0,13662,9718,114.0,109.0,9468.0
201508ddyw.tif,20151017sp.tif,243,362.0,True,176.0,176,1,continued_row_with_overlap,0.0,17710,9834,82.0,81.0,5248.0
201508ddyw.tif,20151017sp.tif,253,377.0,True,185.0,185,1,continued_row_with_overlap,0.0,13618,10011,168.0,152.0,19292.0
201508ddyw.tif,20151017sp.tif,259,390.0,False,,,0,row_absent_no_mask_overlap,0.0,18510,10182,100.0,103.0,7351.0
201508ddyw.tif,20151017sp.tif,267,393.0,True,194.0,194,1,continued_row_with_overlap,0.0,13788,10305,89.0,96.0,6373.0
201508ddyw.tif,20151017sp.tif,268,394.0,False,,195,1,row_absent_but_mask_overlap,0.0,13924,10312,112.0,113.0,9589.0
201508ddyw.tif,20151017sp.tif,269,398.0,False,,,0,row_absent_no_mask_overlap,0.0,14802,10357,144.0,126.0,13262.0
201508ddyw.tif,20151017sp.tif,270,402.0,False,,,0,row_absent_no_mask_overlap,0.0,17138,10442,110.0,131.0,11150.0
201508ddyw.tif,20151017sp.tif,271,401.0,False,,199,1,row_absent_but_mask_overlap,0.0,13789,10414,95.0,99.0,7204.0
201508ddyw.tif,20151017sp.tif,273,421.0,True,212.0,212,1,continued_row_with_overlap,0.0,19546,10686,74.0,74.0,3987.0
201508ddyw.tif,20151017sp.tif,274,415.0,False,,,0,row_absent_no_mask_overlap,0.0,15540,10619,37.0,38.0,1098.0
201508ddyw.tif,20151017sp.tif,276,437.0,False,,,0,row_absent_no_mask_overlap,0.0,17566,10791,154.0,156.0,17879.0
201508ddyw.tif,20151017sp.tif,277,441.0,False,,,0,row_absent_no_mask_overlap,0.0,15802,10822,148.0,131.0,15586.0
201508ddyw.tif,20151017sp.tif,278,444.0,False,,,0,row_absent_no_mask_overlap,0.0,16902,10841,149.0,185.0,20574.0
201508ddyw.tif,20151017sp.tif,281,450.0,False,,,0,row_absent_no_mask_overlap,0.0,13830,10915,52.0,48.0,1691.0
201508ddyw.tif,20151017sp.tif,282,458.0,True,238.0,238,1,continued_row_with_overlap,0.0,13437,10993,129.0,131.0,13107.0
201508ddyw.tif,20151017sp.tif,283,468.0,False,,245,1,row_absent_but_mask_overlap,0.0,17716,11105,142.0,132.0,13728.0
201508ddyw.tif,20151017sp.tif,285,471.0,True,244.0,244,1,continued_row_with_overlap,0.0,15982,11121,156.0,148.0,17834.0
201508ddyw.tif,20151017sp.tif,290,483.0,False,,,0,row_absent_no_mask_overlap,0.0,13642,11285,79.0,78.0,4374.0
201508ddyw.tif,20151017sp.tif,297,495.0,True,257.0,257,1,continued_row_with_overlap,0.0,18104,11494,87.0,81.0,5230.0
201508ddyw.tif,20151017sp.tif,302,512.0,True,268.0,,0,continued_row_without_overlap,0.0,16654,11675,64.0,62.0,3007.0
201508ddyw.tif,20151017sp.tif,318,571.0,True,308.0,,0,continued_row_without_overlap,0.0,17114,12305,66.0,72.0,3699.0
201508ddyw.tif,20151017sp.tif,320,575.0,False,,,0,row_absent_no_mask_overlap,0.0,19266,12342,112.0,123.0,9786.0
201508ddyw.tif,20151017sp.tif,329,590.0,False,,,0,row_absent_no_mask_overlap,0.0,17770,12530,64.0,56.0,2912.0
201508ddyw.tif,20151017sp.tif,333,599.0,True,321.0,321,1,continued_row_with_overlap,0.0,17680,12622,94.0,89.0,6490.0
201508ddyw.tif,20151017sp.tif,335,602.0,False,,,0,row_absent_no_mask_overlap,0.0,17219,12641,95.0,85.0,6189.0
201508ddyw.tif,20151017sp.tif,337,604.0,False,,,0,row_absent_no_mask_overlap,0.0,19730,12685,32.0,28.0,740.0
201508ddyw.tif,20151017sp.tif,358,644.0,True,345.0,,0,continued_row_without_overlap,0.0,16409,13147,65.0,62.0,3068.0
201508ddyw.tif,20151017sp.tif,363,655.0,True,348.0,351,1,continued_row_without_overlap,0.0,17615,13253,66.0,66.0,3226.0
201508ddyw.tif,20151017sp.tif,364,652.0,False,,,0,row_absent_no_mask_overlap,0.0,12542,13235,78.0,70.0,3969.0
201508ddyw.tif,20151017sp.tif,369,665.0,True,358.0,358,1,continued_row_with_overlap,0.0,19453,13386,85.0,85.0,5715.0
201508ddyw.tif,20151017sp.tif,376,673.0,False,,,0,row_absent_no_mask_overlap,0.0,18260,13489,50.0,60.0,2205.0
201508ddyw.tif,20151017sp.tif,377,669.0,False,,,0,row_absent_no_mask_overlap,0.0,12712,13457,70.0,69.0,3701.0
201508ddyw.tif,20151017sp.tif,384,688.0,True,366.0,366,1,continued_row_with_overlap,0.0,19342,13597,99.0,90.0,6752.0
201508ddyw.tif,20151017sp.tif,393,711.0,False,,,0,row_absent_no_mask_overlap,0.0,19852,13815,68.0,76.0,4013.0
201508ddyw.tif,20151017sp.tif,397,708.0,False,,,0,row_absent_no_mask_overlap,0.0,12717,13778,76.0,71.0,4003.0
201508ddyw.tif,20151017sp.tif,400,717.0,False,,,0,row_absent_no_mask_overlap,0.0,17206,13865,71.0,71.0,3619.0
201508ddyw.tif,20151017sp.tif,432,765.0,False,,,0,row_absent_no_mask_overlap,0.0,12825,14502,84.0,100.0,5959.0
201508ddyw.tif,20151017sp.tif,442,785.0,False,,,0,row_absent_no_mask_overlap,0.0,15165,14753,93.0,94.0,6811.0
201508ddyw.tif,20151017sp.tif,446,787.0,True,391.0,,0,continued_row_without_overlap,0.0,17510,14775,46.0,52.0,1822.0
201508ddyw.tif,20151017sp.tif,454,812.0,False,,,0,row_absent_no_mask_overlap,0.0,14612,15142,118.0,96.0,8393.0
201508ddyw.tif,20151017sp.tif,461,817.0,True,395.0,395,1,continued_row_with_overlap,0.0,14782,15401,102.0,98.0,7530.0
201508ddyw.tif,20151017sp.tif,464,820.0,False,,,0,row_absent_no_mask_overlap,0.0,13734,15446,98.0,107.0,8154.0
201508ddyw.tif,20151017sp.tif,466,823.0,False,,,0,row_absent_no_mask_overlap,0.0,16263,15527,77.0,72.0,4062.0
201508ddyw.tif,20151017sp.tif,467,831.0,False,,,0,row_absent_no_mask_overlap,0.0,16732,15637,62.0,64.0,2820.0
201508ddyw.tif,20151017sp.tif,470,844.0,True,407.0,407,1,continued_row_with_overlap,0.0,12792,15953,84.0,90.0,5671.0
201508ddyw.tif,20151017sp.tif,472,850.0,False,,,0,row_absent_no_mask_overlap,0.0,12880,16033,54.0,46.0,1676.0
201508ddyw.tif,20151017sp.tif,473,852.0,False,,,0,row_absent_no_mask_overlap,0.0,12636,16052,89.0,95.0,6046.0
201508ddyw.tif,20151017sp.tif,474,868.0,False,,,0,row_absent_no_mask_overlap,0.0,16786,16285,174.0,162.0,21205.0
201508ddyw.tif,20151017sp.tif,476,875.0,True,428.0,428,1,continued_row_with_overlap,0.0,17810,16373,166.0,170.0,21185.0
201508ddyw.tif,20151017sp.tif,477,873.0,True,427.0,427,1,continued_row_with_overlap,0.0,16406,16349,166.0,156.0,20419.0
201508ddyw.tif,20151017sp.tif,478,884.0,True,429.0,,0,continued_row_without_overlap,0.0,13688,16477,78.0,77.0,4756.0
201508ddyw.tif,20151017sp.tif,480,887.0,False,,434,1,row_absent_but_mask_overlap,0.0,17580,16553,104.0,110.0,9018.0
201508ddyw.tif,20151017sp.tif,483,896.0,True,438.0,438,1,continued_row_with_overlap,0.0,17575,16731,117.0,130.0,11711.0
201508ddyw.tif,20151017sp.tif,484,907.0,True,444.0,444,1,continued_row_with_overlap,0.0,16630,16907,142.0,134.0,14847.0
201508ddyw.tif,20151017sp.tif,485,912.0,False,,,0,row_absent_no_mask_overlap,0.0,18456,16963,56.0,58.0,2545.0
201508ddyw.tif,20151017sp.tif,486,911.0,True,446.0,446,1,continued_row_with_overlap,0.0,16362,16951,159.0,148.0,18266.0
201508ddyw.tif,20151017sp.tif,487,922.0,False,,,0,row_absent_no_mask_overlap,0.0,17494,17055,124.0,124.0,11580.0
201508ddyw.tif,20151017sp.tif,488,929.0,True,456.0,456,1,continued_row_with_overlap,0.0,16828,17119,150.0,146.0,16874.0
201508ddyw.tif,20151017sp.tif,492,946.0,True,468.0,468,1,continued_row_with_overlap,0.0,15862,17491,92.0,91.0,6359.0
201508ddyw.tif,20151017sp.tif,497,960.0,True,476.0,476,1,continued_row_with_overlap,0.0,18666,17739,91.0,88.0,5794.0
201508ddyw.tif,20151017sp.tif,498,959.0,True,477.0,477,1,continued_row_with_overlap,0.0,16322,17737,115.0,114.0,10199.0
201508ddyw.tif,20151017sp.tif,502,979.0,False,,,0,row_absent_no_mask_overlap,0.0,16800,17961,52.0,62.0,2316.0
201508ddyw.tif,20151017sp.tif,503,977.0,False,,,0,row_absent_no_mask_overlap,0.0,14844,17943,65.0,74.0,3800.0
201508ddyw.tif,20151017sp.tif,505,978.0,True,484.0,484,1,continued_row_with_overlap,0.0,17796,17953,66.0,68.0,3459.0
201508ddyw.tif,20151017sp.tif,508,996.0,False,,,0,row_absent_no_mask_overlap,0.0,14690,18127,73.0,76.0,4411.0
201508ddyw.tif,20151017sp.tif,509,999.0,False,,,0,row_absent_no_mask_overlap,0.0,15234,18179,138.0,138.0,14620.0
201508ddyw.tif,20151017sp.tif,511,1001.0,False,,496,1,row_absent_but_mask_overlap,0.0,16122,18205,144.0,134.0,15376.0
201508ddyw.tif,20151017sp.tif,512,1003.0,True,498.0,498,1,continued_row_with_overlap,0.0,16458,18347,52.0,52.0,1849.0
201508ddyw.tif,20151017sp.tif,517,1008.0,True,500.0,500,1,continued_row_with_overlap,0.0,17870,18625,94.0,100.0,6509.0
201508ddyw.tif,20151017sp.tif,520,1014.0,False,,,0,row_absent_no_mask_overlap,0.0,17710,18899,54.0,56.0,2405.0
201508ddyw.tif,20151017sp.tif,521,1016.0,True,506.0,,0,continued_row_without_overlap,0.0,16842,18933,67.0,66.0,3369.0
201508ddyw.tif,20151017sp.tif,522,1019.0,True,506.0,506,1,continued_row_with_overlap,0.0,16791,19008,82.0,79.0,5192.0
201508ddyw.tif,20151017sp.tif,524,1023.0,True,510.0,510,1,continued_row_with_overlap,0.0,17898,19141,106.0,98.0,7994.0
201508ddyw.tif,20151017sp.tif,538,1043.0,False,,,0,row_absent_no_mask_overlap,0.0,17036,19807,98.0,108.0,7936.0
201508ddyw.tif,20151017sp.tif,540,1042.0,True,517.0,517,1,continued_row_with_overlap,0.0,18906,19797,140.0,146.0,16246.0
201508ddyw.tif,20151017sp.tif,544,1046.0,True,518.0,518,1,continued_row_with_overlap,0.0,18854,19927,88.0,92.0,6146.0
201508ddyw.tif,20151017sp.tif,547,1048.0,False,,,0,row_absent_no_mask_overlap,0.0,18612,20035,120.0,138.0,12952.0
201508ddyw.tif,20151017sp.tif,548,1049.0,False,,,0,row_absent_no_mask_overlap,0.0,18402,20117,76.0,70.0,3718.0
201508ddyw.tif,20151017sp.tif,553,1064.0,False,,,0,row_absent_no_mask_overlap,0.0,17830,20403,71.0,76.0,4000.0
201508ddyw.tif,20151017sp.tif,557,1066.0,False,,,0,row_absent_no_mask_overlap,0.0,19468,20511,124.0,119.0,11229.0
201508ddyw.tif,20151017sp.tif,568,1.0,False,,,0,row_absent_no_mask_overlap,0.0,14212,4105,88.0,80.0,5075.0
201508ddyw.tif,20151017sp.tif,569,4.0,False,,,0,row_absent_no_mask_overlap,0.0,10670,4559,28.0,24.0,551.0
201508ddyw.tif,20151017sp.tif,570,7.0,False,,,0,row_absent_no_mask_overlap,0.0,16805,5927,57.0,58.0,2548.0
201508ddyw.tif,20151017sp.tif,571,11.0,False,,,0,row_absent_no_mask_overlap,0.0,17272,6237,60.0,56.0,2358.0
201508ddyw.tif,20151017sp.tif,572,14.0,False,,,0,row_absent_no_mask_overlap,0.0,17172,6249,53.0,44.0,1812.0
201508ddyw.tif,20151017sp.tif,573,15.0,False,,,0,row_absent_no_mask_overlap,0.0,17198,6331,44.0,42.0,1491.0
201508ddyw.tif,20151017sp.tif,574,16.0,False,,,0,row_absent_no_mask_overlap,0.0,12482,6383,82.0,86.0,4996.0
201508ddyw.tif,20151017sp.tif,575,17.0,False,,,0,row_absent_no_mask_overlap,0.0,17139,6397,67.0,60.0,2928.0
201508ddyw.tif,20151017sp.tif,576,19.0,False,,,0,row_absent_no_mask_overlap,0.0,17446,6473,36.0,44.0,1226.0
201508ddyw.tif,20151017sp.tif,577,21.0,False,,,0,row_absent_no_mask_overlap,0.0,16524,6513,67.0,55.0,2695.0
201508ddyw.tif,20151017sp.tif,578,22.0,False,,,0,row_absent_no_mask_overlap,0.0,16638,6521,44.0,47.0,1458.0
201508ddyw.tif,20151017sp.tif,579,23.0,False,,,0,row_absent_no_mask_overlap,0.0,17454,6529,42.0,43.0,1406.0
201508ddyw.tif,20151017sp.tif,580,26.0,False,,,0,row_absent_no_mask_overlap,0.0,17358,6554,76.0,69.0,3741.0
201508ddyw.tif,20151017sp.tif,581,27.0,False,,,0,row_absent_no_mask_overlap,0.0,16372,6581,72.0,73.0,4108.0
201508ddyw.tif,20151017sp.tif,582,29.0,False,,,0,row_absent_no_mask_overlap,0.0,16584,6601,20.0,20.0,302.0
201508ddyw.tif,20151017sp.tif,583,31.0,False,,,0,row_absent_no_mask_overlap,0.0,16492,6643,62.0,66.0,3191.0
201508ddyw.tif,20151017sp.tif,584,34.0,False,,,0,row_absent_no_mask_overlap,0.0,16441,6675,32.0,29.0,625.0
201508ddyw.tif,20151017sp.tif,585,37.0,False,,,0,row_absent_no_mask_overlap,0.0,16646,6699,48.0,46.0,1687.0
201508ddyw.tif,20151017sp.tif,586,42.0,False,,,0,row_absent_no_mask_overlap,0.0,16798,6739,36.0,40.0,1038.0
201508ddyw.tif,20151017sp.tif,587,44.0,False,,,0,row_absent_no_mask_overlap,0.0,17442,6759,76.0,71.0,4183.0
201508ddyw.tif,20151017sp.tif,588,46.0,False,,,0,row_absent_no_mask_overlap,0.0,16538,6771,48.0,50.0,1858.0
201508ddyw.tif,20151017sp.tif,589,47.0,False,,,0,row_absent_no_mask_overlap,0.0,17202,6889,47.0,44.0,1585.0
201508ddyw.tif,20151017sp.tif,590,48.0,False,,,0,row_absent_no_mask_overlap,0.0,16676,6937,62.0,81.0,3944.0
201508ddyw.tif,20151017sp.tif,591,50.0,False,,,0,row_absent_no_mask_overlap,0.0,18638,6959,78.0,72.0,4490.0
201508ddyw.tif,20151017sp.tif,592,51.0,True,14.0,,0,continued_row_without_overlap,0.0,18938,6994,61.0,61.0,2801.0
201508ddyw.tif,20151017sp.tif,593,52.0,False,,,0,row_absent_no_mask_overlap,0.0,17272,6999,71.0,59.0,3163.0
201508ddyw.tif,20151017sp.tif,594,56.0,False,,10,1,row_absent_but_mask_overlap,0.0,12202,7011,12.0,18.0,170.0
201508ddyw.tif,20151017sp.tif,595,57.0,False,,,0,row_absent_no_mask_overlap,0.0,18192,7035,48.0,47.0,1657.0
201508ddyw.tif,20151017sp.tif,596,59.0,False,,,0,row_absent_no_mask_overlap,0.0,16614,7045,48.0,51.0,1807.0
201508ddyw.tif,20151017sp.tif,597,60.0,False,,,0,row_absent_no_mask_overlap,0.0,17338,7057,68.0,64.0,3101.0
201508ddyw.tif,20151017sp.tif,598,61.0,False,,,0,row_absent_no_mask_overlap,0.0,18444,7059,36.0,32.0,844.0
201508ddyw.tif,20151017sp.tif,599,62.0,False,,,0,row_absent_no_mask_overlap,0.0,16556,7073,46.0,40.0,1278.0
201508ddyw.tif,20151017sp.tif,600,65.0,False,,,0,row_absent_no_mask_overlap,0.0,18442,7133,36.0,36.0,917.0
201508ddyw.tif,20151017sp.tif,601,66.0,False,,,0,row_absent_no_mask_overlap,0.0,16430,7134,48.0,50.0,1742.0
201508ddyw.tif,20151017sp.tif,602,67.0,False,,,0,row_absent_no_mask_overlap,0.0,16086,7137,16.0,12.0,176.0
201508ddyw.tif,20151017sp.tif,603,68.0,False,,,0,row_absent_no_mask_overlap,0.0,16080,7157,18.0,16.0,240.0
201508ddyw.tif,20151017sp.tif,604,69.0,False,,,0,row_absent_no_mask_overlap,0.0,17364,7165,50.0,50.0,1869.0
201508ddyw.tif,20151017sp.tif,605,71.0,False,,,0,row_absent_no_mask_overlap,0.0,16374,7179,76.0,78.0,4513.0
201508ddyw.tif,20151017sp.tif,606,72.0,True,18.0,,0,continued_row_without_overlap,0.0,17950,7183,46.0,53.0,1732.0
201508ddyw.tif,20151017sp.tif,607,73.0,True,21.0,,0,continued_row_without_overlap,0.0,18202,7223,75.0,73.0,3879.0
201508ddyw.tif,20151017sp.tif,608,74.0,False,,,0,row_absent_no_mask_overlap,0.0,19226,7225,61.0,53.0,2408.0
201508ddyw.tif,20151017sp.tif,609,75.0,False,,,0,row_absent_no_mask_overlap,0.0,17746,7233,65.0,60.0,2889.0
201508ddyw.tif,20151017sp.tif,610,76.0,False,,,0,row_absent_no_mask_overlap,0.0,16812,7235,94.0,82.0,5478.0
201508ddyw.tif,20151017sp.tif,611,77.0,True,23.0,,0,continued_row_without_overlap,0.0,16620,7245,54.0,56.0,2390.0
201508ddyw.tif,20151017sp.tif,612,78.0,True,22.0,,0,continued_row_without_overlap,0.0,18316,7251,62.0,60.0,2832.0
201508ddyw.tif,20151017sp.tif,613,79.0,False,,,0,row_absent_no_mask_overlap,0.0,18412,7255,20.0,22.0,336.0
201508ddyw.tif,20151017sp.tif,614,80.0,False,,,0,row_absent_no_mask_overlap,0.0,16449,7265,61.0,64.0,2902.0
201508ddyw.tif,20151017sp.tif,615,81.0,True,24.0,,0,continued_row_without_overlap,0.0,18075,7271,68.0,68.0,3501.0
201508ddyw.tif,20151017sp.tif,616,82.0,True,26.0,,0,continued_row_without_overlap,0.0,18540,7293,66.0,67.0,3332.0
201508ddyw.tif,20151017sp.tif,617,84.0,False,,,0,row_absent_no_mask_overlap,0.0,18458,7297,16.0,16.0,192.0
201508ddyw.tif,20151017sp.tif,618,85.0,False,,,0,row_absent_no_mask_overlap,0.0,17720,7315,90.0,85.0,5972.0
201508ddyw.tif,20151017sp.tif,619,86.0,False,,,0,row_absent_no_mask_overlap,0.0,17934,7319,42.0,40.0,1282.0
201508ddyw.tif,20151017sp.tif,620,88.0,False,,,0,row_absent_no_mask_overlap,0.0,16730,7325,56.0,48.0,2116.0
201508ddyw.tif,20151017sp.tif,621,89.0,False,,,0,row_absent_no_mask_overlap,0.0,17602,7337,60.0,56.0,2479.0
201508ddyw.tif,20151017sp.tif,622,90.0,True,30.0,,0,continued_row_without_overlap,0.0,18283,7361,71.0,72.0,3740.0
201508ddyw.tif,20151017sp.tif,623,92.0,False,,,0,row_absent_no_mask_overlap,0.0,17410,7375,51.0,47.0,1937.0
201508ddyw.tif,20151017sp.tif,624,93.0,False,,,0,row_absent_no_mask_overlap,0.0,19424,7381,70.0,64.0,3265.0
201508ddyw.tif,20151017sp.tif,625,98.0,False,,,0,row_absent_no_mask_overlap,0.0,18214,7441,52.0,46.0,1737.0
201508ddyw.tif,20151017sp.tif,626,99.0,False,,,0,row_absent_no_mask_overlap,0.0,19545,7441,55.0,56.0,2215.0
201508ddyw.tif,20151017sp.tif,627,102.0,False,,,0,row_absent_no_mask_overlap,0.0,16902,7469,72.0,63.0,3481.0
201508ddyw.tif,20151017sp.tif,628,103.0,True,39.0,,0,continued_row_without_overlap,0.0,18044,7475,36.0,28.0,696.0
201508ddyw.tif,20151017sp.tif,629,105.0,False,,,0,row_absent_no_mask_overlap,0.0,16996,7505,30.0,27.0,575.0
201508ddyw.tif,20151017sp.tif,630,106.0,False,,,0,row_absent_no_mask_overlap,0.0,17526,7507,43.0,36.0,1249.0
201508ddyw.tif,20151017sp.tif,631,107.0,False,,,0,row_absent_no_mask_overlap,0.0,18669,7507,85.0,88.0,5742.0
201508ddyw.tif,20151017sp.tif,632,110.0,False,,,0,row_absent_no_mask_overlap,0.0,17673,7523,47.0,42.0,1405.0
201508ddyw.tif,20151017sp.tif,633,112.0,False,,,0,row_absent_no_mask_overlap,0.0,18306,7549,78.0,76.0,4588.0
201508ddyw.tif,20151017sp.tif,634,114.0,False,,,0,row_absent_no_mask_overlap,0.0,19414,7565,82.0,71.0,4188.0
201508ddyw.tif,20151017sp.tif,635,115.0,True,44.0,,0,continued_row_without_overlap,0.0,16440,7567,34.0,38.0,964.0
201508ddyw.tif,20151017sp.tif,636,117.0,True,39.0,,0,continued_row_without_overlap,0.0,18086,7571,54.0,52.0,2162.0
201508ddyw.tif,20151017sp.tif,637,118.0,False,,,0,row_absent_no_mask_overlap,0.0,19778,7571,72.0,68.0,3718.0
201508ddyw.tif,20151017sp.tif,638,119.0,False,,,0,row_absent_no_mask_overlap,0.0,16534,7579,37.0,40.0,1163.0
201508ddyw.tif,20151017sp.tif,639,120.0,False,,,0,row_absent_no_mask_overlap,0.0,17064,7587,22.0,20.0,340.0
201508ddyw.tif,20151017sp.tif,640,123.0,True,45.0,,0,continued_row_without_overlap,0.0,17880,7637,61.0,58.0,2738.0
201508ddyw.tif,20151017sp.tif,641,124.0,True,46.0,,0,continued_row_without_overlap,0.0,17636,7649,56.0,50.0,2226.0
201508ddyw.tif,20151017sp.tif,642,125.0,True,47.0,,0,continued_row_without_overlap,0.0,17745,7653,52.0,46.0,1816.0
201508ddyw.tif,20151017sp.tif,643,126.0,False,,,0,row_absent_no_mask_overlap,0.0,17392,7663,73.0,62.0,3346.0
201508ddyw.tif,20151017sp.tif,644,127.0,False,,,0,row_absent_no_mask_overlap,0.0,20143,7665,69.0,68.0,3572.0
201508ddyw.tif,20151017sp.tif,645,128.0,False,,,0,row_absent_no_mask_overlap,0.0,19430,7669,62.0,60.0,2904.0
201508ddyw.tif,20151017sp.tif,646,130.0,True,49.0,49,1,continued_row_with_overlap,0.0,22398,7704,62.0,61.0,3003.0
201508ddyw.tif,20151017sp.tif,647,129.0,False,,,0,row_absent_no_mask_overlap,0.0,16983,7705,71.0,69.0,3693.0
201508ddyw.tif,20151017sp.tif,648,131.0,True,50.0,,0,continued_row_without_overlap,0.0,21546,7710,64.0,63.0,3021.0
201508ddyw.tif,20151017sp.tif,649,132.0,False,,51,1,row_absent_but_mask_overlap,0.0,22626,7711,46.0,44.0,1609.0
201508ddyw.tif,20151017sp.tif,650,135.0,False,,,0,row_absent_no_mask_overlap,0.0,17700,7721,70.0,54.0,2787.0
201508ddyw.tif,20151017sp.tif,651,139.0,False,,,0,row_absent_no_mask_overlap,0.0,21071,7749,63.0,64.0,2895.0
201508ddyw.tif,20151017sp.tif,652,140.0,False,,,0,row_absent_no_mask_overlap,0.0,18358,7761,50.0,50.0,1805.0
201508ddyw.tif,20151017sp.tif,653,141.0,True,53.0,,0,continued_row_without_overlap,0.0,21484,7769,58.0,50.0,2095.0
201508ddyw.tif,20151017sp.tif,654,143.0,False,,,0,row_absent_no_mask_overlap,0.0,20320,7799,60.0,51.0,2440.0
201508ddyw.tif,20151017sp.tif,655,144.0,False,,,0,row_absent_no_mask_overlap,0.0,15678,7809,16.0,24.0,336.0
201508ddyw.tif,20151017sp.tif,656,151.0,True,57.0,57,1,continued_row_with_overlap,0.0,21162,7881,78.0,76.0,4295.0
201508ddyw.tif,20151017sp.tif,657,152.0,False,,,0,row_absent_no_mask_overlap,0.0,15454,7885,42.0,42.0,1424.0
201508ddyw.tif,20151017sp.tif,658,153.0,False,,,0,row_absent_no_mask_overlap,0.0,20098,7891,58.0,53.0,2203.0
201508ddyw.tif,20151017sp.tif,659,154.0,False,,,0,row_absent_no_mask_overlap,0.0,15797,7909,36.0,36.0,962.0
201508ddyw.tif,20151017sp.tif,660,155.0,False,,,0,row_absent_no_mask_overlap,0.0,18412,7925,50.0,44.0,1677.0
201508ddyw.tif,20151017sp.tif,661,156.0,False,,,0,row_absent_no_mask_overlap,0.0,20616,7935,30.0,32.0,723.0
201508ddyw.tif,20151017sp.tif,662,160.0,True,60.0,,0,continued_row_without_overlap,0.0,17336,7959,72.0,70.0,4011.0
201508ddyw.tif,20151017sp.tif,663,161.0,False,,,0,row_absent_no_mask_overlap,0.0,20208,7971,40.0,36.0,1171.0
201508ddyw.tif,20151017sp.tif,664,164.0,True,61.0,61,1,continued_row_with_overlap,0.0,21908,7985,86.0,77.0,5101.0
201508ddyw.tif,20151017sp.tif,665,165.0,False,,,0,row_absent_no_mask_overlap,0.0,15350,7987,55.0,45.0,1833.0
201508ddyw.tif,20151017sp.tif,666,166.0,False,,,0,row_absent_no_mask_overlap,0.0,21354,7987,40.0,34.0,1099.0
201508ddyw.tif,20151017sp.tif,667,167.0,False,,,0,row_absent_no_mask_overlap,0.0,15434,7989,41.0,46.0,1415.0
201508ddyw.tif,20151017sp.tif,668,168.0,True,64.0,,0,continued_row_without_overlap,0.0,20726,7993,71.0,78.0,4244.0
201508ddyw.tif,20151017sp.tif,669,169.0,True,62.0,67,1,continued_row_without_overlap,0.0,21075,7993,57.0,48.0,2056.0
201508ddyw.tif,20151017sp.tif,670,170.0,False,,,0,row_absent_no_mask_overlap,0.0,15980,8007,54.0,52.0,2069.0
201508ddyw.tif,20151017sp.tif,671,171.0,False,,,0,row_absent_no_mask_overlap,0.0,19354,8017,48.0,48.0,1791.0
201508ddyw.tif,20151017sp.tif,672,174.0,True,67.0,,0,continued_row_without_overlap,0.0,21130,8033,66.0,62.0,3078.0
201508ddyw.tif,20151017sp.tif,673,176.0,False,,,0,row_absent_no_mask_overlap,0.0,19843,8035,61.0,60.0,2619.0
201508ddyw.tif,20151017sp.tif,674,178.0,False,,,0,row_absent_no_mask_overlap,0.0,17068,8047,73.0,70.0,4015.0
201508ddyw.tif,20151017sp.tif,675,179.0,False,,,0,row_absent_no_mask_overlap,0.0,17564,8053,62.0,60.0,2652.0
201508ddyw.tif,20151017sp.tif,676,183.0,False,,,0,row_absent_no_mask_overlap,0.0,19686,8081,64.0,70.0,3730.0
201508ddyw.tif,20151017sp.tif,677,184.0,True,73.0,,0,continued_row_without_overlap,0.0,20864,8093,58.0,54.0,2338.0
201508ddyw.tif,20151017sp.tif,678,189.0,False,,,0,row_absent_no_mask_overlap,0.0,20574,8109,80.0,77.0,4651.0
201508ddyw.tif,20151017sp.tif,679,190.0,False,,,0,row_absent_no_mask_overlap,0.0,19818,8111,40.0,32.0,912.0
201508ddyw.tif,20151017sp.tif,680,191.0,True,75.0,,0,continued_row_without_overlap,0.0,18682,8114,50.0,51.0,1931.0
201508ddyw.tif,20151017sp.tif,681,192.0,True,78.0,78,1,continued_row_with_overlap,0.0,17313,8117,79.0,80.0,4805.0
201508ddyw.tif,20151017sp.tif,682,193.0,False,,,0,row_absent_no_mask_overlap,0.0,12726,8133,52.0,48.0,2003.0
201508ddyw.tif,20151017sp.tif,683,196.0,False,,,0,row_absent_no_mask_overlap,0.0,23254,8159,60.0,54.0,2591.0
201508ddyw.tif,20151017sp.tif,684,199.0,True,83.0,,0,continued_row_without_overlap,0.0,18090,8211,42.0,43.0,1381.0
201508ddyw.tif,20151017sp.tif,685,200.0,False,,,0,row_absent_no_mask_overlap,0.0,19631,8222,53.0,47.0,1872.0
201508ddyw.tif,20151017sp.tif,686,203.0,False,,,0,row_absent_no_mask_overlap,0.0,20054,8253,36.0,30.0,797.0
201508ddyw.tif,20151017sp.tif,687,204.0,False,,,0,row_absent_no_mask_overlap,0.0,19758,8266,44.0,40.0,1375.0
201508ddyw.tif,20151017sp.tif,688,205.0,False,,,0,row_absent_no_mask_overlap,0.0,20360,8278,72.0,73.0,4057.0
201508ddyw.tif,20151017sp.tif,689,208.0,False,,,0,row_absent_no_mask_overlap,0.0,19888,8289,62.0,56.0,2719.0
201508ddyw.tif,20151017sp.tif,690,211.0,False,,,0,row_absent_no_mask_overlap,0.0,19102,8309,60.0,57.0,2622.0
201508ddyw.tif,20151017sp.tif,691,213.0,False,,,0,row_absent_no_mask_overlap,0.0,17868,8325,60.0,54.0,2521.0
201508ddyw.tif,20151017sp.tif,692,214.0,True,90.0,,0,continued_row_without_overlap,0.0,16546,8333,73.0,75.0,4048.0
201508ddyw.tif,20151017sp.tif,693,215.0,True,89.0,,0,continued_row_without_overlap,0.0,18376,8335,60.0,51.0,2330.0
201508ddyw.tif,20151017sp.tif,694,217.0,False,,,0,row_absent_no_mask_overlap,0.0,19940,8357,30.0,24.0,513.0
201508ddyw.tif,20151017sp.tif,695,220.0,True,91.0,,0,continued_row_without_overlap,0.0,20618,8364,60.0,59.0,2750.0
201508ddyw.tif,20151017sp.tif,696,219.0,True,101.0,,0,continued_row_without_overlap,0.0,16628,8365,33.0,37.0,922.0
201508ddyw.tif,20151017sp.tif,697,224.0,True,92.0,,0,continued_row_without_overlap,0.0,18116,8393,66.0,56.0,2730.0
201508ddyw.tif,20151017sp.tif,698,226.0,True,95.0,95,1,continued_row_with_overlap,0.0,16118,8417,98.0,94.0,6843.0
201508ddyw.tif,20151017sp.tif,699,227.0,False,,,0,row_absent_no_mask_overlap,0.0,18506,8421,84.0,72.0,4604.0
201508ddyw.tif,20151017sp.tif,700,228.0,True,97.0,,0,continued_row_without_overlap,0.0,17709,8433,71.0,64.0,3534.0
201508ddyw.tif,20151017sp.tif,701,229.0,True,96.0,,0,continued_row_without_overlap,0.0,17970,8433,76.0,68.0,3947.0
201508ddyw.tif,20151017sp.tif,702,231.0,False,,,0,row_absent_no_mask_overlap,0.0,21834,8434,59.0,51.0,2173.0
201508ddyw.tif,20151017sp.tif,703,232.0,True,100.0,,0,continued_row_without_overlap,0.0,20208,8443,58.0,59.0,2568.0
201508ddyw.tif,20151017sp.tif,704,233.0,True,101.0,,0,continued_row_without_overlap,0.0,16623,8453,49.0,52.0,1956.0
201508ddyw.tif,20151017sp.tif,705,237.0,False,,,0,row_absent_no_mask_overlap,0.0,18950,8471,30.0,31.0,762.0
201508ddyw.tif,20151017sp.tif,706,238.0,True,105.0,,0,continued_row_without_overlap,0.0,20344,8502,62.0,61.0,2891.0
201508ddyw.tif,20151017sp.tif,707,239.0,True,103.0,,0,continued_row_without_overlap,0.0,18102,8506,66.0,67.0,3350.0
201508ddyw.tif,20151017sp.tif,708,240.0,False,,,0,row_absent_no_mask_overlap,0.0,19006,8507,52.0,48.0,1776.0
201508ddyw.tif,20151017sp.tif,709,241.0,True,106.0,,0,continued_row_without_overlap,0.0,18824,8527,62.0,67.0,3110.0
201508ddyw.tif,20151017sp.tif,710,244.0,False,,,0,row_absent_no_mask_overlap,0.0,18441,8549,69.0,60.0,3248.0
201508ddyw.tif,20151017sp.tif,711,245.0,False,,,0,row_absent_no_mask_overlap,0.0,19590,8573,66.0,62.0,3184.0
201508ddyw.tif,20151017sp.tif,712,246.0,False,,,0,row_absent_no_mask_overlap,0.0,15642,8581,58.0,60.0,2645.0
201508ddyw.tif,20151017sp.tif,713,249.0,False,,,0,row_absent_no_mask_overlap,0.0,19408,8587,58.0,50.0,2112.0
201508ddyw.tif,20151017sp.tif,714,250.0,True,112.0,,0,continued_row_without_overlap,0.0,16616,8617,43.0,46.0,1478.0
201508ddyw.tif,20151017sp.tif,715,253.0,True,113.0,,0,continued_row_without_overlap,0.0,18344,8641,56.0,53.0,2247.0
201508ddyw.tif,20151017sp.tif,716,254.0,False,,,0,row_absent_no_mask_overlap,0.0,15320,8655,42.0,38.0,1208.0
201508ddyw.tif,20151017sp.tif,717,256.0,True,114.0,,0,continued_row_without_overlap,0.0,20193,8665,67.0,61.0,2947.0
201508ddyw.tif,20151017sp.tif,718,258.0,False,,,0,row_absent_no_mask_overlap,0.0,15678,8670,32.0,36.0,939.0
201508ddyw.tif,20151017sp.tif,719,262.0,True,120.0,,0,continued_row_without_overlap,0.0,16302,8757,60.0,66.0,3014.0
201508ddyw.tif,20151017sp.tif,720,264.0,False,,,0,row_absent_no_mask_overlap,0.0,12924,8797,112.0,102.0,8539.0
201508ddyw.tif,20151017sp.tif,721,265.0,False,,,0,row_absent_no_mask_overlap,0.0,19862,8797,48.0,58.0,2117.0
201508ddyw.tif,20151017sp.tif,722,266.0,True,121.0,,0,continued_row_without_overlap,0.0,18388,8799,60.0,57.0,2573.0
201508ddyw.tif,20151017sp.tif,723,267.0,True,122.0,,0,continued_row_without_overlap,0.0,15777,8821,79.0,74.0,4328.0
201508ddyw.tif,20151017sp.tif,724,268.0,False,,,0,row_absent_no_mask_overlap,0.0,22778,8821,58.0,52.0,2310.0
201508ddyw.tif,20151017sp.tif,725,269.0,False,,,0,row_absent_no_mask_overlap,0.0,20978,8823,62.0,60.0,2949.0
201508ddyw.tif,20151017sp.tif,726,270.0,False,,,0,row_absent_no_mask_overlap,0.0,18424,8857,46.0,41.0,1441.0
201508ddyw.tif,20151017sp.tif,727,271.0,True,123.0,,0,continued_row_without_overlap,0.0,18242,8865,60.0,62.0,2887.0
201508ddyw.tif,20151017sp.tif,728,276.0,True,124.0,,0,continued_row_without_overlap,0.0,18351,8966,41.0,43.0,1263.0
201508ddyw.tif,20151017sp.tif,729,277.0,False,,,0,row_absent_no_mask_overlap,0.0,20934,8981,52.0,52.0,1919.0
201508ddyw.tif,20151017sp.tif,730,279.0,False,,,0,row_absent_no_mask_overlap,0.0,15650,8990,29.0,28.0,590.0
201508ddyw.tif,20151017sp.tif,731,280.0,True,125.0,,0,continued_row_without_overlap,0.0,18152,8991,62.0,64.0,2988.0
201508ddyw.tif,20151017sp.tif,732,282.0,True,128.0,,0,continued_row_without_overlap,0.0,20250,9017,66.0,60.0,3086.0
201508ddyw.tif,20151017sp.tif,733,284.0,True,129.0,,0,continued_row_without_overlap,0.0,18406,9030,66.0,67.0,3335.0
201508ddyw.tif,20151017sp.tif,734,285.0,True,131.0,,0,continued_row_without_overlap,0.0,19070,9037,46.0,42.0,1490.0
201508ddyw.tif,20151017sp.tif,735,286.0,True,133.0,,0,continued_row_without_overlap,0.0,19134,9091,53.0,48.0,1774.0
201508ddyw.tif,20151017sp.tif,736,287.0,True,134.0,,0,continued_row_without_overlap,0.0,20398,9094,52.0,50.0,2117.0
201508ddyw.tif,20151017sp.tif,737,288.0,True,136.0,,0,continued_row_without_overlap,0.0,14962,9103,53.0,56.0,2314.0
201508ddyw.tif,20151017sp.tif,738,291.0,False,,,0,row_absent_no_mask_overlap,0.0,19762,9111,67.0,57.0,2732.0
201508ddyw.tif,20151017sp.tif,739,292.0,True,135.0,,0,continued_row_without_overlap,0.0,19528,9117,65.0,64.0,3238.0
201508ddyw.tif,20151017sp.tif,740,293.0,True,142.0,142,1,continued_row_with_overlap,0.0,19126,9157,43.0,51.0,1657.0
201508ddyw.tif,20151017sp.tif,741,295.0,False,,,0,row_absent_no_mask_overlap,0.0,22350,9197,52.0,45.0,1853.0
201508ddyw.tif,20151017sp.tif,742,296.0,False,,,0,row_absent_no_mask_overlap,0.0,20406,9201,62.0,60.0,2940.0
201508ddyw.tif,20151017sp.tif,743,297.0,True,140.0,,0,continued_row_without_overlap,0.0,16924,9209,58.0,58.0,2635.0
201508ddyw.tif,20151017sp.tif,744,298.0,False,,142,1,row_absent_but_mask_overlap,0.0,19099,9210,66.0,58.0,2777.0
201508ddyw.tif,20151017sp.tif,745,299.0,True,142.0,,0,continued_row_without_overlap,0.0,19171,9213,33.0,37.0,916.0
201508ddyw.tif,20151017sp.tif,746,300.0,True,144.0,,0,continued_row_without_overlap,0.0,18758,9237,52.0,52.0,2120.0
201508ddyw.tif,20151017sp.tif,747,302.0,False,,,0,row_absent_no_mask_overlap,0.0,14906,9239,72.0,64.0,3532.0
201508ddyw.tif,20151017sp.tif,748,303.0,False,,,0,row_absent_no_mask_overlap,0.0,17994,9247,66.0,65.0,3145.0
201508ddyw.tif,20151017sp.tif,749,305.0,False,,,0,row_absent_no_mask_overlap,0.0,19616,9254,60.0,53.0,2367.0
201508ddyw.tif,20151017sp.tif,750,307.0,False,,,0,row_absent_no_mask_overlap,0.0,13770,9264,76.0,71.0,3824.0
201508ddyw.tif,20151017sp.tif,751,308.0,False,,,0,row_absent_no_mask_overlap,0.0,15168,9265,64.0,56.0,2789.0
201508ddyw.tif,20151017sp.tif,752,311.0,False,,,0,row_absent_no_mask_overlap,0.0,17936,9291,46.0,42.0,1449.0
201508ddyw.tif,20151017sp.tif,753,312.0,False,,,0,row_absent_no_mask_overlap,0.0,13847,9293,49.0,50.0,1934.0
201508ddyw.tif,20151017sp.tif,754,313.0,True,152.0,,0,continued_row_without_overlap,0.0,20372,9293,33.0,36.0,864.0
201508ddyw.tif,20151017sp.tif,755,314.0,True,153.0,,0,continued_row_without_overlap,0.0,13122,9298,39.0,46.0,1277.0
201508ddyw.tif,20151017sp.tif,756,315.0,False,,,0,row_absent_no_mask_overlap,0.0,16534,9319,34.0,36.0,863.0
201508ddyw.tif,20151017sp.tif,757,316.0,False,,,0,row_absent_no_mask_overlap,0.0,18042,9320,46.0,41.0,1504.0
201508ddyw.tif,20151017sp.tif,758,317.0,True,154.0,,0,continued_row_without_overlap,0.0,16412,9346,60.0,51.0,2200.0
201508ddyw.tif,20151017sp.tif,759,318.0,True,155.0,,0,continued_row_without_overlap,0.0,19912,9355,60.0,52.0,2353.0
201508ddyw.tif,20151017sp.tif,760,319.0,False,,,0,row_absent_no_mask_overlap,0.0,17272,9361,42.0,30.0,916.0
201508ddyw.tif,20151017sp.tif,761,320.0,False,,,0,row_absent_no_mask_overlap,0.0,19580,9369,36.0,32.0,923.0
201508ddyw.tif,20151017sp.tif,762,324.0,False,,,0,row_absent_no_mask_overlap,0.0,16595,9398,47.0,43.0,1584.0
201508ddyw.tif,20151017sp.tif,763,325.0,False,,,0,row_absent_no_mask_overlap,0.0,17060,9405,70.0,74.0,3857.0
201508ddyw.tif,20151017sp.tif,764,327.0,False,,,0,row_absent_no_mask_overlap,0.0,19966,9438,82.0,75.0,4695.0
201508ddyw.tif,20151017sp.tif,765,329.0,False,,,0,row_absent_no_mask_overlap,0.0,19278,9469,54.0,45.0,1670.0
201508ddyw.tif,20151017sp.tif,766,333.0,True,160.0,,0,continued_row_without_overlap,0.0,22434,9529,62.0,56.0,2432.0
201508ddyw.tif,20151017sp.tif,767,334.0,False,,,0,row_absent_no_mask_overlap,0.0,16111,9548,63.0,65.0,3306.0
201508ddyw.tif,20151017sp.tif,768,335.0,False,,,0,row_absent_no_mask_overlap,0.0,15963,9567,59.0,60.0,2664.0
201508ddyw.tif,20151017sp.tif,769,336.0,True,161.0,161,1,continued_row_with_overlap,0.0,18954,9586,67.0,69.0,3558.0
201508ddyw.tif,20151017sp.tif,770,338.0,True,164.0,,0,continued_row_without_overlap,0.0,20265,9639,49.0,46.0,1642.0
201508ddyw.tif,20151017sp.tif,771,339.0,False,,,0,row_absent_no_mask_overlap,0.0,20884,9643,59.0,63.0,2738.0
201508ddyw.tif,20151017sp.tif,772,344.0,False,,,0,row_absent_no_mask_overlap,0.0,20946,9683,52.0,51.0,1947.0
201508ddyw.tif,20151017sp.tif,773,345.0,True,166.0,,0,continued_row_without_overlap,0.0,19786,9696,52.0,53.0,2012.0
201508ddyw.tif,20151017sp.tif,774,346.0,True,167.0,,0,continued_row_without_overlap,0.0,17602,9703,54.0,56.0,2150.0
201508ddyw.tif,20151017sp.tif,775,348.0,True,169.0,,0,continued_row_without_overlap,0.0,15898,9723,44.0,48.0,1599.0
201508ddyw.tif,20151017sp.tif,776,349.0,True,168.0,,0,continued_row_without_overlap,0.0,20612,9730,68.0,77.0,3946.0
201508ddyw.tif,20151017sp.tif,777,350.0,True,170.0,,0,continued_row_without_overlap,0.0,15164,9737,62.0,58.0,2567.0
201508ddyw.tif,20151017sp.tif,778,351.0,False,,,0,row_absent_no_mask_overlap,0.0,21860,9741,40.0,38.0,1157.0
201508ddyw.tif,20151017sp.tif,779,355.0,True,172.0,,0,continued_row_without_overlap,0.0,21014,9775,55.0,50.0,2018.0
201508ddyw.tif,20151017sp.tif,780,357.0,False,,,0,row_absent_no_mask_overlap,0.0,21140,9785,53.0,41.0,1696.0
201508ddyw.tif,20151017sp.tif,781,358.0,True,174.0,,0,continued_row_without_overlap,0.0,15096,9787,44.0,52.0,1719.0
201508ddyw.tif,20151017sp.tif,782,359.0,False,,,0,row_absent_no_mask_overlap,0.0,21606,9799,51.0,49.0,1787.0
201508ddyw.tif,20151017sp.tif,783,360.0,True,175.0,,0,continued_row_without_overlap,0.0,19058,9808,56.0,57.0,2301.0
201508ddyw.tif,20151017sp.tif,784,363.0,False,,,0,row_absent_no_mask_overlap,0.0,22050,9835,40.0,32.0,958.0
201508ddyw.tif,20151017sp.tif,785,365.0,True,179.0,,0,continued_row_without_overlap,0.0,20168,9851,42.0,43.0,1389.0
201508ddyw.tif,20151017sp.tif,786,367.0,True,180.0,,0,continued_row_without_overlap,0.0,21400,9866,54.0,47.0,1920.0
201508ddyw.tif,20151017sp.tif,787,368.0,False,,,0,row_absent_no_mask_overlap,0.0,21105,9869,69.0,62.0,3210.0
201508ddyw.tif,20151017sp.tif,788,369.0,False,,,0,row_absent_no_mask_overlap,0.0,23278,9911,82.0,76.0,4718.0
201508ddyw.tif,20151017sp.tif,789,371.0,False,,,0,row_absent_no_mask_overlap,0.0,19272,9933,72.0,62.0,3414.0
201508ddyw.tif,20151017sp.tif,790,372.0,False,,,0,row_absent_no_mask_overlap,0.0,14968,9947,60.0,57.0,2576.0
201508ddyw.tif,20151017sp.tif,791,373.0,False,,,0,row_absent_no_mask_overlap,0.0,20720,9967,54.0,44.0,1764.0
201508ddyw.tif,20151017sp.tif,792,375.0,True,183.0,,0,continued_row_without_overlap,0.0,20980,9974,58.0,59.0,2589.0
201508ddyw.tif,20151017sp.tif,793,374.0,False,,,0,row_absent_no_mask_overlap,0.0,10164,9975,14.0,20.0,230.0
201508ddyw.tif,20151017sp.tif,794,376.0,False,,,0,row_absent_no_mask_overlap,0.0,16624,9985,36.0,38.0,1077.0
201508ddyw.tif,20151017sp.tif,795,379.0,False,,,0,row_absent_no_mask_overlap,0.0,18990,10021,56.0,56.0,2181.0
201508ddyw.tif,20151017sp.tif,796,380.0,False,,,0,row_absent_no_mask_overlap,0.0,14897,10058,62.0,67.0,3090.0
201508ddyw.tif,20151017sp.tif,797,381.0,False,,,0,row_absent_no_mask_overlap,0.0,19038,10061,56.0,51.0,2267.0
201508ddyw.tif,20151017sp.tif,798,382.0,False,,,0,row_absent_no_mask_overlap,0.0,14351,10063,49.0,51.0,1888.0
201508ddyw.tif,20151017sp.tif,799,383.0,True,186.0,186,1,continued_row_with_overlap,0.0,19524,10065,88.0,85.0,5439.0
201508ddyw.tif,20151017sp.tif,800,384.0,True,188.0,,0,continued_row_without_overlap,0.0,22286,10103,60.0,58.0,2597.0
201508ddyw.tif,20151017sp.tif,801,385.0,False,,,0,row_absent_no_mask_overlap,0.0,13800,10110,63.0,64.0,2978.0
201508ddyw.tif,20151017sp.tif,802,386.0,True,189.0,189,1,continued_row_with_overlap,0.0,18848,10142,58.0,55.0,2460.0
201508ddyw.tif,20151017sp.tif,803,387.0,False,,,0,row_absent_no_mask_overlap,0.0,21136,10157,68.0,62.0,3162.0
201508ddyw.tif,20151017sp.tif,804,388.0,False,,,0,row_absent_no_mask_overlap,0.0,14948,10163,18.0,20.0,274.0
201508ddyw.tif,20151017sp.tif,805,389.0,False,,,0,row_absent_no_mask_overlap,0.0,12970,10170,58.0,53.0,2329.0
201508ddyw.tif,20151017sp.tif,806,391.0,False,,,0,row_absent_no_mask_overlap,0.0,20336,10197,47.0,51.0,1852.0
201508ddyw.tif,20151017sp.tif,807,392.0,False,,193,1,row_absent_but_mask_overlap,0.0,13718,10262,69.0,69.0,3694.0
201508ddyw.tif,20151017sp.tif,808,399.0,True,198.0,,0,continued_row_without_overlap,0.0,20016,10370,75.0,75.0,3934.0
201508ddyw.tif,20151017sp.tif,809,400.0,False,,,0,row_absent_no_mask_overlap,0.0,14190,10391,50.0,47.0,1723.0
201508ddyw.tif,20151017sp.tif,810,403.0,True,200.0,,0,continued_row_without_overlap,0.0,18034,10470,44.0,45.0,1612.0
201508ddyw.tif,20151017sp.tif,811,404.0,False,,,0,row_absent_no_mask_overlap,0.0,13948,10485,78.0,73.0,4406.0
201508ddyw.tif,20151017sp.tif,812,405.0,True,202.0,,0,continued_row_without_overlap,0.0,17442,10493,30.0,29.0,643.0
201508ddyw.tif,20151017sp.tif,813,406.0,True,201.0,201,1,continued_row_with_overlap,0.0,13688,10507,80.0,72.0,4378.0
201508ddyw.tif,20151017sp.tif,814,407.0,True,203.0,,0,continued_row_without_overlap,0.0,18572,10515,54.0,58.0,2291.0
201508ddyw.tif,20151017sp.tif,815,408.0,True,208.0,208,1,continued_row_with_overlap,0.0,17486,10541,96.0,84.0,6224.0
201508ddyw.tif,20151017sp.tif,816,409.0,True,207.0,,0,continued_row_without_overlap,0.0,20862,10549,46.0,43.0,1375.0
201508ddyw.tif,20151017sp.tif,817,410.0,True,206.0,206,1,continued_row_with_overlap,0.0,19550,10555,62.0,62.0,2875.0
201508ddyw.tif,20151017sp.tif,818,411.0,True,205.0,,0,continued_row_without_overlap,0.0,20202,10557,62.0,56.0,2725.0
201508ddyw.tif,20151017sp.tif,819,412.0,False,,,0,row_absent_no_mask_overlap,0.0,14384,10603,57.0,52.0,2110.0
201508ddyw.tif,20151017sp.tif,820,413.0,True,209.0,,0,continued_row_without_overlap,0.0,20628,10603,64.0,59.0,2810.0
201508ddyw.tif,20151017sp.tif,821,414.0,False,,,0,row_absent_no_mask_overlap,0.0,17566,10615,68.0,62.0,3102.0
201508ddyw.tif,20151017sp.tif,822,416.0,False,,,0,row_absent_no_mask_overlap,0.0,21213,10635,47.0,45.0,1685.0
201508ddyw.tif,20151017sp.tif,823,418.0,False,,,0,row_absent_no_mask_overlap,0.0,21254,10669,66.0,59.0,2807.0
201508ddyw.tif,20151017sp.tif,824,420.0,False,,,0,row_absent_no_mask_overlap,0.0,13710,10685,64.0,54.0,2497.0
201508ddyw.tif,20151017sp.tif,825,422.0,True,213.0,213,1,continued_row_with_overlap,0.0,18722,10690,78.0,77.0,4611.0
201508ddyw.tif,20151017sp.tif,826,423.0,True,214.0,,0,continued_row_without_overlap,0.0,17530,10694,49.0,60.0,2141.0
201508ddyw.tif,20151017sp.tif,827,424.0,True,215.0,,0,continued_row_without_overlap,0.0,19146,10698,50.0,51.0,1893.0
201508ddyw.tif,20151017sp.tif,828,425.0,True,211.0,,0,continued_row_without_overlap,0.0,20158,10709,43.0,45.0,1482.0
201508ddyw.tif,20151017sp.tif,829,426.0,False,,,0,row_absent_no_mask_overlap,0.0,21760,10715,54.0,50.0,1857.0
201508ddyw.tif,20151017sp.tif,830,427.0,True,218.0,,0,continued_row_without_overlap,0.0,18492,10721,62.0,58.0,2897.0
201508ddyw.tif,20151017sp.tif,831,428.0,False,,,0,row_absent_no_mask_overlap,0.0,17748,10723,54.0,54.0,2214.0
201508ddyw.tif,20151017sp.tif,832,429.0,False,,,0,row_absent_no_mask_overlap,0.0,18564,10725,70.0,80.0,3986.0
201508ddyw.tif,20151017sp.tif,833,430.0,False,,,0,row_absent_no_mask_overlap,0.0,15508,10753,70.0,60.0,3293.0
201508ddyw.tif,20151017sp.tif,834,431.0,False,,,0,row_absent_no_mask_overlap,0.0,21176,10774,60.0,51.0,2317.0
201508ddyw.tif,20151017sp.tif,835,432.0,False,,224,1,row_absent_but_mask_overlap,0.0,18823,10781,81.0,80.0,4810.0
201508ddyw.tif,20151017sp.tif,836,433.0,False,,,0,row_absent_no_mask_overlap,0.0,19472,10781,42.0,40.0,1197.0
201508ddyw.tif,20151017sp.tif,837,435.0,False,,,0,row_absent_no_mask_overlap,0.0,18724,10787,65.0,72.0,3456.0
201508ddyw.tif,20151017sp.tif,838,436.0,False,,,0,row_absent_no_mask_overlap,0.0,14738,10789,65.0,55.0,2689.0
201508ddyw.tif,20151017sp.tif,839,438.0,True,221.0,,0,continued_row_without_overlap,0.0,21346,10799,59.0,52.0,2144.0
201508ddyw.tif,20151017sp.tif,840,439.0,False,,,0,row_absent_no_mask_overlap,0.0,19286,10812,70.0,62.0,3322.0
201508ddyw.tif,20151017sp.tif,841,440.0,False,,,0,row_absent_no_mask_overlap,0.0,14622,10822,78.0,77.0,4604.0
201508ddyw.tif,20151017sp.tif,842,442.0,False,,,0,row_absent_no_mask_overlap,0.0,19935,10823,72.0,63.0,3448.0
201508ddyw.tif,20151017sp.tif,843,443.0,True,226.0,226,1,continued_row_with_overlap,0.0,13483,10829,57.0,60.0,2524.0
201508ddyw.tif,20151017sp.tif,844,445.0,False,,,0,row_absent_no_mask_overlap,0.0,14708,10849,82.0,81.0,5066.0
201508ddyw.tif,20151017sp.tif,845,446.0,False,,229,1,row_absent_but_mask_overlap,0.0,13597,10857,43.0,38.0,1162.0
201508ddyw.tif,20151017sp.tif,846,447.0,True,228.0,228,1,continued_row_with_overlap,0.0,17428,10862,62.0,67.0,3234.0
201508ddyw.tif,20151017sp.tif,847,449.0,False,,,0,row_absent_no_mask_overlap,0.0,20362,10885,68.0,65.0,3412.0
201508ddyw.tif,20151017sp.tif,848,451.0,False,,234,1,row_absent_but_mask_overlap,0.0,18834,10914,99.0,72.0,5485.0
201508ddyw.tif,20151017sp.tif,849,455.0,True,236.0,,0,continued_row_without_overlap,0.0,14680,10941,50.0,50.0,1910.0
201508ddyw.tif,20151017sp.tif,850,456.0,False,,,0,row_absent_no_mask_overlap,0.0,13208,10951,60.0,69.0,2867.0
201508ddyw.tif,20151017sp.tif,851,459.0,True,239.0,,0,continued_row_without_overlap,0.0,15456,10999,76.0,74.0,4093.0
201508ddyw.tif,20151017sp.tif,852,462.0,False,,,0,row_absent_no_mask_overlap,0.0,20778,11033,24.0,28.0,479.0
201508ddyw.tif,20151017sp.tif,853,463.0,False,,,0,row_absent_no_mask_overlap,0.0,15708,11037,80.0,76.0,4719.0
201508ddyw.tif,20151017sp.tif,854,465.0,False,,241,1,row_absent_but_mask_overlap,0.0,13834,11058,48.0,51.0,1835.0
201508ddyw.tif,20151017sp.tif,855,469.0,False,,,0,row_absent_no_mask_overlap,0.0,13776,11109,22.0,20.0,298.0
201508ddyw.tif,20151017sp.tif,856,470.0,False,,,0,row_absent_no_mask_overlap,0.0,24027,11113,15.0,10.0,111.0
201508ddyw.tif,20151017sp.tif,857,473.0,False,,,0,row_absent_no_mask_overlap,0.0,24028,11149,18.0,16.0,202.0
201508ddyw.tif,20151017sp.tif,858,474.0,False,,,0,row_absent_no_mask_overlap,0.0,13285,11178,33.0,28.0,712.0
201508ddyw.tif,20151017sp.tif,859,475.0,False,,,0,row_absent_no_mask_overlap,0.0,18396,11201,45.0,44.0,1528.0
201508ddyw.tif,20151017sp.tif,860,476.0,False,,,0,row_absent_no_mask_overlap,0.0,19830,11201,38.0,30.0,911.0
201508ddyw.tif,20151017sp.tif,861,477.0,False,,,0,row_absent_no_mask_overlap,0.0,13796,11205,86.0,74.0,4619.0
201508ddyw.tif,20151017sp.tif,862,478.0,False,,,0,row_absent_no_mask_overlap,0.0,16210,11227,44.0,46.0,1535.0
201508ddyw.tif,20151017sp.tif,863,479.0,True,248.0,248,1,continued_row_with_overlap,0.0,18546,11239,91.0,98.0,6693.0
201508ddyw.tif,20151017sp.tif,864,484.0,False,,,0,row_absent_no_mask_overlap,0.0,16228,11311,76.0,70.0,3955.0
201508ddyw.tif,20151017sp.tif,865,485.0,False,,,0,row_absent_no_mask_overlap,0.0,20298,11347,67.0,68.0,3372.0
201508ddyw.tif,20151017sp.tif,866,486.0,False,,,0,row_absent_no_mask_overlap,0.0,14644,11401,58.0,52.0,2182.0
201508ddyw.tif,20151017sp.tif,867,487.0,False,,,0,row_absent_no_mask_overlap,0.0,19658,11410,69.0,67.0,3543.0
201508ddyw.tif,20151017sp.tif,868,489.0,False,,,0,row_absent_no_mask_overlap,0.0,18786,11422,64.0,64.0,3172.0
201508ddyw.tif,20151017sp.tif,869,491.0,True,253.0,253,1,continued_row_with_overlap,0.0,14356,11465,78.0,77.0,4638.0
201508ddyw.tif,20151017sp.tif,870,492.0,True,252.0,,0,continued_row_without_overlap,0.0,21298,11470,40.0,45.0,1358.0
201508ddyw.tif,20151017sp.tif,871,494.0,True,254.0,,0,continued_row_without_overlap,0.0,15830,11491,76.0,76.0,4417.0
201508ddyw.tif,20151017sp.tif,872,496.0,True,256.0,,0,continued_row_without_overlap,0.0,17223,11506,45.0,53.0,1732.0
201508ddyw.tif,20151017sp.tif,873,497.0,True,255.0,,0,continued_row_without_overlap,0.0,19892,11511,48.0,51.0,1924.0
201508ddyw.tif,20151017sp.tif,874,498.0,True,258.0,,0,continued_row_without_overlap,0.0,16688,11521,54.0,50.0,2083.0
201508ddyw.tif,20151017sp.tif,875,499.0,False,,,0,row_absent_no_mask_overlap,0.0,18636,11521,12.0,19.0,177.0
201508ddyw.tif,20151017sp.tif,876,500.0,False,,,0,row_absent_no_mask_overlap,0.0,14472,11534,49.0,51.0,1919.0
201508ddyw.tif,20151017sp.tif,877,501.0,True,259.0,,0,continued_row_without_overlap,0.0,15950,11534,72.0,75.0,4014.0
201508ddyw.tif,20151017sp.tif,878,503.0,False,,,0,row_absent_no_mask_overlap,0.0,14209,11553,69.0,62.0,3315.0
201508ddyw.tif,20151017sp.tif,879,504.0,False,,260,1,row_absent_but_mask_overlap,0.0,13629,11573,71.0,61.0,3317.0
201508ddyw.tif,20151017sp.tif,880,505.0,False,,,0,row_absent_no_mask_overlap,0.0,16444,11581,44.0,42.0,1345.0
201508ddyw.tif,20151017sp.tif,881,507.0,True,262.0,,0,continued_row_without_overlap,0.0,16554,11599,68.0,66.0,3430.0
201508ddyw.tif,20151017sp.tif,882,508.0,True,263.0,,0,continued_row_without_overlap,0.0,17174,11606,54.0,49.0,2136.0
201508ddyw.tif,20151017sp.tif,883,509.0,False,,266,1,row_absent_but_mask_overlap,0.0,15510,11611,68.0,64.0,3401.0
201508ddyw.tif,20151017sp.tif,884,510.0,False,,,0,row_absent_no_mask_overlap,0.0,13508,11615,26.0,20.0,387.0
201508ddyw.tif,20151017sp.tif,885,514.0,True,272.0,,0,continued_row_without_overlap,0.0,17260,11706,39.0,47.0,1430.0
201508ddyw.tif,20151017sp.tif,886,513.0,True,270.0,,0,continued_row_without_overlap,0.0,15394,11707,44.0,46.0,1590.0
201508ddyw.tif,20151017sp.tif,887,515.0,True,271.0,,0,continued_row_without_overlap,0.0,20426,11717,44.0,37.0,1264.0
201508ddyw.tif,20151017sp.tif,888,517.0,True,273.0,,0,continued_row_without_overlap,0.0,20501,11730,69.0,69.0,3743.0
201508ddyw.tif,20151017sp.tif,889,518.0,True,274.0,274,1,continued_row_with_overlap,0.0,18068,11735,64.0,56.0,2683.0
201508ddyw.tif,20151017sp.tif,890,520.0,True,276.0,276,1,continued_row_with_overlap,0.0,17607,11758,66.0,67.0,3341.0
201508ddyw.tif,20151017sp.tif,891,519.0,True,275.0,,0,continued_row_without_overlap,0.0,15454,11759,44.0,42.0,1384.0
201508ddyw.tif,20151017sp.tif,892,521.0,True,278.0,278,1,continued_row_with_overlap,0.0,17310,11769,72.0,82.0,4270.0
201508ddyw.tif,20151017sp.tif,893,522.0,True,279.0,,0,continued_row_without_overlap,0.0,21386,11783,46.0,41.0,1515.0
201508ddyw.tif,20151017sp.tif,894,523.0,False,,,0,row_absent_no_mask_overlap,0.0,20638,11793,60.0,54.0,2338.0
201508ddyw.tif,20151017sp.tif,895,524.0,True,280.0,,0,continued_row_without_overlap,0.0,14864,11798,49.0,47.0,1870.0
201508ddyw.tif,20151017sp.tif,896,526.0,True,282.0,,0,continued_row_without_overlap,0.0,16840,11821,57.0,58.0,2468.0
201508ddyw.tif,20151017sp.tif,897,527.0,True,281.0,,0,continued_row_without_overlap,0.0,14437,11823,57.0,59.0,2510.0
201508ddyw.tif,20151017sp.tif,898,529.0,False,,283,1,row_absent_but_mask_overlap,0.0,17478,11845,56.0,57.0,2473.0
201508ddyw.tif,20151017sp.tif,899,530.0,False,,,0,row_absent_no_mask_overlap,0.0,18522,11866,80.0,75.0,4358.0
201508ddyw.tif,20151017sp.tif,900,531.0,False,,,0,row_absent_no_mask_overlap,0.0,20626,11883,60.0,58.0,2419.0
201508ddyw.tif,20151017sp.tif,901,532.0,False,,,0,row_absent_no_mask_overlap,0.0,14798,11889,54.0,54.0,2316.0
201508ddyw.tif,20151017sp.tif,902,533.0,True,285.0,,0,continued_row_without_overlap,0.0,21236,11889,54.0,50.0,2032.0
201508ddyw.tif,20151017sp.tif,903,534.0,True,288.0,288,1,continued_row_with_overlap,0.0,15031,11893,54.0,52.0,2301.0
201508ddyw.tif,20151017sp.tif,904,535.0,True,289.0,289,1,continued_row_with_overlap,0.0,17176,11905,72.0,80.0,4559.0
201508ddyw.tif,20151017sp.tif,905,536.0,False,,294;296,2,row_absent_but_mask_overlap,0.0,14412,11911,86.0,83.0,5446.0
201508ddyw.tif,20151017sp.tif,906,537.0,False,,,0,row_absent_no_mask_overlap,0.0,14618,11911,52.0,54.0,2282.0
201508ddyw.tif,20151017sp.tif,907,539.0,False,,,0,row_absent_no_mask_overlap,0.0,20869,11911,45.0,44.0,1514.0
201508ddyw.tif,20151017sp.tif,908,540.0,True,292.0,,0,continued_row_without_overlap,0.0,16669,11929,53.0,58.0,2267.0
201508ddyw.tif,20151017sp.tif,909,541.0,False,,,0,row_absent_no_mask_overlap,0.0,13574,11937,50.0,44.0,1691.0
201508ddyw.tif,20151017sp.tif,910,542.0,True,293.0,,0,continued_row_without_overlap,0.0,20090,11949,54.0,51.0,1999.0
201508ddyw.tif,20151017sp.tif,911,543.0,False,,,0,row_absent_no_mask_overlap,0.0,14658,11961,88.0,92.0,6617.0
201508ddyw.tif,20151017sp.tif,912,544.0,True,295.0,295,1,continued_row_with_overlap,0.0,17792,11961,86.0,86.0,5657.0
201508ddyw.tif,20151017sp.tif,913,545.0,True,298.0,,0,continued_row_without_overlap,0.0,14874,11974,78.0,69.0,3859.0
201508ddyw.tif,20151017sp.tif,914,547.0,True,297.0,297,1,continued_row_with_overlap,0.0,21186,11990,56.0,56.0,2429.0
201508ddyw.tif,20151017sp.tif,915,548.0,False,,,0,row_absent_no_mask_overlap,0.0,11718,12005,16.0,16.0,208.0
201508ddyw.tif,20151017sp.tif,916,550.0,False,,,0,row_absent_no_mask_overlap,0.0,13820,12025,30.0,24.0,511.0
201508ddyw.tif,20151017sp.tif,917,552.0,False,,,0,row_absent_no_mask_overlap,0.0,13710,12029,16.0,14.0,176.0
201508ddyw.tif,20151017sp.tif,918,553.0,False,,,0,row_absent_no_mask_overlap,0.0,13990,12059,32.0,43.0,999.0
201508ddyw.tif,20151017sp.tif,919,554.0,True,300.0,300,1,continued_row_with_overlap,0.0,21465,12061,65.0,62.0,2998.0
201508ddyw.tif,20151017sp.tif,920,555.0,True,301.0,,0,continued_row_without_overlap,0.0,16536,12075,74.0,71.0,3974.0
201508ddyw.tif,20151017sp.tif,921,556.0,False,,302,1,row_absent_but_mask_overlap,0.0,19002,12085,124.0,93.0,8374.0
201508ddyw.tif,20151017sp.tif,922,557.0,False,,,0,row_absent_no_mask_overlap,0.0,16138,12098,54.0,53.0,2238.0
201508ddyw.tif,20151017sp.tif,923,558.0,False,,,0,row_absent_no_mask_overlap,0.0,15274,12110,56.0,57.0,2410.0
201508ddyw.tif,20151017sp.tif,924,559.0,False,,,0,row_absent_no_mask_overlap,0.0,15410,12118,64.0,68.0,3270.0
201508ddyw.tif,20151017sp.tif,925,560.0,False,,,0,row_absent_no_mask_overlap,0.0,17204,12139,28.0,26.0,566.0
201508ddyw.tif,20151017sp.tif,926,561.0,False,,,0,row_absent_no_mask_overlap,0.0,17904,12154,51.0,48.0,1900.0
201508ddyw.tif,20151017sp.tif,927,562.0,False,,,0,row_absent_no_mask_overlap,0.0,15783,12163,63.0,60.0,2943.0
201508ddyw.tif,20151017sp.tif,928,563.0,False,,,0,row_absent_no_mask_overlap,0.0,15066,12211,58.0,58.0,2597.0
201508ddyw.tif,20151017sp.tif,929,564.0,False,,,0,row_absent_no_mask_overlap,0.0,14814,12218,61.0,57.0,2670.0
201508ddyw.tif,20151017sp.tif,930,565.0,False,,,0,row_absent_no_mask_overlap,0.0,19198,12225,38.0,39.0,1085.0
201508ddyw.tif,20151017sp.tif,931,566.0,False,,,0,row_absent_no_mask_overlap,0.0,13772,12237,24.0,23.0,380.0
201508ddyw.tif,20151017sp.tif,932,567.0,False,,,0,row_absent_no_mask_overlap,0.0,19306,12245,40.0,42.0,1184.0
201508ddyw.tif,20151017sp.tif,933,568.0,False,,,0,row_absent_no_mask_overlap,0.0,14529,12253,41.0,40.0,1161.0
201508ddyw.tif,20151017sp.tif,934,569.0,True,305.0,,0,continued_row_without_overlap,0.0,16136,12266,54.0,55.0,2264.0
201508ddyw.tif,20151017sp.tif,935,570.0,False,,,0,row_absent_no_mask_overlap,0.0,14696,12273,60.0,62.0,2752.0
201508ddyw.tif,20151017sp.tif,936,572.0,True,307.0,,0,continued_row_without_overlap,0.0,21168,12317,47.0,41.0,1423.0
201508ddyw.tif,20151017sp.tif,937,573.0,False,,,0,row_absent_no_mask_overlap,0.0,20826,12329,40.0,36.0,1035.0
201508ddyw.tif,20151017sp.tif,938,574.0,True,309.0,,0,continued_row_without_overlap,0.0,18874,12335,42.0,40.0,1298.0
201508ddyw.tif,20151017sp.tif,939,577.0,True,310.0,,0,continued_row_without_overlap,0.0,16934,12382,62.0,59.0,2722.0
201508ddyw.tif,20151017sp.tif,940,578.0,True,312.0,,0,continued_row_without_overlap,0.0,17270,12387,59.0,58.0,2623.0
201508ddyw.tif,20151017sp.tif,941,579.0,False,,,0,row_absent_no_mask_overlap,0.0,19914,12409,24.0,21.0,332.0
201508ddyw.tif,20151017sp.tif,942,581.0,False,,,0,row_absent_no_mask_overlap,0.0,19374,12427,64.0,51.0,2408.0
201508ddyw.tif,20151017sp.tif,943,582.0,False,,,0,row_absent_no_mask_overlap,0.0,19678,12439,38.0,34.0,841.0
201508ddyw.tif,20151017sp.tif,944,583.0,False,,315,1,row_absent_but_mask_overlap,0.0,17718,12442,71.0,73.0,3954.0
201508ddyw.tif,20151017sp.tif,945,584.0,True,316.0,316,1,continued_row_with_overlap,0.0,19089,12479,89.0,87.0,5978.0
201508ddyw.tif,20151017sp.tif,946,585.0,False,,,0,row_absent_no_mask_overlap,0.0,21506,12480,60.0,59.0,2547.0
201508ddyw.tif,20151017sp.tif,947,586.0,True,314.0,,0,continued_row_without_overlap,0.0,20660,12483,44.0,39.0,1188.0
201508ddyw.tif,20151017sp.tif,948,587.0,False,,,0,row_absent_no_mask_overlap,0.0,16540,12509,79.0,70.0,4271.0
201508ddyw.tif,20151017sp.tif,949,588.0,False,,,0,row_absent_no_mask_overlap,0.0,20896,12514,58.0,53.0,2286.0
201508ddyw.tif,20151017sp.tif,950,591.0,True,318.0,,0,continued_row_without_overlap,0.0,15614,12534,52.0,51.0,2125.0
201508ddyw.tif,20151017sp.tif,951,592.0,False,,,0,row_absent_no_mask_overlap,0.0,16250,12535,26.0,27.0,546.0
201508ddyw.tif,20151017sp.tif,952,594.0,False,,,0,row_absent_no_mask_overlap,0.0,19662,12580,86.0,74.0,4875.0
201508ddyw.tif,20151017sp.tif,953,595.0,False,,,0,row_absent_no_mask_overlap,0.0,18062,12607,72.0,68.0,3659.0
201508ddyw.tif,20151017sp.tif,954,597.0,False,,,0,row_absent_no_mask_overlap,0.0,17952,12618,54.0,49.0,2038.0
201508ddyw.tif,20151017sp.tif,955,598.0,True,320.0,,0,continued_row_without_overlap,0.0,15728,12622,60.0,63.0,2922.0
201508ddyw.tif,20151017sp.tif,956,600.0,False,,,0,row_absent_no_mask_overlap,0.0,15052,12630,48.0,55.0,2133.0
201508ddyw.tif,20151017sp.tif,957,601.0,True,322.0,,0,continued_row_without_overlap,0.0,16904,12630,70.0,65.0,3643.0
201508ddyw.tif,20151017sp.tif,958,603.0,True,323.0,,0,continued_row_without_overlap,0.0,20922,12669,50.0,52.0,1856.0
201508ddyw.tif,20151017sp.tif,959,605.0,False,,,0,row_absent_no_mask_overlap,0.0,16592,12695,66.0,59.0,3014.0
201508ddyw.tif,20151017sp.tif,960,606.0,False,,329,1,row_absent_but_mask_overlap,0.0,18064,12699,58.0,64.0,2806.0
201508ddyw.tif,20151017sp.tif,961,607.0,False,,,0,row_absent_no_mask_overlap,0.0,14362,12717,26.0,27.0,517.0
201508ddyw.tif,20151017sp.tif,962,608.0,False,,,0,row_absent_no_mask_overlap,0.0,21006,12721,58.0,54.0,2288.0
201508ddyw.tif,20151017sp.tif,963,609.0,False,,,0,row_absent_no_mask_overlap,0.0,15808,12729,56.0,58.0,2541.0
201508ddyw.tif,20151017sp.tif,964,611.0,False,,,0,row_absent_no_mask_overlap,0.0,18226,12736,56.0,50.0,1999.0
201508ddyw.tif,20151017sp.tif,965,612.0,False,,,0,row_absent_no_mask_overlap,0.0,17816,12741,48.0,42.0,1455.0
201508ddyw.tif,20151017sp.tif,966,613.0,False,,,0,row_absent_no_mask_overlap,0.0,15638,12745,53.0,55.0,2217.0
201508ddyw.tif,20151017sp.tif,967,614.0,False,,,0,row_absent_no_mask_overlap,0.0,17241,12747,48.0,52.0,1957.0
201508ddyw.tif,20151017sp.tif,968,616.0,False,,,0,row_absent_no_mask_overlap,0.0,17366,12761,80.0,92.0,5346.0
201508ddyw.tif,20151017sp.tif,969,617.0,True,331.0,,0,continued_row_without_overlap,0.0,16984,12813,67.0,66.0,3474.0
201508ddyw.tif,20151017sp.tif,970,618.0,True,332.0,,0,continued_row_without_overlap,0.0,19334,12822,60.0,59.0,2778.0
201508ddyw.tif,20151017sp.tif,971,619.0,True,334.0,334,1,continued_row_with_overlap,0.0,18567,12842,87.0,89.0,5778.0
201508ddyw.tif,20151017sp.tif,972,620.0,False,,,0,row_absent_no_mask_overlap,0.0,19694,12857,78.0,96.0,6033.0
201508ddyw.tif,20151017sp.tif,973,621.0,False,,,0,row_absent_no_mask_overlap,0.0,15741,12858,77.0,83.0,4862.0
201508ddyw.tif,20151017sp.tif,974,622.0,False,,,0,row_absent_no_mask_overlap,0.0,18146,12890,51.0,55.0,2308.0
201508ddyw.tif,20151017sp.tif,975,624.0,False,,,0,row_absent_no_mask_overlap,0.0,17328,12898,78.0,75.0,4537.0
201508ddyw.tif,20151017sp.tif,976,625.0,True,336.0,336,1,continued_row_with_overlap,0.0,17678,12901,60.0,62.0,2768.0
201508ddyw.tif,20151017sp.tif,977,626.0,False,,,0,row_absent_no_mask_overlap,0.0,19098,12909,81.0,77.0,4699.0
201508ddyw.tif,20151017sp.tif,978,628.0,True,337.0,,0,continued_row_without_overlap,0.0,16804,12954,57.0,56.0,2379.0
201508ddyw.tif,20151017sp.tif,979,629.0,False,,,0,row_absent_no_mask_overlap,0.0,19900,12955,24.0,28.0,503.0
201508ddyw.tif,20151017sp.tif,980,630.0,False,,340,1,row_absent_but_mask_overlap,0.0,17131,12959,79.0,77.0,4717.0
201508ddyw.tif,20151017sp.tif,981,632.0,True,339.0,339,1,continued_row_with_overlap,0.0,17486,12977,66.0,62.0,3108.0
201508ddyw.tif,20151017sp.tif,982,635.0,True,341.0,,0,continued_row_without_overlap,0.0,16423,13005,52.0,50.0,1905.0
201508ddyw.tif,20151017sp.tif,983,636.0,True,342.0,342,1,continued_row_with_overlap,0.0,17648,13041,63.0,66.0,3369.0
201508ddyw.tif,20151017sp.tif,984,637.0,False,,,0,row_absent_no_mask_overlap,0.0,18480,13061,24.0,30.0,527.0
201508ddyw.tif,20151017sp.tif,985,638.0,False,,,0,row_absent_no_mask_overlap,0.0,14414,13071,23.0,21.0,343.0
201508ddyw.tif,20151017sp.tif,986,639.0,False,,,0,row_absent_no_mask_overlap,0.0,17150,13075,60.0,55.0,2371.0
201508ddyw.tif,20151017sp.tif,987,640.0,True,344.0,,0,continued_row_without_overlap,0.0,15682,13106,46.0,43.0,1509.0
201508ddyw.tif,20151017sp.tif,988,642.0,False,,,0,row_absent_no_mask_overlap,0.0,20576,13117,52.0,48.0,1796.0
201508ddyw.tif,20151017sp.tif,989,645.0,False,,,0,row_absent_no_mask_overlap,0.0,14535,13173,45.0,36.0,1179.0
201508ddyw.tif,20151017sp.tif,990,646.0,True,346.0,,0,continued_row_without_overlap,0.0,16782,13194,55.0,55.0,2174.0
201508ddyw.tif,20151017sp.tif,991,647.0,False,,,0,row_absent_no_mask_overlap,0.0,15634,13198,49.0,51.0,1833.0
201508ddyw.tif,20151017sp.tif,992,648.0,False,,,0,row_absent_no_mask_overlap,0.0,14588,13211,26.0,24.0,466.0
201508ddyw.tif,20151017sp.tif,993,649.0,False,,,0,row_absent_no_mask_overlap,0.0,20158,13211,54.0,46.0,1899.0
201508ddyw.tif,20151017sp.tif,994,650.0,False,,349,1,row_absent_but_mask_overlap,0.0,18064,13225,52.0,46.0,1872.0
201508ddyw.tif,20151017sp.tif,995,651.0,True,348.0,348,1,continued_row_with_overlap,0.0,17528,13229,65.0,60.0,2979.0
201508ddyw.tif,20151017sp.tif,996,653.0,True,350.0,,0,continued_row_without_overlap,0.0,16230,13234,60.0,58.0,2725.0
201508ddyw.tif,20151017sp.tif,997,654.0,False,,,0,row_absent_no_mask_overlap,0.0,15978,13241,60.0,64.0,2850.0
201508ddyw.tif,20151017sp.tif,998,657.0,True,352.0,352,1,continued_row_with_overlap,0.0,24266,13305,184.0,189.0,26220.0
201508ddyw.tif,20151017sp.tif,999,658.0,False,,,0,row_absent_no_mask_overlap,0.0,15638,13323,52.0,62.0,2518.0
201508ddyw.tif,20151017sp.tif,1000,659.0,False,,,0,row_absent_no_mask_overlap,0.0,18960,13351,42.0,40.0,1281.0
201508ddyw.tif,20151017sp.tif,1001,660.0,False,,,0,row_absent_no_mask_overlap,0.0,16816,13361,82.0,68.0,4480.0
201508ddyw.tif,20151017sp.tif,1002,661.0,True,356.0,356,1,continued_row_with_overlap,0.0,17990,13361,49.0,51.0,1873.0
201508ddyw.tif,20151017sp.tif,1003,662.0,False,,,0,row_absent_no_mask_overlap,0.0,18684,13361,20.0,22.0,316.0
201508ddyw.tif,20151017sp.tif,1004,663.0,False,,,0,row_absent_no_mask_overlap,0.0,15034,13383,14.0,12.0,120.0
201508ddyw.tif,20151017sp.tif,1005,664.0,False,,,0,row_absent_no_mask_overlap,0.0,15938,13383,65.0,64.0,3182.0
201508ddyw.tif,20151017sp.tif,1006,666.0,False,,,0,row_absent_no_mask_overlap,0.0,14974,13405,18.0,16.0,191.0
201508ddyw.tif,20151017sp.tif,1007,668.0,True,361.0,,0,continued_row_without_overlap,0.0,15788,13455,49.0,44.0,1543.0
201508ddyw.tif,20151017sp.tif,1008,670.0,True,363.0,,0,continued_row_without_overlap,0.0,17562,13457,18.0,19.0,259.0
201508ddyw.tif,20151017sp.tif,1009,671.0,False,,,0,row_absent_no_mask_overlap,0.0,16120,13484,69.0,73.0,3648.0
201508ddyw.tif,20151017sp.tif,1010,672.0,True,363.0,363,1,continued_row_with_overlap,0.0,17544,13489,48.0,48.0,1627.0
201508ddyw.tif,20151017sp.tif,1011,674.0,False,,,0,row_absent_no_mask_overlap,0.0,15024,13501,30.0,28.0,620.0
201508ddyw.tif,20151017sp.tif,1012,683.0,True,365.0,,0,continued_row_without_overlap,0.0,16746,13549,66.0,66.0,3496.0
201508ddyw.tif,20151017sp.tif,1013,684.0,False,,,0,row_absent_no_mask_overlap,0.0,19032,13561,84.0,69.0,4428.0
201508ddyw.tif,20151017sp.tif,1014,685.0,False,,,0,row_absent_no_mask_overlap,0.0,18872,13563,37.0,38.0,950.0
201508ddyw.tif,20151017sp.tif,1015,687.0,False,,,0,row_absent_no_mask_overlap,0.0,14980,13591,36.0,31.0,843.0
201508ddyw.tif,20151017sp.tif,1016,689.0,False,,,0,row_absent_no_mask_overlap,0.0,15896,13605,64.0,58.0,2739.0
201508ddyw.tif,20151017sp.tif,1017,691.0,False,,,0,row_absent_no_mask_overlap,0.0,16608,13629,28.0,30.0,628.0
201508ddyw.tif,20151017sp.tif,1018,692.0,True,367.0,,0,continued_row_without_overlap,0.0,15686,13631,62.0,56.0,2638.0
201508ddyw.tif,20151017sp.tif,1019,693.0,False,,,0,row_absent_no_mask_overlap,0.0,15780,13631,52.0,49.0,1802.0
201508ddyw.tif,20151017sp.tif,1020,697.0,False,,,0,row_absent_no_mask_overlap,0.0,15416,13649,22.0,24.0,387.0
201508ddyw.tif,20151017sp.tif,1021,698.0,False,,,0,row_absent_no_mask_overlap,0.0,15487,13658,21.0,21.0,314.0
201508ddyw.tif,20151017sp.tif,1022,699.0,False,,,0,row_absent_no_mask_overlap,0.0,15528,13661,36.0,38.0,946.0
201508ddyw.tif,20151017sp.tif,1023,702.0,False,,,0,row_absent_no_mask_overlap,0.0,17852,13697,45.0,54.0,1778.0
201508ddyw.tif,20151017sp.tif,1024,703.0,False,,,0,row_absent_no_mask_overlap,0.0,18964,13725,26.0,30.0,523.0
201508ddyw.tif,20151017sp.tif,1025,707.0,False,,,0,row_absent_no_mask_overlap,0.0,17564,13777,54.0,54.0,2085.0
201508ddyw.tif,20151017sp.tif,1026,709.0,True,369.0,,0,continued_row_without_overlap,0.0,15785,13795,47.0,43.0,1575.0
201508ddyw.tif,20151017sp.tif,1027,710.0,False,,,0,row_absent_no_mask_overlap,0.0,17184,13805,52.0,57.0,2173.0
201508ddyw.tif,20151017sp.tif,1028,712.0,True,372.0,,0,continued_row_without_overlap,0.0,16430,13818,56.0,56.0,2455.0
201508ddyw.tif,20151017sp.tif,1029,713.0,True,371.0,371,1,continued_row_with_overlap,0.0,18028,13831,74.0,74.0,3914.0
201508ddyw.tif,20151017sp.tif,1030,714.0,False,,,0,row_absent_no_mask_overlap,0.0,15544,13847,26.0,24.0,485.0
201508ddyw.tif,20151017sp.tif,1031,715.0,False,,,0,row_absent_no_mask_overlap,0.0,18654,13849,84.0,74.0,4660.0
201508ddyw.tif,20151017sp.tif,1032,716.0,False,,,0,row_absent_no_mask_overlap,0.0,18552,13851,22.0,22.0,375.0
201508ddyw.tif,20151017sp.tif,1033,719.0,True,374.0,,0,continued_row_without_overlap,0.0,16611,13897,67.0,72.0,3643.0
201508ddyw.tif,20151017sp.tif,1034,720.0,False,,,0,row_absent_no_mask_overlap,0.0,18580,13903,20.0,21.0,326.0
201508ddyw.tif,20151017sp.tif,1035,721.0,False,,,0,row_absent_no_mask_overlap,0.0,19308,13913,42.0,44.0,1340.0
201508ddyw.tif,20151017sp.tif,1036,723.0,False,,,0,row_absent_no_mask_overlap,0.0,17880,13925,34.0,28.0,688.0
201508ddyw.tif,20151017sp.tif,1037,725.0,False,,,0,row_absent_no_mask_overlap,0.0,18598,13997,39.0,30.0,901.0
201508ddyw.tif,20151017sp.tif,1038,729.0,False,,,0,row_absent_no_mask_overlap,0.0,17886,14053,63.0,58.0,2696.0
201508ddyw.tif,20151017sp.tif,1039,731.0,False,,376,1,row_absent_but_mask_overlap,0.0,17084,14077,58.0,48.0,2167.0
201508ddyw.tif,20151017sp.tif,1040,732.0,False,,,0,row_absent_no_mask_overlap,0.0,19308,14093,43.0,44.0,1299.0
201508ddyw.tif,20151017sp.tif,1041,733.0,False,,,0,row_absent_no_mask_overlap,0.0,16268,14102,48.0,52.0,1974.0
201508ddyw.tif,20151017sp.tif,1042,734.0,False,,,0,row_absent_no_mask_overlap,0.0,14828,14117,34.0,32.0,896.0
201508ddyw.tif,20151017sp.tif,1043,735.0,False,,,0,row_absent_no_mask_overlap,0.0,17878,14127,23.0,22.0,366.0
201508ddyw.tif,20151017sp.tif,1044,736.0,False,,,0,row_absent_no_mask_overlap,0.0,17396,14129,28.0,28.0,587.0
201508ddyw.tif,20151017sp.tif,1045,738.0,False,,,0,row_absent_no_mask_overlap,0.0,19488,14143,18.0,14.0,187.0
201508ddyw.tif,20151017sp.tif,1046,739.0,False,,,0,row_absent_no_mask_overlap,0.0,15706,14151,32.0,34.0,785.0
201508ddyw.tif,20151017sp.tif,1047,740.0,False,,,0,row_absent_no_mask_overlap,0.0,19160,14154,66.0,57.0,2854.0
201508ddyw.tif,20151017sp.tif,1048,742.0,False,,,0,row_absent_no_mask_overlap,0.0,17565,14169,31.0,28.0,664.0
201508ddyw.tif,20151017sp.tif,1049,743.0,False,,,0,row_absent_no_mask_overlap,0.0,15742,14185,16.0,12.0,123.0
201508ddyw.tif,20151017sp.tif,1050,744.0,False,,,0,row_absent_no_mask_overlap,0.0,16231,14191,31.0,28.0,654.0
201508ddyw.tif,20151017sp.tif,1051,745.0,False,,,0,row_absent_no_mask_overlap,0.0,17221,14219,29.0,36.0,769.0
201508ddyw.tif,20151017sp.tif,1052,746.0,False,,,0,row_absent_no_mask_overlap,0.0,16732,14229,56.0,44.0,1861.0
201508ddyw.tif,20151017sp.tif,1053,747.0,False,,,0,row_absent_no_mask_overlap,0.0,15156,14249,44.0,38.0,1240.0
201508ddyw.tif,20151017sp.tif,1054,750.0,False,,379,1,row_absent_but_mask_overlap,0.0,17382,14269,54.0,56.0,2377.0
201508ddyw.tif,20151017sp.tif,1055,752.0,False,,380,1,row_absent_but_mask_overlap,0.0,16272,14286,68.0,57.0,2842.0
201508ddyw.tif,20151017sp.tif,1056,755.0,False,,,0,row_absent_no_mask_overlap,0.0,14889,14336,20.0,21.0,294.0
201508ddyw.tif,20151017sp.tif,1057,757.0,False,,,0,row_absent_no_mask_overlap,0.0,13535,14400,24.0,24.0,388.0
201508ddyw.tif,20151017sp.tif,1058,758.0,False,,,0,row_absent_no_mask_overlap,0.0,17464,14401,45.0,54.0,1756.0
201508ddyw.tif,20151017sp.tif,1059,759.0,False,,,0,row_absent_no_mask_overlap,0.0,14764,14415,56.0,60.0,2427.0
201508ddyw.tif,20151017sp.tif,1060,760.0,False,,,0,row_absent_no_mask_overlap,0.0,18256,14419,30.0,26.0,553.0
201508ddyw.tif,20151017sp.tif,1061,762.0,False,,,0,row_absent_no_mask_overlap,0.0,15128,14431,58.0,63.0,2678.0
201508ddyw.tif,20151017sp.tif,1062,763.0,False,,,0,row_absent_no_mask_overlap,0.0,18476,14441,72.0,72.0,3988.0
201508ddyw.tif,20151017sp.tif,1063,764.0,False,,,0,row_absent_no_mask_overlap,0.0,14731,14475,19.0,19.0,245.0
201508ddyw.tif,20151017sp.tif,1064,766.0,False,,,0,row_absent_no_mask_overlap,0.0,16351,14505,37.0,37.0,971.0
201508ddyw.tif,20151017sp.tif,1065,767.0,False,,,0,row_absent_no_mask_overlap,0.0,17058,14591,30.0,29.0,594.0
201508ddyw.tif,20151017sp.tif,1066,768.0,False,,,0,row_absent_no_mask_overlap,0.0,14684,14597,36.0,34.0,870.0
201508ddyw.tif,20151017sp.tif,1067,769.0,False,,,0,row_absent_no_mask_overlap,0.0,16386,14597,14.0,13.0,141.0
201508ddyw.tif,20151017sp.tif,1068,770.0,False,,,0,row_absent_no_mask_overlap,0.0,17114,14603,30.0,31.0,681.0
201508ddyw.tif,20151017sp.tif,1069,772.0,False,,,0,row_absent_no_mask_overlap,0.0,19058,14629,21.0,25.0,416.0
201508ddyw.tif,20151017sp.tif,1070,773.0,False,,,0,row_absent_no_mask_overlap,0.0,17073,14635,21.0,22.0,359.0
201508ddyw.tif,20151017sp.tif,1071,774.0,False,,,0,row_absent_no_mask_overlap,0.0,17132,14649,22.0,26.0,429.0
201508ddyw.tif,20151017sp.tif,1072,775.0,False,,,0,row_absent_no_mask_overlap,0.0,17208,14662,44.0,45.0,1426.0
201508ddyw.tif,20151017sp.tif,1073,776.0,False,,,0,row_absent_no_mask_overlap,0.0,12853,14670,40.0,48.0,1600.0
201508ddyw.tif,20151017sp.tif,1074,779.0,False,,,0,row_absent_no_mask_overlap,0.0,18568,14701,26.0,30.0,520.0
201508ddyw.tif,20151017sp.tif,1075,780.0,True,388.0,388,1,continued_row_with_overlap,0.0,14706,14715,81.0,80.0,4866.0
201508ddyw.tif,20151017sp.tif,1076,781.0,False,,,0,row_absent_no_mask_overlap,0.0,12968,14722,45.0,44.0,1562.0
201508ddyw.tif,20151017sp.tif,1077,782.0,False,,,0,row_absent_no_mask_overlap,0.0,19145,14731,25.0,24.0,491.0
201508ddyw.tif,20151017sp.tif,1078,783.0,False,,,0,row_absent_no_mask_overlap,0.0,18602,14738,40.0,36.0,1164.0
201508ddyw.tif,20151017sp.tif,1079,784.0,False,,,0,row_absent_no_mask_overlap,0.0,18232,14745,16.0,15.0,197.0
201508ddyw.tif,20151017sp.tif,1080,786.0,True,389.0,,0,continued_row_without_overlap,0.0,17268,14758,62.0,60.0,2763.0
201508ddyw.tif,20151017sp.tif,1081,789.0,False,,,0,row_absent_no_mask_overlap,0.0,18646,14786,44.0,38.0,1390.0
201508ddyw.tif,20151017sp.tif,1082,790.0,True,391.0,391,1,continued_row_with_overlap,0.0,17438,14805,63.0,64.0,3117.0
201508ddyw.tif,20151017sp.tif,1083,793.0,False,,,0,row_absent_no_mask_overlap,0.0,19790,14849,69.0,68.0,3593.0
201508ddyw.tif,20151017sp.tif,1084,794.0,False,,,0,row_absent_no_mask_overlap,0.0,20846,14867,19.0,20.0,289.0
201508ddyw.tif,20151017sp.tif,1085,795.0,False,,,0,row_absent_no_mask_overlap,0.0,18558,14873,18.0,18.0,249.0
201508ddyw.tif,20151017sp.tif,1086,796.0,False,,,0,row_absent_no_mask_overlap,0.0,17750,14881,52.0,49.0,1921.0
201508ddyw.tif,20151017sp.tif,1087,798.0,False,,,0,row_absent_no_mask_overlap,0.0,21006,14899,24.0,20.0,330.0
201508ddyw.tif,20151017sp.tif,1088,799.0,False,,,0,row_absent_no_mask_overlap,0.0,20804,14941,30.0,34.0,829.0
201508ddyw.tif,20151017sp.tif,1089,800.0,False,,,0,row_absent_no_mask_overlap,0.0,17686,14995,30.0,30.0,655.0
201508ddyw.tif,20151017sp.tif,1090,802.0,False,,,0,row_absent_no_mask_overlap,0.0,17842,15017,18.0,18.0,256.0
201508ddyw.tif,20151017sp.tif,1091,803.0,False,,,0,row_absent_no_mask_overlap,0.0,17520,15037,32.0,33.0,831.0
201508ddyw.tif,20151017sp.tif,1092,804.0,False,,392,1,row_absent_but_mask_overlap,0.0,14344,15047,84.0,94.0,5952.0
201508ddyw.tif,20151017sp.tif,1093,805.0,False,,,0,row_absent_no_mask_overlap,0.0,14972,15073,92.0,101.0,7067.0
201508ddyw.tif,20151017sp.tif,1094,808.0,False,,,0,row_absent_no_mask_overlap,0.0,13778,15098,16.0,20.0,218.0
201508ddyw.tif,20151017sp.tif,1095,809.0,False,,393,1,row_absent_but_mask_overlap,0.0,14481,15114,67.0,57.0,2911.0
201508ddyw.tif,20151017sp.tif,1096,810.0,True,394.0,,0,continued_row_without_overlap,0.0,15620,15141,56.0,50.0,2252.0
201508ddyw.tif,20151017sp.tif,1097,811.0,True,392.0,,0,continued_row_without_overlap,0.0,14415,15143,36.0,41.0,1131.0
201508ddyw.tif,20151017sp.tif,1098,813.0,False,,,0,row_absent_no_mask_overlap,0.0,14882,15146,61.0,57.0,2509.0
201508ddyw.tif,20151017sp.tif,1099,814.0,False,,,0,row_absent_no_mask_overlap,0.0,14332,15167,55.0,63.0,2739.0
201508ddyw.tif,20151017sp.tif,1100,815.0,False,,,0,row_absent_no_mask_overlap,0.0,14462,15267,54.0,60.0,2484.0
201508ddyw.tif,20151017sp.tif,1101,816.0,False,,,0,row_absent_no_mask_overlap,0.0,15790,15370,72.0,77.0,4273.0
201508ddyw.tif,20151017sp.tif,1102,818.0,False,,396,1,row_absent_but_mask_overlap,0.0,14166,15421,57.0,58.0,2477.0
201508ddyw.tif,20151017sp.tif,1103,822.0,False,,397,1,row_absent_but_mask_overlap,0.0,14046,15458,52.0,57.0,2151.0
201508ddyw.tif,20151017sp.tif,1104,821.0,False,,398,1,row_absent_but_mask_overlap,0.0,13957,15459,69.0,55.0,2911.0
201508ddyw.tif,20151017sp.tif,1105,824.0,False,,,0,row_absent_no_mask_overlap,0.0,17090,15582,60.0,67.0,3184.0
201508ddyw.tif,20151017sp.tif,1106,825.0,False,,,0,row_absent_no_mask_overlap,0.0,16200,15589,22.0,22.0,375.0
201508ddyw.tif,20151017sp.tif,1107,826.0,False,,,0,row_absent_no_mask_overlap,0.0,15198,15595,80.0,80.0,5008.0
201508ddyw.tif,20151017sp.tif,1108,827.0,True,399.0,399,1,continued_row_with_overlap,0.0,14910,15597,70.0,70.0,3794.0
201508ddyw.tif,20151017sp.tif,1109,828.0,True,400.0,,0,continued_row_without_overlap,0.0,16602,15606,60.0,55.0,2462.0
201508ddyw.tif,20151017sp.tif,1110,829.0,False,,,0,row_absent_no_mask_overlap,0.0,15978,15611,52.0,59.0,2179.0
201508ddyw.tif,20151017sp.tif,1111,830.0,False,,,0,row_absent_no_mask_overlap,0.0,15042,15619,124.0,116.0,10664.0
201508ddyw.tif,20151017sp.tif,1112,832.0,True,403.0,,0,continued_row_without_overlap,0.0,14484,15719,42.0,51.0,1610.0
201508ddyw.tif,20151017sp.tif,1113,833.0,False,,,0,row_absent_no_mask_overlap,0.0,16454,15747,77.0,72.0,4255.0
201508ddyw.tif,20151017sp.tif,1114,834.0,False,,,0,row_absent_no_mask_overlap,0.0,16542,15749,79.0,93.0,5690.0
201508ddyw.tif,20151017sp.tif,1115,838.0,False,,,0,row_absent_no_mask_overlap,0.0,13122,15795,44.0,43.0,1388.0
201508ddyw.tif,20151017sp.tif,1116,839.0,True,403.0,403,1,continued_row_with_overlap,0.0,14512,15806,56.0,55.0,2234.0
201508ddyw.tif,20151017sp.tif,1117,840.0,False,,,0,row_absent_no_mask_overlap,0.0,13184,15825,44.0,44.0,1441.0
201508ddyw.tif,20151017sp.tif,1118,841.0,True,404.0,404,1,continued_row_with_overlap,0.0,15558,15865,84.0,77.0,5105.0
201508ddyw.tif,20151017sp.tif,1119,842.0,False,,,0,row_absent_no_mask_overlap,0.0,13172,15895,70.0,74.0,3765.0
201508ddyw.tif,20151017sp.tif,1120,843.0,False,,,0,row_absent_no_mask_overlap,0.0,13408,15949,46.0,45.0,1584.0
201508ddyw.tif,20151017sp.tif,1121,845.0,False,,,0,row_absent_no_mask_overlap,0.0,13640,15967,62.0,69.0,3324.0
201508ddyw.tif,20151017sp.tif,1122,846.0,False,,,0,row_absent_no_mask_overlap,0.0,12936,15983,63.0,69.0,3310.0
201508ddyw.tif,20151017sp.tif,1123,847.0,False,,410,1,row_absent_but_mask_overlap,0.0,15352,15997,74.0,69.0,3951.0
201508ddyw.tif,20151017sp.tif,1124,848.0,False,,,0,row_absent_no_mask_overlap,0.0,15138,16003,47.0,50.0,1840.0
201508ddyw.tif,20151017sp.tif,1125,851.0,False,,,0,row_absent_no_mask_overlap,0.0,13097,16039,39.0,44.0,1234.0
201508ddyw.tif,20151017sp.tif,1126,853.0,False,,,0,row_absent_no_mask_overlap,0.0,14634,16053,56.0,58.0,2279.0
201508ddyw.tif,20151017sp.tif,1127,855.0,True,415.0,,0,continued_row_without_overlap,0.0,16698,16090,80.0,79.0,4915.0
201508ddyw.tif,20151017sp.tif,1128,856.0,True,414.0,,0,continued_row_without_overlap,0.0,14296,16098,46.0,43.0,1489.0
201508ddyw.tif,20151017sp.tif,1129,857.0,True,416.0,416,1,continued_row_with_overlap,0.0,13974,16117,64.0,80.0,3937.0
201508ddyw.tif,20151017sp.tif,1130,858.0,True,417.0,,0,continued_row_without_overlap,0.0,17092,16133,86.0,86.0,5621.0
201508ddyw.tif,20151017sp.tif,1131,859.0,False,,,0,row_absent_no_mask_overlap,0.0,13621,16155,41.0,39.0,1215.0
201508ddyw.tif,20151017sp.tif,1132,860.0,False,,,0,row_absent_no_mask_overlap,0.0,13190,16157,63.0,75.0,3623.0
201508ddyw.tif,20151017sp.tif,1133,861.0,True,418.0,418,1,continued_row_with_overlap,0.0,14912,16177,62.0,66.0,3104.0
201508ddyw.tif,20151017sp.tif,1134,862.0,False,,,0,row_absent_no_mask_overlap,0.0,12975,16189,60.0,58.0,2754.0
201508ddyw.tif,20151017sp.tif,1135,864.0,False,,,0,row_absent_no_mask_overlap,0.0,15460,16209,36.0,40.0,1029.0
201508ddyw.tif,20151017sp.tif,1136,865.0,False,,,0,row_absent_no_mask_overlap,0.0,16766,16223,64.0,74.0,3768.0
201508ddyw.tif,20151017sp.tif,1137,866.0,True,420.0,420,1,continued_row_with_overlap,0.0,15030,16238,67.0,75.0,3768.0
201508ddyw.tif,20151017sp.tif,1138,867.0,False,,,0,row_absent_no_mask_overlap,0.0,14868,16279,54.0,60.0,2480.0
201508ddyw.tif,20151017sp.tif,1139,869.0,False,,,0,row_absent_no_mask_overlap,0.0,18268,16289,40.0,44.0,1288.0
201508ddyw.tif,20151017sp.tif,1140,870.0,True,424.0,,0,continued_row_without_overlap,0.0,17186,16311,56.0,52.0,2439.0
201508ddyw.tif,20151017sp.tif,1141,871.0,False,,,0,row_absent_no_mask_overlap,0.0,15480,16321,61.0,60.0,2824.0
201508ddyw.tif,20151017sp.tif,1142,872.0,True,425.0,,0,continued_row_without_overlap,0.0,15230,16327,56.0,58.0,2520.0
201508ddyw.tif,20151017sp.tif,1143,874.0,False,,,0,row_absent_no_mask_overlap,0.0,14872,16358,48.0,49.0,1759.0
201508ddyw.tif,20151017sp.tif,1144,877.0,False,,,0,row_absent_no_mask_overlap,0.0,13056,16387,44.0,36.0,1290.0
201508ddyw.tif,20151017sp.tif,1145,878.0,True,429.0,429,1,continued_row_with_overlap,0.0,13726,16391,76.0,81.0,4536.0
201508ddyw.tif,20151017sp.tif,1146,879.0,True,430.0,,0,continued_row_without_overlap,0.0,15368,16423,44.0,46.0,1495.0
201508ddyw.tif,20151017sp.tif,1147,880.0,False,,,0,row_absent_no_mask_overlap,0.0,15026,16431,83.0,75.0,4517.0
201508ddyw.tif,20151017sp.tif,1148,881.0,False,,,0,row_absent_no_mask_overlap,0.0,14638,16433,56.0,58.0,2605.0
201508ddyw.tif,20151017sp.tif,1149,882.0,False,,,0,row_absent_no_mask_overlap,0.0,13612,16451,51.0,50.0,1907.0
201508ddyw.tif,20151017sp.tif,1150,883.0,False,,,0,row_absent_no_mask_overlap,0.0,13820,16465,34.0,34.0,928.0
201508ddyw.tif,20151017sp.tif,1151,885.0,True,431.0,,0,continued_row_without_overlap,0.0,14266,16490,60.0,55.0,2545.0
201508ddyw.tif,20151017sp.tif,1152,886.0,True,432.0,,0,continued_row_without_overlap,0.0,14518,16517,40.0,44.0,1318.0
201508ddyw.tif,20151017sp.tif,1153,888.0,False,,,0,row_absent_no_mask_overlap,0.0,15018,16559,64.0,68.0,3154.0
201508ddyw.tif,20151017sp.tif,1154,889.0,True,433.0,,0,continued_row_without_overlap,0.0,14558,16563,56.0,56.0,2384.0
201508ddyw.tif,20151017sp.tif,1155,891.0,True,435.0,,0,continued_row_without_overlap,0.0,15500,16615,46.0,48.0,1682.0
201508ddyw.tif,20151017sp.tif,1156,892.0,False,,,0,row_absent_no_mask_overlap,0.0,16694,16623,38.0,32.0,920.0
201508ddyw.tif,20151017sp.tif,1157,893.0,False,,,0,row_absent_no_mask_overlap,0.0,13730,16637,82.0,84.0,5528.0
201508ddyw.tif,20151017sp.tif,1158,894.0,True,437.0,437,1,continued_row_with_overlap,0.0,17918,16671,68.0,64.0,3117.0
201508ddyw.tif,20151017sp.tif,1159,898.0,True,439.0,439,1,continued_row_with_overlap,0.0,17856,16748,56.0,57.0,2519.0
201508ddyw.tif,20151017sp.tif,1160,897.0,False,,,0,row_absent_no_mask_overlap,0.0,14611,16749,69.0,67.0,3473.0
201508ddyw.tif,20151017sp.tif,1161,899.0,False,,,0,row_absent_no_mask_overlap,0.0,19722,16753,64.0,64.0,3025.0
201508ddyw.tif,20151017sp.tif,1162,900.0,True,440.0,,0,continued_row_without_overlap,0.0,15096,16777,38.0,40.0,1187.0
201508ddyw.tif,20151017sp.tif,1163,901.0,False,,,0,row_absent_no_mask_overlap,0.0,13564,16781,63.0,60.0,3019.0
201508ddyw.tif,20151017sp.tif,1164,902.0,True,441.0,441,1,continued_row_with_overlap,0.0,18303,16804,57.0,57.0,2412.0
201508ddyw.tif,20151017sp.tif,1165,903.0,True,442.0,442,1,continued_row_with_overlap,0.0,15523,16829,75.0,70.0,3802.0
201508ddyw.tif,20151017sp.tif,1166,904.0,False,,,0,row_absent_no_mask_overlap,0.0,13762,16831,78.0,82.0,4915.0
201508ddyw.tif,20151017sp.tif,1167,905.0,False,,,0,row_absent_no_mask_overlap,0.0,14674,16835,36.0,36.0,1092.0
201508ddyw.tif,20151017sp.tif,1168,906.0,True,443.0,443,1,continued_row_with_overlap,0.0,17988,16905,68.0,72.0,3634.0
201508ddyw.tif,20151017sp.tif,1169,909.0,True,445.0,445,1,continued_row_with_overlap,0.0,17654,16925,88.0,80.0,5125.0
201508ddyw.tif,20151017sp.tif,1170,910.0,False,,,0,row_absent_no_mask_overlap,0.0,14794,16941,48.0,54.0,1933.0
201508ddyw.tif,20151017sp.tif,1171,913.0,True,447.0,,0,continued_row_without_overlap,0.0,14991,16969,42.0,46.0,1498.0
201508ddyw.tif,20151017sp.tif,1172,914.0,False,,450,1,row_absent_but_mask_overlap,0.0,19371,16999,72.0,76.0,4324.0
201508ddyw.tif,20151017sp.tif,1173,915.0,False,,,0,row_absent_no_mask_overlap,0.0,13802,17007,40.0,44.0,1276.0
201508ddyw.tif,20151017sp.tif,1174,916.0,False,,,0,row_absent_no_mask_overlap,0.0,14810,17007,52.0,52.0,1995.0
201508ddyw.tif,20151017sp.tif,1175,921.0,True,452.0,,0,continued_row_without_overlap,0.0,15928,17055,70.0,64.0,3621.0
201508ddyw.tif,20151017sp.tif,1176,923.0,False,,,0,row_absent_no_mask_overlap,0.0,14288,17062,34.0,41.0,1023.0
201508ddyw.tif,20151017sp.tif,1177,926.0,True,454.0,454,1,continued_row_with_overlap,0.0,15214,17093,53.0,54.0,2174.0
201508ddyw.tif,20151017sp.tif,1178,927.0,False,,,0,row_absent_no_mask_overlap,0.0,14368,17103,58.0,58.0,2692.0
201508ddyw.tif,20151017sp.tif,1179,928.0,True,455.0,455,1,continued_row_with_overlap,0.0,19689,17116,69.0,71.0,3564.0
201508ddyw.tif,20151017sp.tif,1180,930.0,False,,457,1,row_absent_but_mask_overlap,0.0,18909,17203,64.0,58.0,2853.0
201508ddyw.tif,20151017sp.tif,1181,931.0,False,,,0,row_absent_no_mask_overlap,0.0,19970,17207,44.0,42.0,1403.0
201508ddyw.tif,20151017sp.tif,1182,932.0,True,459.0,459,1,continued_row_with_overlap,0.0,19778,17234,60.0,58.0,2685.0
201508ddyw.tif,20151017sp.tif,1183,933.0,False,,,0,row_absent_no_mask_overlap,0.0,17582,17254,32.0,38.0,947.0
201508ddyw.tif,20151017sp.tif,1184,934.0,False,,,0,row_absent_no_mask_overlap,0.0,14252,17263,30.0,30.0,692.0
201508ddyw.tif,20151017sp.tif,1185,936.0,True,460.0,460,1,continued_row_with_overlap,0.0,17877,17341,69.0,76.0,3819.0
201508ddyw.tif,20151017sp.tif,1186,937.0,True,461.0,,0,continued_row_without_overlap,0.0,15867,17369,63.0,62.0,2898.0
201508ddyw.tif,20151017sp.tif,1187,938.0,True,463.0,,0,continued_row_without_overlap,0.0,14774,17385,54.0,60.0,2634.0
201508ddyw.tif,20151017sp.tif,1188,939.0,False,,462,1,row_absent_but_mask_overlap,0.0,19858,17391,48.0,44.0,1551.0
201508ddyw.tif,20151017sp.tif,1189,940.0,False,,,0,row_absent_no_mask_overlap,0.0,15298,17403,48.0,68.0,2567.0
201508ddyw.tif,20151017sp.tif,1190,941.0,True,465.0,465,1,continued_row_with_overlap,0.0,17256,17431,66.0,89.0,4708.0
201508ddyw.tif,20151017sp.tif,1191,942.0,False,,,0,row_absent_no_mask_overlap,0.0,18707,17432,63.0,65.0,2931.0
201508ddyw.tif,20151017sp.tif,1192,943.0,True,466.0,,0,continued_row_without_overlap,0.0,15607,17467,59.0,50.0,2341.0
201508ddyw.tif,20151017sp.tif,1193,945.0,True,467.0,,0,continued_row_without_overlap,0.0,15710,17475,66.0,68.0,3459.0
201508ddyw.tif,20151017sp.tif,1194,947.0,False,,,0,row_absent_no_mask_overlap,0.0,17347,17503,45.0,40.0,1428.0
201508ddyw.tif,20151017sp.tif,1195,948.0,True,469.0,,0,continued_row_without_overlap,0.0,15519,17523,60.0,60.0,2755.0
201508ddyw.tif,20151017sp.tif,1196,949.0,True,470.0,470,1,continued_row_with_overlap,0.0,18386,17543,52.0,60.0,2431.0
201508ddyw.tif,20151017sp.tif,1197,950.0,False,,,0,row_absent_no_mask_overlap,0.0,14678,17565,71.0,80.0,4464.0
201508ddyw.tif,20151017sp.tif,1198,951.0,False,,472,1,row_absent_but_mask_overlap,0.0,19759,17613,64.0,78.0,3607.0
201508ddyw.tif,20151017sp.tif,1199,952.0,True,471.0,471,1,continued_row_with_overlap,0.0,16766,17619,72.0,78.0,4422.0
201508ddyw.tif,20151017sp.tif,1200,954.0,False,,,0,row_absent_no_mask_overlap,0.0,17008,17681,50.0,62.0,2472.0
201508ddyw.tif,20151017sp.tif,1201,955.0,True,474.0,474,1,continued_row_with_overlap,0.0,18342,17699,131.0,122.0,12115.0
201508ddyw.tif,20151017sp.tif,1202,956.0,False,,,0,row_absent_no_mask_overlap,0.0,14590,17713,62.0,60.0,2840.0
201508ddyw.tif,20151017sp.tif,1203,957.0,False,,,0,row_absent_no_mask_overlap,0.0,17192,17717,35.0,42.0,1197.0
201508ddyw.tif,20151017sp.tif,1204,961.0,True,480.0,,0,continued_row_without_overlap,0.0,16718,17751,46.0,52.0,1656.0
201508ddyw.tif,20151017sp.tif,1205,963.0,False,,,0,row_absent_no_mask_overlap,0.0,15322,17763,38.0,36.0,1016.0
201508ddyw.tif,20151017sp.tif,1206,965.0,True,478.0,,0,continued_row_without_overlap,0.0,16990,17767,20.0,16.0,239.0
201508ddyw.tif,20151017sp.tif,1207,967.0,False,,,0,row_absent_no_mask_overlap,0.0,14650,17778,56.0,59.0,2540.0
201508ddyw.tif,20151017sp.tif,1208,968.0,False,,,0,row_absent_no_mask_overlap,0.0,15152,17778,38.0,41.0,1241.0
201508ddyw.tif,20151017sp.tif,1209,971.0,False,,,0,row_absent_no_mask_overlap,0.0,18504,17849,31.0,27.0,622.0
201508ddyw.tif,20151017sp.tif,1210,972.0,False,,,0,row_absent_no_mask_overlap,0.0,17126,17863,50.0,48.0,1883.0
201508ddyw.tif,20151017sp.tif,1211,973.0,False,,,0,row_absent_no_mask_overlap,0.0,14740,17871,48.0,48.0,1656.0
201508ddyw.tif,20151017sp.tif,1212,974.0,False,,,0,row_absent_no_mask_overlap,0.0,15012,17919,74.0,90.0,5086.0
201508ddyw.tif,20151017sp.tif,1213,975.0,False,,,0,row_absent_no_mask_overlap,0.0,15537,17927,57.0,62.0,2769.0
201508ddyw.tif,20151017sp.tif,1214,976.0,False,,,0,row_absent_no_mask_overlap,0.0,15846,17940,56.0,53.0,2284.0
201508ddyw.tif,20151017sp.tif,1215,981.0,False,,,0,row_absent_no_mask_overlap,0.0,16561,17963,63.0,66.0,3087.0
201508ddyw.tif,20151017sp.tif,1216,982.0,True,486.0,486,1,continued_row_with_overlap,0.0,18872,17963,80.0,76.0,4667.0
201508ddyw.tif,20151017sp.tif,1217,983.0,True,488.0,,0,continued_row_without_overlap,0.0,16114,17976,60.0,57.0,2567.0
201508ddyw.tif,20151017sp.tif,1218,985.0,True,489.0,489,1,continued_row_with_overlap,0.0,19160,17984,55.0,63.0,2538.0
201508ddyw.tif,20151017sp.tif,1219,984.0,False,,,0,row_absent_no_mask_overlap,0.0,14712,17985,52.0,52.0,1870.0
201508ddyw.tif,20151017sp.tif,1220,986.0,False,,,0,row_absent_no_mask_overlap,0.0,17706,17999,55.0,54.0,2200.0
201508ddyw.tif,20151017sp.tif,1221,987.0,False,,,0,row_absent_no_mask_overlap,0.0,14910,18022,66.0,73.0,3529.0
201508ddyw.tif,20151017sp.tif,1222,990.0,False,,,0,row_absent_no_mask_overlap,0.0,16388,18051,46.0,50.0,1704.0
201508ddyw.tif,20151017sp.tif,1223,991.0,True,491.0,491,1,continued_row_with_overlap,0.0,16999,18059,39.0,40.0,1279.0
201508ddyw.tif,20151017sp.tif,1224,994.0,False,,,0,row_absent_no_mask_overlap,0.0,16362,18115,60.0,52.0,2355.0
201508ddyw.tif,20151017sp.tif,1225,995.0,False,,,0,row_absent_no_mask_overlap,0.0,18182,18119,32.0,24.0,582.0
201508ddyw.tif,20151017sp.tif,1226,997.0,True,494.0,494,1,continued_row_with_overlap,0.0,19256,18143,66.0,62.0,3098.0
201508ddyw.tif,20151017sp.tif,1227,998.0,True,495.0,495,1,continued_row_with_overlap,0.0,18442,18165,56.0,52.0,2232.0
201508ddyw.tif,20151017sp.tif,1228,1000.0,False,,,0,row_absent_no_mask_overlap,0.0,15884,18185,45.0,44.0,1474.0
201508ddyw.tif,20151017sp.tif,1229,1002.0,True,497.0,497,1,continued_row_with_overlap,0.0,19291,18325,56.0,64.0,2880.0
201508ddyw.tif,20151017sp.tif,1230,1005.0,False,,,0,row_absent_no_mask_overlap,0.0,17313,18417,45.0,43.0,1405.0
201508ddyw.tif,20151017sp.tif,1231,1006.0,False,,,0,row_absent_no_mask_overlap,0.0,16338,18547,26.0,28.0,581.0
201508ddyw.tif,20151017sp.tif,1232,1007.0,True,499.0,499,1,continued_row_with_overlap,0.0,16557,18599,101.0,98.0,7446.0
201508ddyw.tif,20151017sp.tif,1233,1009.0,False,,,0,row_absent_no_mask_overlap,0.0,16932,18629,56.0,55.0,2573.0
201508ddyw.tif,20151017sp.tif,1234,1010.0,True,502.0,502,1,continued_row_with_overlap,0.0,19030,18667,150.0,154.0,15988.0
201508ddyw.tif,20151017sp.tif,1235,1011.0,True,501.0,501,1,continued_row_with_overlap,0.0,17206,18693,120.0,126.0,10238.0
201508ddyw.tif,20151017sp.tif,1236,1013.0,True,503.0,503,1,continued_row_with_overlap,0.0,18894,18891,88.0,92.0,6250.0
201508ddyw.tif,20151017sp.tif,1237,1015.0,False,,,0,row_absent_no_mask_overlap,0.0,16441,18929,31.0,30.0,756.0
201508ddyw.tif,20151017sp.tif,1238,1017.0,False,,,0,row_absent_no_mask_overlap,0.0,16322,18981,20.0,26.0,393.0
201508ddyw.tif,20151017sp.tif,1239,1018.0,False,,505,1,row_absent_but_mask_overlap,0.0,18860,18989,58.0,60.0,2519.0
201508ddyw.tif,20151017sp.tif,1240,1020.0,True,507.0,507,1,continued_row_with_overlap,0.0,17024,19027,110.0,92.0,7446.0
201508ddyw.tif,20151017sp.tif,1241,1021.0,False,,,0,row_absent_no_mask_overlap,0.0,17549,19047,56.0,54.0,2297.0
201508ddyw.tif,20151017sp.tif,1242,1022.0,False,,509,1,row_absent_but_mask_overlap,0.0,16354,19063,44.0,36.0,1312.0
201508ddyw.tif,20151017sp.tif,1243,1025.0,False,,,0,row_absent_no_mask_overlap,0.0,18284,19331,112.0,116.0,9412.0
201508ddyw.tif,20151017sp.tif,1244,1026.0,True,513.0,513,1,continued_row_with_overlap,0.0,18748,19335,82.0,97.0,6046.0
201508ddyw.tif,20151017sp.tif,1245,1028.0,False,,,0,row_absent_no_mask_overlap,0.0,16326,19338,46.0,50.0,1746.0
201508ddyw.tif,20151017sp.tif,1246,1029.0,False,,,0,row_absent_no_mask_overlap,0.0,19232,19395,36.0,32.0,877.0
201508ddyw.tif,20151017sp.tif,1247,1032.0,False,,,0,row_absent_no_mask_overlap,0.0,18680,19479,14.0,12.0,124.0
201508ddyw.tif,20151017sp.tif,1248,1034.0,True,514.0,,0,continued_row_without_overlap,0.0,17654,19495,40.0,40.0,1305.0
201508ddyw.tif,20151017sp.tif,1249,1036.0,False,,,0,row_absent_no_mask_overlap,0.0,16812,19513,42.0,46.0,1492.0
201508ddyw.tif,20151017sp.tif,1250,1040.0,True,515.0,,0,continued_row_without_overlap,0.0,18332,19660,58.0,55.0,2406.0
201508ddyw.tif,20151017sp.tif,1251,1041.0,True,516.0,516,1,continued_row_with_overlap,0.0,18386,19721,110.0,98.0,7751.0
201508ddyw.tif,20151017sp.tif,1252,1045.0,False,,,0,row_absent_no_mask_overlap,0.0,17450,19839,50.0,49.0,1957.0
201508ddyw.tif,20151017sp.tif,1253,1047.0,False,,,0,row_absent_no_mask_overlap,0.0,18570,19955,68.0,70.0,3754.0
201508ddyw.tif,20151017sp.tif,1254,1050.0,True,519.0,,0,continued_row_without_overlap,0.0,18215,20119,77.0,62.0,3550.0
201508ddyw.tif,20151017sp.tif,1255,1052.0,False,,,0,row_absent_no_mask_overlap,0.0,18314,20201,54.0,54.0,2211.0
201508ddyw.tif,20151017sp.tif,1256,1053.0,False,,,0,row_absent_no_mask_overlap,0.0,17790,20239,12.0,16.0,192.0
201508ddyw.tif,20151017sp.tif,1257,1056.0,False,,,0,row_absent_no_mask_overlap,0.0,17610,20274,56.0,53.0,2233.0
201508ddyw.tif,20151017sp.tif,1258,1060.0,False,,,0,row_absent_no_mask_overlap,0.0,19784,20325,22.0,18.0,261.0
201508ddyw.tif,20151017sp.tif,1259,1061.0,False,,,0,row_absent_no_mask_overlap,0.0,19862,20347,12.0,16.0,142.0
201508ddyw.tif,20151017sp.tif,1260,1062.0,False,,,0,row_absent_no_mask_overlap,0.0,17718,20355,64.0,66.0,3310.0
201508ddyw.tif,20151017sp.tif,1261,1063.0,False,,,0,row_absent_no_mask_overlap,0.0,17926,20365,42.0,48.0,1460.0
201508ddyw.tif,20151017sp.tif,1262,1070.0,False,,,0,row_absent_no_mask_overlap,0.0,21776,20675,14.0,14.0,127.0
201508ddyw.tif,20151017sp.tif,1263,1071.0,False,,,0,row_absent_no_mask_overlap,0.0,19980,20995,26.0,26.0,490.0
20151017sp.tif,20160907.tif,103,34.0,False,,,0,row_absent_no_mask_overlap,1.0,21115,7387,67.0,66.0,3297.0
20151017sp.tif,20160907.tif,108,35.0,False,,,0,row_absent_no_mask_overlap,0.0,13630,7415,132.0,150.0,14655.0
20151017sp.tif,20160907.tif,111,37.0,False,,,0,row_absent_no_mask_overlap,0.0,14694,7479,94.0,88.0,6467.0
20151017sp.tif,20160907.tif,116,44.0,False,,,0,row_absent_no_mask_overlap,0.44954128440366975,16361,7611,91.0,96.0,6976.0
20151017sp.tif,20160907.tif,118,43.0,True,31.0,31,1,continued_row_with_overlap,0.0,13188,7569,130.0,130.0,13062.0
20151017sp.tif,20160907.tif,123,49.0,False,,,0,row_absent_no_mask_overlap,1.0,22373,7685,60.0,57.0,2779.0
20151017sp.tif,20160907.tif,124,52.0,False,,,0,row_absent_no_mask_overlap,1.0,22880,7697,152.0,158.0,17244.0
20151017sp.tif,20160907.tif,131,55.0,False,,,0,row_absent_no_mask_overlap,0.0,17375,7813,58.0,55.0,2352.0
20151017sp.tif,20160907.tif,144,63.0,True,41.0,41,1,continued_row_with_overlap,0.0,12918,7987,116.0,96.0,8572.0
20151017sp.tif,20160907.tif,149,68.0,True,42.0,42,1,continued_row_with_overlap,0.0,12454,8045,82.0,92.0,5574.0
20151017sp.tif,20160907.tif,151,76.0,False,,,0,row_absent_no_mask_overlap,1.0,16690,8093,70.0,73.0,4240.0
20151017sp.tif,20160907.tif,154,74.0,True,44.0,44,1,continued_row_with_overlap,0.0,12337,8081,56.0,52.0,2219.0
20151017sp.tif,20160907.tif,158,84.0,False,,,0,row_absent_no_mask_overlap,1.0,17153,8217,87.0,88.0,5607.0
20151017sp.tif,20160907.tif,170,94.0,True,53.0,53,1,continued_row_with_overlap,0.0,14432,8403,142.0,142.0,16013.0
20151017sp.tif,20160907.tif,172,99.0,False,,,0,row_absent_no_mask_overlap,0.0,13046,8422,104.0,99.0,7581.0
20151017sp.tif,20160907.tif,175,102.0,False,,,0,row_absent_no_mask_overlap,0.0,13362,8463,172.0,154.0,18752.0
20151017sp.tif,20160907.tif,178,109.0,False,,,0,row_absent_no_mask_overlap,0.0,18679,8556,73.0,55.0,3228.0
20151017sp.tif,20160907.tif,179,107.0,False,,,0,row_absent_no_mask_overlap,0.0,13874,8533,94.0,82.0,5526.0
20151017sp.tif,20160907.tif,180,108.0,False,,,0,row_absent_no_mask_overlap,0.0,13726,8538,92.0,92.0,6098.0
20151017sp.tif,20160907.tif,203,126.0,False,,,0,row_absent_no_mask_overlap,0.0,14260,8969,114.0,116.0,10421.0
20151017sp.tif,20160907.tif,204,130.0,False,,,0,row_absent_no_mask_overlap,0.10172952197934182,17262,9015,112.0,100.0,8326.0
20151017sp.tif,20160907.tif,243,176.0,True,91.0,91,1,continued_row_with_overlap,0.0,17662,9815,86.0,76.0,4926.0
20151017sp.tif,20160907.tif,253,185.0,False,,,0,row_absent_no_mask_overlap,0.0,13596,10009,144.0,152.0,17804.0
20151017sp.tif,20160907.tif,267,194.0,False,,,0,row_absent_no_mask_overlap,0.0,13767,10301,79.0,84.0,5146.0
20151017sp.tif,20160907.tif,273,212.0,False,,,0,row_absent_no_mask_overlap,0.0,19520,10680,65.0,73.0,3372.0
20151017sp.tif,20160907.tif,282,238.0,True,133.0,133,1,continued_row_with_overlap,0.0,13422,10989,122.0,126.0,11837.0
20151017sp.tif,20160907.tif,285,244.0,False,,,0,row_absent_no_mask_overlap,0.4574411420049004,15912,11114,166.0,152.0,18774.0
20151017sp.tif,20160907.tif,297,257.0,True,149.0,149,1,continued_row_with_overlap,0.0,18078,11507,84.0,78.0,4875.0
20151017sp.tif,20160907.tif,302,268.0,False,,,0,row_absent_no_mask_overlap,1.0,16591,11682,63.0,67.0,3193.0
20151017sp.tif,20160907.tif,318,308.0,False,,,0,row_absent_no_mask_overlap,0.5835808803672697,17062,12318,64.0,73.0,3703.0
20151017sp.tif,20160907.tif,333,321.0,False,,,0,row_absent_no_mask_overlap,0.0,17663,12627,83.0,86.0,5794.0
20151017sp.tif,20160907.tif,358,345.0,True,213.0,213,1,continued_row_with_overlap,0.0,16358,13157,56.0,52.0,2217.0
20151017sp.tif,20160907.tif,363,348.0,False,,,0,row_absent_no_mask_overlap,0.0,17509,13223,65.0,62.0,2991.0
20151017sp.tif,20160907.tif,369,358.0,False,,,0,row_absent_no_mask_overlap,1.0,19400,13386,88.0,81.0,5348.0
20151017sp.tif,20160907.tif,384,366.0,False,,,0,row_absent_no_mask_overlap,1.0,19310,13598,84.0,76.0,4904.0
20151017sp.tif,20160907.tif,446,391.0,False,,,0,row_absent_no_mask_overlap,0.0,17408,14803,54.0,52.0,2156.0
20151017sp.tif,20160907.tif,461,395.0,True,308.0,308,1,continued_row_with_overlap,0.0,14742,15397,104.0,96.0,7276.0
20151017sp.tif,20160907.tif,470,407.0,False,,,0,row_absent_no_mask_overlap,0.0,12743,15949,85.0,90.0,5668.0
20151017sp.tif,20160907.tif,476,428.0,True,333.0,333,1,continued_row_with_overlap,0.0,17790,16371,160.0,166.0,20211.0
20151017sp.tif,20160907.tif,477,427.0,True,332.0,332,1,continued_row_with_overlap,0.0,16352,16367,166.0,150.0,19726.0
20151017sp.tif,20160907.tif,478,429.0,False,,,0,row_absent_no_mask_overlap,0.0,13706,16411,58.0,58.0,2383.0
20151017sp.tif,20160907.tif,483,438.0,True,341.0,341,1,continued_row_with_overlap,0.0,17563,16730,111.0,121.0,10538.0
20151017sp.tif,20160907.tif,484,444.0,True,350.0,350,1,continued_row_with_overlap,0.0,16566,16915,136.0,134.0,13692.0
20151017sp.tif,20160907.tif,486,446.0,True,352.0,352,1,continued_row_with_overlap,0.0,16310,16963,156.0,141.0,16567.0
20151017sp.tif,20160907.tif,488,456.0,True,357.0,357,1,continued_row_with_overlap,0.0,16800,17115,151.0,138.0,16091.0
20151017sp.tif,20160907.tif,492,468.0,False,,,0,row_absent_no_mask_overlap,0.0,15804,17495,100.0,88.0,6848.0
20151017sp.tif,20160907.tif,497,476.0,True,379.0,379,1,continued_row_with_overlap,0.0,18644,17723,108.0,90.0,7576.0
20151017sp.tif,20160907.tif,498,477.0,True,378.0,378,1,continued_row_with_overlap,0.0,16256,17737,118.0,110.0,10108.0
20151017sp.tif,20160907.tif,505,484.0,False,,,0,row_absent_no_mask_overlap,0.0,17786,17939,64.0,68.0,3308.0
20151017sp.tif,20160907.tif,512,498.0,False,,,0,row_absent_no_mask_overlap,0.0,16432,18337,60.0,53.0,2415.0
20151017sp.tif,20160907.tif,517,500.0,True,416.0,416,1,continued_row_with_overlap,0.0,17856,18599,98.0,80.0,5560.0
20151017sp.tif,20160907.tif,521,506.0,False,,,0,row_absent_no_mask_overlap,0.0,16768,18991,78.0,80.0,5019.0
20151017sp.tif,20160907.tif,522,506.0,False,,,0,row_absent_no_mask_overlap,0.0,16768,18991,78.0,80.0,5019.0
20151017sp.tif,20160907.tif,524,510.0,False,,,0,row_absent_no_mask_overlap,0.0,17874,19099,116.0,100.0,8532.0
20151017sp.tif,20160907.tif,540,517.0,False,,,0,row_absent_no_mask_overlap,0.0,18900,19779,136.0,134.0,14432.0
20151017sp.tif,20160907.tif,544,518.0,False,,,0,row_absent_no_mask_overlap,0.0,18842,19908,92.0,91.0,6099.0
20151017sp.tif,20160907.tif,592,14.0,True,13.0,13,1,continued_row_with_overlap,0.0,18902,6957,60.0,56.0,2798.0
20151017sp.tif,20160907.tif,606,18.0,False,,,0,row_absent_no_mask_overlap,0.0,17906,7149,38.0,38.0,1040.0
20151017sp.tif,20160907.tif,607,21.0,False,,,0,row_absent_no_mask_overlap,0.0,18150,7181,76.0,72.0,4184.0
20151017sp.tif,20160907.tif,611,23.0,True,18.0,18,1,continued_row_with_overlap,0.0,16563,7225,57.0,54.0,2379.0
20151017sp.tif,20160907.tif,612,22.0,False,,,0,row_absent_no_mask_overlap,0.0,18275,7213,46.0,55.0,2008.0
20151017sp.tif,20160907.tif,615,24.0,True,19.0,19,1,continued_row_with_overlap,0.0,18022,7227,80.0,72.0,3972.0
20151017sp.tif,20160907.tif,616,26.0,False,,,0,row_absent_no_mask_overlap,0.0,18489,7249,67.0,67.0,3269.0
20151017sp.tif,20160907.tif,622,30.0,False,,,0,row_absent_no_mask_overlap,0.0,18236,7323,60.0,62.0,2569.0
20151017sp.tif,20160907.tif,628,39.0,True,30.0,30,1,continued_row_with_overlap,0.0,18042,7537,46.0,42.0,1372.0
20151017sp.tif,20160907.tif,635,44.0,False,,,0,row_absent_no_mask_overlap,0.44954128440366975,16361,7611,91.0,96.0,6976.0
20151017sp.tif,20160907.tif,636,39.0,True,30.0,30,1,continued_row_with_overlap,0.0,18042,7537,46.0,42.0,1372.0
20151017sp.tif,20160907.tif,640,45.0,False,,,0,row_absent_no_mask_overlap,0.0,17830,7611,58.0,58.0,2625.0
20151017sp.tif,20160907.tif,641,46.0,False,,,0,row_absent_no_mask_overlap,0.0,17588,7625,54.0,54.0,2209.0
20151017sp.tif,20160907.tif,642,47.0,False,,,0,row_absent_no_mask_overlap,0.0,17695,7629,53.0,44.0,1785.0
20151017sp.tif,20160907.tif,646,49.0,False,,,0,row_absent_no_mask_overlap,1.0,22373,7685,60.0,57.0,2779.0
20151017sp.tif,20160907.tif,648,50.0,False,,,0,row_absent_no_mask_overlap,1.0,21512,7695,56.0,54.0,2274.0
20151017sp.tif,20160907.tif,653,53.0,False,,,0,row_absent_no_mask_overlap,1.0,21458,7751,42.0,41.0,1441.0
20151017sp.tif,20160907.tif,656,57.0,False,,,0,row_absent_no_mask_overlap,1.0,21130,7865,72.0,64.0,3384.0
20151017sp.tif,20160907.tif,662,60.0,False,,,0,row_absent_no_mask_overlap,0.5458296492779251,17296,7938,68.0,69.0,3393.0
20151017sp.tif,20160907.tif,664,61.0,False,,,0,row_absent_no_mask_overlap,1.0,21870,7969,80.0,68.0,4128.0
20151017sp.tif,20160907.tif,668,64.0,False,,,0,row_absent_no_mask_overlap,0.0,20672,7991,74.0,66.0,3695.0
20151017sp.tif,20160907.tif,669,62.0,False,,,0,row_absent_no_mask_overlap,1.0,21046,7977,48.0,47.0,1655.0
20151017sp.tif,20160907.tif,672,67.0,False,,,0,row_absent_no_mask_overlap,1.0,21094,8013,64.0,52.0,2564.0
20151017sp.tif,20160907.tif,677,73.0,False,,,0,row_absent_no_mask_overlap,0.0,20824,8079,62.0,50.0,2290.0
20151017sp.tif,20160907.tif,680,75.0,True,45.0,45,1,continued_row_with_overlap,0.0,18637,8085,47.0,42.0,1348.0
20151017sp.tif,20160907.tif,681,78.0,False,,,0,row_absent_no_mask_overlap,0.7965031568722681,17270,8101,76.0,74.0,4118.0
20151017sp.tif,20160907.tif,684,83.0,True,49.0,49,1,continued_row_with_overlap,0.0,18040,8185,38.0,32.0,981.0
20151017sp.tif,20160907.tif,692,90.0,False,,,0,row_absent_no_mask_overlap,1.0,16480,8317,74.0,73.0,3975.0
20151017sp.tif,20160907.tif,693,89.0,True,51.0,51,1,continued_row_with_overlap,0.0,18316,8303,58.0,48.0,2213.0
20151017sp.tif,20160907.tif,695,91.0,False,,,0,row_absent_no_mask_overlap,0.28227848101265823,20566,8349,56.0,53.0,2370.0
20151017sp.tif,20160907.tif,696,101.0,False,,,0,row_absent_no_mask_overlap,1.0,16563,8439,39.0,44.0,1295.0
20151017sp.tif,20160907.tif,697,92.0,True,52.0,52,1,continued_row_with_overlap,0.0,18064,8363,52.0,48.0,1886.0
20151017sp.tif,20160907.tif,698,95.0,False,,,0,row_absent_no_mask_overlap,1.0,16062,8407,96.0,86.0,6087.0
20151017sp.tif,20160907.tif,700,97.0,False,,,0,row_absent_no_mask_overlap,0.0,17658,8413,66.0,60.0,3028.0
20151017sp.tif,20160907.tif,701,96.0,False,,,0,row_absent_no_mask_overlap,0.0,17934,8406,60.0,56.0,2686.0
20151017sp.tif,20160907.tif,703,100.0,False,,,0,row_absent_no_mask_overlap,1.0,20150,8426,64.0,55.0,2657.0
20151017sp.tif,20160907.tif,704,101.0,False,,,0,row_absent_no_mask_overlap,1.0,16563,8439,39.0,44.0,1295.0
20151017sp.tif,20160907.tif,706,105.0,False,,,0,row_absent_no_mask_overlap,1.0,20278,8486,68.0,75.0,3676.0
20151017sp.tif,20160907.tif,707,103.0,False,,54,1,row_absent_but_mask_overlap,0.0,18052,8474,64.0,63.0,3082.0
20151017sp.tif,20160907.tif,709,106.0,False,,,0,row_absent_no_mask_overlap,0.0,18770,8493,74.0,72.0,3959.0
20151017sp.tif,20160907.tif,714,112.0,False,,,0,row_absent_no_mask_overlap,1.0,16558,8603,34.0,38.0,939.0
20151017sp.tif,20160907.tif,715,113.0,False,,,0,row_absent_no_mask_overlap,0.0,18290,8615,46.0,48.0,1748.0
20151017sp.tif,20160907.tif,717,114.0,False,,,0,row_absent_no_mask_overlap,1.0,20142,8653,56.0,56.0,2318.0
20151017sp.tif,20160907.tif,719,120.0,False,,,0,row_absent_no_mask_overlap,1.0,16241,8742,59.0,59.0,2602.0
20151017sp.tif,20160907.tif,722,121.0,False,,,0,row_absent_no_mask_overlap,0.0,18336,8773,50.0,54.0,1965.0
20151017sp.tif,20160907.tif,723,122.0,True,63.0,63,1,continued_row_with_overlap,0.0,15725,8820,73.0,58.0,3336.0
20151017sp.tif,20160907.tif,727,123.0,True,65.0,65,1,continued_row_with_overlap,0.0,18196,8842,38.0,47.0,1497.0
20151017sp.tif,20160907.tif,728,124.0,True,71.0,,0,continued_row_without_overlap,0.0,18299,8943,33.0,30.0,799.0
20151017sp.tif,20160907.tif,731,125.0,True,69.0,69,1,continued_row_with_overlap,0.0,18102,8963,56.0,59.0,2357.0
20151017sp.tif,20160907.tif,732,128.0,False,,,0,row_absent_no_mask_overlap,1.0,20190,9005,68.0,65.0,3402.0
20151017sp.tif,20160907.tif,733,129.0,True,71.0,71,1,continued_row_with_overlap,0.0,18360,9010,52.0,57.0,2245.0
20151017sp.tif,20160907.tif,734,131.0,True,72.0,72,1,continued_row_with_overlap,0.0,19034,9019,32.0,34.0,846.0
20151017sp.tif,20160907.tif,735,133.0,False,,,0,row_absent_no_mask_overlap,0.0,19096,9075,44.0,33.0,1115.0
20151017sp.tif,20160907.tif,736,134.0,False,,,0,row_absent_no_mask_overlap,1.0,20335,9087,56.0,52.0,2182.0
20151017sp.tif,20160907.tif,737,136.0,False,,,0,row_absent_no_mask_overlap,0.0,14892,9107,49.0,49.0,1932.0
20151017sp.tif,20160907.tif,739,135.0,False,,,0,row_absent_no_mask_overlap,1.0,19481,9097,63.0,61.0,2891.0
20151017sp.tif,20160907.tif,740,142.0,False,,,0,row_absent_no_mask_overlap,0.0,19124,9195,36.0,32.0,928.0
20151017sp.tif,20160907.tif,743,140.0,False,,,0,row_absent_no_mask_overlap,1.0,16865,9191,49.0,47.0,1862.0
20151017sp.tif,20160907.tif,745,142.0,False,,,0,row_absent_no_mask_overlap,0.0,19124,9195,36.0,32.0,928.0
20151017sp.tif,20160907.tif,746,144.0,True,74.0,74,1,continued_row_with_overlap,0.0,18718,9222,52.0,46.0,1913.0
20151017sp.tif,20160907.tif,754,152.0,False,,,0,row_absent_no_mask_overlap,1.0,20302,9289,29.0,22.0,520.0
20151017sp.tif,20160907.tif,755,153.0,False,,,0,row_absent_no_mask_overlap,0.0,13084,9305,40.0,40.0,1218.0
20151017sp.tif,20160907.tif,758,154.0,False,,,0,row_absent_no_mask_overlap,1.0,16357,9333,55.0,44.0,1825.0
20151017sp.tif,20160907.tif,759,155.0,False,,,0,row_absent_no_mask_overlap,1.0,19872,9345,44.0,42.0,1366.0
20151017sp.tif,20160907.tif,766,160.0,False,,,0,row_absent_no_mask_overlap,1.0,22395,9527,59.0,45.0,2146.0
20151017sp.tif,20160907.tif,769,161.0,True,81.0,81,1,continued_row_with_overlap,0.0,18912,9561,76.0,72.0,4362.0
20151017sp.tif,20160907.tif,770,164.0,False,,,0,row_absent_no_mask_overlap,1.0,20202,9627,46.0,40.0,1473.0
20151017sp.tif,20160907.tif,773,166.0,False,,,0,row_absent_no_mask_overlap,1.0,19748,9685,42.0,44.0,1324.0
20151017sp.tif,20160907.tif,774,167.0,True,85.0,85,1,continued_row_with_overlap,0.0,17564,9693,50.0,48.0,1847.0
20151017sp.tif,20160907.tif,775,169.0,True,87.0,87,1,continued_row_with_overlap,0.0,15824,9721,50.0,54.0,1961.0
20151017sp.tif,20160907.tif,776,168.0,False,,,0,row_absent_no_mask_overlap,1.0,20538,9710,80.0,79.0,5092.0
20151017sp.tif,20160907.tif,777,170.0,False,,,0,row_absent_no_mask_overlap,0.0,15098,9733,56.0,54.0,2354.0
20151017sp.tif,20160907.tif,779,172.0,False,,,0,row_absent_no_mask_overlap,0.0,20981,9763,41.0,48.0,1503.0
20151017sp.tif,20160907.tif,781,174.0,False,,,0,row_absent_no_mask_overlap,0.0,15020,9787,48.0,46.0,1596.0
20151017sp.tif,20160907.tif,783,175.0,True,89.0,89,1,continued_row_with_overlap,0.0,19018,9787,58.0,52.0,2339.0
20151017sp.tif,20160907.tif,785,179.0,False,,,0,row_absent_no_mask_overlap,1.0,20103,9839,39.0,36.0,1109.0
20151017sp.tif,20160907.tif,786,180.0,True,96.0,96,1,continued_row_with_overlap,0.0,21350,9854,50.0,45.0,1579.0
20151017sp.tif,20160907.tif,792,183.0,True,98.0,98,1,continued_row_with_overlap,0.0,20942,9954,61.0,61.0,2831.0
20151017sp.tif,20160907.tif,799,186.0,False,,,0,row_absent_no_mask_overlap,1.0,19488,10047,88.0,84.0,5276.0
20151017sp.tif,20160907.tif,800,188.0,False,,,0,row_absent_no_mask_overlap,1.0,22230,10099,62.0,58.0,2690.0
20151017sp.tif,20160907.tif,802,189.0,True,104.0,104,1,continued_row_with_overlap,0.0,18821,10127,51.0,46.0,1657.0
20151017sp.tif,20160907.tif,808,198.0,True,110.0,110,1,continued_row_with_overlap,0.0,19978,10350,64.0,65.0,2904.0
20151017sp.tif,20160907.tif,810,200.0,True,111.0,111,1,continued_row_with_overlap,0.0,17983,10469,43.0,37.0,1285.0
20151017sp.tif,20160907.tif,812,202.0,False,,,0,row_absent_no_mask_overlap,0.0,17408,10497,31.0,24.0,559.0
20151017sp.tif,20160907.tif,813,201.0,False,,,0,row_absent_no_mask_overlap,0.0,13674,10493,72.0,70.0,3809.0
20151017sp.tif,20160907.tif,814,203.0,True,114.0,114,1,continued_row_with_overlap,0.0,18522,10507,59.0,54.0,2396.0
20151017sp.tif,20160907.tif,815,208.0,False,,,0,row_absent_no_mask_overlap,0.0,17458,10542,87.0,81.0,5217.0
20151017sp.tif,20160907.tif,816,207.0,True,116.0,116,1,continued_row_with_overlap,0.0,20820,10537,38.0,36.0,1004.0
20151017sp.tif,20160907.tif,817,206.0,True,115.0,115,1,continued_row_with_overlap,0.0,19519,10533,63.0,58.0,2686.0
20151017sp.tif,20160907.tif,818,205.0,False,,,0,row_absent_no_mask_overlap,0.0,20150,10529,66.0,60.0,2842.0
20151017sp.tif,20160907.tif,820,209.0,True,117.0,117,1,continued_row_with_overlap,0.0,20590,10587,52.0,46.0,1734.0
20151017sp.tif,20160907.tif,825,213.0,False,,,0,row_absent_no_mask_overlap,0.0,18686,10693,68.0,73.0,3783.0
20151017sp.tif,20160907.tif,826,214.0,False,,,0,row_absent_no_mask_overlap,0.0,17494,10697,44.0,44.0,1368.0
20151017sp.tif,20160907.tif,827,215.0,True,119.0,119,1,continued_row_with_overlap,0.0,19115,10697,41.0,39.0,1235.0
20151017sp.tif,20160907.tif,828,211.0,True,118.0,118,1,continued_row_with_overlap,0.0,20113,10677,46.0,41.0,1343.0
20151017sp.tif,20160907.tif,830,218.0,False,,,0,row_absent_no_mask_overlap,0.0,18452,10721,50.0,50.0,1753.0
20151017sp.tif,20160907.tif,839,221.0,True,123.0,123,1,continued_row_with_overlap,0.0,21294,10781,64.0,54.0,2427.0
20151017sp.tif,20160907.tif,843,226.0,True,127.0,127,1,continued_row_with_overlap,0.0,13470,10831,53.0,48.0,2007.0
20151017sp.tif,20160907.tif,846,228.0,True,130.0,130,1,continued_row_with_overlap,0.0,17400,10853,53.0,57.0,2451.0
20151017sp.tif,20160907.tif,849,236.0,False,,,0,row_absent_no_mask_overlap,0.0,14630,10941,50.0,48.0,1845.0
20151017sp.tif,20160907.tif,851,239.0,False,,,0,row_absent_no_mask_overlap,0.0,15402,10994,76.0,71.0,3914.0
20151017sp.tif,20160907.tif,863,248.0,True,140.0,140,1,continued_row_with_overlap,0.0,18500,11249,98.0,92.0,6781.0
20151017sp.tif,20160907.tif,869,253.0,False,,145,1,row_absent_but_mask_overlap,0.0,14316,11466,78.0,75.0,4326.0
20151017sp.tif,20160907.tif,870,252.0,True,146.0,146,1,continued_row_with_overlap,0.0,21260,11459,34.0,32.0,859.0
20151017sp.tif,20160907.tif,871,254.0,False,,,0,row_absent_no_mask_overlap,0.0,15766,11487,80.0,76.0,4397.0
20151017sp.tif,20160907.tif,872,256.0,True,148.0,148,1,continued_row_with_overlap,0.0,17191,11505,39.0,35.0,924.0
20151017sp.tif,20160907.tif,873,255.0,True,147.0,147,1,continued_row_with_overlap,0.0,19845,11487,45.0,48.0,1671.0
20151017sp.tif,20160907.tif,874,258.0,False,,,0,row_absent_no_mask_overlap,1.0,16629,11529,55.0,49.0,2060.0
20151017sp.tif,20160907.tif,877,259.0,False,,,0,row_absent_no_mask_overlap,0.9393406593406594,15886,11531,76.0,76.0,4550.0
20151017sp.tif,20160907.tif,881,262.0,False,,,0,row_absent_no_mask_overlap,1.0,16494,11607,68.0,64.0,3342.0
20151017sp.tif,20160907.tif,882,263.0,False,,,0,row_absent_no_mask_overlap,0.2788188529244747,17131,11606,51.0,45.0,1761.0
20151017sp.tif,20160907.tif,885,272.0,True,154.0,154,1,continued_row_with_overlap,0.0,17214,11709,48.0,46.0,1797.0
20151017sp.tif,20160907.tif,886,270.0,False,,,0,row_absent_no_mask_overlap,0.0,15344,11705,46.0,45.0,1538.0
20151017sp.tif,20160907.tif,887,271.0,False,,,0,row_absent_no_mask_overlap,0.0,20381,11705,43.0,31.0,1002.0
20151017sp.tif,20160907.tif,888,273.0,False,,,0,row_absent_no_mask_overlap,0.1690625,20454,11719,68.0,63.0,3200.0
20151017sp.tif,20160907.tif,889,274.0,True,155.0,155,1,continued_row_with_overlap,0.0,18038,11754,59.0,55.0,2543.0
20151017sp.tif,20160907.tif,890,276.0,True,156.0,156,1,continued_row_with_overlap,0.0,17578,11763,62.0,59.0,2921.0
20151017sp.tif,20160907.tif,891,275.0,False,,,0,row_absent_no_mask_overlap,0.0,15406,11757,47.0,40.0,1421.0
20151017sp.tif,20160907.tif,892,278.0,False,,,0,row_absent_no_mask_overlap,0.0,17282,11767,80.0,74.0,4410.0
20151017sp.tif,20160907.tif,893,279.0,True,157.0,157,1,continued_row_with_overlap,0.0,21350,11767,44.0,46.0,1452.0
20151017sp.tif,20160907.tif,895,280.0,True,158.0,158,1,continued_row_with_overlap,0.0,14826,11803,56.0,52.0,2243.0
20151017sp.tif,20160907.tif,896,282.0,False,,,0,row_absent_no_mask_overlap,1.0,16777,11831,57.0,58.0,2311.0
20151017sp.tif,20160907.tif,897,281.0,False,,,0,row_absent_no_mask_overlap,0.0,14396,11827,59.0,57.0,2629.0
20151017sp.tif,20160907.tif,902,285.0,False,,159,1,row_absent_but_mask_overlap,0.0,21198,11881,52.0,48.0,1974.0
20151017sp.tif,20160907.tif,903,288.0,True,161.0,161,1,continued_row_with_overlap,0.0,14996,11901,64.0,62.0,3133.0
20151017sp.tif,20160907.tif,904,289.0,False,,,0,row_absent_no_mask_overlap,0.005736529399713174,17130,11902,82.0,79.0,4881.0
20151017sp.tif,20160907.tif,908,292.0,False,,,0,row_absent_no_mask_overlap,1.0,16609,11937,57.0,54.0,2357.0
20151017sp.tif,20160907.tif,910,293.0,False,,,0,row_absent_no_mask_overlap,1.0,20049,11941,47.0,42.0,1597.0
20151017sp.tif,20160907.tif,912,295.0,True,165.0,165,1,continued_row_with_overlap,0.0,17754,11961,90.0,80.0,5567.0
20151017sp.tif,20160907.tif,913,298.0,False,,,0,row_absent_no_mask_overlap,0.0,14830,11986,76.0,65.0,3704.0
20151017sp.tif,20160907.tif,914,297.0,False,,159,1,row_absent_but_mask_overlap,0.0,21148,11983,66.0,59.0,2709.0
20151017sp.tif,20160907.tif,919,300.0,True,167.0,167,1,continued_row_with_overlap,0.0,21430,12057,59.0,53.0,2336.0
20151017sp.tif,20160907.tif,920,301.0,False,,,0,row_absent_no_mask_overlap,1.0,16482,12079,70.0,70.0,3658.0
20151017sp.tif,20160907.tif,934,305.0,False,,,0,row_absent_no_mask_overlap,1.0,16096,12268,50.0,50.0,1978.0
20151017sp.tif,20160907.tif,936,307.0,True,185.0,185,1,continued_row_with_overlap,0.0,21145,12308,35.0,30.0,750.0
20151017sp.tif,20160907.tif,938,309.0,True,186.0,186,1,continued_row_with_overlap,0.0,18841,12345,39.0,34.0,1022.0
20151017sp.tif,20160907.tif,939,310.0,False,,,0,row_absent_no_mask_overlap,0.0,16878,12389,60.0,58.0,2730.0
20151017sp.tif,20160907.tif,940,312.0,True,187.0,187,1,continued_row_with_overlap,0.0,17222,12407,58.0,53.0,2395.0
20151017sp.tif,20160907.tif,945,316.0,False,,,0,row_absent_no_mask_overlap,0.0,19060,12483,66.0,80.0,4160.0
20151017sp.tif,20160907.tif,947,314.0,False,,,0,row_absent_no_mask_overlap,1.0,20624,12473,35.0,33.0,899.0
20151017sp.tif,20160907.tif,950,318.0,True,191.0,191,1,continued_row_with_overlap,0.0,15579,12524,51.0,52.0,1880.0
20151017sp.tif,20160907.tif,955,320.0,True,193.0,193,1,continued_row_with_overlap,0.0,15696,12623,46.0,49.0,1654.0
20151017sp.tif,20160907.tif,957,322.0,False,,,0,row_absent_no_mask_overlap,0.0,16846,12635,68.0,68.0,3393.0
20151017sp.tif,20160907.tif,958,323.0,True,195.0,195,1,continued_row_with_overlap,0.0,20883,12657,53.0,50.0,2057.0
20151017sp.tif,20160907.tif,969,331.0,True,200.0,200,1,continued_row_with_overlap,0.0,16918,12819,74.0,70.0,3927.0
20151017sp.tif,20160907.tif,970,332.0,False,,,0,row_absent_no_mask_overlap,1.0,19290,12819,60.0,58.0,2631.0
20151017sp.tif,20160907.tif,971,334.0,True,201.0,201,1,continued_row_with_overlap,0.0,18526,12854,88.0,72.0,4820.0
20151017sp.tif,20160907.tif,976,336.0,True,205.0,205,1,continued_row_with_overlap,0.0,17650,12906,62.0,59.0,2992.0
20151017sp.tif,20160907.tif,978,337.0,False,,,0,row_absent_no_mask_overlap,0.0,16818,12913,52.0,54.0,2110.0
20151017sp.tif,20160907.tif,981,339.0,True,207.0,207,1,continued_row_with_overlap,0.0,17468,12979,68.0,62.0,3020.0
20151017sp.tif,20160907.tif,982,341.0,True,209.0,209,1,continued_row_with_overlap,0.0,16374,13017,40.0,44.0,1254.0
20151017sp.tif,20160907.tif,983,342.0,True,210.0,210,1,continued_row_with_overlap,0.0,17626,13043,62.0,62.0,2941.0
20151017sp.tif,20160907.tif,987,344.0,False,,,0,row_absent_no_mask_overlap,0.0,15645,13095,41.0,40.0,1285.0
20151017sp.tif,20160907.tif,990,346.0,True,215.0,215,1,continued_row_with_overlap,0.0,16718,13204,52.0,54.0,2076.0
20151017sp.tif,20160907.tif,995,348.0,False,,,0,row_absent_no_mask_overlap,0.0,17509,13223,65.0,62.0,2991.0
20151017sp.tif,20160907.tif,996,350.0,False,,,0,row_absent_no_mask_overlap,0.0,16182,13237,57.0,57.0,2455.0
20151017sp.tif,20160907.tif,998,352.0,False,,,0,row_absent_no_mask_overlap,1.0,24214,13266,154.0,171.0,20930.0
20151017sp.tif,20160907.tif,1002,356.0,True,225.0,225,1,continued_row_with_overlap,0.0,17975,13358,41.0,48.0,1493.0
20151017sp.tif,20160907.tif,1007,361.0,True,230.0,230,1,continued_row_with_overlap,0.0,15751,13451,43.0,40.0,1311.0
20151017sp.tif,20160907.tif,1008,363.0,True,232.0,232,1,continued_row_with_overlap,0.0,17529,13489,45.0,36.0,1232.0
20151017sp.tif,20160907.tif,1010,363.0,True,232.0,232,1,continued_row_with_overlap,0.0,17529,13489,45.0,36.0,1232.0
20151017sp.tif,20160907.tif,1012,365.0,True,235.0,235,1,continued_row_with_overlap,0.0,16677,13558,69.0,63.0,3253.0
20151017sp.tif,20160907.tif,1018,367.0,False,,,0,row_absent_no_mask_overlap,0.0,15651,13625,51.0,46.0,1672.0
20151017sp.tif,20160907.tif,1026,369.0,False,,,0,row_absent_no_mask_overlap,0.0,15749,13793,41.0,38.0,1089.0
20151017sp.tif,20160907.tif,1028,372.0,True,246.0,246,1,continued_row_with_overlap,0.0,16394,13833,45.0,43.0,1361.0
20151017sp.tif,20160907.tif,1029,371.0,True,245.0,245,1,continued_row_with_overlap,0.0,18006,13827,72.0,64.0,3264.0
20151017sp.tif,20160907.tif,1033,374.0,True,248.0,248,1,continued_row_with_overlap,0.0,16558,13913,62.0,60.0,2741.0
20151017sp.tif,20160907.tif,1075,388.0,True,282.0,282,1,continued_row_with_overlap,0.0,14666,14709,92.0,77.0,5390.0
20151017sp.tif,20160907.tif,1080,389.0,True,286.0,286,1,continued_row_with_overlap,0.0,17231,14755,54.0,54.0,2303.0
20151017sp.tif,20160907.tif,1082,391.0,False,,,0,row_absent_no_mask_overlap,0.0,17408,14803,54.0,52.0,2156.0
20151017sp.tif,20160907.tif,1096,394.0,True,304.0,304,1,continued_row_with_overlap,0.0,15590,15145,42.0,44.0,1530.0
20151017sp.tif,20160907.tif,1097,392.0,False,,,0,row_absent_no_mask_overlap,0.0,14354,15074,44.0,43.0,1552.0
20151017sp.tif,20160907.tif,1108,399.0,True,310.0,310,1,continued_row_with_overlap,0.0,14866,15595,76.0,74.0,4105.0
20151017sp.tif,20160907.tif,1109,400.0,True,311.0,311,1,continued_row_with_overlap,0.0,16550,15613,48.0,53.0,2058.0
20151017sp.tif,20160907.tif,1112,403.0,False,,,0,row_absent_no_mask_overlap,0.0,14477,15791,61.0,51.0,2466.0
20151017sp.tif,20160907.tif,1116,403.0,False,,,0,row_absent_no_mask_overlap,0.0,14477,15791,61.0,51.0,2466.0
20151017sp.tif,20160907.tif,1118,404.0,False,,,0,row_absent_no_mask_overlap,0.0,15534,15875,77.0,70.0,3941.0
20151017sp.tif,20160907.tif,1127,415.0,True,319.0,319,1,continued_row_with_overlap,0.0,16634,16105,92.0,86.0,5844.0
20151017sp.tif,20160907.tif,1128,414.0,True,317.0,317,1,continued_row_with_overlap,0.0,14254,16097,36.0,31.0,870.0
20151017sp.tif,20160907.tif,1129,416.0,True,320.0,320,1,continued_row_with_overlap,0.0,13940,16127,70.0,80.0,4187.0
20151017sp.tif,20160907.tif,1130,417.0,True,321.0,321,1,continued_row_with_overlap,0.0,17036,16155,82.0,80.0,4640.0
20151017sp.tif,20160907.tif,1133,418.0,False,,,0,row_absent_no_mask_overlap,0.0,14872,16171,65.0,63.0,3158.0
20151017sp.tif,20160907.tif,1137,420.0,False,,,0,row_absent_no_mask_overlap,0.0,15002,16246,60.0,53.0,2162.0
20151017sp.tif,20160907.tif,1140,424.0,True,331.0,331,1,continued_row_with_overlap,0.0,17118,16323,68.0,64.0,3460.0
20151017sp.tif,20160907.tif,1142,425.0,True,330.0,330,1,continued_row_with_overlap,0.0,15196,16335,55.0,56.0,2363.0
20151017sp.tif,20160907.tif,1145,429.0,False,,,0,row_absent_no_mask_overlap,0.0,13706,16411,58.0,58.0,2383.0
20151017sp.tif,20160907.tif,1146,430.0,True,334.0,334,1,continued_row_with_overlap,0.0,15332,16435,40.0,39.0,1065.0
20151017sp.tif,20160907.tif,1151,431.0,True,335.0,335,1,continued_row_with_overlap,0.0,14227,16489,51.0,46.0,1873.0
20151017sp.tif,20160907.tif,1152,432.0,False,,,0,row_absent_no_mask_overlap,0.0,14476,16519,30.0,33.0,719.0
20151017sp.tif,20160907.tif,1154,433.0,False,,,0,row_absent_no_mask_overlap,0.0,14512,16563,47.0,47.0,1665.0
20151017sp.tif,20160907.tif,1155,435.0,True,338.0,338,1,continued_row_with_overlap,0.0,15458,16631,42.0,34.0,1220.0
20151017sp.tif,20160907.tif,1158,437.0,False,,,0,row_absent_no_mask_overlap,0.0,17899,16670,64.0,61.0,2949.0
20151017sp.tif,20160907.tif,1159,439.0,False,,,0,row_absent_no_mask_overlap,0.0,17838,16751,45.0,47.0,1633.0
20151017sp.tif,20160907.tif,1162,440.0,True,343.0,343,1,continued_row_with_overlap,0.0,15057,16791,35.0,36.0,837.0
20151017sp.tif,20160907.tif,1164,441.0,True,344.0,344,1,continued_row_with_overlap,0.0,18297,16807,46.0,45.0,1600.0
20151017sp.tif,20160907.tif,1165,442.0,True,345.0,345,1,continued_row_with_overlap,0.0,15498,16842,56.0,48.0,2058.0
20151017sp.tif,20160907.tif,1168,443.0,True,347.0,347,1,continued_row_with_overlap,0.0,17966,16903,78.0,60.0,3792.0
20151017sp.tif,20160907.tif,1169,445.0,True,351.0,351,1,continued_row_with_overlap,0.0,17644,16923,77.0,62.0,3612.0
20151017sp.tif,20160907.tif,1171,447.0,True,353.0,353,1,continued_row_with_overlap,0.0,14954,16977,41.0,40.0,1340.0
20151017sp.tif,20160907.tif,1175,452.0,True,354.0,354,1,continued_row_with_overlap,0.0,15882,17059,72.0,66.0,3796.0
20151017sp.tif,20160907.tif,1177,454.0,True,356.0,356,1,continued_row_with_overlap,0.0,15184,17099,54.0,48.0,1924.0
20151017sp.tif,20160907.tif,1179,455.0,False,,,0,row_absent_no_mask_overlap,1.0,19694,17111,60.0,64.0,2736.0
20151017sp.tif,20160907.tif,1182,459.0,False,,,0,row_absent_no_mask_overlap,0.021108179419525065,19774,17223,68.0,60.0,3032.0
20151017sp.tif,20160907.tif,1185,460.0,True,361.0,361,1,continued_row_with_overlap,0.0,17870,17339,70.0,72.0,3972.0
20151017sp.tif,20160907.tif,1186,461.0,False,,,0,row_absent_no_mask_overlap,0.0,15817,17369,61.0,60.0,2965.0
20151017sp.tif,20160907.tif,1187,463.0,True,363.0,363,1,continued_row_with_overlap,0.0,14729,17383,51.0,48.0,2048.0
20151017sp.tif,20160907.tif,1190,465.0,False,,,0,row_absent_no_mask_overlap,0.0,17230,17423,72.0,84.0,4528.0
20151017sp.tif,20160907.tif,1192,466.0,False,,,0,row_absent_no_mask_overlap,0.0,15566,17469,58.0,50.0,2235.0
20151017sp.tif,20160907.tif,1193,467.0,False,,,0,row_absent_no_mask_overlap,0.0,15662,17481,70.0,66.0,3446.0
20151017sp.tif,20160907.tif,1195,469.0,False,,,0,row_absent_no_mask_overlap,0.0,15482,17523,55.0,50.0,2043.0
20151017sp.tif,20160907.tif,1196,470.0,True,368.0,368,1,continued_row_with_overlap,0.0,18374,17559,46.0,34.0,1244.0
20151017sp.tif,20160907.tif,1199,471.0,True,373.0,373,1,continued_row_with_overlap,0.0,16730,17599,90.0,86.0,5509.0
20151017sp.tif,20160907.tif,1201,474.0,True,375.0,375,1,continued_row_with_overlap,0.0,18328,17679,123.0,124.0,11083.0
20151017sp.tif,20160907.tif,1204,480.0,True,380.0,380,1,continued_row_with_overlap,0.0,16638,17744,42.0,43.0,1333.0
20151017sp.tif,20160907.tif,1206,478.0,False,,,0,row_absent_no_mask_overlap,0.0,16910,17743,68.0,60.0,3088.0
20151017sp.tif,20160907.tif,1216,486.0,True,389.0,389,1,continued_row_with_overlap,0.0,18862,17951,86.0,74.0,4896.0
20151017sp.tif,20160907.tif,1217,488.0,True,390.0,390,1,continued_row_with_overlap,0.0,16062,17971,51.0,52.0,2029.0
20151017sp.tif,20160907.tif,1218,489.0,True,393.0,393,1,continued_row_with_overlap,0.0,19158,17991,52.0,50.0,1864.0
20151017sp.tif,20160907.tif,1223,491.0,True,399.0,,0,continued_row_without_overlap,0.0,16998,18055,28.0,36.0,727.0
20151017sp.tif,20160907.tif,1226,494.0,True,405.0,405,1,continued_row_with_overlap,0.0,19256,18147,58.0,58.0,2696.0
20151017sp.tif,20160907.tif,1227,495.0,True,406.0,406,1,continued_row_with_overlap,0.0,18434,18151,56.0,52.0,2416.0
20151017sp.tif,20160907.tif,1229,497.0,True,410.0,410,1,continued_row_with_overlap,0.0,19280,18327,54.0,54.0,2151.0
20151017sp.tif,20160907.tif,1232,499.0,True,415.0,415,1,continued_row_with_overlap,0.0,16534,18591,102.0,96.0,7693.0
20151017sp.tif,20160907.tif,1234,502.0,True,417.0,417,1,continued_row_with_overlap,0.0,19026,18659,146.0,142.0,15120.0
20151017sp.tif,20160907.tif,1235,501.0,True,418.0,418,1,continued_row_with_overlap,0.0,17182,18659,122.0,122.0,10436.0
20151017sp.tif,20160907.tif,1236,503.0,False,,,0,row_absent_no_mask_overlap,0.0,18898,18873,72.0,74.0,3816.0
20151017sp.tif,20160907.tif,1240,507.0,True,423.0,423,1,continued_row_with_overlap,0.0,17004,19007,114.0,94.0,8252.0
20151017sp.tif,20160907.tif,1244,513.0,True,427.0,427,1,continued_row_with_overlap,0.0,18736,19297,80.0,94.0,5476.0
20151017sp.tif,20160907.tif,1248,514.0,True,429.0,,0,continued_row_without_overlap,0.0,17630,19467,39.0,34.0,1066.0
20151017sp.tif,20160907.tif,1250,515.0,False,,,0,row_absent_no_mask_overlap,0.0,18302,19621,59.0,60.0,2736.0
20151017sp.tif,20160907.tif,1251,516.0,False,,,0,row_absent_no_mask_overlap,0.0,18364,19689,106.0,86.0,7316.0
20151017sp.tif,20160907.tif,1254,519.0,True,435.0,435,1,continued_row_with_overlap,0.0,18191,20080,72.0,62.0,3391.0
20151017sp.tif,20160907.tif,1264,2.0,False,,,0,row_absent_no_mask_overlap,0.0,13474,6005,97.0,94.0,6875.0
20151017sp.tif,20160907.tif,1265,4.0,False,,,0,row_absent_no_mask_overlap,0.0,12094,6309,68.0,74.0,3567.0
20151017sp.tif,20160907.tif,1266,10.0,False,,,0,row_absent_no_mask_overlap,0.0,12158,6893,159.0,140.0,15485.0
20151017sp.tif,20160907.tif,1267,11.0,False,,,0,row_absent_no_mask_overlap,0.0,18606,6927,44.0,44.0,1331.0
20151017sp.tif,20160907.tif,1268,12.0,False,,,0,row_absent_no_mask_overlap,0.0,12107,6933,39.0,34.0,1016.0
20151017sp.tif,20160907.tif,1269,16.0,False,,,0,row_absent_no_mask_overlap,0.0,16586,7035,12.0,14.0,128.0
20151017sp.tif,20160907.tif,1270,17.0,False,,,0,row_absent_no_mask_overlap,0.0,16598,7051,18.0,15.0,204.0
20151017sp.tif,20160907.tif,1271,19.0,False,,,0,row_absent_no_mask_overlap,0.0,13201,7161,68.0,82.0,4524.0
20151017sp.tif,20160907.tif,1272,27.0,False,,,0,row_absent_no_mask_overlap,0.0,16409,7259,27.0,30.0,641.0
20151017sp.tif,20160907.tif,1273,40.0,False,,,0,row_absent_no_mask_overlap,0.0,20092,7537,42.0,44.0,1476.0
20151017sp.tif,20160907.tif,1274,42.0,False,,,0,row_absent_no_mask_overlap,0.0,16480,7567,28.0,26.0,594.0
20151017sp.tif,20160907.tif,1275,48.0,False,,,0,row_absent_no_mask_overlap,0.0,18858,7685,60.0,64.0,3005.0
20151017sp.tif,20160907.tif,1276,56.0,False,,,0,row_absent_no_mask_overlap,0.0,12126,7837,83.0,88.0,5261.0
20151017sp.tif,20160907.tif,1277,58.0,False,,,0,row_absent_no_mask_overlap,0.0,18374,7903,30.0,28.0,656.0
20151017sp.tif,20160907.tif,1278,59.0,False,,,0,row_absent_no_mask_overlap,0.0,17370,7916,34.0,27.0,669.0
20151017sp.tif,20160907.tif,1279,66.0,False,,,0,row_absent_no_mask_overlap,0.0,18534,7997,38.0,40.0,1140.0
20151017sp.tif,20160907.tif,1280,79.0,False,,,0,row_absent_no_mask_overlap,0.34375,20550,8101,12.0,12.0,128.0
20151017sp.tif,20160907.tif,1281,80.0,False,,,0,row_absent_no_mask_overlap,1.0,16579,8103,43.0,43.0,1426.0
20151017sp.tif,20160907.tif,1282,87.0,False,,,0,row_absent_no_mask_overlap,0.0,12901,8278,143.0,137.0,14740.0
20151017sp.tif,20160907.tif,1283,115.0,False,,59,1,row_absent_but_mask_overlap,0.0,17682,8655,46.0,38.0,1383.0
20151017sp.tif,20160907.tif,1284,117.0,False,,,0,row_absent_no_mask_overlap,1.0,16604,8662,32.0,37.0,867.0
20151017sp.tif,20160907.tif,1285,119.0,False,,,0,row_absent_no_mask_overlap,0.0,13382,8685,76.0,61.0,3336.0
20151017sp.tif,20160907.tif,1286,132.0,False,,,0,row_absent_no_mask_overlap,0.9340175953079178,19226,9057,54.0,56.0,2046.0
20151017sp.tif,20160907.tif,1287,137.0,False,,,0,row_absent_no_mask_overlap,0.0,17423,9120,30.0,32.0,667.0
20151017sp.tif,20160907.tif,1288,143.0,False,,,0,row_absent_no_mask_overlap,1.0,22318,9195,28.0,27.0,562.0
20151017sp.tif,20160907.tif,1289,148.0,False,,,0,row_absent_no_mask_overlap,0.0,14876,9275,18.0,21.0,308.0
20151017sp.tif,20160907.tif,1290,156.0,True,77.0,77,1,continued_row_with_overlap,0.0,12708,9378,117.0,113.0,10868.0
20151017sp.tif,20160907.tif,1291,157.0,False,,,0,row_absent_no_mask_overlap,1.0,19930,9455,36.0,44.0,1272.0
20151017sp.tif,20160907.tif,1292,159.0,False,,,0,row_absent_no_mask_overlap,0.0,12478,9478,118.0,105.0,9667.0
20151017sp.tif,20160907.tif,1293,163.0,False,,,0,row_absent_no_mask_overlap,0.0,15271,9610,85.0,101.0,6397.0
20151017sp.tif,20160907.tif,1294,171.0,True,86.0,86,1,continued_row_with_overlap,0.0,13658,9746,68.0,68.0,3394.0
20151017sp.tif,20160907.tif,1295,191.0,False,,,0,row_absent_no_mask_overlap,1.0,20275,10176,30.0,25.0,593.0
20151017sp.tif,20160907.tif,1296,196.0,True,108.0,108,1,continued_row_with_overlap,0.0,19658,10333,30.0,28.0,632.0
20151017sp.tif,20160907.tif,1297,210.0,False,,,0,row_absent_no_mask_overlap,0.0,13916,10650,26.0,27.0,564.0
20151017sp.tif,20160907.tif,1298,222.0,False,,,0,row_absent_no_mask_overlap,0.0,14687,10797,43.0,38.0,1304.0
20151017sp.tif,20160907.tif,1299,224.0,False,,,0,row_absent_no_mask_overlap,0.0,18802,10806,48.0,44.0,1440.0
20151017sp.tif,20160907.tif,1300,225.0,False,,,0,row_absent_no_mask_overlap,0.0,18700,10808,37.0,40.0,1030.0
20151017sp.tif,20160907.tif,1301,227.0,False,,,0,row_absent_no_mask_overlap,0.0,14586,10845,46.0,48.0,1775.0
20151017sp.tif,20160907.tif,1302,234.0,False,,,0,row_absent_no_mask_overlap,0.0,18822,10910,66.0,52.0,2596.0
20151017sp.tif,20160907.tif,1303,235.0,True,132.0,132,1,continued_row_with_overlap,0.0,20982,10910,68.0,55.0,2734.0
20151017sp.tif,20160907.tif,1304,243.0,False,,,0,row_absent_no_mask_overlap,0.0,13574,11083,168.0,166.0,21908.0
20151017sp.tif,20160907.tif,1305,247.0,False,,,0,row_absent_no_mask_overlap,1.0,16174,11239,16.0,16.0,176.0
20151017sp.tif,20160907.tif,1306,266.0,True,150.0,150,1,continued_row_with_overlap,0.0,15490,11630,32.0,28.0,728.0
20151017sp.tif,20160907.tif,1307,283.0,False,,,0,row_absent_no_mask_overlap,0.0,17455,11851,40.0,43.0,1212.0
20151017sp.tif,20160907.tif,1308,284.0,False,,,0,row_absent_no_mask_overlap,0.0,14246,11873,77.0,75.0,4336.0
20151017sp.tif,20160907.tif,1309,290.0,False,,,0,row_absent_no_mask_overlap,0.0,15558,11904,66.0,61.0,3463.0
20151017sp.tif,20160907.tif,1310,317.0,False,,,0,row_absent_no_mask_overlap,0.0,16898,12514,40.0,52.0,1584.0
20151017sp.tif,20160907.tif,1311,319.0,False,,,0,row_absent_no_mask_overlap,0.0,16899,12570,25.0,23.0,399.0
20151017sp.tif,20160907.tif,1312,329.0,False,,,0,row_absent_no_mask_overlap,0.0,18054,12733,18.0,22.0,336.0
20151017sp.tif,20160907.tif,1313,338.0,True,206.0,206,1,continued_row_with_overlap,0.0,19084,12965,22.0,20.0,316.0
20151017sp.tif,20160907.tif,1314,343.0,False,,,0,row_absent_no_mask_overlap,0.0,17818,13077,54.0,53.0,2122.0
20151017sp.tif,20160907.tif,1315,349.0,True,216.0,216,1,continued_row_with_overlap,0.0,18050,13233,36.0,29.0,796.0
20151017sp.tif,20160907.tif,1316,364.0,False,,,0,row_absent_no_mask_overlap,0.0,16092,13493,43.0,47.0,1468.0
20151017sp.tif,20160907.tif,1317,368.0,True,243.0,243,1,continued_row_with_overlap,0.0,16692,13737,64.0,54.0,2652.0
20151017sp.tif,20160907.tif,1318,375.0,False,,,0,row_absent_no_mask_overlap,1.0,24728,14030,60.0,59.0,2707.0
20151017sp.tif,20160907.tif,1319,376.0,True,254.0,254,1,continued_row_with_overlap,0.0,17082,14082,22.0,18.0,267.0
20151017sp.tif,20160907.tif,1320,377.0,False,,,0,row_absent_no_mask_overlap,1.0,24819,14102,113.0,113.0,9724.0
20151017sp.tif,20160907.tif,1321,378.0,False,,,0,row_absent_no_mask_overlap,0.0,16680,14243,24.0,17.0,263.0
20151017sp.tif,20160907.tif,1322,386.0,True,279.0,279,1,continued_row_with_overlap,0.0,18458,14434,24.0,16.0,336.0
20151017sp.tif,20160907.tif,1323,387.0,False,,,0,row_absent_no_mask_overlap,1.0,24904,14666,78.0,80.0,4341.0
20151017sp.tif,20160907.tif,1324,393.0,False,,,0,row_absent_no_mask_overlap,0.0,14458,15114,44.0,44.0,1434.0
20151017sp.tif,20160907.tif,1325,396.0,False,,,0,row_absent_no_mask_overlap,0.0,14156,15424,41.0,32.0,1070.0
20151017sp.tif,20160907.tif,1326,405.0,False,,,0,row_absent_no_mask_overlap,0.0,15348,15927,40.0,40.0,1247.0
20151017sp.tif,20160907.tif,1327,412.0,True,316.0,,0,continued_row_without_overlap,0.0,10024,16063,18.0,16.0,219.0
20151017sp.tif,20160907.tif,1328,419.0,True,326.0,326,1,continued_row_with_overlap,0.0,14058,16215,67.0,66.0,3355.0
20151017sp.tif,20160907.tif,1329,421.0,False,,,0,row_absent_no_mask_overlap,0.0,14840,16289,26.0,25.0,554.0
20151017sp.tif,20160907.tif,1330,426.0,False,,,0,row_absent_no_mask_overlap,0.0,14834,16363,34.0,29.0,725.0
20151017sp.tif,20160907.tif,1331,464.0,True,365.0,365,1,continued_row_with_overlap,0.0,15270,17403,39.0,34.0,994.0
20151017sp.tif,20160907.tif,1332,490.0,True,396.0,396,1,continued_row_with_overlap,0.0,18610,18031,80.0,64.0,3948.0
20151017sp.tif,20160907.tif,1333,505.0,False,,,0,row_absent_no_mask_overlap,0.0,18866,18979,40.0,40.0,1225.0
20151017sp.tif,20160907.tif,1334,511.0,True,424.0,424,1,continued_row_with_overlap,0.0,18872,19123,88.0,94.0,6168.0
20151017sp.tif,20160907.tif,1335,520.0,False,,,0,row_absent_no_mask_overlap,0.0,18295,20197,17.0,11.0,165.0
20151017sp.tif,20160907.tif,1336,521.0,False,,,0,row_absent_no_mask_overlap,0.0,19018,20378,78.0,84.0,5073.0
20151017sp.tif,20160907.tif,1337,522.0,False,,,0,row_absent_no_mask_overlap,0.0,17110,20893,42.0,35.0,1083.0
20151017sp.tif,20160907.tif,1338,526.0,False,,,0,row_absent_no_mask_overlap,0.0,17146,21006,11.0,16.0,131.0
20151017sp.tif,20160907.tif,1339,530.0,False,,,0,row_absent_no_mask_overlap,0.0,17871,21246,18.0,16.0,211.0
20160907.tif,20161025.tif,118,31.0,False,,,0,row_absent_no_mask_overlap,0.0,13193,7545,193.0,180.0,26070.0
20160907.tif,20161025.tif,144,41.0,True,64.0,64,1,continued_row_with_overlap,0.0,12941,7955,151.0,156.0,18159.0
20160907.tif,20161025.tif,149,42.0,True,66.0,66,1,continued_row_with_overlap,0.0,12486,8024,122.0,125.0,11343.0
20160907.tif,20161025.tif,154,44.0,False,,,0,row_absent_no_mask_overlap,0.0,12357,8049,82.0,96.0,6134.0
20160907.tif,20161025.tif,170,53.0,True,84.0,84,1,continued_row_with_overlap,0.0,14450,8377,184.0,184.0,25777.0
20160907.tif,20161025.tif,243,91.0,True,160.0,160,1,continued_row_with_overlap,0.0,17682,9782,124.0,139.0,13333.0
20160907.tif,20161025.tif,282,133.0,True,217.0,217,1,continued_row_with_overlap,0.0,13422,10963,180.0,172.0,24134.0
20160907.tif,20161025.tif,297,149.0,True,239.0,239,1,continued_row_with_overlap,0.0,18098,11490,120.0,119.0,10481.0
20160907.tif,20161025.tif,358,213.0,True,345.0,345,1,continued_row_with_overlap,0.0,16372,13139,100.0,102.0,8052.0
20160907.tif,20161025.tif,461,308.0,True,489.0,489,1,continued_row_with_overlap,0.0,14754,15382,154.0,147.0,17544.0
20160907.tif,20161025.tif,476,333.0,True,533.0,533,1,continued_row_with_overlap,0.0,17794,16347,222.0,224.0,37532.0
20160907.tif,20161025.tif,477,332.0,True,532.0,532,1,continued_row_with_overlap,0.0,16366,16347,212.0,208.0,35192.0
20160907.tif,20161025.tif,483,341.0,True,541.0,541;552,2,continued_row_with_overlap,0.0,17582,16727,160.0,168.0,20470.0
20160907.tif,20161025.tif,484,350.0,True,551.0,551,1,continued_row_with_overlap,0.0,16574,16907,188.0,178.0,25120.0
20160907.tif,20161025.tif,486,352.0,True,553.0,553,1,continued_row_with_overlap,0.0,16320,16947,202.0,202.0,31444.0
20160907.tif,20161025.tif,488,357.0,True,559.0,559,1,continued_row_with_overlap,0.0,16806,17095,208.0,202.0,32204.0
20160907.tif,20161025.tif,497,379.0,False,,596,1,row_absent_but_mask_overlap,0.0,18664,17727,150.0,130.0,15048.0
20160907.tif,20161025.tif,498,378.0,True,592.0,592,1,continued_row_with_overlap,0.0,16272,17727,150.0,162.0,16776.0
20160907.tif,20161025.tif,517,416.0,True,630.0,,0,continued_row_without_overlap,0.0,17876,18589,141.0,140.0,14798.0
20160907.tif,20161025.tif,592,13.0,True,11.0,11,1,continued_row_with_overlap,0.0,18918,6933,98.0,104.0,8017.0
20160907.tif,20161025.tif,611,18.0,True,23.0,23,1,continued_row_with_overlap,0.0,16577,7195,101.0,104.0,8314.0
20160907.tif,20161025.tif,615,19.0,True,24.0,24,1,continued_row_with_overlap,0.0,18039,7205,115.0,116.0,10285.0
20160907.tif,20161025.tif,628,30.0,True,37.0,37,1,continued_row_with_overlap,0.0,18052,7507,102.0,100.0,7648.0
20160907.tif,20161025.tif,636,30.0,True,37.0,37,1,continued_row_with_overlap,0.0,18052,7507,102.0,100.0,7648.0
20160907.tif,20161025.tif,680,45.0,True,71.0,71,1,continued_row_with_overlap,0.0,18649,8061,90.0,84.0,6041.0
20160907.tif,20161025.tif,684,49.0,True,75.0,75,1,continued_row_with_overlap,0.0,18044,8149,94.0,98.0,6967.0
20160907.tif,20161025.tif,693,51.0,True,81.0,81,1,continued_row_with_overlap,0.0,18328,8267,99.0,104.0,7710.0
20160907.tif,20161025.tif,697,52.0,True,83.0,83,1,continued_row_with_overlap,0.0,18076,8331,106.0,99.0,7919.0
20160907.tif,20161025.tif,723,63.0,True,106.0,106,1,continued_row_with_overlap,0.0,15734,8789,124.0,120.0,10826.0
20160907.tif,20161025.tif,727,65.0,True,109.0,109,1,continued_row_with_overlap,0.0,18190,8799,115.0,118.0,10516.0
20160907.tif,20161025.tif,728,71.0,False,,,0,row_absent_no_mask_overlap,0.0,18358,8975,122.0,118.0,11186.0
20160907.tif,20161025.tif,731,69.0,True,111.0,111,1,continued_row_with_overlap,0.0,18107,8937,115.0,110.0,9819.0
20160907.tif,20161025.tif,733,71.0,False,,,0,row_absent_no_mask_overlap,0.0,18358,8975,122.0,118.0,11186.0
20160907.tif,20161025.tif,734,72.0,True,121.0,121,1,continued_row_with_overlap,0.0,19049,8998,70.0,71.0,4019.0
20160907.tif,20161025.tif,746,74.0,True,130.0,130,1,continued_row_with_overlap,0.0,18732,9193,90.0,94.0,6820.0
20160907.tif,20161025.tif,769,81.0,True,146.0,146,1,continued_row_with_overlap,0.0,18925,9530,124.0,127.0,12222.0
20160907.tif,20161025.tif,774,85.0,True,151.0,151,1,continued_row_with_overlap,0.0,17586,9669,72.0,88.0,5119.0
20160907.tif,20161025.tif,775,87.0,False,,156;158,2,row_absent_but_mask_overlap,0.0,15846,9702,82.0,87.0,5506.0
20160907.tif,20161025.tif,783,89.0,True,159.0,159,1,continued_row_with_overlap,0.0,19029,9759,109.0,108.0,8933.0
20160907.tif,20161025.tif,786,96.0,True,165.0,165,1,continued_row_with_overlap,0.0,21366,9833,83.0,80.0,4973.0
20160907.tif,20161025.tif,792,98.0,True,171.0,171,1,continued_row_with_overlap,0.0,20954,9929,90.0,102.0,7180.0
20160907.tif,20161025.tif,802,104.0,True,177.0,177,1,continued_row_with_overlap,0.0,18818,10097,116.0,108.0,10019.0
20160907.tif,20161025.tif,808,110.0,False,,189,1,row_absent_but_mask_overlap,0.0,19990,10318,110.0,120.0,9890.0
20160907.tif,20161025.tif,810,111.0,True,191.0,191,1,continued_row_with_overlap,0.0,18002,10438,80.0,93.0,5832.0
20160907.tif,20161025.tif,814,114.0,True,193.0,193,1,continued_row_with_overlap,0.0,18542,10485,96.0,101.0,7712.0
20160907.tif,20161025.tif,816,116.0,True,195.0,195,1,continued_row_with_overlap,0.0,20838,10505,69.0,76.0,3905.0
20160907.tif,20161025.tif,817,115.0,True,194.0,194,1,continued_row_with_overlap,0.0,19534,10503,108.0,110.0,8788.0
20160907.tif,20161025.tif,820,117.0,True,196.0,196,1,continued_row_with_overlap,0.0,20592,10553,102.0,108.0,8336.0
20160907.tif,20161025.tif,827,119.0,True,198.0,198,1,continued_row_with_overlap,0.0,19121,10661,101.0,110.0,8768.0
20160907.tif,20161025.tif,828,118.0,True,197.0,197,1,continued_row_with_overlap,0.0,20128,10647,82.0,94.0,5575.0
20160907.tif,20161025.tif,839,123.0,True,204.0,204,1,continued_row_with_overlap,0.0,21316,10751,81.0,96.0,5670.0
20160907.tif,20161025.tif,843,127.0,False,,,0,row_absent_no_mask_overlap,0.0,13486,10814,76.0,80.0,4228.0
20160907.tif,20161025.tif,846,130.0,True,210.0,210,1,continued_row_with_overlap,0.0,17410,10826,105.0,115.0,8887.0
20160907.tif,20161025.tif,863,140.0,True,230.0,230,1,continued_row_with_overlap,0.0,18510,11233,144.0,140.0,15304.0
20160907.tif,20161025.tif,870,146.0,True,236.0,236,1,continued_row_with_overlap,0.0,21274,11439,68.0,75.0,4047.0
20160907.tif,20161025.tif,872,148.0,True,238.0,238,1,continued_row_with_overlap,0.0,17198,11486,84.0,84.0,5379.0
20160907.tif,20161025.tif,873,147.0,True,237.0,237,1,continued_row_with_overlap,0.0,19862,11467,84.0,91.0,5991.0
20160907.tif,20161025.tif,885,154.0,True,250.0,250,1,continued_row_with_overlap,0.0,17236,11689,80.0,89.0,5361.0
20160907.tif,20161025.tif,889,155.0,True,254.0,254,1,continued_row_with_overlap,0.0,18057,11733,95.0,98.0,6803.0
20160907.tif,20161025.tif,890,156.0,True,253.0,253,1,continued_row_with_overlap,0.0,17590,11737,112.0,122.0,10519.0
20160907.tif,20161025.tif,893,157.0,True,257.0,257,1,continued_row_with_overlap,0.0,21354,11737,94.0,98.0,7162.0
20160907.tif,20161025.tif,895,158.0,True,258.0,258,1,continued_row_with_overlap,0.0,14838,11779,103.0,100.0,7939.0
20160907.tif,20161025.tif,903,161.0,True,265.0,265,1,continued_row_with_overlap,0.0,15014,11877,106.0,104.0,8834.0
20160907.tif,20161025.tif,912,165.0,True,269.0,269,1,continued_row_with_overlap,0.0,17762,11933,146.0,149.0,16287.0
20160907.tif,20161025.tif,919,167.0,True,278.0,278,1,continued_row_with_overlap,0.0,21438,12027,104.0,100.0,7609.0
20160907.tif,20161025.tif,936,185.0,False,,,0,row_absent_no_mask_overlap,0.0,21158,12310,58.0,45.0,2100.0
20160907.tif,20161025.tif,938,186.0,True,298.0,,0,continued_row_without_overlap,0.0,18862,12327,68.0,70.0,3744.0
20160907.tif,20161025.tif,940,187.0,True,299.0,299,1,continued_row_with_overlap,0.0,17234,12382,114.0,109.0,9368.0
20160907.tif,20161025.tif,950,191.0,True,310.0,310,1,continued_row_with_overlap,0.0,15597,12509,85.0,94.0,6383.0
20160907.tif,20161025.tif,955,193.0,True,311.0,311,1,continued_row_with_overlap,0.0,15702,12594,102.0,115.0,8939.0
20160907.tif,20161025.tif,958,195.0,True,316.0,316,1,continued_row_with_overlap,0.0,20898,12633,92.0,93.0,6755.0
20160907.tif,20161025.tif,969,200.0,True,326.0,326,1,continued_row_with_overlap,0.0,16934,12801,111.0,116.0,9778.0
20160907.tif,20161025.tif,971,201.0,True,329.0,329,1,continued_row_with_overlap,0.0,18530,12817,148.0,152.0,17046.0
20160907.tif,20161025.tif,976,205.0,True,333.0,333,1,continued_row_with_overlap,0.0,17666,12879,116.0,117.0,10028.0
20160907.tif,20161025.tif,981,207.0,True,340.0,340,1,continued_row_with_overlap,0.0,17482,12958,108.0,109.0,9242.0
20160907.tif,20161025.tif,982,209.0,True,341.0,341,1,continued_row_with_overlap,0.0,16388,12992,84.0,94.0,5817.0
20160907.tif,20161025.tif,983,210.0,True,342.0,342,1,continued_row_with_overlap,0.0,17638,13019,112.0,118.0,10033.0
20160907.tif,20161025.tif,990,215.0,True,347.0,347,1,continued_row_with_overlap,0.0,16734,13187,88.0,95.0,6509.0
20160907.tif,20161025.tif,1002,225.0,True,357.0,357,1,continued_row_with_overlap,0.0,17990,13341,82.0,96.0,6265.0
20160907.tif,20161025.tif,1007,230.0,True,365.0,,0,continued_row_without_overlap,0.0,15758,13427,86.0,94.0,6256.0
20160907.tif,20161025.tif,1008,232.0,True,367.0,367,1,continued_row_with_overlap,0.0,17534,13445,108.0,122.0,9520.0
20160907.tif,20161025.tif,1010,232.0,True,367.0,367,1,continued_row_with_overlap,0.0,17534,13445,108.0,122.0,9520.0
20160907.tif,20161025.tif,1012,235.0,True,371.0,371,1,continued_row_with_overlap,0.0,16694,13536,110.0,114.0,9742.0
20160907.tif,20161025.tif,1028,246.0,True,388.0,388,1,continued_row_with_overlap,0.0,16400,13806,104.0,108.0,8692.0
20160907.tif,20161025.tif,1029,245.0,True,389.0,389,1,continued_row_with_overlap,0.0,18021,13801,119.0,128.0,11314.0
20160907.tif,20161025.tif,1033,248.0,True,391.0,391,1,continued_row_with_overlap,0.0,16560,13877,132.0,136.0,13802.0
20160907.tif,20161025.tif,1075,282.0,True,450.0,450,1,continued_row_with_overlap,0.0,14674,14685,148.0,148.0,16968.0
20160907.tif,20161025.tif,1080,286.0,True,456.0,456,1,continued_row_with_overlap,0.0,17230,14730,120.0,115.0,11092.0
20160907.tif,20161025.tif,1096,304.0,True,483.0,483,1,continued_row_with_overlap,0.0,15590,15121,112.0,106.0,9289.0
20160907.tif,20161025.tif,1108,310.0,True,499.0,,0,continued_row_without_overlap,0.0,14882,15584,116.0,119.0,10610.0
20160907.tif,20161025.tif,1109,311.0,True,500.0,,0,continued_row_without_overlap,0.0,16558,15598,108.0,99.0,8048.0
20160907.tif,20161025.tif,1127,319.0,True,515.0,515,1,continued_row_with_overlap,0.0,16646,16090,132.0,136.0,13778.0
20160907.tif,20161025.tif,1128,317.0,True,514.0,,0,continued_row_without_overlap,0.0,14266,16077,84.0,89.0,5732.0
20160907.tif,20161025.tif,1129,320.0,True,516.0,516,1,continued_row_with_overlap,0.0,13948,16112,120.0,133.0,12350.0
20160907.tif,20161025.tif,1130,321.0,True,517.0,517,1,continued_row_with_overlap,0.0,17040,16127,149.0,160.0,18105.0
20160907.tif,20161025.tif,1140,331.0,False,,,0,row_absent_no_mask_overlap,0.0,17132,16329,102.0,88.0,6499.0
20160907.tif,20161025.tif,1142,330.0,True,531.0,,0,continued_row_without_overlap,0.0,15200,16323,108.0,98.0,7980.0
20160907.tif,20161025.tif,1146,334.0,True,534.0,,0,continued_row_without_overlap,0.0,15338,16415,98.0,104.0,7760.0
20160907.tif,20161025.tif,1151,335.0,True,535.0,,0,continued_row_without_overlap,0.0,14228,16476,104.0,99.0,7711.0
20160907.tif,20161025.tif,1155,338.0,True,539.0,,0,continued_row_without_overlap,0.0,15474,16620,76.0,87.0,5034.0
20160907.tif,20161025.tif,1162,343.0,True,542.0,,0,continued_row_without_overlap,0.0,15078,16783,74.0,76.0,4444.0
20160907.tif,20161025.tif,1164,344.0,True,545.0,,0,continued_row_without_overlap,0.0,18310,16795,92.0,96.0,6882.0
20160907.tif,20161025.tif,1165,345.0,True,546.0,,0,continued_row_without_overlap,0.0,15502,16823,115.0,124.0,10891.0
20160907.tif,20161025.tif,1168,347.0,True,550.0,550,1,continued_row_with_overlap,0.0,17974,16883,132.0,136.0,13347.0
20160907.tif,20161025.tif,1169,351.0,True,552.0,,0,continued_row_without_overlap,0.0,17652,16909,129.0,120.0,11592.0
20160907.tif,20161025.tif,1171,353.0,True,554.0,,0,continued_row_without_overlap,0.0,14964,16961,88.0,92.0,6129.0
20160907.tif,20161025.tif,1175,354.0,True,556.0,,0,continued_row_without_overlap,0.0,15888,17049,126.0,116.0,11201.0
20160907.tif,20161025.tif,1177,356.0,True,557.0,,0,continued_row_without_overlap,0.0,15190,17079,108.0,106.0,9012.0
20160907.tif,20161025.tif,1185,361.0,True,568.0,,0,continued_row_without_overlap,0.0,17886,17323,119.0,122.0,11132.0
20160907.tif,20161025.tif,1187,363.0,False,,,0,row_absent_no_mask_overlap,0.0,14742,17365,98.0,117.0,8980.0
20160907.tif,20161025.tif,1196,368.0,True,582.0,,0,continued_row_without_overlap,0.0,18378,17527,104.0,102.0,8012.0
20160907.tif,20161025.tif,1199,373.0,True,584.0,,0,continued_row_without_overlap,0.0,16742,17591,134.0,138.0,14412.0
20160907.tif,20161025.tif,1201,375.0,True,589.0,589;600,2,continued_row_with_overlap,0.0,18346,17691,172.0,157.0,20903.0
20160907.tif,20161025.tif,1204,380.0,True,593.0,,0,continued_row_without_overlap,0.0,16650,17733,96.0,106.0,7667.0
20160907.tif,20161025.tif,1216,389.0,True,605.0,605,1,continued_row_with_overlap,0.0,18874,17935,142.0,144.0,16267.0
20160907.tif,20161025.tif,1217,390.0,True,606.0,,0,continued_row_without_overlap,0.0,16076,17963,94.0,98.0,7082.0
20160907.tif,20161025.tif,1218,393.0,True,611.0,,0,continued_row_without_overlap,0.0,19178,17975,92.0,110.0,8173.0
20160907.tif,20161025.tif,1223,399.0,False,,,0,row_absent_no_mask_overlap,0.0,17022,18045,68.0,80.0,4057.0
20160907.tif,20161025.tif,1226,405.0,True,621.0,,0,continued_row_without_overlap,0.0,19262,18135,126.0,112.0,10978.0
20160907.tif,20161025.tif,1227,406.0,True,620.0,,0,continued_row_without_overlap,0.0,18454,18141,100.0,96.0,7580.0
20160907.tif,20161025.tif,1229,410.0,True,625.0,,0,continued_row_without_overlap,0.0,19300,18313,101.0,112.0,8847.0
20160907.tif,20161025.tif,1232,415.0,True,629.0,,0,continued_row_without_overlap,0.0,16554,18579,138.0,144.0,15410.0
20160907.tif,20161025.tif,1234,417.0,True,633.0,633,1,continued_row_with_overlap,0.0,19040,18643,212.0,214.0,32752.0
20160907.tif,20161025.tif,1235,418.0,True,632.0,632,1,continued_row_with_overlap,0.0,17210,18647,158.0,176.0,20008.0
20160907.tif,20161025.tif,1240,423.0,True,638.0,,0,continued_row_without_overlap,0.0,17030,19015,150.0,124.0,13807.0
20160907.tif,20161025.tif,1244,427.0,True,643.0,,0,continued_row_without_overlap,0.0,18748,19307,139.0,144.0,15873.0
20160907.tif,20161025.tif,1248,429.0,True,644.0,,0,continued_row_without_overlap,0.0,17658,19479,64.0,64.0,3156.0
20160907.tif,20161025.tif,1254,435.0,True,651.0,,0,continued_row_without_overlap,0.0,18206,20077,122.0,114.0,10287.0
20160907.tif,20161025.tif,1290,77.0,True,140.0,140,1,continued_row_with_overlap,0.0,12724,9342,165.0,165.0,21065.0
20160907.tif,20161025.tif,1294,86.0,True,152.0,152,1,continued_row_with_overlap,0.0,13658,9686,134.0,151.0,15858.0
20160907.tif,20161025.tif,1296,108.0,True,187.0,187,1,continued_row_with_overlap,0.0,19672,10302,73.0,81.0,4435.0
20160907.tif,20161025.tif,1303,132.0,True,215.0,215,1,continued_row_with_overlap,0.0,20986,10879,116.0,100.0,8865.0
20160907.tif,20161025.tif,1306,150.0,True,243.0,243,1,continued_row_with_overlap,0.0,15466,11578,128.0,125.0,12004.0
20160907.tif,20161025.tif,1313,206.0,True,336.0,336,1,continued_row_with_overlap,0.0,19052,12879,144.0,147.0,16026.0
20160907.tif,20161025.tif,1315,216.0,True,350.0,350,1,continued_row_with_overlap,0.0,18054,13208,100.0,97.0,7566.0
20160907.tif,20161025.tif,1317,243.0,True,381.0,381,1,continued_row_with_overlap,0.0,16700,13714,106.0,113.0,9287.0
20160907.tif,20161025.tif,1319,254.0,True,403.0,403,1,continued_row_with_overlap,0.0,17058,14047,120.0,116.0,10700.0
20160907.tif,20161025.tif,1322,279.0,True,432.0,432,1,continued_row_with_overlap,0.0,18450,14409,124.0,124.0,11770.0
20160907.tif,20161025.tif,1327,316.0,True,513.0,,0,continued_row_without_overlap,0.0,10024,16045,24.0,25.0,465.0
20160907.tif,20161025.tif,1328,326.0,True,523.0,,0,continued_row_without_overlap,0.0,14062,16206,124.0,119.0,10847.0
20160907.tif,20161025.tif,1331,365.0,True,571.0,,0,continued_row_without_overlap,0.0,15270,17389,108.0,104.0,8509.0
20160907.tif,20161025.tif,1332,396.0,True,612.0,,0,continued_row_without_overlap,0.0,18626,18011,136.0,160.0,15931.0
20160907.tif,20161025.tif,1334,424.0,True,640.0,,0,continued_row_without_overlap,0.0,18896,19129,130.0,142.0,13649.0
20160907.tif,20161025.tif,1340,1.0,False,,,0,row_absent_no_mask_overlap,0.0,13744,4351,14.0,16.0,192.0
20160907.tif,20161025.tif,1341,5.0,False,,,0,row_absent_no_mask_overlap,0.0,13682,6105,92.0,100.0,6660.0
20160907.tif,20161025.tif,1342,6.0,True,3.0,3,1,continued_row_with_overlap,0.0,16624,6645,82.0,84.0,5525.0
20160907.tif,20161025.tif,1343,8.0,True,5.0,5,1,continued_row_with_overlap,0.0,16778,6679,80.0,92.0,5698.0
20160907.tif,20161025.tif,1344,9.0,True,6.0,6,1,continued_row_with_overlap,0.0,16520,6723,82.0,90.0,5786.0
20160907.tif,20161025.tif,1345,10.0,True,9.0,9,1,continued_row_with_overlap,0.0,17212,6833,90.0,98.0,6737.0
20160907.tif,20161025.tif,1346,11.0,True,10.0,,0,continued_row_without_overlap,0.0,16915,6835,51.0,58.0,2103.0
20160907.tif,20161025.tif,1347,12.0,False,,,0,row_absent_no_mask_overlap,0.0,16654,6881,108.0,136.0,11372.0
20160907.tif,20161025.tif,1348,15.0,True,19.0,19,1,continued_row_with_overlap,0.0,14250,7117,144.0,140.0,14288.0
20160907.tif,20161025.tif,1349,17.0,True,22.0,22,1,continued_row_with_overlap,0.0,19198,7173,104.0,98.0,7350.0
20160907.tif,20161025.tif,1350,20.0,True,25.0,25,1,continued_row_with_overlap,0.0,17904,7261,88.0,88.0,5570.0
20160907.tif,20161025.tif,1351,21.0,True,26.0,26,1,continued_row_with_overlap,0.0,17562,7277,108.0,116.0,9480.0
20160907.tif,20161025.tif,1352,22.0,True,27.0,27,1,continued_row_with_overlap,0.0,14152,7297,254.0,276.0,50284.0
20160907.tif,20161025.tif,1353,23.0,True,28.0,28,1,continued_row_with_overlap,0.0,17378,7315,92.0,108.0,7822.0
20160907.tif,20161025.tif,1354,25.0,True,32.0,32,1,continued_row_with_overlap,0.0,14540,7441,160.0,174.0,19840.0
20160907.tif,20161025.tif,1355,26.0,True,33.0,33,1,continued_row_with_overlap,0.0,17487,7447,95.0,94.0,6847.0
20160907.tif,20161025.tif,1356,27.0,True,34.0,34,1,continued_row_with_overlap,0.0,17638,7466,84.0,99.0,6593.0
20160907.tif,20161025.tif,1357,29.0,True,35.0,,0,continued_row_without_overlap,0.0,16674,7497,43.0,48.0,1498.0
20160907.tif,20161025.tif,1358,32.0,True,41.0,,0,continued_row_without_overlap,0.0,17050,7549,52.0,56.0,2268.0
20160907.tif,20161025.tif,1359,33.0,True,43.0,,0,continued_row_without_overlap,0.0,16068,7583,60.0,46.0,2091.0
20160907.tif,20161025.tif,1360,34.0,True,44.0,44,1,continued_row_with_overlap,0.0,17358,7605,124.0,128.0,12073.0
20160907.tif,20161025.tif,1361,38.0,True,58.0,58,1,continued_row_with_overlap,0.0,13249,7921,129.0,128.0,11926.0
20160907.tif,20161025.tif,1362,39.0,True,59.0,59,1,continued_row_with_overlap,0.0,20168,7929,68.0,72.0,3943.0
20160907.tif,20161025.tif,1363,40.0,True,63.0,63,1,continued_row_with_overlap,0.0,15642,7953,152.0,166.0,18864.0
20160907.tif,20161025.tif,1364,43.0,True,67.0,67,1,continued_row_with_overlap,0.0,13949,8035,89.0,88.0,5392.0
20160907.tif,20161025.tif,1365,47.0,False,,,0,row_absent_no_mask_overlap,0.0,11218,8105,22.0,22.0,344.0
20160907.tif,20161025.tif,1366,48.0,True,74.0,74,1,continued_row_with_overlap,0.0,12678,8105,103.0,100.0,8391.0
20160907.tif,20161025.tif,1367,50.0,True,76.0,76,1,continued_row_with_overlap,0.0,12582,8179,88.0,84.0,5187.0
20160907.tif,20161025.tif,1368,55.0,True,91.0,91,1,continued_row_with_overlap,0.0,18990,8462,74.0,68.0,3653.0
20160907.tif,20161025.tif,1369,56.0,True,94.0,94,1,continued_row_with_overlap,0.0,12509,8570,128.0,135.0,12942.0
20160907.tif,20161025.tif,1370,57.0,True,95.0,95,1,continued_row_with_overlap,0.0,14446,8610,159.0,157.0,19562.0
20160907.tif,20161025.tif,1371,58.0,True,96.0,96,1,continued_row_with_overlap,0.0,14190,8618,182.0,173.0,22866.0
20160907.tif,20161025.tif,1372,61.0,True,100.0,100,1,continued_row_with_overlap,0.0,20626,8630,118.0,107.0,10292.0
20160907.tif,20161025.tif,1373,60.0,True,98.0,,0,continued_row_without_overlap,0.0,15284,8631,70.0,64.0,3330.0
20160907.tif,20161025.tif,1374,62.0,False,,104,1,row_absent_but_mask_overlap,0.0,14582,8719,160.0,154.0,17030.0
20160907.tif,20161025.tif,1375,64.0,True,107.0,107,1,continued_row_with_overlap,0.0,20944,8789,100.0,102.0,7860.0
20160907.tif,20161025.tif,1376,66.0,True,110.0,110,1,continued_row_with_overlap,0.0,13742,8843,136.0,140.0,13860.0
20160907.tif,20161025.tif,1377,70.0,True,117.0,117,1,continued_row_with_overlap,0.0,20914,8956,74.0,82.0,4502.0
20160907.tif,20161025.tif,1378,73.0,True,128.0,128,1,continued_row_with_overlap,0.0,13906,9122,170.0,173.0,22820.0
20160907.tif,20161025.tif,1379,80.0,True,144.0,144,1,continued_row_with_overlap,0.0,16070,9510,114.0,116.0,10104.0
20160907.tif,20161025.tif,1380,82.0,True,147.0,147,1,continued_row_with_overlap,0.0,15904,9538,106.0,115.0,9673.0
20160907.tif,20161025.tif,1381,83.0,False,,,0,row_absent_no_mask_overlap,0.0,11864,9659,42.0,42.0,1306.0
20160907.tif,20161025.tif,1382,84.0,True,149.0,,0,continued_row_without_overlap,0.0,16834,9663,60.0,64.0,2989.0
20160907.tif,20161025.tif,1383,90.0,True,161.0,161,1,continued_row_with_overlap,0.0,21562,9759,92.0,80.0,5898.0
20160907.tif,20161025.tif,1384,94.0,True,162.0,,0,continued_row_without_overlap,0.0,18233,9811,63.0,55.0,2616.0
20160907.tif,20161025.tif,1385,99.0,True,172.0,172,1,continued_row_with_overlap,0.0,21292,9937,120.0,134.0,12043.0
20160907.tif,20161025.tif,1386,101.0,True,169.0,,0,continued_row_without_overlap,0.0,16594,9949,52.0,62.0,2529.0
20160907.tif,20161025.tif,1387,105.0,True,181.0,181,1,continued_row_with_overlap,0.0,21106,10103,100.0,112.0,8662.0
20160907.tif,20161025.tif,1388,106.0,False,,,0,row_absent_no_mask_overlap,0.0,18470,10138,152.0,153.0,17577.0
20160907.tif,20161025.tif,1389,107.0,True,186.0,186,1,continued_row_with_overlap,0.0,13906,10286,152.0,155.0,17804.0
20160907.tif,20161025.tif,1390,113.0,True,192.0,192,1,continued_row_with_overlap,0.0,13938,10462,106.0,101.0,8532.0
20160907.tif,20161025.tif,1391,112.0,False,,,0,row_absent_no_mask_overlap,0.0,13379,10463,45.0,41.0,1334.0
20160907.tif,20161025.tif,1392,120.0,True,199.0,199,1,continued_row_with_overlap,0.0,21710,10663,108.0,114.0,9311.0
20160907.tif,20161025.tif,1393,121.0,False,,200,1,row_absent_but_mask_overlap,0.0,17714,10706,86.0,83.0,5562.0
20160907.tif,20161025.tif,1394,122.0,True,201.0,201,1,continued_row_with_overlap,0.0,21146,10734,88.0,87.0,5630.0
20160907.tif,20161025.tif,1395,124.0,True,202.0,202,1,continued_row_with_overlap,0.0,19464,10765,62.0,64.0,3117.0
20160907.tif,20161025.tif,1396,125.0,True,206.0,206,1,continued_row_with_overlap,0.0,19898,10766,109.0,115.0,9336.0
20160907.tif,20161025.tif,1397,126.0,True,205.0,205,1,continued_row_with_overlap,0.0,19262,10774,124.0,125.0,11954.0
20160907.tif,20161025.tif,1398,129.0,True,211.0,211,1,continued_row_with_overlap,0.0,20306,10822,118.0,125.0,11360.0
20160907.tif,20161025.tif,1399,131.0,True,208.0,,0,continued_row_without_overlap,0.0,13586,10830,92.0,77.0,5120.0
20160907.tif,20161025.tif,1400,134.0,True,220.0,220,1,continued_row_with_overlap,0.0,20734,10977,56.0,76.0,3394.0
20160907.tif,20161025.tif,1401,135.0,True,219.0,219,1,continued_row_with_overlap,0.0,15650,10988,142.0,151.0,16464.0
20160907.tif,20161025.tif,1402,136.0,False,,,0,row_absent_no_mask_overlap,0.0,13040,10992,65.0,79.0,3943.0
20160907.tif,20161025.tif,1403,137.0,True,225.0,225,1,continued_row_with_overlap,0.0,17686,11090,184.0,169.0,23070.0
20160907.tif,20161025.tif,1404,138.0,False,,,0,row_absent_no_mask_overlap,0.0,19806,11150,67.0,76.0,3859.0
20160907.tif,20161025.tif,1405,139.0,True,228.0,228,1,continued_row_with_overlap,0.0,18358,11182,98.0,97.0,6911.0
20160907.tif,20161025.tif,1406,141.0,True,231.0,231,1,continued_row_with_overlap,0.0,20254,11291,122.0,134.0,12113.0
20160907.tif,20161025.tif,1407,142.0,False,,232,1,row_absent_but_mask_overlap,0.0,15718,11322,156.0,121.0,13742.0
20160907.tif,20161025.tif,1408,143.0,True,233.0,233,1,continued_row_with_overlap,0.0,19620,11357,120.0,121.0,11547.0
20160907.tif,20161025.tif,1409,144.0,True,234.0,234,1,continued_row_with_overlap,0.0,18758,11411,112.0,110.0,9867.0
20160907.tif,20161025.tif,1410,151.0,True,247.0,247,1,continued_row_with_overlap,0.0,20104,11585,104.0,132.0,10912.0
20160907.tif,20161025.tif,1411,152.0,True,246.0,,0,continued_row_without_overlap,0.0,13501,11588,59.0,57.0,2493.0
20160907.tif,20161025.tif,1412,160.0,True,262.0,262,1,continued_row_with_overlap,0.0,18500,11858,128.0,121.0,11716.0
20160907.tif,20161025.tif,1413,162.0,True,263.0,263,1,continued_row_with_overlap,0.0,14770,11878,104.0,103.0,7926.0
20160907.tif,20161025.tif,1414,164.0,False,,274,1,row_absent_but_mask_overlap,0.0,13557,11921,101.0,106.0,8013.0
20160907.tif,20161025.tif,1415,166.0,True,275.0,,0,continued_row_without_overlap,0.0,14084,11989,94.0,96.0,6940.0
20160907.tif,20161025.tif,1416,168.0,True,283.0,,0,continued_row_without_overlap,0.0,13694,12030,48.0,52.0,1846.0
20160907.tif,20161025.tif,1417,169.0,True,280.0,280,1,continued_row_with_overlap,0.0,18986,12078,168.0,128.0,16566.0
20160907.tif,20161025.tif,1418,170.0,True,281.0,281,1,continued_row_with_overlap,0.0,15258,12094,98.0,99.0,7792.0
20160907.tif,20161025.tif,1419,172.0,True,282.0,282,1,continued_row_with_overlap,0.0,15390,12098,104.0,109.0,8456.0
20160907.tif,20161025.tif,1420,173.0,True,283.0,,0,continued_row_without_overlap,0.0,13724,12107,62.0,58.0,2624.0
20160907.tif,20161025.tif,1421,174.0,True,284.0,,0,continued_row_without_overlap,0.0,17176,12123,70.0,74.0,4011.0
20160907.tif,20161025.tif,1422,175.0,True,285.0,285,1,continued_row_with_overlap,0.0,17886,12137,118.0,116.0,10445.0
20160907.tif,20161025.tif,1423,176.0,False,,,0,row_absent_no_mask_overlap,0.0,11536,12189,19.0,18.0,259.0
20160907.tif,20161025.tif,1424,177.0,True,287.0,,0,continued_row_without_overlap,0.0,13754,12220,68.0,67.0,3556.0
20160907.tif,20161025.tif,1425,178.0,True,288.0,294,1,continued_row_without_overlap,0.0,13938,12241,55.0,65.0,2564.0
20160907.tif,20161025.tif,1426,179.0,True,292.0,292,1,continued_row_with_overlap,0.0,14662,12251,120.0,115.0,10652.0
20160907.tif,20161025.tif,1427,183.0,True,297.0,297,1,continued_row_with_overlap,0.0,20814,12289,64.0,72.0,3581.0
20160907.tif,20161025.tif,1428,184.0,True,294.0,294,1,continued_row_with_overlap,0.0,13978,12299,96.0,85.0,6575.0
20160907.tif,20161025.tif,1429,188.0,True,304.0,304,1,continued_row_with_overlap,0.0,21486,12443,110.0,110.0,9168.0
20160907.tif,20161025.tif,1430,189.0,True,309.0,309,1,continued_row_with_overlap,0.0,20879,12477,90.0,90.0,6256.0
20160907.tif,20161025.tif,1431,190.0,False,,,0,row_absent_no_mask_overlap,0.0,13910,12493,30.0,28.0,623.0
20160907.tif,20161025.tif,1432,192.0,False,,,0,row_absent_no_mask_overlap,0.0,14326,12530,76.0,72.0,3870.0
20160907.tif,20161025.tif,1433,194.0,True,314.0,314,1,continued_row_with_overlap,0.0,15038,12622,88.0,95.0,6582.0
20160907.tif,20161025.tif,1434,196.0,False,,,0,row_absent_no_mask_overlap,0.0,20984,12683,98.0,100.0,7250.0
20160907.tif,20161025.tif,1435,197.0,True,317.0,317,1,continued_row_with_overlap,0.0,15778,12701,98.0,105.0,7864.0
20160907.tif,20161025.tif,1436,198.0,True,318.0,318,1,continued_row_with_overlap,0.0,15614,12718,92.0,105.0,7312.0
20160907.tif,20161025.tif,1437,199.0,True,323.0,323,1,continued_row_with_overlap,0.0,18212,12727,96.0,83.0,6154.0
20160907.tif,20161025.tif,1438,202.0,True,328.0,328,1,continued_row_with_overlap,0.0,15706,12821,136.0,142.0,14852.0
20160907.tif,20161025.tif,1439,204.0,True,332.0,332,1,continued_row_with_overlap,0.0,18128,12867,106.0,110.0,9359.0
20160907.tif,20161025.tif,1440,211.0,True,343.0,,0,continued_row_without_overlap,0.0,14522,13029,65.0,65.0,3204.0
20160907.tif,20161025.tif,1441,214.0,True,346.0,,0,continued_row_without_overlap,0.0,15610,13174,90.0,92.0,6192.0
20160907.tif,20161025.tif,1442,218.0,False,,,0,row_absent_no_mask_overlap,0.0,14632,13273,66.0,74.0,3723.0
20160907.tif,20161025.tif,1443,219.0,True,354.0,354,1,continued_row_with_overlap,0.0,15610,13298,90.0,104.0,7664.0
20160907.tif,20161025.tif,1444,220.0,True,353.0,,0,continued_row_without_overlap,0.0,14748,13309,62.0,57.0,2751.0
20160907.tif,20161025.tif,1445,222.0,True,355.0,,0,continued_row_without_overlap,0.0,11786,13319,23.0,24.0,373.0
20160907.tif,20161025.tif,1446,223.0,True,356.0,356,1,continued_row_with_overlap,0.0,18924,13323,106.0,98.0,7440.0
20160907.tif,20161025.tif,1447,224.0,True,358.0,358,1,continued_row_with_overlap,0.0,16759,13338,136.0,133.0,13156.0
20160907.tif,20161025.tif,1448,226.0,True,359.0,,0,continued_row_without_overlap,0.0,18650,13345,58.0,58.0,2594.0
20160907.tif,20161025.tif,1449,227.0,True,360.0,360,1,continued_row_with_overlap,0.0,15900,13350,118.0,119.0,10438.0
20160907.tif,20161025.tif,1450,228.0,True,362.0,,0,continued_row_without_overlap,0.0,18742,13369,54.0,62.0,2551.0
20160907.tif,20161025.tif,1451,229.0,True,366.0,,0,continued_row_without_overlap,0.0,18103,13423,71.0,66.0,3568.0
20160907.tif,20161025.tif,1452,231.0,False,,,0,row_absent_no_mask_overlap,0.0,14790,13430,70.0,79.0,4080.0
20160907.tif,20161025.tif,1453,233.0,True,370.0,,0,continued_row_without_overlap,0.0,18787,13475,59.0,63.0,2789.0
20160907.tif,20161025.tif,1454,234.0,True,369.0,369,1,continued_row_with_overlap,0.0,18494,13477,98.0,84.0,6508.0
20160907.tif,20161025.tif,1455,236.0,True,372.0,372,1,continued_row_with_overlap,0.0,18846,13537,76.0,81.0,4805.0
20160907.tif,20161025.tif,1456,238.0,True,376.0,,0,continued_row_without_overlap,0.0,18694,13589,67.0,70.0,3628.0
20160907.tif,20161025.tif,1457,239.0,True,375.0,,0,continued_row_without_overlap,0.0,15262,13601,79.0,88.0,5379.0
20160907.tif,20161025.tif,1458,240.0,True,378.0,,0,continued_row_without_overlap,0.0,16570,13629,48.0,50.0,1886.0
20160907.tif,20161025.tif,1459,241.0,True,379.0,379,1,continued_row_with_overlap,0.0,17834,13671,100.0,111.0,8633.0
20160907.tif,20161025.tif,1460,242.0,False,,,0,row_absent_no_mask_overlap,0.0,12692,13673,27.0,30.0,606.0
20160907.tif,20161025.tif,1461,244.0,True,385.0,385,1,continued_row_with_overlap,0.0,17546,13752,102.0,109.0,8653.0
20160907.tif,20161025.tif,1462,247.0,True,390.0,,0,continued_row_without_overlap,0.0,15270,13846,82.0,91.0,5686.0
20160907.tif,20161025.tif,1463,249.0,True,393.0,393,1,continued_row_with_overlap,0.0,19286,13882,82.0,91.0,5864.0
20160907.tif,20161025.tif,1464,251.0,True,396.0,,0,continued_row_without_overlap,0.0,18581,13965,81.0,80.0,5046.0
20160907.tif,20161025.tif,1465,252.0,True,397.0,,0,continued_row_without_overlap,0.0,16016,13997,62.0,70.0,3377.0
20160907.tif,20161025.tif,1466,253.0,False,,,0,row_absent_no_mask_overlap,0.0,12841,14045,44.0,41.0,1303.0
20160907.tif,20161025.tif,1467,255.0,True,402.0,,0,continued_row_without_overlap,0.0,16462,14051,32.0,31.0,797.0
20160907.tif,20161025.tif,1468,256.0,True,406.0,406,1,continued_row_with_overlap,0.0,19286,14065,80.0,85.0,5637.0
20160907.tif,20161025.tif,1469,257.0,True,409.0,409,1,continued_row_with_overlap,0.0,19132,14109,126.0,128.0,12626.0
20160907.tif,20161025.tif,1470,258.0,True,408.0,,0,continued_row_without_overlap,0.0,16064,14119,89.0,94.0,6442.0
20160907.tif,20161025.tif,1471,260.0,True,411.0,,0,continued_row_without_overlap,0.0,15682,14134,92.0,99.0,6836.0
20160907.tif,20161025.tif,1472,259.0,True,410.0,,0,continued_row_without_overlap,0.0,13444,14135,46.0,53.0,1850.0
20160907.tif,20161025.tif,1473,261.0,True,412.0,,0,continued_row_without_overlap,0.0,16593,14149,47.0,57.0,2096.0
20160907.tif,20161025.tif,1474,262.0,True,414.0,,0,continued_row_without_overlap,0.0,17554,14153,72.0,69.0,3874.0
20160907.tif,20161025.tif,1475,263.0,True,416.0,,0,continued_row_without_overlap,0.0,17210,14199,74.0,82.0,4869.0
20160907.tif,20161025.tif,1476,266.0,True,418.0,418,1,continued_row_with_overlap,0.0,17363,14245,107.0,106.0,8656.0
20160907.tif,20161025.tif,1477,267.0,True,421.0,,0,continued_row_without_overlap,0.0,19746,14251,68.0,54.0,2834.0
20160907.tif,20161025.tif,1478,268.0,True,419.0,419,1,continued_row_with_overlap,0.0,15874,14255,104.0,115.0,9171.0
20160907.tif,20161025.tif,1479,269.0,True,422.0,,0,continued_row_without_overlap,0.0,19915,14255,32.0,24.0,618.0
20160907.tif,20161025.tif,1480,271.0,False,,,0,row_absent_no_mask_overlap,0.0,12686,14258,51.0,57.0,1999.0
20160907.tif,20161025.tif,1481,272.0,True,420.0,420,1,continued_row_with_overlap,0.0,16242,14259,120.0,115.0,10572.0
20160907.tif,20161025.tif,1482,274.0,True,426.0,426,1,continued_row_with_overlap,0.0,17424,14369,102.0,108.0,8631.0
20160907.tif,20161025.tif,1483,275.0,False,,,0,row_absent_no_mask_overlap,0.0,13048,14387,89.0,83.0,5447.0
20160907.tif,20161025.tif,1484,276.0,True,431.0,,0,continued_row_without_overlap,0.0,18249,14394,63.0,63.0,3056.0
20160907.tif,20161025.tif,1485,278.0,False,,,0,row_absent_no_mask_overlap,0.0,13450,14401,16.0,14.0,156.0
20160907.tif,20161025.tif,1486,280.0,True,442.0,,0,continued_row_without_overlap,0.0,19054,14605,56.0,65.0,2753.0
20160907.tif,20161025.tif,1487,281.0,False,,,0,row_absent_no_mask_overlap,0.0,12890,14646,19.0,20.0,293.0
20160907.tif,20161025.tif,1488,283.0,True,451.0,,0,continued_row_without_overlap,0.0,17444,14699,50.0,55.0,2087.0
20160907.tif,20161025.tif,1489,284.0,True,454.0,,0,continued_row_without_overlap,0.0,19142,14705,54.0,59.0,2677.0
20160907.tif,20161025.tif,1490,285.0,False,,,0,row_absent_no_mask_overlap,0.0,13399,14713,81.0,80.0,4996.0
20160907.tif,20161025.tif,1491,287.0,False,,,0,row_absent_no_mask_overlap,0.0,13322,14782,28.0,24.0,480.0
20160907.tif,20161025.tif,1492,289.0,True,469.0,,0,continued_row_without_overlap,0.0,20850,14837,66.0,68.0,3473.0
20160907.tif,20161025.tif,1493,290.0,True,466.0,,0,continued_row_without_overlap,0.0,18542,14843,62.0,63.0,3043.0
20160907.tif,20161025.tif,1494,291.0,False,,468,1,row_absent_but_mask_overlap,0.0,17726,14858,98.0,104.0,8304.0
20160907.tif,20161025.tif,1495,292.0,False,,,0,row_absent_no_mask_overlap,0.0,21008,14879,70.0,51.0,2782.0
20160907.tif,20161025.tif,1496,293.0,True,470.0,,0,continued_row_without_overlap,0.0,17940,14886,62.0,55.0,2526.0
20160907.tif,20161025.tif,1497,295.0,True,473.0,,0,continued_row_without_overlap,0.0,18134,14905,58.0,57.0,2497.0
20160907.tif,20161025.tif,1498,296.0,False,,,0,row_absent_no_mask_overlap,0.0,20812,14907,74.0,82.0,4608.0
20160907.tif,20161025.tif,1499,297.0,True,472.0,,0,continued_row_without_overlap,0.0,13598,14917,42.0,48.0,1541.0
20160907.tif,20161025.tif,1500,299.0,False,,,0,row_absent_no_mask_overlap,0.0,20536,14955,118.0,95.0,8405.0
20160907.tif,20161025.tif,1501,300.0,True,478.0,,0,continued_row_without_overlap,0.0,17674,14965,82.0,82.0,5268.0
20160907.tif,20161025.tif,1502,301.0,True,480.0,,0,continued_row_without_overlap,0.0,17841,14995,53.0,56.0,2140.0
20160907.tif,20161025.tif,1503,302.0,True,481.0,,0,continued_row_without_overlap,0.0,17510,15010,80.0,84.0,4951.0
20160907.tif,20161025.tif,1504,303.0,True,482.0,482,1,continued_row_with_overlap,0.0,14586,15106,176.0,168.0,22960.0
20160907.tif,20161025.tif,1505,305.0,False,,,0,row_absent_no_mask_overlap,0.0,14442,15250,96.0,104.0,7754.0
20160907.tif,20161025.tif,1506,306.0,False,,495,1,row_absent_but_mask_overlap,0.0,15768,15355,124.0,124.0,11605.0
20160907.tif,20161025.tif,1507,307.0,False,,,0,row_absent_no_mask_overlap,0.0,16344,15374,82.0,85.0,5131.0
20160907.tif,20161025.tif,1508,309.0,True,498.0,498,1,continued_row_with_overlap,0.0,17031,15571,111.0,118.0,9942.0
20160907.tif,20161025.tif,1509,312.0,True,502.0,,0,continued_row_without_overlap,0.0,16681,15629,105.0,106.0,8105.0
20160907.tif,20161025.tif,1510,313.0,True,509.0,,0,continued_row_without_overlap,0.0,15112,15985,92.0,98.0,6947.0
20160907.tif,20161025.tif,1511,314.0,True,510.0,,0,continued_row_without_overlap,0.0,13057,16017,79.0,89.0,5420.0
20160907.tif,20161025.tif,1512,315.0,True,512.0,,0,continued_row_without_overlap,0.0,14602,16035,104.0,110.0,8700.0
20160907.tif,20161025.tif,1513,322.0,True,518.0,,0,continued_row_without_overlap,0.0,13136,16150,125.0,112.0,10361.0
20160907.tif,20161025.tif,1514,323.0,True,519.0,,0,continued_row_without_overlap,0.0,10120,16157,22.0,22.0,340.0
20160907.tif,20161025.tif,1515,324.0,True,520.0,,0,continued_row_without_overlap,0.0,12926,16163,119.0,116.0,10589.0
20160907.tif,20161025.tif,1516,325.0,False,,,0,row_absent_no_mask_overlap,0.0,10090,16187,16.0,20.0,212.0
20160907.tif,20161025.tif,1517,327.0,True,525.0,530,1,continued_row_without_overlap,0.0,15442,16214,82.0,86.0,5140.0
20160907.tif,20161025.tif,1518,328.0,True,529.0,,0,continued_row_without_overlap,0.0,18258,16273,89.0,98.0,6533.0
20160907.tif,20161025.tif,1519,329.0,True,530.0,,0,continued_row_without_overlap,0.0,15454,16317,112.0,108.0,9144.0
20160907.tif,20161025.tif,1520,336.0,True,536.0,536,1,continued_row_with_overlap,0.0,17574,16547,154.0,154.0,17516.0
20160907.tif,20161025.tif,1521,339.0,True,540.0,,0,continued_row_without_overlap,0.0,16648,16625,72.0,80.0,4524.0
20160907.tif,20161025.tif,1522,346.0,True,548.0,,0,continued_row_without_overlap,0.0,15205,16877,40.0,36.0,1052.0
20160907.tif,20161025.tif,1523,349.0,False,,,0,row_absent_no_mask_overlap,0.0,14488,16901,82.0,87.0,5166.0
20160907.tif,20161025.tif,1524,355.0,False,,,0,row_absent_no_mask_overlap,0.0,14254,17063,64.0,72.0,3296.0
20160907.tif,20161025.tif,1525,358.0,False,,,0,row_absent_no_mask_overlap,0.0,18922,17183,108.0,116.0,9607.0
20160907.tif,20161025.tif,1526,359.0,True,566.0,,0,continued_row_without_overlap,0.0,17582,17247,71.0,70.0,3734.0
20160907.tif,20161025.tif,1527,360.0,False,,,0,row_absent_no_mask_overlap,0.0,17386,17303,36.0,28.0,768.0
20160907.tif,20161025.tif,1528,364.0,True,572.0,,0,continued_row_without_overlap,0.0,19883,17373,83.0,80.0,4980.0
20160907.tif,20161025.tif,1529,366.0,True,573.0,,0,continued_row_without_overlap,0.0,18712,17415,108.0,104.0,8728.0
20160907.tif,20161025.tif,1530,367.0,True,576.0,,0,continued_row_without_overlap,0.0,17348,17483,96.0,92.0,6489.0
20160907.tif,20161025.tif,1531,370.0,True,580.0,,0,continued_row_without_overlap,0.0,14626,17545,144.0,138.0,14964.0
20160907.tif,20161025.tif,1532,372.0,True,586.0,,0,continued_row_without_overlap,0.0,19777,17587,102.0,114.0,9191.0
20160907.tif,20161025.tif,1533,374.0,True,585.0,,0,continued_row_without_overlap,0.0,17300,17613,71.0,88.0,4983.0
20160907.tif,20161025.tif,1534,376.0,True,588.0,,0,continued_row_without_overlap,0.0,17206,17702,73.0,81.0,4585.0
20160907.tif,20161025.tif,1535,377.0,True,591.0,,0,continued_row_without_overlap,0.0,15924,17723,101.0,106.0,8407.0
20160907.tif,20161025.tif,1536,381.0,True,594.0,,0,continued_row_without_overlap,0.0,15304,17755,76.0,74.0,4279.0
20160907.tif,20161025.tif,1537,382.0,False,,,0,row_absent_no_mask_overlap,0.0,15135,17775,74.0,76.0,4278.0
20160907.tif,20161025.tif,1538,383.0,False,,,0,row_absent_no_mask_overlap,0.0,15046,17779,56.0,54.0,2048.0
20160907.tif,20161025.tif,1539,384.0,True,599.0,,0,continued_row_without_overlap,0.0,17143,17830,87.0,92.0,6143.0
20160907.tif,20161025.tif,1540,385.0,True,600.0,,0,continued_row_without_overlap,0.0,18510,17835,67.0,66.0,3412.0
20160907.tif,20161025.tif,1541,386.0,False,,,0,row_absent_no_mask_overlap,0.0,14702,17863,88.0,88.0,5964.0
20160907.tif,20161025.tif,1542,387.0,True,603.0,,0,continued_row_without_overlap,0.0,15512,17919,104.0,106.0,8660.0
20160907.tif,20161025.tif,1543,388.0,True,604.0,,0,continued_row_without_overlap,0.0,15820,17931,86.0,88.0,5800.0
20160907.tif,20161025.tif,1544,392.0,False,,,0,row_absent_no_mask_overlap,0.0,14678,17975,86.0,92.0,6220.0
20160907.tif,20161025.tif,1545,401.0,False,,,0,row_absent_no_mask_overlap,0.0,15302,18083,48.0,50.0,1584.0
20160907.tif,20161025.tif,1546,402.0,True,617.0,,0,continued_row_without_overlap,0.0,15602,18103,94.0,78.0,5652.0
20160907.tif,20161025.tif,1547,403.0,True,618.0,,0,continued_row_without_overlap,0.0,18204,18103,54.0,50.0,2106.0
20160907.tif,20161025.tif,1548,404.0,False,,,0,row_absent_no_mask_overlap,0.0,14648,18115,126.0,126.0,11500.0
20160907.tif,20161025.tif,1549,408.0,True,623.0,,0,continued_row_without_overlap,0.0,15850,18170,78.0,85.0,5301.0
20160907.tif,20161025.tif,1550,411.0,True,626.0,,0,continued_row_without_overlap,0.0,17318,18385,90.0,80.0,5132.0
20160907.tif,20161025.tif,1551,419.0,False,,,0,row_absent_no_mask_overlap,0.0,16426,18699,88.0,106.0,7220.0
20160907.tif,20161025.tif,1552,420.0,True,635.0,,0,continued_row_without_overlap,0.0,17709,18871,95.0,98.0,7242.0
20160907.tif,20161025.tif,1553,422.0,True,637.0,,0,continued_row_without_overlap,0.0,17542,19007,102.0,102.0,7949.0
20160907.tif,20161025.tif,1554,425.0,True,641.0,641,1,continued_row_with_overlap,0.0,17392,19215,200.0,154.0,23136.0
20160907.tif,20161025.tif,1555,426.0,True,642.0,,0,continued_row_without_overlap,0.0,18282,19291,160.0,164.0,20452.0
20160907.tif,20161025.tif,1556,428.0,False,,,0,row_absent_no_mask_overlap,0.0,16798,19475,108.0,108.0,8460.0
20160907.tif,20161025.tif,1557,430.0,False,,,0,row_absent_no_mask_overlap,0.0,10016,19525,41.0,41.0,1140.0
20160907.tif,20161025.tif,1558,433.0,True,648.0,,0,continued_row_without_overlap,0.0,17422,19803,94.0,104.0,7604.0
20160907.tif,20161025.tif,1559,436.0,True,652.0,,0,continued_row_without_overlap,0.0,17186,20119,60.0,62.0,3160.0
20160907.tif,20161025.tif,1560,437.0,True,653.0,,0,continued_row_without_overlap,0.0,17769,20215,57.0,52.0,2208.0
20160907.tif,20161025.tif,1561,438.0,True,655.0,,0,continued_row_without_overlap,0.0,17686,20323,126.0,124.0,12376.0
20161025.tif,20170714.tif,144,64.0,False,,,0,row_absent_no_mask_overlap,0.0,12922,7917,155.0,148.0,18360.0
20161025.tif,20170714.tif,149,66.0,False,,,0,row_absent_no_mask_overlap,0.0,12475,7985,121.0,123.0,10518.0
20161025.tif,20170714.tif,170,84.0,True,49.0,,0,continued_row_without_overlap,0.0,14434,8331,184.0,188.0,26074.0
20161025.tif,20170714.tif,243,160.0,False,,,0,row_absent_no_mask_overlap,0.0,17666,9743,130.0,138.0,14107.0
20161025.tif,20170714.tif,282,217.0,False,,,0,row_absent_no_mask_overlap,0.0,13418,10918,176.0,173.0,23638.0
20161025.tif,20170714.tif,297,239.0,True,160.0,160,1,continued_row_with_overlap,0.0,18079,11447,121.0,123.0,10910.0
20161025.tif,20170714.tif,358,345.0,True,231.0,,0,continued_row_without_overlap,0.0,16358,13088,94.0,97.0,7083.0
20161025.tif,20170714.tif,461,489.0,False,,,0,row_absent_no_mask_overlap,0.0,14742,15310,152.0,145.0,17333.0
20161025.tif,20170714.tif,476,533.0,False,,,0,row_absent_no_mask_overlap,0.0,17762,16286,212.0,217.0,33676.0
20161025.tif,20170714.tif,477,532.0,True,368.0,368,1,continued_row_with_overlap,0.0,16338,16274,212.0,205.0,35514.0
20161025.tif,20170714.tif,483,541.0,False,,378,1,row_absent_but_mask_overlap,0.0,17542,16653,162.0,172.0,21107.0
20161025.tif,20170714.tif,484,551.0,True,385.0,385,1,continued_row_with_overlap,0.0,16542,16831,184.0,174.0,24201.0
20161025.tif,20170714.tif,486,553.0,True,387.0,387,1,continued_row_with_overlap,0.0,16290,16875,204.0,194.0,31116.0
20161025.tif,20170714.tif,488,559.0,True,391.0,391,1,continued_row_with_overlap,0.0,16770,17019,209.0,204.0,32736.0
20161025.tif,20170714.tif,498,592.0,True,408.0,,0,continued_row_without_overlap,0.0,16238,17647,152.0,152.0,17432.0
20161025.tif,20170714.tif,517,630.0,True,430.0,,0,continued_row_without_overlap,0.0,17824,18507,140.0,140.0,14576.0
20161025.tif,20170714.tif,592,11.0,False,,,0,row_absent_no_mask_overlap,0.0,18916,6893,94.0,100.0,7310.0
20161025.tif,20170714.tif,611,23.0,False,,,0,row_absent_no_mask_overlap,0.0,16564,7149,101.0,104.0,8464.0
20161025.tif,20170714.tif,615,24.0,False,,,0,row_absent_no_mask_overlap,0.0,18029,7161,117.0,116.0,10544.0
20161025.tif,20170714.tif,628,37.0,False,,,0,row_absent_no_mask_overlap,0.0,18042,7465,100.0,104.0,7631.0
20161025.tif,20170714.tif,636,37.0,False,,,0,row_absent_no_mask_overlap,0.0,18042,7465,100.0,104.0,7631.0
20161025.tif,20170714.tif,680,71.0,False,,,0,row_absent_no_mask_overlap,0.0,18642,8019,91.0,90.0,6643.0
20161025.tif,20170714.tif,684,75.0,True,40.0,,0,continued_row_without_overlap,0.0,18038,8107,90.0,103.0,6766.0
20161025.tif,20170714.tif,693,81.0,False,,,0,row_absent_no_mask_overlap,0.0,18320,8231,102.0,104.0,7897.0
20161025.tif,20170714.tif,697,83.0,False,,,0,row_absent_no_mask_overlap,0.0,18070,8292,102.0,101.0,7613.0
20161025.tif,20170714.tif,723,106.0,True,59.0,,0,continued_row_without_overlap,0.0,15719,8750,126.0,119.0,11549.0
20161025.tif,20170714.tif,727,109.0,True,60.0,,0,continued_row_without_overlap,0.0,18186,8766,106.0,113.0,9442.0
20161025.tif,20170714.tif,731,111.0,True,62.0,,0,continued_row_without_overlap,0.0,18098,8895,108.0,114.0,9572.0
20161025.tif,20170714.tif,734,121.0,False,,,0,row_absent_no_mask_overlap,0.0,19044,8957,72.0,80.0,4492.0
20161025.tif,20170714.tif,746,130.0,True,71.0,,0,continued_row_without_overlap,0.0,18722,9156,92.0,97.0,7152.0
20161025.tif,20170714.tif,769,146.0,True,78.0,,0,continued_row_without_overlap,0.0,18919,9491,115.0,131.0,11801.0
20161025.tif,20170714.tif,774,151.0,False,,,0,row_absent_no_mask_overlap,0.0,17571,9630,77.0,87.0,5307.0
20161025.tif,20170714.tif,783,159.0,True,98.0,,0,continued_row_without_overlap,0.0,19024,9721,108.0,114.0,9303.0
20161025.tif,20170714.tif,786,165.0,False,,102,1,row_absent_but_mask_overlap,0.0,21362,9811,84.0,88.0,5550.0
20161025.tif,20170714.tif,792,171.0,True,106.0,106,1,continued_row_with_overlap,0.0,20947,9910,95.0,104.0,7634.0
20161025.tif,20170714.tif,802,177.0,True,111.0,111,1,continued_row_with_overlap,0.0,18808,10061,115.0,112.0,10048.0
20161025.tif,20170714.tif,810,191.0,True,121.0,,0,continued_row_without_overlap,0.0,17985,10397,83.0,96.0,6160.0
20161025.tif,20170714.tif,814,193.0,True,122.0,,0,continued_row_without_overlap,0.0,18530,10446,96.0,104.0,7776.0
20161025.tif,20170714.tif,816,195.0,True,123.0,,0,continued_row_without_overlap,0.0,20828,10489,74.0,76.0,4117.0
20161025.tif,20170714.tif,817,194.0,False,,,0,row_absent_no_mask_overlap,0.0,19520,10467,112.0,118.0,9526.0
20161025.tif,20170714.tif,820,196.0,True,124.0,124,1,continued_row_with_overlap,0.0,20580,10531,106.0,110.0,8776.0
20161025.tif,20170714.tif,827,198.0,False,,,0,row_absent_no_mask_overlap,0.0,19108,10630,102.0,105.0,8398.0
20161025.tif,20170714.tif,828,197.0,True,126.0,126,1,continued_row_with_overlap,0.0,20110,10621,88.0,94.0,6093.0
20161025.tif,20170714.tif,839,204.0,True,131.0,131,1,continued_row_with_overlap,0.0,21306,10733,82.0,102.0,6182.0
20161025.tif,20170714.tif,846,210.0,False,,,0,row_absent_no_mask_overlap,0.0,17397,10786,101.0,112.0,8653.0
20161025.tif,20170714.tif,863,230.0,True,149.0,149,1,continued_row_with_overlap,0.0,18494,11194,148.0,144.0,16212.0
20161025.tif,20170714.tif,870,236.0,True,157.0,157,1,continued_row_with_overlap,0.0,21260,11417,71.0,80.0,4421.0
20161025.tif,20170714.tif,872,238.0,True,163.0,,0,continued_row_without_overlap,0.0,17186,11438,86.0,88.0,5709.0
20161025.tif,20170714.tif,873,237.0,False,,,0,row_absent_no_mask_overlap,0.0,19846,11434,86.0,95.0,6301.0
20161025.tif,20170714.tif,885,250.0,False,,168,1,row_absent_but_mask_overlap,0.0,17220,11643,80.0,91.0,5325.0
20161025.tif,20170714.tif,889,254.0,True,174.0,,0,continued_row_without_overlap,0.0,18042,11689,92.0,104.0,6834.0
20161025.tif,20170714.tif,890,253.0,True,173.0,173,1,continued_row_with_overlap,0.0,17574,11689,114.0,128.0,11048.0
20161025.tif,20170714.tif,893,257.0,True,172.0,172,1,continued_row_with_overlap,0.0,21340,11719,94.0,102.0,7275.0
20161025.tif,20170714.tif,895,258.0,True,176.0,,0,continued_row_without_overlap,0.0,14824,11729,102.0,100.0,7924.0
20161025.tif,20170714.tif,903,265.0,True,184.0,182,1,continued_row_without_overlap,0.0,15002,11826,104.0,105.0,8720.0
20161025.tif,20170714.tif,912,269.0,True,185.0,185,1,continued_row_with_overlap,0.0,17748,11891,140.0,150.0,15502.0
20161025.tif,20170714.tif,919,278.0,True,187.0,187,1,continued_row_with_overlap,0.0,21426,12007,102.0,106.0,7689.0
20161025.tif,20170714.tif,938,298.0,True,200.0,,0,continued_row_without_overlap,0.0,18842,12287,68.0,72.0,3715.0
20161025.tif,20170714.tif,940,299.0,True,201.0,201,1,continued_row_with_overlap,0.0,17218,12334,110.0,111.0,9272.0
20161025.tif,20170714.tif,950,310.0,True,210.0,,0,continued_row_without_overlap,0.0,15582,12458,84.0,89.0,5910.0
20161025.tif,20170714.tif,955,311.0,False,,210,1,row_absent_but_mask_overlap,0.0,15683,12541,103.0,117.0,9309.0
20161025.tif,20170714.tif,958,316.0,False,,,0,row_absent_no_mask_overlap,0.0,20878,12610,93.0,96.0,6760.0
20161025.tif,20170714.tif,969,326.0,True,222.0,,0,continued_row_without_overlap,0.0,16914,12751,112.0,116.0,9974.0
20161025.tif,20170714.tif,971,329.0,True,219.0,219,1,continued_row_with_overlap,0.0,18506,12774,151.0,155.0,17558.0
20161025.tif,20170714.tif,976,333.0,False,,,0,row_absent_no_mask_overlap,0.0,17642,12830,118.0,123.0,10812.0
20161025.tif,20170714.tif,981,340.0,False,,,0,row_absent_no_mask_overlap,0.0,17462,12914,106.0,101.0,8479.0
20161025.tif,20170714.tif,982,341.0,True,225.0,,0,continued_row_without_overlap,0.0,16374,12943,78.0,90.0,5476.0
20161025.tif,20170714.tif,983,342.0,False,,,0,row_absent_no_mask_overlap,0.0,17616,12973,114.0,117.0,10004.0
20161025.tif,20170714.tif,990,347.0,True,235.0,,0,continued_row_without_overlap,0.0,16714,13134,90.0,96.0,6735.0
20161025.tif,20170714.tif,1002,357.0,True,240.0,,0,continued_row_without_overlap,0.0,17965,13289,87.0,102.0,6831.0
20161025.tif,20170714.tif,1007,365.0,False,,,0,row_absent_no_mask_overlap,0.0,15742,13373,86.0,90.0,5665.0
20161025.tif,20170714.tif,1008,367.0,False,,,0,row_absent_no_mask_overlap,0.0,17508,13402,114.0,120.0,9826.0
20161025.tif,20170714.tif,1010,367.0,False,,,0,row_absent_no_mask_overlap,0.0,17508,13402,114.0,120.0,9826.0
20161025.tif,20170714.tif,1012,371.0,True,254.0,,0,continued_row_without_overlap,0.0,16672,13481,113.0,120.0,10499.0
20161025.tif,20170714.tif,1028,388.0,True,284.0,,0,continued_row_without_overlap,0.0,16379,13749,105.0,108.0,8877.0
20161025.tif,20170714.tif,1029,389.0,True,279.0,279,1,continued_row_with_overlap,0.0,17994,13758,116.0,124.0,10926.0
20161025.tif,20170714.tif,1033,391.0,True,287.0,287,1,continued_row_with_overlap,0.0,16538,13819,132.0,138.0,14068.0
20161025.tif,20170714.tif,1075,450.0,False,,,0,row_absent_no_mask_overlap,0.0,14658,14613,149.0,154.0,16476.0
20161025.tif,20170714.tif,1080,456.0,False,,,0,row_absent_no_mask_overlap,0.0,17208,14669,116.0,121.0,10657.0
20161025.tif,20170714.tif,1096,483.0,True,332.0,,0,continued_row_without_overlap,0.0,15570,15050,113.0,115.0,10269.0
20161025.tif,20170714.tif,1108,499.0,False,,,0,row_absent_no_mask_overlap,0.0,14866,15514,116.0,115.0,10233.0
20161025.tif,20170714.tif,1109,500.0,False,,345,1,row_absent_but_mask_overlap,0.0,16530,15533,114.0,98.0,8066.0
20161025.tif,20170714.tif,1127,515.0,False,,,0,row_absent_no_mask_overlap,0.0,16616,16019,134.0,136.0,13652.0
20161025.tif,20170714.tif,1128,514.0,False,,,0,row_absent_no_mask_overlap,0.0,14252,15999,84.0,88.0,5697.0
20161025.tif,20170714.tif,1129,516.0,False,,,0,row_absent_no_mask_overlap,0.0,13936,16031,122.0,135.0,12703.0
20161025.tif,20170714.tif,1130,517.0,False,,,0,row_absent_no_mask_overlap,0.0,17008,16059,154.0,160.0,18787.0
20161025.tif,20170714.tif,1142,531.0,False,,,0,row_absent_no_mask_overlap,0.0,15186,16246,102.0,95.0,7392.0
20161025.tif,20170714.tif,1146,534.0,False,,,0,row_absent_no_mask_overlap,0.0,15316,16333,98.0,108.0,7835.0
20161025.tif,20170714.tif,1151,535.0,False,,,0,row_absent_no_mask_overlap,0.0,14218,16395,97.0,96.0,7144.0
20161025.tif,20170714.tif,1155,539.0,True,376.0,,0,continued_row_without_overlap,0.0,15454,16542,68.0,83.0,4415.0
20161025.tif,20170714.tif,1162,542.0,False,,,0,row_absent_no_mask_overlap,0.0,15058,16700,70.0,75.0,4014.0
20161025.tif,20170714.tif,1164,545.0,False,,,0,row_absent_no_mask_overlap,0.0,18282,16739,78.0,82.0,4885.0
20161025.tif,20170714.tif,1165,546.0,True,381.0,,0,continued_row_without_overlap,0.0,15478,16741,109.0,122.0,9886.0
20161025.tif,20170714.tif,1168,550.0,False,,,0,row_absent_no_mask_overlap,0.0,17948,16827,114.0,116.0,10584.0
20161025.tif,20170714.tif,1169,552.0,True,383.0,,0,continued_row_without_overlap,0.0,17614,16851,130.0,110.0,11019.0
20161025.tif,20170714.tif,1171,554.0,False,,,0,row_absent_no_mask_overlap,0.0,14946,16879,84.0,88.0,5657.0
20161025.tif,20170714.tif,1175,556.0,True,390.0,,0,continued_row_without_overlap,0.0,15861,16971,122.0,110.0,10383.0
20161025.tif,20170714.tif,1177,557.0,False,,,0,row_absent_no_mask_overlap,0.0,15170,16995,102.0,106.0,8322.0
20161025.tif,20170714.tif,1185,568.0,False,,397,1,row_absent_but_mask_overlap,0.0,17844,17251,120.0,126.0,11221.0
20161025.tif,20170714.tif,1196,582.0,False,,,0,row_absent_no_mask_overlap,0.0,18332,17463,100.0,92.0,6804.0
20161025.tif,20170714.tif,1199,584.0,False,,,0,row_absent_no_mask_overlap,0.0,16704,17507,138.0,140.0,14673.0
20161025.tif,20170714.tif,1201,589.0,False,,,0,row_absent_no_mask_overlap,0.0,18298,17618,173.0,161.0,20920.0
20161025.tif,20170714.tif,1204,593.0,True,410.0,,0,continued_row_without_overlap,0.0,16614,17651,97.0,106.0,7621.0
20161025.tif,20170714.tif,1216,605.0,True,416.0,416,1,continued_row_with_overlap,0.0,18814,17867,148.0,144.0,16280.0
20161025.tif,20170714.tif,1217,606.0,True,419.0,,0,continued_row_without_overlap,0.0,16044,17877,92.0,96.0,7049.0
20161025.tif,20170714.tif,1218,611.0,False,,,0,row_absent_no_mask_overlap,0.0,19126,17927,84.0,88.0,5512.0
20161025.tif,20170714.tif,1226,621.0,False,,,0,row_absent_no_mask_overlap,0.0,19206,18075,120.0,100.0,9114.0
20161025.tif,20170714.tif,1227,620.0,True,423.0,,0,continued_row_without_overlap,0.0,18402,18065,98.0,98.0,7614.0
20161025.tif,20170714.tif,1229,625.0,True,424.0,,0,continued_row_without_overlap,0.0,19242,18256,100.0,99.0,7773.0
20161025.tif,20170714.tif,1232,629.0,False,,,0,row_absent_no_mask_overlap,0.0,16512,18491,140.0,140.0,15584.0
20161025.tif,20170714.tif,1234,633.0,True,432.0,432,1,continued_row_with_overlap,0.0,18978,18571,208.0,206.0,31360.0
20161025.tif,20170714.tif,1235,632.0,True,434.0,,0,continued_row_without_overlap,0.0,17166,18563,156.0,174.0,19486.0
20161025.tif,20170714.tif,1240,638.0,False,,,0,row_absent_no_mask_overlap,0.0,16990,18923,142.0,122.0,13392.0
20161025.tif,20170714.tif,1244,643.0,False,,,0,row_absent_no_mask_overlap,0.0,18686,19219,140.0,154.0,16188.0
20161025.tif,20170714.tif,1248,644.0,True,463.0,,0,continued_row_without_overlap,0.0,17602,19383,66.0,68.0,3424.0
20161025.tif,20170714.tif,1254,651.0,False,,,0,row_absent_no_mask_overlap,0.0,18140,19983,122.0,112.0,10536.0
20161025.tif,20170714.tif,1290,140.0,False,,,0,row_absent_no_mask_overlap,0.0,12709,9306,161.0,160.0,20128.0
20161025.tif,20170714.tif,1294,152.0,False,,,0,row_absent_no_mask_overlap,0.0,13646,9641,134.0,149.0,15367.0
20161025.tif,20170714.tif,1296,187.0,True,120.0,,0,continued_row_without_overlap,0.0,19658,10270,80.0,84.0,5159.0
20161025.tif,20170714.tif,1303,215.0,False,,137,1,row_absent_but_mask_overlap,0.0,20974,10861,120.0,102.0,9395.0
20161025.tif,20170714.tif,1306,243.0,True,167.0,,0,continued_row_without_overlap,0.0,15452,11531,130.0,122.0,11376.0
20161025.tif,20170714.tif,1313,336.0,True,223.0,223,1,continued_row_with_overlap,0.0,19031,12841,143.0,146.0,15882.0
20161025.tif,20170714.tif,1315,350.0,False,,,0,row_absent_no_mask_overlap,0.0,18030,13162,104.0,99.0,8168.0
20161025.tif,20170714.tif,1317,381.0,False,,,0,row_absent_no_mask_overlap,0.0,16676,13655,112.0,120.0,10134.0
20161025.tif,20170714.tif,1319,403.0,True,292.0,292,1,continued_row_with_overlap,0.0,17035,13990,123.0,121.0,11248.0
20161025.tif,20170714.tif,1322,432.0,True,305.0,305,1,continued_row_with_overlap,0.0,18418,14362,127.0,123.0,11764.0
20161025.tif,20170714.tif,1327,513.0,False,,,0,row_absent_no_mask_overlap,0.0,10040,15967,28.0,24.0,501.0
20161025.tif,20170714.tif,1328,523.0,False,,,0,row_absent_no_mask_overlap,0.0,14054,16122,118.0,117.0,10290.0
20161025.tif,20170714.tif,1331,571.0,True,400.0,,0,continued_row_without_overlap,0.0,15248,17305,102.0,100.0,8004.0
20161025.tif,20170714.tif,1332,612.0,True,418.0,418,1,continued_row_with_overlap,0.0,18574,17936,130.0,163.0,16116.0
20161025.tif,20170714.tif,1334,640.0,True,451.0,,0,continued_row_without_overlap,0.0,18834,19051,124.0,140.0,12474.0
20161025.tif,20170714.tif,1342,3.0,False,,,0,row_absent_no_mask_overlap,0.0,16610,6599,84.0,86.0,5450.0
20161025.tif,20170714.tif,1343,5.0,False,,,0,row_absent_no_mask_overlap,0.0,16762,6631,84.0,92.0,5712.0
20161025.tif,20170714.tif,1344,6.0,False,,,0,row_absent_no_mask_overlap,0.0,16506,6671,84.0,94.0,6274.0
20161025.tif,20170714.tif,1345,9.0,False,,,0,row_absent_no_mask_overlap,0.0,17200,6789,90.0,98.0,6905.0
20161025.tif,20170714.tif,1346,10.0,False,,,0,row_absent_no_mask_overlap,0.0,16909,6795,44.0,54.0,1708.0
20161025.tif,20170714.tif,1348,19.0,False,,,0,row_absent_no_mask_overlap,0.0,14234,7074,136.0,138.0,12930.0
20161025.tif,20170714.tif,1349,22.0,False,,,0,row_absent_no_mask_overlap,0.0,19198,7133,98.0,98.0,6816.0
20161025.tif,20170714.tif,1350,25.0,False,,,0,row_absent_no_mask_overlap,0.0,17893,7219,89.0,87.0,5665.0
20161025.tif,20170714.tif,1351,26.0,False,,,0,row_absent_no_mask_overlap,0.0,17552,7237,110.0,110.0,9188.0
20161025.tif,20170714.tif,1352,27.0,False,,,0,row_absent_no_mask_overlap,0.0,14130,7257,256.0,276.0,49840.0
20161025.tif,20170714.tif,1353,28.0,False,,,0,row_absent_no_mask_overlap,0.0,17366,7271,93.0,108.0,7620.0
20161025.tif,20170714.tif,1354,32.0,False,,,0,row_absent_no_mask_overlap,0.0,14522,7397,156.0,174.0,19092.0
20161025.tif,20170714.tif,1355,33.0,True,27.0,,0,continued_row_without_overlap,0.0,17481,7407,89.0,90.0,6252.0
20161025.tif,20170714.tif,1356,34.0,False,,27,1,row_absent_but_mask_overlap,0.0,17628,7425,86.0,94.0,6178.0
20161025.tif,20170714.tif,1357,35.0,False,,,0,row_absent_no_mask_overlap,0.0,16664,7451,40.0,50.0,1427.0
20161025.tif,20170714.tif,1358,41.0,False,,,0,row_absent_no_mask_overlap,0.0,17031,7499,63.0,66.0,3228.0
20161025.tif,20170714.tif,1359,43.0,False,,,0,row_absent_no_mask_overlap,0.0,16056,7537,57.0,48.0,2024.0
20161025.tif,20170714.tif,1360,44.0,False,,,0,row_absent_no_mask_overlap,0.0,17346,7561,122.0,128.0,12076.0
20161025.tif,20170714.tif,1361,58.0,False,,,0,row_absent_no_mask_overlap,0.0,13229,7881,127.0,124.0,11712.0
20161025.tif,20170714.tif,1362,59.0,False,,,0,row_absent_no_mask_overlap,0.0,20167,7889,71.0,78.0,4442.0
20161025.tif,20170714.tif,1363,63.0,False,,,0,row_absent_no_mask_overlap,0.0,15626,7913,152.0,160.0,17996.0
20161025.tif,20170714.tif,1364,67.0,False,,,0,row_absent_no_mask_overlap,0.0,13934,7993,82.0,86.0,4876.0
20161025.tif,20170714.tif,1366,74.0,False,,,0,row_absent_no_mask_overlap,0.0,12664,8067,101.0,99.0,8021.0
20161025.tif,20170714.tif,1367,76.0,False,,,0,row_absent_no_mask_overlap,0.0,12561,8139,95.0,86.0,5665.0
20161025.tif,20170714.tif,1368,91.0,False,,,0,row_absent_no_mask_overlap,0.0,18982,8415,87.0,86.0,5605.0
20161025.tif,20170714.tif,1369,94.0,False,,,0,row_absent_no_mask_overlap,0.0,12493,8530,125.0,137.0,13211.0
20161025.tif,20170714.tif,1370,95.0,False,,,0,row_absent_no_mask_overlap,0.0,14430,8563,158.0,160.0,20295.0
20161025.tif,20170714.tif,1371,96.0,False,,,0,row_absent_no_mask_overlap,0.0,14174,8575,182.0,174.0,23108.0
20161025.tif,20170714.tif,1372,100.0,True,53.0,53,1,continued_row_with_overlap,0.0,20622,8598,124.0,115.0,11348.0
20161025.tif,20170714.tif,1373,98.0,False,,,0,row_absent_no_mask_overlap,0.0,15266,8585,74.0,64.0,3466.0
20161025.tif,20170714.tif,1375,107.0,True,58.0,58,1,continued_row_with_overlap,0.0,20945,8763,107.0,104.0,8269.0
20161025.tif,20170714.tif,1376,110.0,False,,,0,row_absent_no_mask_overlap,0.0,13726,8806,134.0,135.0,13810.0
20161025.tif,20170714.tif,1377,117.0,True,63.0,,0,continued_row_without_overlap,0.0,20914,8929,78.0,86.0,5206.0
20161025.tif,20170714.tif,1378,128.0,False,,,0,row_absent_no_mask_overlap,0.0,13890,9078,170.0,171.0,22114.0
20161025.tif,20170714.tif,1379,144.0,False,,,0,row_absent_no_mask_overlap,0.0,16058,9463,112.0,119.0,9886.0
20161025.tif,20170714.tif,1380,147.0,True,80.0,,0,continued_row_without_overlap,0.0,15888,9494,110.0,113.0,9935.0
20161025.tif,20170714.tif,1382,149.0,False,,,0,row_absent_no_mask_overlap,0.0,16828,9626,52.0,57.0,2386.0
20161025.tif,20170714.tif,1383,161.0,True,96.0,96,1,continued_row_with_overlap,0.0,21566,9747,92.0,72.0,5156.0
20161025.tif,20170714.tif,1384,162.0,True,101.0,,0,continued_row_without_overlap,0.0,18225,9773,60.0,54.0,2439.0
20161025.tif,20170714.tif,1385,172.0,False,,102,1,row_absent_but_mask_overlap,0.0,21290,9922,118.0,133.0,11820.0
20161025.tif,20170714.tif,1386,169.0,False,,,0,row_absent_no_mask_overlap,0.0,16578,9903,56.0,64.0,2720.0
20161025.tif,20170714.tif,1387,181.0,False,,116,1,row_absent_but_mask_overlap,0.0,21099,10086,105.0,113.0,9206.0
20161025.tif,20170714.tif,1389,186.0,False,,,0,row_absent_no_mask_overlap,0.0,13894,10237,151.0,158.0,17892.0
20161025.tif,20170714.tif,1390,192.0,False,,,0,row_absent_no_mask_overlap,0.0,13934,10418,96.0,96.0,7816.0
20161025.tif,20170714.tif,1392,199.0,True,127.0,127,1,continued_row_with_overlap,0.0,21704,10655,110.0,112.0,9697.0
20161025.tif,20170714.tif,1394,201.0,False,,,0,row_absent_no_mask_overlap,0.0,21134,10713,88.0,94.0,6515.0
20161025.tif,20170714.tif,1395,202.0,True,133.0,,0,continued_row_without_overlap,0.0,19448,10729,66.0,68.0,3544.0
20161025.tif,20170714.tif,1396,206.0,False,,,0,row_absent_no_mask_overlap,0.0,19882,10742,116.0,109.0,9832.0
20161025.tif,20170714.tif,1397,205.0,False,,,0,row_absent_no_mask_overlap,0.0,19246,10742,128.0,124.0,12371.0
20161025.tif,20170714.tif,1398,211.0,False,,,0,row_absent_no_mask_overlap,0.0,20290,10797,124.0,128.0,11595.0
20161025.tif,20170714.tif,1399,208.0,True,138.0,,0,continued_row_without_overlap,0.0,13576,10783,88.0,78.0,4904.0
20161025.tif,20170714.tif,1400,220.0,True,139.0,,0,continued_row_without_overlap,0.0,20726,10956,54.0,77.0,3123.0
20161025.tif,20170714.tif,1401,219.0,False,,141,1,row_absent_but_mask_overlap,0.0,15634,10942,144.0,148.0,16543.0
20161025.tif,20170714.tif,1403,225.0,True,144.0,144,1,continued_row_with_overlap,0.0,17678,11049,173.0,169.0,20905.0
20161025.tif,20170714.tif,1405,228.0,False,,,0,row_absent_no_mask_overlap,0.0,18345,11141,95.0,98.0,6824.0
20161025.tif,20170714.tif,1406,231.0,True,150.0,150,1,continued_row_with_overlap,0.0,20238,11262,126.0,137.0,12861.0
20161025.tif,20170714.tif,1408,233.0,True,155.0,155,1,continued_row_with_overlap,0.0,19598,11323,126.0,124.0,12129.0
20161025.tif,20170714.tif,1409,234.0,True,156.0,156,1,continued_row_with_overlap,0.0,18740,11369,116.0,117.0,10596.0
20161025.tif,20170714.tif,1410,247.0,True,166.0,166,1,continued_row_with_overlap,0.0,20086,11557,107.0,136.0,11445.0
20161025.tif,20170714.tif,1411,246.0,False,,,0,row_absent_no_mask_overlap,0.0,13494,11541,58.0,54.0,2389.0
20161025.tif,20170714.tif,1412,262.0,True,178.0,178,1,continued_row_with_overlap,0.0,18484,11818,126.0,123.0,11116.0
20161025.tif,20170714.tif,1413,263.0,False,,,0,row_absent_no_mask_overlap,0.0,14754,11825,106.0,106.0,8423.0
20161025.tif,20170714.tif,1415,275.0,False,,,0,row_absent_no_mask_overlap,0.0,14074,11946,90.0,68.0,4599.0
20161025.tif,20170714.tif,1416,283.0,False,,,0,row_absent_no_mask_overlap,0.0,13716,12052,58.0,62.0,2644.0
20161025.tif,20170714.tif,1417,280.0,True,189.0,189,1,continued_row_with_overlap,0.0,18970,12038,168.0,132.0,16918.0
20161025.tif,20170714.tif,1418,281.0,False,,,0,row_absent_no_mask_overlap,0.0,15245,12041,97.0,100.0,7357.0
20161025.tif,20170714.tif,1419,282.0,False,,,0,row_absent_no_mask_overlap,0.0,15374,12050,104.0,105.0,7930.0
20161025.tif,20170714.tif,1420,283.0,False,,,0,row_absent_no_mask_overlap,0.0,13716,12052,58.0,62.0,2644.0
20161025.tif,20170714.tif,1421,284.0,False,,,0,row_absent_no_mask_overlap,0.0,17161,12082,65.0,68.0,3463.0
20161025.tif,20170714.tif,1422,285.0,False,,,0,row_absent_no_mask_overlap,0.0,17869,12095,113.0,114.0,10227.0
20161025.tif,20170714.tif,1424,287.0,False,,,0,row_absent_no_mask_overlap,0.0,13754,12178,56.0,53.0,2036.0
20161025.tif,20170714.tif,1425,288.0,False,,,0,row_absent_no_mask_overlap,0.0,13925,12189,58.0,64.0,2652.0
20161025.tif,20170714.tif,1426,292.0,False,,,0,row_absent_no_mask_overlap,0.0,14654,12202,114.0,112.0,10107.0
20161025.tif,20170714.tif,1427,297.0,True,194.0,194,1,continued_row_with_overlap,0.0,20790,12266,71.0,73.0,4070.0
20161025.tif,20170714.tif,1428,294.0,False,,,0,row_absent_no_mask_overlap,0.0,13968,12244,96.0,87.0,6570.0
20161025.tif,20170714.tif,1429,304.0,True,202.0,202,1,continued_row_with_overlap,0.0,21464,12434,112.0,105.0,8921.0
20161025.tif,20170714.tif,1430,309.0,True,205.0,205,1,continued_row_with_overlap,0.0,20862,12457,88.0,89.0,6223.0
20161025.tif,20170714.tif,1433,314.0,True,215.0,,0,continued_row_without_overlap,0.0,15030,12570,80.0,93.0,5696.0
20161025.tif,20170714.tif,1435,317.0,False,,,0,row_absent_no_mask_overlap,0.0,15762,12649,96.0,108.0,8028.0
20161025.tif,20170714.tif,1436,318.0,False,,,0,row_absent_no_mask_overlap,0.0,15596,12667,94.0,103.0,7172.0
20161025.tif,20170714.tif,1437,323.0,False,,,0,row_absent_no_mask_overlap,0.0,18190,12690,96.0,76.0,5840.0
20161025.tif,20170714.tif,1438,328.0,False,,,0,row_absent_no_mask_overlap,0.0,15689,12767,135.0,143.0,15157.0
20161025.tif,20170714.tif,1439,332.0,False,,,0,row_absent_no_mask_overlap,0.0,18106,12822,110.0,113.0,9656.0
20161025.tif,20170714.tif,1440,343.0,False,,,0,row_absent_no_mask_overlap,0.0,14514,12974,56.0,52.0,2112.0
20161025.tif,20170714.tif,1441,346.0,False,,,0,row_absent_no_mask_overlap,0.0,15598,13119,80.0,87.0,4854.0
20161025.tif,20170714.tif,1443,354.0,False,,,0,row_absent_no_mask_overlap,0.0,15606,13254,76.0,84.0,5258.0
20161025.tif,20170714.tif,1444,353.0,False,,,0,row_absent_no_mask_overlap,0.0,14740,13251,55.0,58.0,2442.0
20161025.tif,20170714.tif,1445,355.0,False,,,0,row_absent_no_mask_overlap,0.0,11773,13256,36.0,34.0,904.0
20161025.tif,20170714.tif,1446,356.0,True,238.0,238,1,continued_row_with_overlap,0.0,18902,13281,100.0,102.0,7681.0
20161025.tif,20170714.tif,1447,358.0,True,241.0,241,1,continued_row_with_overlap,0.0,16744,13294,132.0,124.0,12123.0
20161025.tif,20170714.tif,1448,359.0,True,239.0,,0,continued_row_without_overlap,0.0,18628,13297,60.0,68.0,3109.0
20161025.tif,20170714.tif,1449,360.0,False,,,0,row_absent_no_mask_overlap,0.0,15886,13298,116.0,116.0,10204.0
20161025.tif,20170714.tif,1450,362.0,True,249.0,239,1,continued_row_without_overlap,0.0,18726,13330,48.0,60.0,2184.0
20161025.tif,20170714.tif,1451,366.0,True,248.0,240,1,continued_row_without_overlap,0.0,18078,13378,76.0,67.0,3724.0
20161025.tif,20170714.tif,1453,370.0,False,,,0,row_absent_no_mask_overlap,0.0,18766,13435,56.0,63.0,2725.0
20161025.tif,20170714.tif,1454,369.0,True,250.0,250,1,continued_row_with_overlap,0.0,18468,13433,100.0,84.0,6637.0
20161025.tif,20170714.tif,1455,372.0,False,,,0,row_absent_no_mask_overlap,0.0,18826,13494,74.0,83.0,4578.0
20161025.tif,20170714.tif,1456,376.0,True,256.0,,0,continued_row_without_overlap,0.0,18674,13546,65.0,71.0,3495.0
20161025.tif,20170714.tif,1457,375.0,True,261.0,,0,continued_row_without_overlap,0.0,15251,13541,75.0,89.0,5196.0
20161025.tif,20170714.tif,1458,378.0,True,264.0,,0,continued_row_without_overlap,0.0,16554,13582,46.0,40.0,1360.0
20161025.tif,20170714.tif,1459,379.0,True,265.0,265,1,continued_row_with_overlap,0.0,17810,13626,98.0,108.0,8054.0
20161025.tif,20170714.tif,1461,385.0,True,275.0,275,1,continued_row_with_overlap,0.0,17521,13703,103.0,108.0,8452.0
20161025.tif,20170714.tif,1462,390.0,False,,,0,row_absent_no_mask_overlap,0.0,15254,13791,82.0,83.0,4876.0
20161025.tif,20170714.tif,1463,393.0,True,285.0,285,1,continued_row_with_overlap,0.0,19254,13842,88.0,92.0,6074.0
20161025.tif,20170714.tif,1464,396.0,False,,,0,row_absent_no_mask_overlap,0.0,18554,13915,80.0,84.0,5357.0
20161025.tif,20170714.tif,1465,397.0,False,,,0,row_absent_no_mask_overlap,0.0,15997,13937,65.0,72.0,3420.0
20161025.tif,20170714.tif,1467,402.0,True,293.0,,0,continued_row_without_overlap,0.0,16440,13991,33.0,34.0,877.0
20161025.tif,20170714.tif,1468,406.0,False,,,0,row_absent_no_mask_overlap,0.0,19254,14022,88.0,85.0,6066.0
20161025.tif,20170714.tif,1469,409.0,False,,,0,row_absent_no_mask_overlap,0.0,19100,14066,130.0,129.0,13023.0
20161025.tif,20170714.tif,1470,408.0,True,295.0,,0,continued_row_without_overlap,0.0,16045,14057,90.0,97.0,6831.0
20161025.tif,20170714.tif,1471,411.0,True,296.0,,0,continued_row_without_overlap,0.0,15666,14074,80.0,88.0,5630.0
20161025.tif,20170714.tif,1472,410.0,False,,,0,row_absent_no_mask_overlap,0.0,13438,14071,46.0,54.0,1905.0
20161025.tif,20170714.tif,1473,412.0,True,299.0,,0,continued_row_without_overlap,0.0,16573,14089,47.0,61.0,2191.0
20161025.tif,20170714.tif,1474,414.0,True,297.0,,0,continued_row_without_overlap,0.0,17532,14101,68.0,70.0,3752.0
20161025.tif,20170714.tif,1475,416.0,True,300.0,292,1,continued_row_without_overlap,0.0,17185,14145,73.0,84.0,4792.0
20161025.tif,20170714.tif,1476,418.0,False,,,0,row_absent_no_mask_overlap,0.0,17342,14190,103.0,111.0,8662.0
20161025.tif,20170714.tif,1477,421.0,True,301.0,,0,continued_row_without_overlap,0.0,19714,14209,70.0,53.0,2954.0
20161025.tif,20170714.tif,1478,419.0,False,,,0,row_absent_no_mask_overlap,0.0,15854,14195,108.0,114.0,9264.0
20161025.tif,20170714.tif,1479,422.0,True,302.0,,0,continued_row_without_overlap,0.0,19880,14213,36.0,35.0,931.0
20161025.tif,20170714.tif,1481,420.0,False,,,0,row_absent_no_mask_overlap,0.0,16222,14201,120.0,116.0,10694.0
20161025.tif,20170714.tif,1482,426.0,False,,,0,row_absent_no_mask_overlap,0.0,17398,14317,101.0,108.0,8368.0
20161025.tif,20170714.tif,1484,431.0,True,304.0,,0,continued_row_without_overlap,0.0,18222,14341,58.0,66.0,3074.0
20161025.tif,20170714.tif,1486,442.0,True,312.0,,0,continued_row_without_overlap,0.0,19018,14560,60.0,67.0,3008.0
20161025.tif,20170714.tif,1488,451.0,False,,,0,row_absent_no_mask_overlap,0.0,17418,14643,52.0,55.0,2008.0
20161025.tif,20170714.tif,1489,454.0,False,,,0,row_absent_no_mask_overlap,0.0,19108,14659,54.0,58.0,2515.0
20161025.tif,20170714.tif,1492,469.0,False,,,0,row_absent_no_mask_overlap,0.0,20820,14821,48.0,48.0,1816.0
20161025.tif,20170714.tif,1493,466.0,False,,,0,row_absent_no_mask_overlap,0.0,18510,14790,62.0,67.0,3256.0
20161025.tif,20170714.tif,1496,470.0,True,325.0,,0,continued_row_without_overlap,0.0,17910,14831,60.0,55.0,2486.0
20161025.tif,20170714.tif,1497,473.0,True,326.0,,0,continued_row_without_overlap,0.0,18099,14849,63.0,61.0,3050.0
20161025.tif,20170714.tif,1499,472.0,False,,,0,row_absent_no_mask_overlap,0.0,13590,14845,45.0,49.0,1795.0
20161025.tif,20170714.tif,1501,478.0,False,,,0,row_absent_no_mask_overlap,0.0,17650,14904,79.0,89.0,5309.0
20161025.tif,20170714.tif,1502,480.0,False,,,0,row_absent_no_mask_overlap,0.0,17812,14942,46.0,52.0,1801.0
20161025.tif,20170714.tif,1503,481.0,False,,,0,row_absent_no_mask_overlap,0.0,17484,14953,73.0,78.0,4315.0
20161025.tif,20170714.tif,1504,482.0,False,,,0,row_absent_no_mask_overlap,0.0,14574,15038,180.0,169.0,23718.0
20161025.tif,20170714.tif,1508,498.0,True,342.0,344,1,continued_row_without_overlap,0.0,17002,15507,112.0,118.0,10014.0
20161025.tif,20170714.tif,1509,502.0,False,,,0,row_absent_no_mask_overlap,0.0,16654,15566,105.0,103.0,7919.0
20161025.tif,20170714.tif,1510,509.0,True,353.0,,0,continued_row_without_overlap,0.0,15094,15913,90.0,92.0,6618.0
20161025.tif,20170714.tif,1511,510.0,False,,,0,row_absent_no_mask_overlap,0.0,13052,15936,81.0,92.0,5562.0
20161025.tif,20170714.tif,1512,512.0,False,,,0,row_absent_no_mask_overlap,0.0,14588,15959,98.0,104.0,7721.0
20161025.tif,20170714.tif,1513,518.0,False,,,0,row_absent_no_mask_overlap,0.0,13136,16067,122.0,114.0,10308.0
20161025.tif,20170714.tif,1514,519.0,False,,,0,row_absent_no_mask_overlap,0.0,10140,16077,18.0,16.0,216.0
20161025.tif,20170714.tif,1515,520.0,False,,,0,row_absent_no_mask_overlap,0.0,12930,16082,110.0,112.0,9363.0
20161025.tif,20170714.tif,1517,525.0,False,,,0,row_absent_no_mask_overlap,0.0,15417,16139,83.0,88.0,5447.0
20161025.tif,20170714.tif,1518,529.0,False,,,0,row_absent_no_mask_overlap,0.0,18224,16209,82.0,98.0,5820.0
20161025.tif,20170714.tif,1519,530.0,False,,,0,row_absent_no_mask_overlap,0.0,15438,16239,104.0,110.0,8678.0
20161025.tif,20170714.tif,1520,536.0,False,,,0,row_absent_no_mask_overlap,0.0,17538,16483,149.0,148.0,16649.0
20161025.tif,20170714.tif,1521,540.0,True,375.0,,0,continued_row_without_overlap,0.0,16618,16554,72.0,79.0,4417.0
20161025.tif,20170714.tif,1522,548.0,False,,,0,row_absent_no_mask_overlap,0.0,15186,16799,32.0,28.0,640.0
20161025.tif,20170714.tif,1526,566.0,True,396.0,,0,continued_row_without_overlap,0.0,17540,17173,70.0,74.0,3960.0
20161025.tif,20170714.tif,1528,572.0,True,398.0,,0,continued_row_without_overlap,0.0,19828,17326,80.0,70.0,3991.0
20161025.tif,20170714.tif,1529,573.0,True,399.0,,0,continued_row_without_overlap,0.0,18670,17357,92.0,82.0,5440.0
20161025.tif,20170714.tif,1530,576.0,False,,,0,row_absent_no_mask_overlap,0.0,17308,17403,92.0,96.0,6609.0
20161025.tif,20170714.tif,1531,580.0,False,,,0,row_absent_no_mask_overlap,0.0,14606,17455,136.0,136.0,13889.0
20161025.tif,20170714.tif,1532,586.0,True,403.0,403,1,continued_row_with_overlap,0.0,19722,17541,98.0,94.0,6810.0
20161025.tif,20170714.tif,1533,585.0,False,,,0,row_absent_no_mask_overlap,0.0,17262,17537,66.0,88.0,4732.0
20161025.tif,20170714.tif,1534,588.0,False,,,0,row_absent_no_mask_overlap,0.0,17170,17619,68.0,84.0,4400.0
20161025.tif,20170714.tif,1535,591.0,True,409.0,,0,continued_row_without_overlap,0.0,15893,17639,99.0,104.0,8206.0
20161025.tif,20170714.tif,1536,594.0,False,,,0,row_absent_no_mask_overlap,0.0,15282,17667,66.0,71.0,3422.0
20161025.tif,20170714.tif,1539,599.0,False,,,0,row_absent_no_mask_overlap,0.0,17102,17751,90.0,92.0,6309.0
20161025.tif,20170714.tif,1540,600.0,False,,,0,row_absent_no_mask_overlap,0.0,18464,17763,61.0,64.0,3025.0
20161025.tif,20170714.tif,1542,603.0,True,417.0,,0,continued_row_without_overlap,0.0,15488,17835,98.0,102.0,7948.0
20161025.tif,20170714.tif,1543,604.0,False,,,0,row_absent_no_mask_overlap,0.0,15790,17849,80.0,76.0,4612.0
20161025.tif,20170714.tif,1546,617.0,False,,417,1,row_absent_but_mask_overlap,0.0,15582,18011,84.0,74.0,4660.0
20161025.tif,20170714.tif,1547,618.0,True,421.0,,0,continued_row_without_overlap,0.0,18152,18027,54.0,52.0,2152.0
20161025.tif,20170714.tif,1549,623.0,False,,,0,row_absent_no_mask_overlap,0.0,15822,18085,69.0,74.0,4049.0
20161025.tif,20170714.tif,1550,626.0,True,425.0,,0,continued_row_without_overlap,0.0,17278,18303,82.0,76.0,4707.0
20161025.tif,20170714.tif,1552,635.0,True,443.0,,0,continued_row_without_overlap,0.0,17658,18791,94.0,92.0,6986.0
20161025.tif,20170714.tif,1553,637.0,True,447.0,,0,continued_row_without_overlap,0.0,17493,18919,101.0,102.0,7921.0
20161025.tif,20170714.tif,1554,641.0,False,,,0,row_absent_no_mask_overlap,0.0,17344,19127,194.0,150.0,21784.0
20161025.tif,20170714.tif,1555,642.0,False,,,0,row_absent_no_mask_overlap,0.0,18222,19205,164.0,166.0,20244.0
20161025.tif,20170714.tif,1558,648.0,True,466.0,,0,continued_row_without_overlap,0.0,17369,19707,91.0,100.0,6918.0
20161025.tif,20170714.tif,1559,652.0,False,,,0,row_absent_no_mask_overlap,0.0,17134,20015,54.0,50.0,1896.0
20161025.tif,20170714.tif,1560,653.0,False,,,0,row_absent_no_mask_overlap,0.0,17710,20107,44.0,56.0,1888.0
20161025.tif,20170714.tif,1561,655.0,False,,,0,row_absent_no_mask_overlap,0.0,17624,20219,122.0,120.0,11447.0
20161025.tif,20170714.tif,1562,4.0,False,,,0,row_absent_no_mask_overlap,0.0,17372,6603,42.0,49.0,1630.0
20161025.tif,20170714.tif,1563,20.0,False,,,0,row_absent_no_mask_overlap,0.0,13450,7089,132.0,148.0,13631.0
20161025.tif,20170714.tif,1564,29.0,False,,,0,row_absent_no_mask_overlap,0.0,21134,7349,108.0,102.0,8684.0
20161025.tif,20170714.tif,1565,42.0,False,,,0,row_absent_no_mask_overlap,0.0,16494,7513,28.0,28.0,608.0
20161025.tif,20170714.tif,1566,45.0,False,,,0,row_absent_no_mask_overlap,0.0,16912,7601,142.0,142.0,15234.0
20161025.tif,20170714.tif,1567,46.0,False,,,0,row_absent_no_mask_overlap,0.0,22890,7641,216.0,220.0,35056.0
20161025.tif,20170714.tif,1568,47.0,False,,,0,row_absent_no_mask_overlap,0.0,22642,7645,82.0,84.0,5338.0
20161025.tif,20170714.tif,1569,62.0,False,,,0,row_absent_no_mask_overlap,0.0,23193,7911,57.0,62.0,2731.0
20161025.tif,20170714.tif,1570,65.0,True,34.0,,0,continued_row_without_overlap,0.0,21342,7921,64.0,66.0,3352.0
20161025.tif,20170714.tif,1571,68.0,True,38.0,,0,continued_row_without_overlap,0.0,12361,8013,64.0,52.0,2712.0
20161025.tif,20170714.tif,1572,69.0,True,36.0,,0,continued_row_without_overlap,0.0,20840,8015,106.0,108.0,8660.0
20161025.tif,20170714.tif,1573,72.0,False,,,0,row_absent_no_mask_overlap,0.0,20526,8027,136.0,136.0,14248.0
20161025.tif,20170714.tif,1574,73.0,False,,,0,row_absent_no_mask_overlap,0.0,17265,8029,138.0,140.0,14813.0
20161025.tif,20170714.tif,1575,77.0,False,,,0,row_absent_no_mask_overlap,0.0,17142,8141,160.0,154.0,18579.0
20161025.tif,20170714.tif,1576,78.0,True,41.0,,0,continued_row_without_overlap,0.0,20011,8165,81.0,86.0,5362.0
20161025.tif,20170714.tif,1577,79.0,True,42.0,,0,continued_row_without_overlap,0.0,19723,8185,75.0,82.0,4776.0
20161025.tif,20170714.tif,1578,80.0,True,43.0,,0,continued_row_without_overlap,0.0,20312,8197,132.0,130.0,13428.0
20161025.tif,20170714.tif,1579,82.0,True,45.0,,0,continued_row_without_overlap,0.0,20574,8287,106.0,108.0,9077.0
20161025.tif,20170714.tif,1580,85.0,True,47.0,,0,continued_row_without_overlap,0.0,16056,8333,146.0,150.0,16230.0
20161025.tif,20170714.tif,1581,88.0,True,46.0,46,1,continued_row_with_overlap,0.0,21824,8365,86.0,102.0,6594.0
20161025.tif,20170714.tif,1582,89.0,False,,,0,row_absent_no_mask_overlap,0.0,20166,8366,96.0,103.0,7772.0
20161025.tif,20170714.tif,1583,90.0,False,,,0,row_absent_no_mask_overlap,0.0,18054,8403,104.0,114.0,8388.0
20161025.tif,20170714.tif,1584,92.0,False,,48,1,row_absent_but_mask_overlap,0.0,20290,8426,116.0,119.0,10538.0
20161025.tif,20170714.tif,1585,97.0,True,54.0,,0,continued_row_without_overlap,0.0,17678,8581,116.0,140.0,12398.0
20161025.tif,20170714.tif,1586,99.0,True,52.0,,0,continued_row_without_overlap,0.0,20142,8588,115.0,113.0,9616.0
20161025.tif,20170714.tif,1587,101.0,True,56.0,,0,continued_row_without_overlap,0.0,16236,8665,110.0,122.0,9787.0
20161025.tif,20170714.tif,1588,108.0,True,57.0,57,1,continued_row_with_overlap,0.0,22764,8762,86.0,91.0,6176.0
20161025.tif,20170714.tif,1589,118.0,False,,,0,row_absent_no_mask_overlap,0.0,17254,8943,158.0,158.0,18910.0
20161025.tif,20170714.tif,1590,119.0,True,64.0,64,1,continued_row_with_overlap,0.0,20198,8943,115.0,126.0,11162.0
20161025.tif,20170714.tif,1591,120.0,True,65.0,65,1,continued_row_with_overlap,0.0,20450,8950,122.0,119.0,11212.0
20161025.tif,20170714.tif,1592,123.0,True,68.0,,0,continued_row_without_overlap,0.0,19718,9029,104.0,104.0,7986.0
20161025.tif,20170714.tif,1593,125.0,True,69.0,,0,continued_row_without_overlap,0.0,19486,9034,110.0,113.0,9780.0
20161025.tif,20170714.tif,1594,129.0,True,70.0,70,1,continued_row_with_overlap,0.0,22324,9135,90.0,95.0,6226.0
20161025.tif,20170714.tif,1595,131.0,True,72.0,69,1,continued_row_without_overlap,0.0,19576,9173,106.0,106.0,8583.0
20161025.tif,20170714.tif,1596,133.0,False,,,0,row_absent_no_mask_overlap,0.0,14358,9219,20.0,22.0,330.0
20161025.tif,20170714.tif,1597,134.0,False,,,0,row_absent_no_mask_overlap,0.0,16480,9239,66.0,66.0,3318.0
20161025.tif,20170714.tif,1598,135.0,True,73.0,,0,continued_row_without_overlap,0.0,19294,9245,16.0,19.0,212.0
20161025.tif,20170714.tif,1599,137.0,True,76.0,,0,continued_row_without_overlap,0.0,17244,9279,54.0,62.0,2377.0
20161025.tif,20170714.tif,1600,139.0,False,,,0,row_absent_no_mask_overlap,0.0,19546,9298,68.0,67.0,3414.0
20161025.tif,20170714.tif,1601,142.0,False,,,0,row_absent_no_mask_overlap,0.0,19250,9394,88.0,75.0,5142.0
20161025.tif,20170714.tif,1602,145.0,True,77.0,77,1,continued_row_with_overlap,0.0,22410,9483,92.0,102.0,6698.0
20161025.tif,20170714.tif,1603,148.0,True,83.0,,0,continued_row_without_overlap,0.0,20210,9577,82.0,82.0,5176.0
20161025.tif,20170714.tif,1604,153.0,True,89.0,89,1,continued_row_with_overlap,0.0,20546,9650,120.0,137.0,12574.0
20161025.tif,20170714.tif,1605,158.0,True,93.0,,0,continued_row_without_overlap,0.0,15896,9715,12.0,16.0,140.0
20161025.tif,20170714.tif,1606,163.0,True,100.0,100,1,continued_row_with_overlap,0.0,20104,9778,84.0,92.0,5718.0
20161025.tif,20170714.tif,1607,166.0,True,104.0,104,1,continued_row_with_overlap,0.0,19234,9845,124.0,117.0,10178.0
20161025.tif,20170714.tif,1608,168.0,False,,,0,row_absent_no_mask_overlap,0.0,23240,9862,116.0,123.0,10852.0
20161025.tif,20170714.tif,1609,170.0,True,105.0,,0,continued_row_without_overlap,0.0,20700,9903,68.0,78.0,4260.0
20161025.tif,20170714.tif,1610,174.0,False,,108,1,row_absent_but_mask_overlap,0.0,19488,9974,142.0,149.0,15023.0
20161025.tif,20170714.tif,1611,178.0,True,110.0,110,1,continued_row_with_overlap,0.0,22243,10060,100.0,99.0,7652.0
20161025.tif,20170714.tif,1612,180.0,False,,,0,row_absent_no_mask_overlap,0.0,18426,10075,22.0,22.0,357.0
20161025.tif,20170714.tif,1613,183.0,True,114.0,114,1,continued_row_with_overlap,0.0,20270,10114,86.0,101.0,6766.0
20161025.tif,20170714.tif,1614,184.0,False,,,0,row_absent_no_mask_overlap,0.0,18432,10141,12.0,15.0,130.0
20161025.tif,20170714.tif,1615,188.0,True,119.0,119,1,continued_row_with_overlap,0.0,20886,10282,140.0,109.0,11605.0
20161025.tif,20170714.tif,1616,207.0,False,,135;140,2,row_absent_but_mask_overlap,0.0,16886,10778,206.0,237.0,36352.0
20161025.tif,20170714.tif,1617,209.0,False,,,0,row_absent_no_mask_overlap,0.0,17622,10782,12.0,20.0,208.0
20161025.tif,20170714.tif,1618,216.0,False,,,0,row_absent_no_mask_overlap,0.0,19162,10913,12.0,14.0,139.0
20161025.tif,20170714.tif,1619,222.0,False,,,0,row_absent_no_mask_overlap,0.0,13816,10981,76.0,84.0,4983.0
20161025.tif,20170714.tif,1620,229.0,False,,146,1,row_absent_but_mask_overlap,0.0,16430,11142,152.0,144.0,17388.0
20161025.tif,20170714.tif,1621,235.0,False,,,0,row_absent_no_mask_overlap,0.0,14304,11385,138.0,144.0,14932.0
20161025.tif,20170714.tif,1622,240.0,True,164.0,,0,continued_row_without_overlap,0.0,16634,11458,92.0,101.0,7157.0
20161025.tif,20170714.tif,1623,241.0,False,,,0,row_absent_no_mask_overlap,0.0,14434,11465,88.0,96.0,6243.0
20161025.tif,20170714.tif,1624,242.0,True,158.0,,0,continued_row_without_overlap,0.0,20473,11481,19.0,20.0,279.0
20161025.tif,20170714.tif,1625,244.0,False,,,0,row_absent_no_mask_overlap,0.0,16492,11535,118.0,122.0,10788.0
20161025.tif,20170714.tif,1626,245.0,False,,,0,row_absent_no_mask_overlap,0.0,17122,11539,104.0,99.0,7626.0
20161025.tif,20170714.tif,1627,249.0,False,,,0,row_absent_no_mask_overlap,0.0,16606,11623,80.0,92.0,5922.0
20161025.tif,20170714.tif,1628,251.0,False,,,0,row_absent_no_mask_overlap,0.0,15948,11650,142.0,152.0,16586.0
20161025.tif,20170714.tif,1629,259.0,True,177.0,,0,continued_row_without_overlap,0.0,16778,11761,100.0,102.0,7691.0
20161025.tif,20170714.tif,1630,264.0,False,,,0,row_absent_no_mask_overlap,0.0,21188,11825,108.0,107.0,8601.0
20161025.tif,20170714.tif,1631,267.0,True,186.0,,0,continued_row_without_overlap,0.0,16612,11874,98.0,91.0,6264.0
20161025.tif,20170714.tif,1632,268.0,False,,183,1,row_absent_but_mask_overlap,0.0,20042,11882,90.0,95.0,5874.0
20161025.tif,20170714.tif,1633,270.0,False,,,0,row_absent_no_mask_overlap,0.0,14839,11915,107.0,101.0,8121.0
20161025.tif,20170714.tif,1634,273.0,False,,,0,row_absent_no_mask_overlap,0.0,21140,11926,107.0,116.0,9175.0
20161025.tif,20170714.tif,1635,277.0,False,,,0,row_absent_no_mask_overlap,0.0,16482,12006,116.0,128.0,11142.0
20161025.tif,20170714.tif,1636,279.0,False,,188,1,row_absent_but_mask_overlap,0.0,16098,12038,82.0,87.0,5224.0
20161025.tif,20170714.tif,1637,286.0,False,,189;193,2,row_absent_but_mask_overlap,0.0,19147,12169,96.0,94.0,6693.0
20161025.tif,20170714.tif,1638,289.0,False,,,0,row_absent_no_mask_overlap,0.0,19264,12197,66.0,78.0,3823.0
20161025.tif,20170714.tif,1639,290.0,False,,,0,row_absent_no_mask_overlap,0.0,16090,12198,92.0,104.0,7507.0
20161025.tif,20170714.tif,1640,291.0,False,,,0,row_absent_no_mask_overlap,0.0,14494,12202,72.0,65.0,3280.0
20161025.tif,20170714.tif,1641,293.0,False,,,0,row_absent_no_mask_overlap,0.0,24264,12222,76.0,81.0,5054.0
20161025.tif,20170714.tif,1642,296.0,True,199.0,,0,continued_row_without_overlap,0.0,17070,12258,88.0,99.0,6460.0
20161025.tif,20170714.tif,1643,301.0,False,,,0,row_absent_no_mask_overlap,0.0,19620,12382,82.0,79.0,5232.0
20161025.tif,20170714.tif,1644,302.0,False,,207,1,row_absent_but_mask_overlap,0.0,24242,12417,80.0,97.0,5730.0
20161025.tif,20170714.tif,1645,303.0,True,204.0,204,1,continued_row_with_overlap,0.0,20618,12425,72.0,78.0,4195.0
20161025.tif,20170714.tif,1646,325.0,False,,,0,row_absent_no_mask_overlap,0.0,24246,12727,15.0,16.0,219.0
20161025.tif,20170714.tif,1647,327.0,True,217.0,217,1,continued_row_with_overlap,0.0,19284,12759,102.0,106.0,8059.0
20161025.tif,20170714.tif,1648,335.0,False,,,0,row_absent_no_mask_overlap,0.0,17298,12839,133.0,116.0,11610.0
20161025.tif,20170714.tif,1649,339.0,False,,,0,row_absent_no_mask_overlap,0.0,19858,12906,40.0,48.0,1370.0
20161025.tif,20170714.tif,1650,344.0,False,,,0,row_absent_no_mask_overlap,0.0,15650,13034,76.0,71.0,3732.0
20161025.tif,20170714.tif,1651,348.0,True,229.0,229,1,continued_row_with_overlap,0.0,20104,13145,106.0,102.0,8240.0
20161025.tif,20170714.tif,1652,351.0,False,,,0,row_absent_no_mask_overlap,0.0,14630,13234,44.0,48.0,1488.0
20161025.tif,20170714.tif,1653,361.0,False,,,0,row_absent_no_mask_overlap,0.0,19391,13318,129.0,139.0,12627.0
20161025.tif,20170714.tif,1654,373.0,False,,,0,row_absent_no_mask_overlap,0.0,19280,13523,158.0,160.0,18380.0
20161025.tif,20170714.tif,1655,380.0,False,,,0,row_absent_no_mask_overlap,0.0,11902,13651,24.0,22.0,358.0
20161025.tif,20170714.tif,1656,382.0,False,,,0,row_absent_no_mask_overlap,0.0,11864,13683,16.0,18.0,250.0
20161025.tif,20170714.tif,1657,383.0,False,,,0,row_absent_no_mask_overlap,0.0,11784,13689,14.0,14.0,136.0
20161025.tif,20170714.tif,1658,384.0,True,271.0,,0,continued_row_without_overlap,0.0,12636,13691,19.0,19.0,290.0
20161025.tif,20170714.tif,1659,386.0,False,,,0,row_absent_no_mask_overlap,0.0,12034,13733,24.0,25.0,463.0
20161025.tif,20170714.tif,1660,387.0,True,273.0,273,1,continued_row_with_overlap,0.0,19814,13746,96.0,105.0,8011.0
20161025.tif,20170714.tif,1661,407.0,False,,,0,row_absent_no_mask_overlap,0.0,24728,14027,74.0,89.0,5080.0
20161025.tif,20170714.tif,1662,413.0,False,,,0,row_absent_no_mask_overlap,0.0,24798,14094,176.0,171.0,22082.0
20161025.tif,20170714.tif,1663,415.0,False,,,0,row_absent_no_mask_overlap,0.0,12664,14143,24.0,25.0,438.0
20161025.tif,20170714.tif,1664,417.0,False,,,0,row_absent_no_mask_overlap,0.0,12214,14181,22.0,25.0,411.0
20161025.tif,20170714.tif,1665,424.0,False,,,0,row_absent_no_mask_overlap,0.0,16444,14224,123.0,121.0,10836.0
20161025.tif,20170714.tif,1666,425.0,False,,,0,row_absent_no_mask_overlap,0.0,12720,14317,20.0,22.0,327.0
20161025.tif,20170714.tif,1667,433.0,False,,,0,row_absent_no_mask_overlap,0.0,12121,14386,20.0,16.0,256.0
20161025.tif,20170714.tif,1668,434.0,False,,,0,row_absent_no_mask_overlap,0.0,12080,14417,12.0,12.0,112.0
20161025.tif,20170714.tif,1669,435.0,False,,,0,row_absent_no_mask_overlap,0.0,16298,14423,86.0,96.0,6278.0
20161025.tif,20170714.tif,1670,436.0,False,,,0,row_absent_no_mask_overlap,0.0,12086,14437,22.0,24.0,370.0
20161025.tif,20170714.tif,1671,438.0,True,311.0,,0,continued_row_without_overlap,0.0,16918,14489,56.0,59.0,2621.0
20161025.tif,20170714.tif,1672,439.0,False,,,0,row_absent_no_mask_overlap,0.0,12160,14509,16.0,12.0,160.0
20161025.tif,20170714.tif,1673,441.0,False,,,0,row_absent_no_mask_overlap,0.0,16338,14518,60.0,55.0,2533.0
20161025.tif,20170714.tif,1674,444.0,True,314.0,,0,continued_row_without_overlap,0.0,16518,14567,58.0,75.0,3167.0
20161025.tif,20170714.tif,1675,446.0,False,,,0,row_absent_no_mask_overlap,0.0,13440,14575,20.0,17.0,249.0
20161025.tif,20170714.tif,1676,449.0,False,,,0,row_absent_no_mask_overlap,0.0,13389,14609,21.0,25.0,401.0
20161025.tif,20170714.tif,1677,453.0,False,,,0,row_absent_no_mask_overlap,0.0,24886,14651,114.0,132.0,11448.0
20161025.tif,20170714.tif,1678,455.0,False,,,0,row_absent_no_mask_overlap,0.0,12558,14661,18.0,18.0,242.0
20161025.tif,20170714.tif,1679,461.0,True,319.0,,0,continued_row_without_overlap,0.0,16749,14715,44.0,50.0,1693.0
20161025.tif,20170714.tif,1680,463.0,False,,,0,row_absent_no_mask_overlap,0.0,12626,14741,12.0,16.0,178.0
20161025.tif,20170714.tif,1681,465.0,False,,,0,row_absent_no_mask_overlap,0.0,12632,14773,15.0,14.0,165.0
20161025.tif,20170714.tif,1682,467.0,False,,,0,row_absent_no_mask_overlap,0.0,12662,14797,22.0,23.0,354.0
20161025.tif,20170714.tif,1683,475.0,False,,,0,row_absent_no_mask_overlap,0.0,15295,14871,24.0,26.0,467.0
20161025.tif,20170714.tif,1684,476.0,False,,,0,row_absent_no_mask_overlap,0.0,15246,14879,32.0,36.0,905.0
20161025.tif,20170714.tif,1685,479.0,False,,,0,row_absent_no_mask_overlap,0.0,15132,14921,30.0,26.0,591.0
20161025.tif,20170714.tif,1686,486.0,True,334.0,,0,continued_row_without_overlap,0.0,16008,15245,14.0,17.0,188.0
20161025.tif,20170714.tif,1687,491.0,False,,,0,row_absent_no_mask_overlap,0.0,15846,15318,20.0,16.0,244.0
20161025.tif,20170714.tif,1688,493.0,False,,,0,row_absent_no_mask_overlap,0.0,15998,15335,22.0,22.0,363.0
20161025.tif,20170714.tif,1689,504.0,False,,,0,row_absent_no_mask_overlap,0.0,14464,15639,64.0,72.0,3136.0
20161025.tif,20170714.tif,1690,505.0,False,,,0,row_absent_no_mask_overlap,0.0,14480,15705,97.0,100.0,7435.0
20161025.tif,20170714.tif,1691,506.0,False,,,0,row_absent_no_mask_overlap,0.0,16678,15705,12.0,15.0,117.0
20161025.tif,20170714.tif,1692,507.0,False,,,0,row_absent_no_mask_overlap,0.0,16628,15753,20.0,19.0,244.0
20161025.tif,20170714.tif,1693,527.0,False,,,0,row_absent_no_mask_overlap,0.0,14914,16154,28.0,20.0,432.0
20161025.tif,20170714.tif,1694,543.0,True,377.0,377,1,continued_row_with_overlap,0.0,19696,16703,96.0,100.0,7333.0
20161025.tif,20170714.tif,1695,555.0,False,,,0,row_absent_no_mask_overlap,0.0,19340,16941,120.0,120.0,10880.0
20161025.tif,20170714.tif,1696,560.0,False,,,0,row_absent_no_mask_overlap,0.0,19662,17055,100.0,102.0,7008.0
20161025.tif,20170714.tif,1697,564.0,False,,,0,row_absent_no_mask_overlap,0.0,19746,17165,102.0,99.0,8036.0
20161025.tif,20170714.tif,1698,565.0,True,394.0,,0,continued_row_without_overlap,0.0,19952,17165,49.0,43.0,1623.0
20161025.tif,20170714.tif,1699,574.0,False,,,0,row_absent_no_mask_overlap,0.0,15650,17383,112.0,121.0,9766.0
20161025.tif,20170714.tif,1700,583.0,False,,,0,row_absent_no_mask_overlap,0.0,18300,17489,12.0,16.0,156.0
20161025.tif,20170714.tif,1701,597.0,False,,,0,row_absent_no_mask_overlap,0.0,15122,17707,48.0,48.0,1772.0
20161025.tif,20170714.tif,1702,639.0,False,,,0,row_absent_no_mask_overlap,0.0,17840,19031,163.0,142.0,16615.0
20161025.tif,20170714.tif,1703,647.0,False,,,0,row_absent_no_mask_overlap,0.0,19723,19491,27.0,27.0,588.0
20161025.tif,20170714.tif,1704,649.0,False,,,0,row_absent_no_mask_overlap,0.0,18775,19925,17.0,18.0,221.0
20161025.tif,20170714.tif,1705,654.0,False,,,0,row_absent_no_mask_overlap,0.0,19750,20191,28.0,38.0,840.0
20170714.tif,20170728.tif,170,49.0,True,57.0,57,1,continued_row_with_overlap,0.0,14534,8402,214.0,215.0,34450.0
20170714.tif,20170728.tif,297,160.0,True,171.0,171,1,continued_row_with_overlap,0.0,18134,11487,154.0,148.0,17138.0
20170714.tif,20170728.tif,358,231.0,True,236.0,236,1,continued_row_with_overlap,0.0,16406,13153,124.0,125.0,11662.0
20170714.tif,20170728.tif,477,368.0,True,376.0,376,1,continued_row_with_overlap,0.0,16384,16351,250.0,246.0,48204.0
20170714.tif,20170728.tif,484,385.0,False,,396,1,row_absent_but_mask_overlap,0.0,16606,16921,204.0,190.0,29900.0
20170714.tif,20170728.tif,486,387.0,True,393.0,393,1,continued_row_with_overlap,0.0,16342,16951,242.0,236.0,43672.0
20170714.tif,20170728.tif,488,391.0,True,404.0,404,1,continued_row_with_overlap,0.0,16818,17083,256.0,248.0,48368.0
20170714.tif,20170728.tif,498,408.0,False,,420,1,row_absent_but_mask_overlap,0.0,16288,17731,198.0,200.0,30792.0
20170714.tif,20170728.tif,517,430.0,True,443.0,443,1,continued_row_with_overlap,0.0,17898,18555,176.0,172.0,22495.0
20170714.tif,20170728.tif,684,40.0,True,48.0,48,1,continued_row_with_overlap,0.0,18126,8158,132.0,135.0,13442.0
20170714.tif,20170728.tif,723,59.0,True,69.0,69,1,continued_row_with_overlap,0.0,15810,8810,162.0,151.0,18128.0
20170714.tif,20170728.tif,727,60.0,True,71.0,71,1,continued_row_with_overlap,0.0,18270,8814,138.0,142.0,14952.0
20170714.tif,20170728.tif,731,62.0,True,74.0,74,1,continued_row_with_overlap,0.0,18178,8943,144.0,146.0,16148.0
20170714.tif,20170728.tif,746,71.0,True,88.0,88,1,continued_row_with_overlap,0.0,18795,9198,129.0,127.0,12737.0
20170714.tif,20170728.tif,769,78.0,True,93.0,93,1,continued_row_with_overlap,0.0,18982,9529,159.0,166.0,20648.0
20170714.tif,20170728.tif,783,98.0,True,105.0,105,1,continued_row_with_overlap,0.0,19085,9751,147.0,154.0,17336.0
20170714.tif,20170728.tif,792,106.0,True,116.0,116,1,continued_row_with_overlap,0.0,20984,9922,134.0,139.0,14330.0
20170714.tif,20170728.tif,802,111.0,True,122.0,122,1,continued_row_with_overlap,0.0,18860,10085,162.0,156.0,18711.0
20170714.tif,20170728.tif,810,121.0,True,130.0,130,1,continued_row_with_overlap,0.0,18050,10437,114.0,122.0,10620.0
20170714.tif,20170728.tif,814,122.0,True,132.0,132,1,continued_row_with_overlap,0.0,18590,10487,126.0,126.0,12575.0
20170714.tif,20170728.tif,816,123.0,True,133.0,133,1,continued_row_with_overlap,0.0,20872,10497,93.0,96.0,6581.0
20170714.tif,20170728.tif,820,124.0,True,134.0,134,1,continued_row_with_overlap,0.0,20614,10514,144.0,163.0,17434.0
20170714.tif,20170728.tif,828,126.0,True,138.0,138,1,continued_row_with_overlap,0.0,20158,10630,118.0,135.0,11277.0
20170714.tif,20170728.tif,839,131.0,True,146.0,146,1,continued_row_with_overlap,0.0,21340,10731,110.0,126.0,10467.0
20170714.tif,20170728.tif,863,149.0,False,,,0,row_absent_no_mask_overlap,0.0,18546,11238,184.0,167.0,22344.0
20170714.tif,20170728.tif,870,157.0,True,169.0,169,1,continued_row_with_overlap,0.0,21291,11407,99.0,106.0,7670.0
20170714.tif,20170728.tif,872,163.0,False,,,0,row_absent_no_mask_overlap,0.0,17250,11502,96.0,103.0,7476.0
20170714.tif,20170728.tif,889,174.0,True,180.0,180,1,continued_row_with_overlap,0.0,18098,11726,120.0,135.0,11032.0
20170714.tif,20170728.tif,890,173.0,True,179.0,179,1,continued_row_with_overlap,0.0,17620,11727,160.0,168.0,20540.0
20170714.tif,20170728.tif,893,172.0,True,181.0,181,1,continued_row_with_overlap,0.0,21371,11699,127.0,136.0,13432.0
20170714.tif,20170728.tif,895,176.0,False,,,0,row_absent_no_mask_overlap,0.0,14870,11807,140.0,130.0,13749.0
20170714.tif,20170728.tif,903,184.0,True,186.0,186,1,continued_row_with_overlap,0.0,15054,11910,140.0,128.0,13382.0
20170714.tif,20170728.tif,912,185.0,True,190.0,190,1,continued_row_with_overlap,0.0,17798,11923,186.0,190.0,25496.0
20170714.tif,20170728.tif,919,187.0,True,192.0,192,1,continued_row_with_overlap,0.0,21454,11990,124.0,129.0,12163.0
20170714.tif,20170728.tif,938,200.0,True,201.0,201,1,continued_row_with_overlap,0.0,18894,12317,88.0,90.0,6007.0
20170714.tif,20170728.tif,940,201.0,True,203.0,203,1,continued_row_with_overlap,0.0,17262,12378,150.0,145.0,16631.0
20170714.tif,20170728.tif,950,210.0,True,212.0,212,1,continued_row_with_overlap,0.0,15624,12537,125.0,117.0,10904.0
20170714.tif,20170728.tif,969,222.0,False,,,0,row_absent_no_mask_overlap,0.0,16963,12805,145.0,144.0,15150.0
20170714.tif,20170728.tif,971,219.0,True,222.0,222,1,continued_row_with_overlap,0.0,18542,12786,200.0,211.0,32245.0
20170714.tif,20170728.tif,982,225.0,True,230.0,230,1,continued_row_with_overlap,0.0,16425,13001,105.0,125.0,10129.0
20170714.tif,20170728.tif,990,235.0,True,243.0,243,1,continued_row_with_overlap,0.0,16759,13193,123.0,120.0,11174.0
20170714.tif,20170728.tif,1002,240.0,False,,244,1,row_absent_but_mask_overlap,0.0,18010,13327,124.0,132.0,12752.0
20170714.tif,20170728.tif,1012,254.0,True,265.0,265,1,continued_row_with_overlap,0.0,16714,13543,148.0,145.0,15859.0
20170714.tif,20170728.tif,1028,284.0,True,282.0,282,1,continued_row_with_overlap,0.0,16418,13813,150.0,144.0,16664.0
20170714.tif,20170728.tif,1029,279.0,True,281.0,281,1,continued_row_with_overlap,0.0,18033,13791,156.0,156.0,18509.0
20170714.tif,20170728.tif,1033,287.0,True,283.0,283,1,continued_row_with_overlap,0.0,16574,13874,182.0,183.0,25989.0
20170714.tif,20170728.tif,1096,332.0,True,330.0,330,1,continued_row_with_overlap,0.0,15598,15137,164.0,154.0,20175.0
20170714.tif,20170728.tif,1155,376.0,False,,,0,row_absent_no_mask_overlap,0.0,15494,16650,92.0,111.0,7650.0
20170714.tif,20170728.tif,1165,381.0,False,,,0,row_absent_no_mask_overlap,0.0,15512,16843,140.0,166.0,17370.0
20170714.tif,20170728.tif,1169,383.0,False,,,0,row_absent_no_mask_overlap,0.0,17666,16899,148.0,138.0,15588.0
20170714.tif,20170728.tif,1175,390.0,False,,,0,row_absent_no_mask_overlap,0.0,15902,17063,167.0,150.0,20283.0
20170714.tif,20170728.tif,1204,410.0,True,422.0,,0,continued_row_without_overlap,0.0,16670,17735,130.0,136.0,13567.0
20170714.tif,20170728.tif,1216,416.0,True,428.0,428,1,continued_row_with_overlap,0.0,18870,17875,204.0,188.0,30264.0
20170714.tif,20170728.tif,1217,419.0,False,,,0,row_absent_no_mask_overlap,0.0,16098,17977,126.0,126.0,12529.0
20170714.tif,20170728.tif,1227,423.0,True,436.0,436,1,continued_row_with_overlap,0.0,18458,18093,146.0,130.0,13668.0
20170714.tif,20170728.tif,1229,424.0,True,440.0,440,1,continued_row_with_overlap,0.0,19318,18247,134.0,140.0,14919.0
20170714.tif,20170728.tif,1234,432.0,True,445.0,445,1,continued_row_with_overlap,0.0,19056,18567,256.0,252.0,50064.0
20170714.tif,20170728.tif,1235,434.0,True,447.0,447,1,continued_row_with_overlap,0.0,17238,18635,186.0,200.0,26252.0
20170714.tif,20170728.tif,1248,463.0,False,,,0,row_absent_no_mask_overlap,0.0,17690,19447,88.0,92.0,6071.0
20170714.tif,20170728.tif,1296,120.0,True,128.0,128,1,continued_row_with_overlap,0.0,19708,10289,122.0,122.0,11237.0
20170714.tif,20170728.tif,1306,167.0,True,174.0,174,1,continued_row_with_overlap,0.0,15500,11593,167.0,164.0,20485.0
20170714.tif,20170728.tif,1313,223.0,True,225.0,225,1,continued_row_with_overlap,0.0,19062,12850,198.0,195.0,28483.0
20170714.tif,20170728.tif,1319,292.0,True,290.0,290,1,continued_row_with_overlap,0.0,17070,14035,174.0,168.0,22504.0
20170714.tif,20170728.tif,1322,305.0,True,305.0,305,1,continued_row_with_overlap,0.0,18457,14375,169.0,174.0,21612.0
20170714.tif,20170728.tif,1331,400.0,False,,,0,row_absent_no_mask_overlap,0.0,15286,17413,150.0,146.0,16429.0
20170714.tif,20170728.tif,1332,418.0,False,,438,1,row_absent_but_mask_overlap,0.0,18638,17947,176.0,214.0,29880.0
20170714.tif,20170728.tif,1334,451.0,True,462.0,462,1,continued_row_with_overlap,0.0,18918,19071,148.0,168.0,17912.0
20170714.tif,20170728.tif,1355,27.0,True,35.0,35,1,continued_row_with_overlap,0.0,17588,7465,124.0,120.0,11766.0
20170714.tif,20170728.tif,1372,53.0,True,67.0,67,1,continued_row_with_overlap,0.0,20686,8626,151.0,145.0,17389.0
20170714.tif,20170728.tif,1375,58.0,True,70.0,70,1,continued_row_with_overlap,0.0,21002,8782,132.0,136.0,13179.0
20170714.tif,20170728.tif,1377,63.0,True,75.0,75,1,continued_row_with_overlap,0.0,20970,8955,102.0,111.0,8312.0
20170714.tif,20170728.tif,1380,80.0,False,,,0,row_absent_no_mask_overlap,0.0,15970,9558,146.0,145.0,16410.0
20170714.tif,20170728.tif,1383,96.0,True,106.0,106,1,continued_row_with_overlap,0.0,21598,9741,128.0,102.0,9722.0
20170714.tif,20170728.tif,1384,101.0,True,108.0,108,1,continued_row_with_overlap,0.0,18300,9822,74.0,70.0,3948.0
20170714.tif,20170728.tif,1392,127.0,True,144.0,144,1,continued_row_with_overlap,0.0,21722,10635,160.0,160.0,20102.0
20170714.tif,20170728.tif,1395,133.0,True,147.0,147,1,continued_row_with_overlap,0.0,19512,10759,81.0,80.0,4899.0
20170714.tif,20170728.tif,1399,138.0,True,150.0,,0,continued_row_without_overlap,0.0,13637,10877,99.0,90.0,6387.0
20170714.tif,20170728.tif,1400,139.0,True,157.0,157,1,continued_row_with_overlap,0.0,20756,10951,98.0,124.0,9229.0
20170714.tif,20170728.tif,1403,144.0,True,158.0,158,1,continued_row_with_overlap,0.0,17734,11091,208.0,204.0,30887.0
20170714.tif,20170728.tif,1406,150.0,True,165.0,165,1,continued_row_with_overlap,0.0,20266,11257,176.0,182.0,23834.0
20170714.tif,20170728.tif,1408,155.0,True,166.0,166,1,continued_row_with_overlap,0.0,19642,11338,168.0,152.0,19260.0
20170714.tif,20170728.tif,1409,156.0,True,167.0,167,1,continued_row_with_overlap,0.0,18786,11407,156.0,144.0,17120.0
20170714.tif,20170728.tif,1410,166.0,True,175.0,175,1,continued_row_with_overlap,0.0,20117,11549,155.0,176.0,20367.0
20170714.tif,20170728.tif,1412,178.0,True,185.0,185,1,continued_row_with_overlap,0.0,18522,11838,180.0,169.0,21452.0
20170714.tif,20170728.tif,1417,189.0,True,193.0,193,1,continued_row_with_overlap,0.0,19014,12062,204.0,157.0,25608.0
20170714.tif,20170728.tif,1427,194.0,True,200.0,200,1,continued_row_with_overlap,0.0,20824,12255,94.0,99.0,7288.0
20170714.tif,20170728.tif,1429,202.0,True,204.0,204,1,continued_row_with_overlap,0.0,21482,12382,160.0,159.0,18871.0
20170714.tif,20170728.tif,1430,205.0,True,209.0,209,1,continued_row_with_overlap,0.0,20886,12433,124.0,128.0,12066.0
20170714.tif,20170728.tif,1433,215.0,True,216.0,216,1,continued_row_with_overlap,0.0,15070,12654,116.0,115.0,9314.0
20170714.tif,20170728.tif,1446,238.0,True,248.0,248,1,continued_row_with_overlap,0.0,18937,13289,149.0,148.0,17002.0
20170714.tif,20170728.tif,1447,241.0,True,251.0,251,1,continued_row_with_overlap,0.0,16786,13350,168.0,165.0,20326.0
20170714.tif,20170728.tif,1448,239.0,True,252.0,252,1,continued_row_with_overlap,0.0,18678,13325,81.0,86.0,5261.0
20170714.tif,20170728.tif,1450,249.0,True,258.0,258,1,continued_row_with_overlap,0.0,18725,13421,45.0,49.0,1673.0
20170714.tif,20170728.tif,1451,248.0,True,257.0,257,1,continued_row_with_overlap,0.0,18136,13419,86.0,83.0,5457.0
20170714.tif,20170728.tif,1454,250.0,True,259.0,259,1,continued_row_with_overlap,0.0,18514,13451,136.0,128.0,13857.0
20170714.tif,20170728.tif,1456,256.0,True,267.0,267,1,continued_row_with_overlap,0.0,18704,13561,122.0,113.0,10341.0
20170714.tif,20170728.tif,1457,261.0,True,269.0,,0,continued_row_without_overlap,0.0,15294,13631,100.0,112.0,9168.0
20170714.tif,20170728.tif,1458,264.0,False,,,0,row_absent_no_mask_overlap,0.0,16618,13647,52.0,56.0,2048.0
20170714.tif,20170728.tif,1459,265.0,True,271.0,271,1,continued_row_with_overlap,0.0,17854,13658,132.0,145.0,14314.0
20170714.tif,20170728.tif,1461,275.0,True,276.0,276,1,continued_row_with_overlap,0.0,17566,13743,140.0,147.0,15497.0
20170714.tif,20170728.tif,1463,285.0,True,285.0,285,1,continued_row_with_overlap,0.0,19305,13851,117.0,118.0,9903.0
20170714.tif,20170728.tif,1467,293.0,True,292.0,,0,continued_row_without_overlap,0.0,16491,14061,56.0,56.0,2390.0
20170714.tif,20170728.tif,1470,295.0,True,295.0,295,1,continued_row_with_overlap,0.0,16088,14130,122.0,129.0,12014.0
20170714.tif,20170728.tif,1471,296.0,True,297.0,,0,continued_row_without_overlap,0.0,15698,14149,128.0,130.0,11648.0
20170714.tif,20170728.tif,1473,299.0,False,,,0,row_absent_no_mask_overlap,0.0,16626,14163,60.0,72.0,3012.0
20170714.tif,20170728.tif,1474,297.0,True,298.0,298,1,continued_row_with_overlap,0.0,17586,14151,85.0,86.0,5705.0
20170714.tif,20170728.tif,1475,300.0,True,300.0,300,1,continued_row_with_overlap,0.0,17228,14193,110.0,118.0,10061.0
20170714.tif,20170728.tif,1477,301.0,True,301.0,301,1,continued_row_with_overlap,0.0,19756,14205,100.0,76.0,5839.0
20170714.tif,20170728.tif,1479,302.0,True,302.0,302,1,continued_row_with_overlap,0.0,19934,14218,32.0,36.0,976.0
20170714.tif,20170728.tif,1484,304.0,True,304.0,304,1,continued_row_with_overlap,0.0,18272,14375,81.0,90.0,5563.0
20170714.tif,20170728.tif,1486,312.0,False,,,0,row_absent_no_mask_overlap,0.0,19070,14574,83.0,96.0,5893.0
20170714.tif,20170728.tif,1496,325.0,False,,,0,row_absent_no_mask_overlap,0.0,17966,14877,80.0,64.0,3864.0
20170714.tif,20170728.tif,1497,326.0,True,324.0,324,1,continued_row_with_overlap,0.0,18146,14886,92.0,80.0,6178.0
20170714.tif,20170728.tif,1508,342.0,True,340.0,340,1,continued_row_with_overlap,0.0,17044,15558,154.0,165.0,19190.0
20170714.tif,20170728.tif,1510,353.0,False,,,0,row_absent_no_mask_overlap,0.0,15132,16019,124.0,131.0,12069.0
20170714.tif,20170728.tif,1521,375.0,True,381.0,,0,continued_row_without_overlap,0.0,16665,16631,106.0,108.0,8891.0
20170714.tif,20170728.tif,1526,396.0,False,,,0,row_absent_no_mask_overlap,0.0,17600,17227,104.0,106.0,7895.0
20170714.tif,20170728.tif,1528,398.0,True,411.0,411,1,continued_row_with_overlap,0.0,19886,17305,112.0,100.0,8615.0
20170714.tif,20170728.tif,1529,399.0,True,413.0,413,1,continued_row_with_overlap,0.0,18727,17375,135.0,114.0,11416.0
20170714.tif,20170728.tif,1532,403.0,True,415.0,415,1,continued_row_with_overlap,0.0,19778,17513,142.0,148.0,15460.0
20170714.tif,20170728.tif,1535,409.0,False,,,0,row_absent_no_mask_overlap,0.0,15942,17735,132.0,146.0,15332.0
20170714.tif,20170728.tif,1542,417.0,False,,,0,row_absent_no_mask_overlap,0.0,15530,17943,134.0,138.0,13140.0
20170714.tif,20170728.tif,1547,421.0,True,434.0,,0,continued_row_without_overlap,0.0,18226,18068,75.0,71.0,3965.0
20170714.tif,20170728.tif,1550,425.0,True,441.0,,0,continued_row_without_overlap,0.0,17346,18371,112.0,96.0,8047.0
20170714.tif,20170728.tif,1552,443.0,True,457.0,,0,continued_row_without_overlap,0.0,17742,18841,116.0,130.0,11444.0
20170714.tif,20170728.tif,1553,447.0,True,460.0,,0,continued_row_without_overlap,0.0,17566,18975,140.0,144.0,15317.0
20170714.tif,20170728.tif,1558,466.0,False,,,0,row_absent_no_mask_overlap,0.0,17450,19775,136.0,134.0,14240.0
20170714.tif,20170728.tif,1570,34.0,True,41.0,41,1,continued_row_with_overlap,0.0,21406,7960,85.0,85.0,5830.0
20170714.tif,20170728.tif,1571,38.0,True,44.0,44,1,continued_row_with_overlap,0.0,12448,8082,84.0,104.0,6673.0
20170714.tif,20170728.tif,1572,36.0,True,46.0,46,1,continued_row_with_overlap,0.0,20908,8057,130.0,128.0,13148.0
20170714.tif,20170728.tif,1576,41.0,True,53.0,53,1,continued_row_with_overlap,0.0,20078,8203,122.0,122.0,11381.0
20170714.tif,20170728.tif,1577,42.0,False,,,0,row_absent_no_mask_overlap,0.0,19799,8225,109.0,116.0,9795.0
20170714.tif,20170728.tif,1578,43.0,False,,,0,row_absent_no_mask_overlap,0.0,20382,8243,160.0,156.0,18884.0
20170714.tif,20170728.tif,1579,45.0,True,56.0,56,1,continued_row_with_overlap,0.0,20632,8322,145.0,140.0,15771.0
20170714.tif,20170728.tif,1580,47.0,True,58.0,58,1,continued_row_with_overlap,0.0,16156,8395,176.0,184.0,23766.0
20170714.tif,20170728.tif,1581,46.0,False,,59,1,row_absent_but_mask_overlap,0.0,21872,8382,120.0,141.0,12815.0
20170714.tif,20170728.tif,1585,54.0,True,64.0,64,1,continued_row_with_overlap,0.0,17770,8635,164.0,168.0,20430.0
20170714.tif,20170728.tif,1586,52.0,True,66.0,66,1,continued_row_with_overlap,0.0,20206,8617,152.0,152.0,16762.0
20170714.tif,20170728.tif,1587,56.0,True,68.0,68,1,continued_row_with_overlap,0.0,16326,8722,148.0,159.0,17642.0
20170714.tif,20170728.tif,1588,57.0,True,72.0,72,1,continued_row_with_overlap,0.0,22790,8773,110.0,112.0,9273.0
20170714.tif,20170728.tif,1590,64.0,True,76.0,76,1,continued_row_with_overlap,0.0,20250,8962,159.0,169.0,20680.0
20170714.tif,20170728.tif,1591,65.0,False,,,0,row_absent_no_mask_overlap,0.0,20512,8967,150.0,162.0,17662.0
20170714.tif,20170728.tif,1592,68.0,False,,,0,row_absent_no_mask_overlap,0.0,19786,9070,128.0,128.0,10986.0
20170714.tif,20170728.tif,1593,69.0,False,,82,1,row_absent_but_mask_overlap,0.0,19552,9079,148.0,132.0,15133.0
20170714.tif,20170728.tif,1594,70.0,True,87.0,87,1,continued_row_with_overlap,0.0,22352,9137,118.0,132.0,11359.0
20170714.tif,20170728.tif,1595,72.0,False,,,0,row_absent_no_mask_overlap,0.0,19640,9209,142.0,136.0,14662.0
20170714.tif,20170728.tif,1598,73.0,True,89.0,89,1,continued_row_with_overlap,0.0,19356,9269,69.0,70.0,3639.0
20170714.tif,20170728.tif,1599,76.0,True,90.0,90,1,continued_row_with_overlap,0.0,17330,9337,76.0,81.0,4424.0
20170714.tif,20170728.tif,1602,77.0,True,94.0,94,1,continued_row_with_overlap,0.0,22430,9479,124.0,130.0,12532.0
20170714.tif,20170728.tif,1603,83.0,True,95.0,95,1,continued_row_with_overlap,0.0,20264,9606,104.0,104.0,8222.0
20170714.tif,20170728.tif,1604,89.0,True,100.0,100,1,continued_row_with_overlap,0.0,20588,9666,164.0,175.0,21819.0
20170714.tif,20170728.tif,1605,93.0,True,101.0,101,1,continued_row_with_overlap,0.0,15910,9725,113.0,112.0,9307.0
20170714.tif,20170728.tif,1606,100.0,True,109.0,109,1,continued_row_with_overlap,0.0,20154,9793,120.0,136.0,11890.0
20170714.tif,20170728.tif,1607,104.0,True,112.0,112,1,continued_row_with_overlap,0.0,19298,9878,154.0,147.0,16664.0
20170714.tif,20170728.tif,1609,105.0,True,114.0,114,1,continued_row_with_overlap,0.0,20750,9921,88.0,102.0,6950.0
20170714.tif,20170728.tif,1611,110.0,True,123.0,123,1,continued_row_with_overlap,0.0,22266,10041,136.0,148.0,15531.0
20170714.tif,20170728.tif,1613,114.0,True,126.0,126,1,continued_row_with_overlap,0.0,20314,10126,128.0,147.0,13808.0
20170714.tif,20170728.tif,1615,119.0,True,129.0,129,1,continued_row_with_overlap,0.0,20918,10277,184.0,162.0,22682.0
20170714.tif,20170728.tif,1622,164.0,True,172.0,172,1,continued_row_with_overlap,0.0,16688,11514,126.0,131.0,12761.0
20170714.tif,20170728.tif,1624,158.0,True,173.0,173,1,continued_row_with_overlap,0.0,20498,11473,68.0,72.0,3867.0
20170714.tif,20170728.tif,1629,177.0,True,183.0,183,1,continued_row_with_overlap,0.0,16834,11818,128.0,125.0,11638.0
20170714.tif,20170728.tif,1631,186.0,True,189.0,189,1,continued_row_with_overlap,0.0,16666,11931,130.0,118.0,11321.0
20170714.tif,20170728.tif,1642,199.0,False,,,0,row_absent_no_mask_overlap,0.0,17130,12302,100.0,131.0,9824.0
20170714.tif,20170728.tif,1645,204.0,True,208.0,208,1,continued_row_with_overlap,0.0,20650,12415,100.0,104.0,8052.0
20170714.tif,20170728.tif,1647,217.0,True,221.0,221,1,continued_row_with_overlap,0.0,19324,12765,142.0,144.0,15393.0
20170714.tif,20170728.tif,1651,229.0,True,241.0,241,1,continued_row_with_overlap,0.0,20138,13137,147.0,136.0,15770.0
20170714.tif,20170728.tif,1658,271.0,False,,,0,row_absent_no_mask_overlap,0.0,12704,13735,63.0,70.0,3350.0
20170714.tif,20170728.tif,1660,273.0,True,277.0,277,1,continued_row_with_overlap,0.0,19858,13739,119.0,127.0,11388.0
20170714.tif,20170728.tif,1671,311.0,True,307.0,,0,continued_row_without_overlap,0.0,16966,14547,82.0,87.0,5430.0
20170714.tif,20170728.tif,1674,314.0,True,312.0,,0,continued_row_without_overlap,0.0,16558,14637,96.0,100.0,7073.0
20170714.tif,20170728.tif,1679,319.0,True,319.0,,0,continued_row_without_overlap,0.0,16794,14777,73.0,78.0,4450.0
20170714.tif,20170728.tif,1686,334.0,True,331.0,,0,continued_row_without_overlap,0.0,16070,15193,58.0,60.0,2539.0
20170714.tif,20170728.tif,1694,377.0,True,384.0,384,1,continued_row_with_overlap,0.0,19746,16685,132.0,132.0,13502.0
20170714.tif,20170728.tif,1698,394.0,True,407.0,407,1,continued_row_with_overlap,0.0,20018,17147,66.0,62.0,3046.0
20170714.tif,20170728.tif,1706,1.0,False,,,0,row_absent_no_mask_overlap,0.0,15174,4069,25.0,28.0,562.0
20170714.tif,20170728.tif,1707,2.0,True,3.0,,0,continued_row_without_overlap,0.0,17154,4551,36.0,41.0,1024.0
20170714.tif,20170728.tif,1708,3.0,True,5.0,,0,continued_row_without_overlap,0.0,17210,4751,56.0,52.0,2221.0
20170714.tif,20170728.tif,1709,4.0,True,6.0,,0,continued_row_without_overlap,0.0,17116,4811,58.0,62.0,2581.0
20170714.tif,20170728.tif,1710,5.0,True,6.0,6,1,continued_row_with_overlap,0.0,17046,4813,46.0,42.0,1402.0
20170714.tif,20170728.tif,1711,7.0,False,,,0,row_absent_no_mask_overlap,0.0,11836,4977,40.0,37.0,1044.0
20170714.tif,20170728.tif,1712,8.0,False,,,0,row_absent_no_mask_overlap,0.0,17886,5183,28.0,32.0,708.0
20170714.tif,20170728.tif,1713,10.0,True,11.0,,0,continued_row_without_overlap,0.0,18578,5355,32.0,32.0,745.0
20170714.tif,20170728.tif,1714,14.0,False,,,0,row_absent_no_mask_overlap,0.0,19882,6451,16.0,16.0,177.0
20170714.tif,20170728.tif,1715,15.0,True,25.0,,0,continued_row_without_overlap,0.0,10694,6787,30.0,28.0,685.0
20170714.tif,20170728.tif,1716,17.0,False,,,0,row_absent_no_mask_overlap,0.0,10936,7101,18.0,14.0,186.0
20170714.tif,20170728.tif,1717,19.0,True,30.0,30,1,continued_row_with_overlap,0.0,13564,7149,166.0,172.0,20708.0
20170714.tif,20170728.tif,1718,20.0,True,33.0,33,1,continued_row_with_overlap,0.0,18006,7281,114.0,108.0,9065.0
20170714.tif,20170728.tif,1719,35.0,True,47.0,,0,continued_row_without_overlap,0.0,22866,8047,38.0,38.0,1078.0
20170714.tif,20170728.tif,1720,55.0,True,65.0,65,1,continued_row_with_overlap,0.0,15378,8663,76.0,66.0,3696.0
20170714.tif,20170728.tif,1721,74.0,False,,,0,row_absent_no_mask_overlap,0.0,17634,9307,222.0,240.0,38064.0
20170714.tif,20170728.tif,1722,75.0,True,91.0,91,1,continued_row_with_overlap,0.0,19861,9321,53.0,48.0,2028.0
20170714.tif,20170728.tif,1723,85.0,True,98.0,,0,continued_row_without_overlap,0.0,21954,9618,40.0,45.0,1468.0
20170714.tif,20170728.tif,1724,86.0,True,96.0,96,1,continued_row_with_overlap,0.0,19474,9632,62.0,65.0,2844.0
20170714.tif,20170728.tif,1725,97.0,False,,,0,row_absent_no_mask_overlap,0.0,16246,9745,14.0,15.0,136.0
20170714.tif,20170728.tif,1726,99.0,True,102.0,,0,continued_row_without_overlap,0.0,10732,9773,14.0,11.0,120.0
20170714.tif,20170728.tif,1727,109.0,False,,,0,row_absent_no_mask_overlap,0.0,17618,10013,52.0,50.0,2102.0
20170714.tif,20170728.tif,1728,115.0,False,,124,1,row_absent_but_mask_overlap,0.0,19700,10131,32.0,24.0,556.0
20170714.tif,20170728.tif,1729,116.0,False,,,0,row_absent_no_mask_overlap,0.0,21158,10135,20.0,19.0,296.0
20170714.tif,20170728.tif,1730,125.0,True,135.0,135,1,continued_row_with_overlap,0.0,18390,10549,40.0,42.0,1282.0
20170714.tif,20170728.tif,1731,130.0,True,137.0,,0,continued_row_without_overlap,0.0,13161,10722,36.0,40.0,1022.0
20170714.tif,20170728.tif,1732,132.0,False,,,0,row_absent_no_mask_overlap,0.0,17794,10753,76.0,56.0,3512.0
20170714.tif,20170728.tif,1733,136.0,True,152.0,152,1,continued_row_with_overlap,0.0,19845,10847,43.0,47.0,1593.0
20170714.tif,20170728.tif,1734,145.0,True,159.0,159,1,continued_row_with_overlap,0.0,19834,11131,114.0,111.0,9197.0
20170714.tif,20170728.tif,1735,154.0,False,,,0,row_absent_no_mask_overlap,0.0,13256,11328,20.0,23.0,366.0
20170714.tif,20170728.tif,1736,159.0,True,168.0,,0,continued_row_without_overlap,0.0,13346,11485,26.0,23.0,456.0
20170714.tif,20170728.tif,1737,161.0,False,,,0,row_absent_no_mask_overlap,0.0,23992,11487,30.0,31.0,716.0
20170714.tif,20170728.tif,1738,170.0,True,178.0,178,1,continued_row_with_overlap,0.0,20828,11673,62.0,64.0,3017.0
20170714.tif,20170728.tif,1739,175.0,True,184.0,,0,continued_row_without_overlap,0.0,21237,11765,31.0,35.0,861.0
20170714.tif,20170728.tif,1740,182.0,True,186.0,,0,continued_row_without_overlap,0.0,15048,11861,22.0,23.0,356.0
20170714.tif,20170728.tif,1741,190.0,False,,,0,row_absent_no_mask_overlap,0.0,24222,12103,26.0,35.0,724.0
20170714.tif,20170728.tif,1742,191.0,False,,,0,row_absent_no_mask_overlap,0.0,13690,12115,32.0,29.0,717.0
20170714.tif,20170728.tif,1743,203.0,False,,,0,row_absent_no_mask_overlap,0.0,24047,12399,53.0,53.0,2200.0
20170714.tif,20170728.tif,1744,207.0,False,,,0,row_absent_no_mask_overlap,0.0,24300,12467,42.0,39.0,1184.0
20170714.tif,20170728.tif,1745,209.0,True,207.0,,0,continued_row_without_overlap,0.0,11828,12503,41.0,48.0,1567.0
20170714.tif,20170728.tif,1746,211.0,True,214.0,214,1,continued_row_with_overlap,0.0,24278,12549,42.0,49.0,1597.0
20170714.tif,20170728.tif,1747,212.0,False,,,0,row_absent_no_mask_overlap,0.0,24172,12565,46.0,52.0,1793.0
20170714.tif,20170728.tif,1748,213.0,False,,,0,row_absent_no_mask_overlap,0.0,24362,12591,54.0,55.0,2347.0
20170714.tif,20170728.tif,1749,214.0,False,,,0,row_absent_no_mask_overlap,0.0,24068,12639,53.0,58.0,2312.0
20170714.tif,20170728.tif,1750,216.0,True,220.0,220,1,continued_row_with_overlap,0.0,24049,12749,45.0,42.0,1394.0
20170714.tif,20170728.tif,1751,218.0,True,223.0,,0,continued_row_without_overlap,0.0,21123,12779,36.0,34.0,921.0
20170714.tif,20170728.tif,1752,220.0,True,220.0,,0,continued_row_without_overlap,0.0,24082,12787,56.0,54.0,2313.0
20170714.tif,20170728.tif,1753,221.0,False,,,0,row_absent_no_mask_overlap,0.0,24160,12787,38.0,37.0,1052.0
20170714.tif,20170728.tif,1754,224.0,True,227.0,227,1,continued_row_with_overlap,0.0,24146,12863,36.0,36.0,960.0
20170714.tif,20170728.tif,1755,226.0,True,232.0,232,1,continued_row_with_overlap,0.0,20570,13035,107.0,114.0,9343.0
20170714.tif,20170728.tif,1756,227.0,True,229.0,,0,continued_row_without_overlap,0.0,24128,13035,40.0,40.0,1102.0
20170714.tif,20170728.tif,1757,228.0,False,,,0,row_absent_no_mask_overlap,0.0,24249,13067,23.0,22.0,361.0
20170714.tif,20170728.tif,1758,230.0,True,235.0,243,1,continued_row_without_overlap,0.0,16852,13139,52.0,56.0,2169.0
20170714.tif,20170728.tif,1759,232.0,True,240.0,,0,continued_row_without_overlap,0.0,17370,13175,54.0,50.0,1964.0
20170714.tif,20170728.tif,1760,234.0,False,,,0,row_absent_no_mask_overlap,0.0,13018,13189,18.0,16.0,204.0
20170714.tif,20170728.tif,1761,245.0,False,,,0,row_absent_no_mask_overlap,0.0,12007,13409,51.0,56.0,2031.0
20170714.tif,20170728.tif,1762,247.0,False,,,0,row_absent_no_mask_overlap,0.0,24303,13417,29.0,32.0,721.0
20170714.tif,20170728.tif,1763,252.0,False,,,0,row_absent_no_mask_overlap,0.0,12724,13517,72.0,91.0,4838.0
20170714.tif,20170728.tif,1764,253.0,False,,,0,row_absent_no_mask_overlap,0.0,11562,13543,26.0,33.0,702.0
20170714.tif,20170728.tif,1765,259.0,False,,,0,row_absent_no_mask_overlap,0.0,11473,13590,40.0,48.0,1616.0
20170714.tif,20170728.tif,1766,260.0,False,,,0,row_absent_no_mask_overlap,0.0,12037,13631,45.0,46.0,1519.0
20170714.tif,20170728.tif,1767,263.0,False,,,0,row_absent_no_mask_overlap,0.0,12142,13641,63.0,61.0,2958.0
20170714.tif,20170728.tif,1768,266.0,False,,,0,row_absent_no_mask_overlap,0.0,11438,13682,39.0,44.0,1192.0
20170714.tif,20170728.tif,1769,267.0,True,272.0,272,1,continued_row_with_overlap,0.0,18506,13687,60.0,60.0,2891.0
20170714.tif,20170728.tif,1770,268.0,False,,,0,row_absent_no_mask_overlap,0.0,11725,13705,56.0,58.0,2517.0
20170714.tif,20170728.tif,1771,278.0,True,278.0,,0,continued_row_without_overlap,0.0,17110,13783,55.0,51.0,2147.0
20170714.tif,20170728.tif,1772,281.0,True,280.0,,0,continued_row_without_overlap,0.0,17018,13803,66.0,66.0,3276.0
20170714.tif,20170728.tif,1773,282.0,False,,,0,row_absent_no_mask_overlap,0.0,12553,13806,20.0,16.0,240.0
20170714.tif,20170728.tif,1774,283.0,True,279.0,,0,continued_row_without_overlap,0.0,16310,13813,62.0,65.0,3122.0
20170714.tif,20170728.tif,1775,286.0,False,,,0,row_absent_no_mask_overlap,0.0,12031,13858,77.0,78.0,4259.0
20170714.tif,20170728.tif,1776,288.0,False,,,0,row_absent_no_mask_overlap,0.0,11968,13879,51.0,58.0,2355.0
20170714.tif,20170728.tif,1777,289.0,True,286.0,286,1,continued_row_with_overlap,0.0,17864,13885,128.0,104.0,9594.0
20170714.tif,20170728.tif,1778,294.0,False,,,0,row_absent_no_mask_overlap,0.0,12390,14101,34.0,35.0,930.0
20170714.tif,20170728.tif,1779,298.0,False,,,0,row_absent_no_mask_overlap,0.0,11522,14161,62.0,51.0,2471.0
20170714.tif,20170728.tif,1780,303.0,True,303.0,,0,continued_row_without_overlap,0.0,17361,14375,51.0,55.0,2258.0
20170714.tif,20170728.tif,1781,306.0,False,,,0,row_absent_no_mask_overlap,0.0,11733,14382,32.0,35.0,861.0
20170714.tif,20170728.tif,1782,307.0,True,306.0,,0,continued_row_without_overlap,0.0,18069,14393,68.0,69.0,3599.0
20170714.tif,20170728.tif,1783,309.0,False,,313,1,row_absent_but_mask_overlap,0.0,24872,14505,128.0,154.0,15437.0
20170714.tif,20170728.tif,1784,313.0,False,,,0,row_absent_no_mask_overlap,0.0,12451,14629,78.0,76.0,4525.0
20170714.tif,20170728.tif,1785,315.0,False,,,0,row_absent_no_mask_overlap,0.0,12150,14639,74.0,71.0,4138.0
20170714.tif,20170728.tif,1786,316.0,True,314.0,314,1,continued_row_with_overlap,0.0,19806,14651,62.0,63.0,2940.0
20170714.tif,20170728.tif,1787,320.0,True,320.0,,0,continued_row_without_overlap,0.0,15632,14793,28.0,34.0,773.0
20170714.tif,20170728.tif,1788,322.0,False,,,0,row_absent_no_mask_overlap,0.0,12897,14807,53.0,54.0,2148.0
20170714.tif,20170728.tif,1789,323.0,True,321.0,321,1,continued_row_with_overlap,0.0,20510,14809,54.0,58.0,2430.0
20170714.tif,20170728.tif,1790,324.0,True,322.0,322,1,continued_row_with_overlap,0.0,21002,14813,102.0,72.0,5628.0
20170714.tif,20170728.tif,1791,331.0,True,328.0,,0,continued_row_without_overlap,0.0,16061,15093,53.0,61.0,2506.0
20170714.tif,20170728.tif,1792,333.0,False,,,0,row_absent_no_mask_overlap,0.0,11704,15145,54.0,46.0,2044.0
20170714.tif,20170728.tif,1793,335.0,False,,,0,row_absent_no_mask_overlap,0.0,24786,15198,84.0,87.0,5152.0
20170714.tif,20170728.tif,1794,338.0,True,335.0,,0,continued_row_without_overlap,0.0,16558,15377,36.0,38.0,1035.0
20170714.tif,20170728.tif,1795,339.0,True,336.0,,0,continued_row_without_overlap,0.0,15632,15405,58.0,60.0,2706.0
20170714.tif,20170728.tif,1796,340.0,True,337.0,,0,continued_row_without_overlap,0.0,16813,15433,47.0,49.0,1816.0
20170714.tif,20170728.tif,1797,343.0,False,,,0,row_absent_no_mask_overlap,0.0,12395,15567,67.0,68.0,3501.0
20170714.tif,20170728.tif,1798,344.0,True,341.0,,0,continued_row_without_overlap,0.0,16984,15577,56.0,54.0,2214.0
20170714.tif,20170728.tif,1799,345.0,False,,,0,row_absent_no_mask_overlap,0.0,16542,15601,30.0,35.0,841.0
20170714.tif,20170728.tif,1800,346.0,True,348.0,348,1,continued_row_with_overlap,0.0,16150,15707,32.0,36.0,762.0
20170714.tif,20170728.tif,1801,347.0,True,345.0,,0,continued_row_without_overlap,0.0,17466,15707,38.0,37.0,1017.0
20170714.tif,20170728.tif,1802,348.0,True,346.0,,0,continued_row_without_overlap,0.0,16213,15723,43.0,47.0,1647.0
20170714.tif,20170728.tif,1803,349.0,True,346.0,,0,continued_row_without_overlap,0.0,16280,15739,42.0,44.0,1451.0
20170714.tif,20170728.tif,1804,350.0,True,350.0,,0,continued_row_without_overlap,0.0,16098,15778,44.0,44.0,1483.0
20170714.tif,20170728.tif,1805,351.0,True,349.0,,0,continued_row_without_overlap,0.0,16326,15791,36.0,32.0,859.0
20170714.tif,20170728.tif,1806,352.0,True,350.0,,0,continued_row_without_overlap,0.0,16098,15850,34.0,43.0,1080.0
20170714.tif,20170728.tif,1807,354.0,False,,,0,row_absent_no_mask_overlap,0.0,14616,16081,130.0,132.0,13295.0
20170714.tif,20170728.tif,1808,355.0,True,357.0,360,1,continued_row_without_overlap,0.0,17232,16085,43.0,50.0,1752.0
20170714.tif,20170728.tif,1809,356.0,False,,,0,row_absent_no_mask_overlap,0.0,16850,16111,42.0,50.0,1615.0
20170714.tif,20170728.tif,1810,357.0,True,365.0,,0,continued_row_without_overlap,0.0,18243,16115,37.0,45.0,1328.0
20170714.tif,20170728.tif,1811,358.0,True,364.0,,0,continued_row_without_overlap,0.0,18309,16118,35.0,32.0,780.0
20170714.tif,20170728.tif,1812,359.0,False,,,0,row_absent_no_mask_overlap,0.0,14286,16130,112.0,112.0,9966.0
20170714.tif,20170728.tif,1813,361.0,False,,,0,row_absent_no_mask_overlap,0.0,10014,16191,33.0,28.0,720.0
20170714.tif,20170728.tif,1814,362.0,False,,,0,row_absent_no_mask_overlap,0.0,13154,16218,156.0,151.0,18555.0
20170714.tif,20170728.tif,1815,364.0,False,,,0,row_absent_no_mask_overlap,0.0,12937,16242,145.0,147.0,16274.0
20170714.tif,20170728.tif,1816,365.0,False,,,0,row_absent_no_mask_overlap,0.0,10112,16301,30.0,25.0,607.0
20170714.tif,20170728.tif,1817,366.0,True,375.0,,0,continued_row_without_overlap,0.0,17722,16317,34.0,38.0,968.0
20170714.tif,20170728.tif,1818,367.0,False,,,0,row_absent_no_mask_overlap,0.0,10078,16331,30.0,28.0,701.0
20170714.tif,20170728.tif,1819,369.0,True,378.0,,0,continued_row_without_overlap,0.0,17024,16379,36.0,31.0,801.0
20170714.tif,20170728.tif,1820,378.0,True,385.0,,0,continued_row_without_overlap,0.0,17528,16761,46.0,46.0,1573.0
20170714.tif,20170728.tif,1821,379.0,False,,,0,row_absent_no_mask_overlap,0.0,15098,16821,90.0,96.0,6245.0
20170714.tif,20170728.tif,1822,380.0,True,388.0,,0,continued_row_without_overlap,0.0,19257,16841,36.0,36.0,918.0
20170714.tif,20170728.tif,1823,384.0,False,,,0,row_absent_no_mask_overlap,0.0,15234,16919,48.0,42.0,1404.0
20170714.tif,20170728.tif,1824,386.0,True,394.0,,0,continued_row_without_overlap,0.0,18298,16931,48.0,52.0,2025.0
20170714.tif,20170728.tif,1825,388.0,True,398.0,,0,continued_row_without_overlap,0.0,18660,16983,67.0,70.0,3700.0
20170714.tif,20170728.tif,1826,389.0,False,,,0,row_absent_no_mask_overlap,0.0,14994,16999,104.0,104.0,7592.0
20170714.tif,20170728.tif,1827,392.0,False,,,0,row_absent_no_mask_overlap,0.0,15202,17105,149.0,148.0,16863.0
20170714.tif,20170728.tif,1828,393.0,True,406.0,406,1,continued_row_with_overlap,0.0,18934,17141,140.0,138.0,14463.0
20170714.tif,20170728.tif,1829,397.0,True,410.0,,0,continued_row_without_overlap,0.0,17814,17275,56.0,58.0,2517.0
20170714.tif,20170728.tif,1830,401.0,True,414.0,,0,continued_row_without_overlap,0.0,18200,17451,68.0,54.0,2912.0
20170714.tif,20170728.tif,1831,404.0,True,416.0,,0,continued_row_without_overlap,0.0,18118,17559,62.0,62.0,2951.0
20170714.tif,20170728.tif,1832,411.0,False,,,0,row_absent_no_mask_overlap,0.0,15322,17787,104.0,104.0,7604.0
20170714.tif,20170728.tif,1833,412.0,False,,,0,row_absent_no_mask_overlap,0.0,15074,17821,64.0,74.0,3308.0
20170714.tif,20170728.tif,1834,413.0,False,,,0,row_absent_no_mask_overlap,0.0,15166,17821,88.0,90.0,6186.0
20170714.tif,20170728.tif,1835,415.0,False,,,0,row_absent_no_mask_overlap,0.0,16838,17871,32.0,44.0,1064.0
20170714.tif,20170728.tif,1836,422.0,True,435.0,,0,continued_row_without_overlap,0.0,18842,18079,28.0,34.0,769.0
20170714.tif,20170728.tif,1837,431.0,True,444.0,,0,continued_row_without_overlap,0.0,18946,18555,74.0,76.0,4245.0
20170714.tif,20170728.tif,1838,433.0,True,448.0,448,1,continued_row_with_overlap,0.0,21686,18587,26.0,24.0,491.0
20170714.tif,20170728.tif,1839,435.0,True,450.0,450,1,continued_row_with_overlap,0.0,21902,18673,33.0,36.0,911.0
20170714.tif,20170728.tif,1840,436.0,False,,453,1,row_absent_but_mask_overlap,0.0,21714,18709,26.0,28.0,571.0
20170714.tif,20170728.tif,1841,437.0,True,452.0,452,1,continued_row_with_overlap,0.0,21378,18719,46.0,42.0,1440.0
20170714.tif,20170728.tif,1842,438.0,True,454.0,454,1,continued_row_with_overlap,0.0,21954,18731,22.0,22.0,371.0
20170714.tif,20170728.tif,1843,439.0,True,455.0,455,1,continued_row_with_overlap,0.0,22008,18743,26.0,22.0,428.0
20170714.tif,20170728.tif,1844,440.0,True,456.0,456,1,continued_row_with_overlap,0.0,22054,18779,46.0,42.0,1515.0
20170714.tif,20170728.tif,1845,441.0,True,458.0,458,1,continued_row_with_overlap,0.0,22124,18785,28.0,25.0,547.0
20170714.tif,20170728.tif,1846,444.0,False,,,0,row_absent_no_mask_overlap,0.0,21916,18847,34.0,36.0,943.0
20170714.tif,20170728.tif,1847,445.0,False,,,0,row_absent_no_mask_overlap,0.0,21548,18923,30.0,26.0,578.0
20170714.tif,20170728.tif,1848,446.0,False,,,0,row_absent_no_mask_overlap,0.0,21830,18967,35.0,30.0,791.0
20170714.tif,20170728.tif,1849,449.0,False,,463,1,row_absent_but_mask_overlap,0.0,21893,19017,40.0,44.0,1287.0
20170714.tif,20170728.tif,1850,453.0,True,468.0,,0,continued_row_without_overlap,0.0,21946,19191,12.0,12.0,128.0
20170714.tif,20170728.tif,1851,455.0,True,468.0,468,1,continued_row_with_overlap,0.0,21890,19237,28.0,32.0,684.0
20170714.tif,20170728.tif,1852,459.0,False,,,0,row_absent_no_mask_overlap,0.0,21872,19345,28.0,36.0,770.0
20170714.tif,20170728.tif,1853,464.0,True,472.0,,0,continued_row_without_overlap,0.0,18896,19695,49.0,54.0,2076.0
20170714.tif,20170728.tif,1854,467.0,True,475.0,,0,continued_row_without_overlap,0.0,18492,19939,76.0,82.0,4986.0
20170714.tif,20170728.tif,1855,470.0,False,,,0,row_absent_no_mask_overlap,0.0,19764,20719,30.0,34.0,839.0
20170714.tif,20170728.tif,1856,471.0,True,480.0,,0,continued_row_without_overlap,0.0,19936,20735,85.0,67.0,4069.0
20170714.tif,20170728.tif,1857,472.0,False,,,0,row_absent_no_mask_overlap,0.0,23022,20833,20.0,24.0,351.0
20170714.tif,20170728.tif,1858,473.0,False,,,0,row_absent_no_mask_overlap,0.0,18056,21495,62.0,60.0,2808.0
20170728.tif,20171002.tif,170,57.0,True,31.0,31,1,continued_row_with_overlap,0.0,14530,8350,220.0,221.0,36506.0
20170728.tif,20171002.tif,297,171.0,True,97.0,97,1,continued_row_with_overlap,0.0,18148,11469,156.0,154.0,17861.0
20170728.tif,20171002.tif,358,236.0,True,137.0,137,1,continued_row_with_overlap,0.0,16440,13107,126.0,130.0,11830.0
20170728.tif,20171002.tif,477,376.0,True,228.0,228,1,continued_row_with_overlap,0.0,16446,16286,252.0,245.0,47560.0
20170728.tif,20171002.tif,486,393.0,True,243.0,243,1,continued_row_with_overlap,0.0,16410,16877,244.0,238.0,44504.0
20170728.tif,20171002.tif,488,404.0,False,,,0,row_absent_no_mask_overlap,0.0,16886,17025,248.0,238.0,42532.0
20170728.tif,20171002.tif,517,443.0,True,291.0,291,1,continued_row_with_overlap,0.0,17960,18487,172.0,170.0,21824.0
20170728.tif,20171002.tif,684,48.0,True,24.0,24,1,continued_row_with_overlap,0.0,18113,8143,134.0,144.0,14059.0
20170728.tif,20171002.tif,723,69.0,False,,,0,row_absent_no_mask_overlap,0.0,15810,8774,164.0,153.0,18784.0
20170728.tif,20171002.tif,727,71.0,False,,,0,row_absent_no_mask_overlap,0.0,18278,8814,126.0,124.0,11828.0
20170728.tif,20171002.tif,731,74.0,False,,,0,row_absent_no_mask_overlap,0.0,18170,8929,149.0,150.0,17170.0
20170728.tif,20171002.tif,746,88.0,True,49.0,49,1,continued_row_with_overlap,0.0,18790,9193,130.0,128.0,13043.0
20170728.tif,20171002.tif,769,93.0,True,54.0,54,1,continued_row_with_overlap,0.0,18978,9523,159.0,170.0,20820.0
20170728.tif,20171002.tif,783,105.0,True,62.0,62,1,continued_row_with_overlap,0.0,19080,9749,150.0,156.0,17762.0
20170728.tif,20171002.tif,792,116.0,True,72.0,72,1,continued_row_with_overlap,0.0,20982,9942,136.0,145.0,14935.0
20170728.tif,20171002.tif,802,122.0,False,,,0,row_absent_no_mask_overlap,0.0,18866,10082,158.0,156.0,18786.0
20170728.tif,20171002.tif,810,130.0,True,79.0,79,1,continued_row_with_overlap,0.0,18058,10421,116.0,128.0,11305.0
20170728.tif,20171002.tif,814,132.0,True,80.0,80,1,continued_row_with_overlap,0.0,18594,10478,128.0,127.0,12683.0
20170728.tif,20171002.tif,816,133.0,True,81.0,81,1,continued_row_with_overlap,0.0,20870,10515,96.0,102.0,7246.0
20170728.tif,20171002.tif,820,134.0,True,82.0,82,1,continued_row_with_overlap,0.0,20614,10529,150.0,170.0,18773.0
20170728.tif,20171002.tif,828,138.0,False,,,0,row_absent_no_mask_overlap,0.0,20158,10646,124.0,129.0,10970.0
20170728.tif,20171002.tif,839,146.0,False,,,0,row_absent_no_mask_overlap,0.0,21342,10759,108.0,125.0,10483.0
20170728.tif,20171002.tif,870,169.0,True,96.0,96,1,continued_row_with_overlap,0.0,21292,11430,102.0,112.0,8400.0
20170728.tif,20171002.tif,889,180.0,True,106.0,106,1,continued_row_with_overlap,0.0,18114,11706,121.0,139.0,11739.0
20170728.tif,20171002.tif,890,179.0,True,105.0,105,1,continued_row_with_overlap,0.0,17644,11702,158.0,171.0,21222.0
20170728.tif,20171002.tif,893,181.0,True,107.0,107,1,continued_row_with_overlap,0.0,21372,11726,128.0,139.0,13879.0
20170728.tif,20171002.tif,903,186.0,False,,,0,row_absent_no_mask_overlap,0.0,15090,11851,148.0,139.0,15134.0
20170728.tif,20171002.tif,912,190.0,False,,,0,row_absent_no_mask_overlap,0.0,17824,11902,174.0,188.0,23318.0
20170728.tif,20171002.tif,919,192.0,True,116.0,116,1,continued_row_with_overlap,0.0,21454,12014,130.0,135.0,13028.0
20170728.tif,20171002.tif,938,201.0,True,121.0,121,1,continued_row_with_overlap,0.0,18910,12307,89.0,90.0,6104.0
20170728.tif,20171002.tif,940,203.0,True,122.0,122,1,continued_row_with_overlap,0.0,17286,12343,156.0,152.0,17870.0
20170728.tif,20171002.tif,950,212.0,False,,,0,row_absent_no_mask_overlap,0.0,15662,12481,124.0,126.0,11908.0
20170728.tif,20171002.tif,971,222.0,False,,,0,row_absent_no_mask_overlap,0.0,18562,12771,204.0,204.0,31580.0
20170728.tif,20171002.tif,982,230.0,True,134.0,134,1,continued_row_with_overlap,0.0,16458,12955,110.0,128.0,10680.0
20170728.tif,20171002.tif,990,243.0,False,,,0,row_absent_no_mask_overlap,0.0,16794,13153,128.0,121.0,11483.0
20170728.tif,20171002.tif,1012,265.0,False,,150;153;154;157,4,row_absent_but_mask_overlap,0.0,16754,13514,144.0,124.0,12878.0
20170728.tif,20171002.tif,1028,282.0,True,165.0,165,1,continued_row_with_overlap,0.0,16460,13766,152.0,143.0,16680.0
20170728.tif,20171002.tif,1029,281.0,True,164.0,164,1,continued_row_with_overlap,0.0,18066,13762,156.0,159.0,18825.0
20170728.tif,20171002.tif,1033,283.0,True,167.0,167,1,continued_row_with_overlap,0.0,16616,13827,184.0,186.0,26902.0
20170728.tif,20171002.tif,1096,330.0,False,,200,1,row_absent_but_mask_overlap,0.0,15660,15070,162.0,157.0,20408.0
20170728.tif,20171002.tif,1204,422.0,False,,,0,row_absent_no_mask_overlap,0.0,16740,17663,126.0,120.0,11624.0
20170728.tif,20171002.tif,1216,428.0,True,271.0,271,1,continued_row_with_overlap,0.0,18918,17825,202.0,192.0,30148.0
20170728.tif,20171002.tif,1227,436.0,True,280.0,280,1,continued_row_with_overlap,0.0,18510,18037,146.0,130.0,13846.0
20170728.tif,20171002.tif,1229,440.0,True,284.0,284,1,continued_row_with_overlap,0.0,19358,18201,138.0,142.0,15464.0
20170728.tif,20171002.tif,1234,445.0,True,293.0,293,1,continued_row_with_overlap,0.0,19102,18515,258.0,256.0,49036.0
20170728.tif,20171002.tif,1235,447.0,False,,,0,row_absent_no_mask_overlap,0.0,17304,18559,182.0,196.0,25828.0
20170728.tif,20171002.tif,1296,128.0,True,77.0,77,1,continued_row_with_overlap,0.0,19702,10293,128.0,126.0,12017.0
20170728.tif,20171002.tif,1306,174.0,False,,,0,row_absent_no_mask_overlap,0.0,15526,11546,176.0,169.0,21966.0
20170728.tif,20171002.tif,1313,225.0,True,133.0,133,1,continued_row_with_overlap,0.0,19082,12839,196.0,194.0,28124.0
20170728.tif,20171002.tif,1319,290.0,True,171.0,171,1,continued_row_with_overlap,0.0,17110,13993,176.0,170.0,23212.0
20170728.tif,20171002.tif,1322,305.0,False,,180,1,row_absent_but_mask_overlap,0.0,18490,14351,170.0,172.0,21416.0
20170728.tif,20171002.tif,1334,462.0,False,,,0,row_absent_no_mask_overlap,0.0,18974,19013,144.0,166.0,18082.0
20170728.tif,20171002.tif,1355,35.0,True,17.0,17,1,continued_row_with_overlap,0.0,17568,7445,128.0,124.0,12572.0
20170728.tif,20171002.tif,1372,67.0,True,36.0,36,1,continued_row_with_overlap,0.0,20674,8642,157.0,151.0,18757.0
20170728.tif,20171002.tif,1375,70.0,True,38.0,38,1,continued_row_with_overlap,0.0,20990,8803,136.0,142.0,14229.0
20170728.tif,20171002.tif,1377,75.0,True,41.0,41,1,continued_row_with_overlap,0.0,20963,8973,103.0,117.0,9101.0
20170728.tif,20171002.tif,1383,106.0,True,63.0,63,1,continued_row_with_overlap,0.0,21590,9773,128.0,105.0,10719.0
20170728.tif,20171002.tif,1384,108.0,True,65.0,65,1,continued_row_with_overlap,0.0,18298,9805,80.0,80.0,4815.0
20170728.tif,20171002.tif,1392,144.0,True,84.0,84,1,continued_row_with_overlap,0.0,21714,10667,165.0,164.0,20368.0
20170728.tif,20171002.tif,1395,147.0,False,,,0,row_absent_no_mask_overlap,0.0,19512,10763,84.0,80.0,5098.0
20170728.tif,20171002.tif,1399,150.0,False,,,0,row_absent_no_mask_overlap,0.0,13674,10818,102.0,95.0,7124.0
20170728.tif,20171002.tif,1400,157.0,False,,92,1,row_absent_but_mask_overlap,0.0,20758,10969,102.0,130.0,10136.0
20170728.tif,20171002.tif,1403,158.0,False,,,0,row_absent_no_mask_overlap,0.0,17746,11070,210.0,207.0,32346.0
20170728.tif,20171002.tif,1406,165.0,True,94.0,94,1,continued_row_with_overlap,0.0,20274,11269,176.0,186.0,24215.0
20170728.tif,20171002.tif,1408,166.0,True,95.0,95,1,continued_row_with_overlap,0.0,19646,11338,172.0,159.0,20257.0
20170728.tif,20171002.tif,1409,167.0,False,,98;101,2,row_absent_but_mask_overlap,0.0,18798,11395,156.0,146.0,17396.0
20170728.tif,20171002.tif,1410,175.0,True,103.0,103,1,continued_row_with_overlap,0.0,20122,11558,158.0,177.0,21324.0
20170728.tif,20171002.tif,1412,185.0,False,,109;112,2,row_absent_but_mask_overlap,0.0,18538,11822,176.0,173.0,21598.0
20170728.tif,20171002.tif,1417,193.0,False,,,0,row_absent_no_mask_overlap,0.0,19026,12058,206.0,157.0,25010.0
20170728.tif,20171002.tif,1427,200.0,True,120.0,120,1,continued_row_with_overlap,0.0,20831,12273,97.0,102.0,7593.0
20170728.tif,20171002.tif,1429,204.0,False,,126,1,row_absent_but_mask_overlap,0.0,21482,12406,166.0,167.0,19734.0
20170728.tif,20171002.tif,1430,209.0,True,125.0,125,1,continued_row_with_overlap,0.0,20896,12450,124.0,131.0,12447.0
20170728.tif,20171002.tif,1433,216.0,False,,,0,row_absent_no_mask_overlap,0.0,15110,12598,122.0,119.0,10572.0
20170728.tif,20171002.tif,1446,248.0,True,142.0,142,1,continued_row_with_overlap,0.0,18962,13274,148.0,151.0,16854.0
20170728.tif,20171002.tif,1447,251.0,False,,,0,row_absent_no_mask_overlap,0.0,16822,13306,176.0,167.0,21184.0
20170728.tif,20171002.tif,1448,252.0,False,,,0,row_absent_no_mask_overlap,0.0,18704,13308,81.0,86.0,5338.0
20170728.tif,20171002.tif,1450,258.0,False,,,0,row_absent_no_mask_overlap,0.0,18746,13403,50.0,50.0,1806.0
20170728.tif,20171002.tif,1451,257.0,True,143.0,143,1,continued_row_with_overlap,0.0,18170,13394,84.0,84.0,5184.0
20170728.tif,20171002.tif,1454,259.0,True,144.0,144,1,continued_row_with_overlap,0.0,18540,13432,136.0,127.0,13612.0
20170728.tif,20171002.tif,1456,267.0,True,149.0,149,1,continued_row_with_overlap,0.0,18732,13543,114.0,111.0,9420.0
20170728.tif,20171002.tif,1457,269.0,False,,,0,row_absent_no_mask_overlap,0.0,15342,13569,108.0,120.0,9870.0
20170728.tif,20171002.tif,1459,271.0,True,156.0,156,1,continued_row_with_overlap,0.0,17888,13626,134.0,152.0,15672.0
20170728.tif,20171002.tif,1461,276.0,True,162.0,162,1,continued_row_with_overlap,0.0,17600,13709,142.0,148.0,15882.0
20170728.tif,20171002.tif,1463,285.0,True,168.0,168,1,continued_row_with_overlap,0.0,19330,13842,114.0,115.0,9770.0
20170728.tif,20171002.tif,1467,292.0,True,173.0,,0,continued_row_without_overlap,0.0,16535,14014,55.0,55.0,2167.0
20170728.tif,20171002.tif,1470,295.0,False,,,0,row_absent_no_mask_overlap,0.0,16134,14075,124.0,132.0,12405.0
20170728.tif,20171002.tif,1471,297.0,False,,,0,row_absent_no_mask_overlap,0.0,15750,14087,130.0,139.0,13683.0
20170728.tif,20171002.tif,1474,298.0,False,,,0,row_absent_no_mask_overlap,0.0,17623,14115,88.0,87.0,5864.0
20170728.tif,20171002.tif,1475,300.0,True,175.0,175,1,continued_row_with_overlap,0.0,17269,14153,110.0,118.0,10284.0
20170728.tif,20171002.tif,1477,301.0,True,176.0,,0,continued_row_without_overlap,0.0,19779,14201,98.0,76.0,5799.0
20170728.tif,20171002.tif,1479,302.0,True,177.0,,0,continued_row_without_overlap,0.0,19942,14206,58.0,51.0,2233.0
20170728.tif,20171002.tif,1484,304.0,True,179.0,179,1,continued_row_with_overlap,0.0,18306,14347,80.0,90.0,5536.0
20170728.tif,20171002.tif,1497,324.0,False,,,0,row_absent_no_mask_overlap,0.0,18180,14849,100.0,84.0,6567.0
20170728.tif,20171002.tif,1508,340.0,False,,,0,row_absent_no_mask_overlap,0.0,17094,15505,154.0,164.0,19099.0
20170728.tif,20171002.tif,1521,381.0,True,236.0,236,1,continued_row_with_overlap,0.0,16730,16563,102.0,110.0,8968.0
20170728.tif,20171002.tif,1528,411.0,True,263.0,263,1,continued_row_with_overlap,0.0,19922,17283,110.0,97.0,8253.0
20170728.tif,20171002.tif,1529,413.0,True,265.0,265,1,continued_row_with_overlap,0.0,18774,17331,136.0,114.0,11768.0
20170728.tif,20171002.tif,1532,415.0,True,266.0,266,1,continued_row_with_overlap,0.0,19814,17487,141.0,146.0,15244.0
20170728.tif,20171002.tif,1547,434.0,True,278.0,,0,continued_row_without_overlap,0.0,18282,18011,74.0,70.0,3969.0
20170728.tif,20171002.tif,1550,441.0,False,,,0,row_absent_no_mask_overlap,0.0,17407,18299,119.0,96.0,8453.0
20170728.tif,20171002.tif,1552,457.0,True,304.0,304,1,continued_row_with_overlap,0.0,17810,18783,96.0,104.0,7936.0
20170728.tif,20171002.tif,1553,460.0,True,309.0,309,1,continued_row_with_overlap,0.0,17628,18898,142.0,143.0,15170.0
20170728.tif,20171002.tif,1570,41.0,True,20.0,20,1,continued_row_with_overlap,0.0,21390,7985,86.0,88.0,6072.0
20170728.tif,20171002.tif,1571,44.0,False,,,0,row_absent_no_mask_overlap,0.0,12449,8023,89.0,106.0,7486.0
20170728.tif,20171002.tif,1572,46.0,False,,25,1,row_absent_but_mask_overlap,0.0,20894,8075,132.0,134.0,13792.0
20170728.tif,20171002.tif,1576,53.0,True,26.0,26,1,continued_row_with_overlap,0.0,20062,8211,124.0,126.0,11858.0
20170728.tif,20171002.tif,1579,56.0,True,30.0,30,1,continued_row_with_overlap,0.0,20618,8337,150.0,146.0,16928.0
20170728.tif,20171002.tif,1580,58.0,False,,,0,row_absent_no_mask_overlap,0.0,16162,8397,166.0,154.0,18418.0
20170728.tif,20171002.tif,1585,64.0,False,,,0,row_absent_no_mask_overlap,0.0,17758,8617,172.0,170.0,20710.0
20170728.tif,20171002.tif,1586,66.0,True,35.0,35,1,continued_row_with_overlap,0.0,20194,8628,154.0,155.0,17488.0
20170728.tif,20171002.tif,1587,68.0,True,37.0,37,1,continued_row_with_overlap,0.0,16318,8690,156.0,163.0,18849.0
20170728.tif,20171002.tif,1588,72.0,True,39.0,39,1,continued_row_with_overlap,0.0,22778,8821,104.0,114.0,9222.0
20170728.tif,20171002.tif,1590,76.0,False,,,0,row_absent_no_mask_overlap,0.0,20238,8974,164.0,175.0,21677.0
20170728.tif,20171002.tif,1594,87.0,True,48.0,48,1,continued_row_with_overlap,0.0,22338,9181,122.0,134.0,11620.0
20170728.tif,20171002.tif,1598,89.0,True,52.0,52,1,continued_row_with_overlap,0.0,19346,9269,72.0,72.0,3814.0
20170728.tif,20171002.tif,1599,90.0,False,,,0,row_absent_no_mask_overlap,0.0,17330,9313,76.0,84.0,4596.0
20170728.tif,20171002.tif,1602,94.0,True,55.0,55,1,continued_row_with_overlap,0.0,22418,9525,126.0,128.0,12319.0
20170728.tif,20171002.tif,1603,95.0,True,56.0,56,1,continued_row_with_overlap,0.0,20258,9619,110.0,108.0,8926.0
20170728.tif,20171002.tif,1604,100.0,True,61.0,61,1,continued_row_with_overlap,0.0,20582,9682,168.0,180.0,23038.0
20170728.tif,20171002.tif,1605,101.0,False,,,0,row_absent_no_mask_overlap,0.0,15918,9686,118.0,119.0,10250.0
20170728.tif,20171002.tif,1606,109.0,True,64.0,64,1,continued_row_with_overlap,0.0,20148,9805,126.0,137.0,12593.0
20170728.tif,20171002.tif,1607,112.0,False,,,0,row_absent_no_mask_overlap,0.0,19289,9879,161.0,150.0,17563.0
20170728.tif,20171002.tif,1609,114.0,True,71.0,71,1,continued_row_with_overlap,0.0,20748,9939,91.0,107.0,7629.0
20170728.tif,20171002.tif,1611,123.0,True,75.0,75,1,continued_row_with_overlap,0.0,22258,10086,136.0,149.0,15320.0
20170728.tif,20171002.tif,1613,126.0,True,76.0,76,1,continued_row_with_overlap,0.0,20312,10138,131.0,151.0,14422.0
20170728.tif,20171002.tif,1615,129.0,True,78.0,78,1,continued_row_with_overlap,0.0,20916,10298,186.0,167.0,23717.0
20170728.tif,20171002.tif,1622,172.0,False,,,0,row_absent_no_mask_overlap,0.0,16710,11478,130.0,133.0,13574.0
20170728.tif,20171002.tif,1624,173.0,True,100.0,100,1,continued_row_with_overlap,0.0,20505,11485,69.0,74.0,4002.0
20170728.tif,20171002.tif,1629,183.0,True,108.0,108,1,continued_row_with_overlap,0.0,16856,11783,132.0,132.0,12654.0
20170728.tif,20171002.tif,1631,189.0,False,,,0,row_absent_no_mask_overlap,0.0,16688,11894,136.0,124.0,12018.0
20170728.tif,20171002.tif,1645,208.0,True,124.0,124,1,continued_row_with_overlap,0.0,20662,12426,100.0,105.0,8530.0
20170728.tif,20171002.tif,1647,221.0,True,131.0,131,1,continued_row_with_overlap,0.0,19339,12761,143.0,142.0,15309.0
20170728.tif,20171002.tif,1651,241.0,True,138.0,138,1,continued_row_with_overlap,0.0,20154,13139,144.0,138.0,15522.0
20170728.tif,20171002.tif,1660,277.0,True,163.0,163,1,continued_row_with_overlap,0.0,19878,13737,118.0,128.0,11292.0
20170728.tif,20171002.tif,1671,307.0,False,,,0,row_absent_no_mask_overlap,0.0,17010,14501,82.0,86.0,5582.0
20170728.tif,20171002.tif,1674,312.0,False,,,0,row_absent_no_mask_overlap,0.0,16612,14586,94.0,103.0,6882.0
20170728.tif,20171002.tif,1679,319.0,False,,,0,row_absent_no_mask_overlap,0.0,16844,14726,76.0,81.0,4883.0
20170728.tif,20171002.tif,1686,331.0,False,,,0,row_absent_no_mask_overlap,0.0,16126,15129,56.0,62.0,2742.0
20170728.tif,20171002.tif,1694,384.0,True,238.0,238,1,continued_row_with_overlap,0.0,19780,16663,132.0,132.0,13785.0
20170728.tif,20171002.tif,1698,407.0,True,255.0,,0,continued_row_without_overlap,0.0,20046,17123,72.0,68.0,3383.0
20170728.tif,20171002.tif,1707,3.0,False,,,0,row_absent_no_mask_overlap,0.0,17108,4521,34.0,44.0,1091.0
20170728.tif,20171002.tif,1708,5.0,True,4.0,4,1,continued_row_with_overlap,0.0,17164,4721,58.0,56.0,2577.0
20170728.tif,20171002.tif,1709,6.0,True,5.0,5,1,continued_row_with_overlap,0.0,17068,4783,64.0,64.0,2915.0
20170728.tif,20171002.tif,1710,6.0,True,5.0,5,1,continued_row_with_overlap,0.0,17068,4783,64.0,64.0,2915.0
20170728.tif,20171002.tif,1713,11.0,False,,,0,row_absent_no_mask_overlap,0.0,18542,5341,30.0,32.0,702.0
20170728.tif,20171002.tif,1715,25.0,False,,,0,row_absent_no_mask_overlap,0.0,10679,6717,34.0,35.0,861.0
20170728.tif,20171002.tif,1717,30.0,False,,,0,row_absent_no_mask_overlap,0.0,13550,7093,172.0,178.0,22236.0
20170728.tif,20171002.tif,1718,33.0,True,15.0,15,1,continued_row_with_overlap,0.0,17988,7263,116.0,112.0,9288.0
20170728.tif,20171002.tif,1719,47.0,True,23.0,,0,continued_row_without_overlap,0.0,22854,8097,28.0,28.0,600.0
20170728.tif,20171002.tif,1720,65.0,False,,,0,row_absent_no_mask_overlap,0.0,15374,8622,90.0,69.0,4591.0
20170728.tif,20171002.tif,1722,91.0,False,,,0,row_absent_no_mask_overlap,0.0,19854,9327,53.0,49.0,2053.0
20170728.tif,20171002.tif,1723,98.0,True,59.0,,0,continued_row_without_overlap,0.0,21940,9654,46.0,48.0,1702.0
20170728.tif,20171002.tif,1724,96.0,True,57.0,57,1,continued_row_with_overlap,0.0,19466,9635,66.0,67.0,3214.0
20170728.tif,20171002.tif,1726,102.0,False,,,0,row_absent_no_mask_overlap,0.0,10764,9699,14.0,12.0,129.0
20170728.tif,20171002.tif,1730,135.0,True,83.0,,0,continued_row_without_overlap,0.0,18396,10537,42.0,45.0,1506.0
20170728.tif,20171002.tif,1731,137.0,False,,,0,row_absent_no_mask_overlap,0.0,13184,10641,77.0,77.0,4693.0
20170728.tif,20171002.tif,1733,152.0,True,87.0,,0,continued_row_without_overlap,0.0,19844,10853,48.0,50.0,1840.0
20170728.tif,20171002.tif,1734,159.0,True,93.0,93,1,continued_row_with_overlap,0.0,19838,11134,117.0,117.0,9994.0
20170728.tif,20171002.tif,1736,168.0,False,,,0,row_absent_no_mask_overlap,0.0,13386,11417,32.0,26.0,661.0
20170728.tif,20171002.tif,1738,178.0,True,104.0,104,1,continued_row_with_overlap,0.0,20832,11691,68.0,68.0,3498.0
20170728.tif,20171002.tif,1739,184.0,False,,,0,row_absent_no_mask_overlap,0.0,21238,11787,38.0,40.0,1063.0
20170728.tif,20171002.tif,1740,186.0,False,,,0,row_absent_no_mask_overlap,0.0,15090,11851,148.0,139.0,15134.0
20170728.tif,20171002.tif,1745,207.0,False,,,0,row_absent_no_mask_overlap,0.0,11885,12417,55.0,54.0,2329.0
20170728.tif,20171002.tif,1746,214.0,True,128.0,,0,continued_row_without_overlap,0.0,24292,12545,40.0,38.0,1160.0
20170728.tif,20171002.tif,1750,220.0,True,130.0,,0,continued_row_without_overlap,0.0,24058,12711,56.0,59.0,2573.0
20170728.tif,20171002.tif,1751,223.0,False,,,0,row_absent_no_mask_overlap,0.0,21132,12801,38.0,34.0,1049.0
20170728.tif,20171002.tif,1752,220.0,True,130.0,,0,continued_row_without_overlap,0.0,24058,12711,56.0,59.0,2573.0
20170728.tif,20171002.tif,1754,227.0,False,,,0,row_absent_no_mask_overlap,0.0,24148,12859,42.0,40.0,1195.0
20170728.tif,20171002.tif,1755,232.0,True,135.0,135,1,continued_row_with_overlap,0.0,20582,13045,108.0,116.0,9611.0
20170728.tif,20171002.tif,1756,229.0,False,,,0,row_absent_no_mask_overlap,0.0,24138,12937,36.0,38.0,1025.0
20170728.tif,20171002.tif,1758,235.0,False,,,0,row_absent_no_mask_overlap,0.0,16886,13099,54.0,56.0,2442.0
20170728.tif,20171002.tif,1759,240.0,True,139.0,,0,continued_row_without_overlap,0.0,17402,13139,52.0,56.0,2270.0
20170728.tif,20171002.tif,1769,272.0,True,158.0,,0,continued_row_without_overlap,0.0,18534,13665,64.0,64.0,3083.0
20170728.tif,20171002.tif,1771,278.0,False,,,0,row_absent_no_mask_overlap,0.0,17148,13742,56.0,52.0,2158.0
20170728.tif,20171002.tif,1772,280.0,False,,,0,row_absent_no_mask_overlap,0.0,17057,13763,65.0,66.0,3383.0
20170728.tif,20171002.tif,1774,279.0,False,,,0,row_absent_no_mask_overlap,0.0,16348,13761,70.0,69.0,3494.0
20170728.tif,20171002.tif,1777,286.0,True,170.0,170,1,continued_row_with_overlap,0.0,17898,13852,127.0,109.0,10078.0
20170728.tif,20171002.tif,1780,303.0,False,,,0,row_absent_no_mask_overlap,0.0,17401,14333,52.0,58.0,2368.0
20170728.tif,20171002.tif,1782,306.0,True,181.0,181,1,continued_row_with_overlap,0.0,18105,14361,68.0,72.0,3758.0
20170728.tif,20171002.tif,1786,314.0,True,187.0,,0,continued_row_without_overlap,0.0,19832,14642,60.0,67.0,3047.0
20170728.tif,20171002.tif,1787,320.0,False,,,0,row_absent_no_mask_overlap,0.0,15686,14729,32.0,37.0,914.0
20170728.tif,20171002.tif,1789,321.0,True,189.0,,0,continued_row_without_overlap,0.0,20528,14809,56.0,60.0,2617.0
20170728.tif,20171002.tif,1790,322.0,True,191.0,191,1,continued_row_with_overlap,0.0,21014,14821,106.0,72.0,6027.0
20170728.tif,20171002.tif,1791,328.0,True,194.0,,0,continued_row_without_overlap,0.0,16114,15030,58.0,63.0,2753.0
20170728.tif,20171002.tif,1794,335.0,False,,,0,row_absent_no_mask_overlap,0.0,16610,15319,38.0,41.0,1153.0
20170728.tif,20171002.tif,1795,336.0,True,205.0,,0,continued_row_without_overlap,0.0,15694,15338,60.0,63.0,2986.0
20170728.tif,20171002.tif,1796,337.0,True,207.0,,0,continued_row_without_overlap,0.0,16866,15377,48.0,52.0,1952.0
20170728.tif,20171002.tif,1798,341.0,False,,,0,row_absent_no_mask_overlap,0.0,17037,15523,55.0,55.0,2324.0
20170728.tif,20171002.tif,1800,348.0,False,,,0,row_absent_no_mask_overlap,0.0,16158,15709,40.0,45.0,1396.0
20170728.tif,20171002.tif,1801,345.0,False,,,0,row_absent_no_mask_overlap,0.0,17514,15659,38.0,39.0,1044.0
20170728.tif,20171002.tif,1802,346.0,True,212.0,,0,continued_row_without_overlap,0.0,16282,15663,32.0,43.0,1017.0
20170728.tif,20171002.tif,1803,346.0,True,212.0,,0,continued_row_without_overlap,0.0,16282,15663,32.0,43.0,1017.0
20170728.tif,20171002.tif,1804,350.0,False,,,0,row_absent_no_mask_overlap,0.0,16158,15787,36.0,40.0,1176.0
20170728.tif,20171002.tif,1805,349.0,True,213.0,,0,continued_row_without_overlap,0.0,16386,15727,36.0,34.0,904.0
20170728.tif,20171002.tif,1806,350.0,False,,,0,row_absent_no_mask_overlap,0.0,16158,15787,36.0,40.0,1176.0
20170728.tif,20171002.tif,1808,357.0,False,,,0,row_absent_no_mask_overlap,0.0,17286,16034,40.0,44.0,1406.0
20170728.tif,20171002.tif,1810,365.0,True,219.0,,0,continued_row_without_overlap,0.0,18288,16075,36.0,46.0,1304.0
20170728.tif,20171002.tif,1811,364.0,True,219.0,,0,continued_row_without_overlap,0.0,18352,16073,37.0,37.0,1026.0
20170728.tif,20171002.tif,1817,375.0,True,226.0,,0,continued_row_without_overlap,0.0,17773,16267,33.0,40.0,969.0
20170728.tif,20171002.tif,1819,378.0,False,,,0,row_absent_no_mask_overlap,0.0,17078,16315,40.0,38.0,1144.0
20170728.tif,20171002.tif,1820,385.0,False,,,0,row_absent_no_mask_overlap,0.0,17584,16707,43.0,44.0,1455.0
20170728.tif,20171002.tif,1822,388.0,True,241.0,,0,continued_row_without_overlap,0.0,19294,16809,38.0,39.0,1105.0
20170728.tif,20171002.tif,1824,394.0,False,,,0,row_absent_no_mask_overlap,0.0,18345,16885,49.0,50.0,1935.0
20170728.tif,20171002.tif,1825,398.0,True,245.0,,0,continued_row_without_overlap,0.0,18705,16941,69.0,72.0,3949.0
20170728.tif,20171002.tif,1828,406.0,True,254.0,254,1,continued_row_with_overlap,0.0,18976,17102,142.0,137.0,14837.0
20170728.tif,20171002.tif,1829,410.0,True,258.0,,0,continued_row_without_overlap,0.0,17868,17217,58.0,60.0,2678.0
20170728.tif,20171002.tif,1830,414.0,False,,,0,row_absent_no_mask_overlap,0.0,18253,17399,65.0,53.0,2762.0
20170728.tif,20171002.tif,1831,416.0,True,267.0,,0,continued_row_without_overlap,0.0,18170,17503,62.0,64.0,3003.0
20170728.tif,20171002.tif,1836,435.0,False,,,0,row_absent_no_mask_overlap,0.0,18886,18026,36.0,39.0,1183.0
20170728.tif,20171002.tif,1837,444.0,True,292.0,,0,continued_row_without_overlap,0.0,18994,18503,76.0,76.0,4443.0
20170728.tif,20171002.tif,1838,448.0,False,,,0,row_absent_no_mask_overlap,0.0,21700,18581,29.0,22.0,519.0
20170728.tif,20171002.tif,1839,450.0,True,298.0,,0,continued_row_without_overlap,0.0,21914,18669,36.0,36.0,949.0
20170728.tif,20171002.tif,1841,452.0,False,,,0,row_absent_no_mask_overlap,0.0,21402,18703,40.0,42.0,1188.0
20170728.tif,20171002.tif,1842,454.0,True,300.0,,0,continued_row_without_overlap,0.0,21965,18725,25.0,24.0,406.0
20170728.tif,20171002.tif,1843,455.0,True,301.0,,0,continued_row_without_overlap,0.0,22022,18740,24.0,20.0,347.0
20170728.tif,20171002.tif,1844,456.0,True,303.0,,0,continued_row_without_overlap,0.0,22065,18773,47.0,46.0,1684.0
20170728.tif,20171002.tif,1845,458.0,True,305.0,,0,continued_row_without_overlap,0.0,22134,18783,28.0,27.0,569.0
20170728.tif,20171002.tif,1850,468.0,True,319.0,,0,continued_row_without_overlap,0.0,21904,19225,28.0,33.0,685.0
20170728.tif,20171002.tif,1851,468.0,True,319.0,,0,continued_row_without_overlap,0.0,21904,19225,28.0,33.0,685.0
20170728.tif,20171002.tif,1853,472.0,True,327.0,,0,continued_row_without_overlap,0.0,18950,19628,52.0,57.0,2332.0
20170728.tif,20171002.tif,1854,475.0,True,330.0,,0,continued_row_without_overlap,0.0,18554,19861,75.0,86.0,4954.0
20170728.tif,20171002.tif,1856,480.0,True,331.0,,0,continued_row_without_overlap,0.0,19977,20673,88.0,68.0,4280.0
20170728.tif,20171002.tif,1859,1.0,False,,,0,row_absent_no_mask_overlap,0.0,15114,4021,28.0,32.0,646.0
20170728.tif,20171002.tif,1860,2.0,False,,,0,row_absent_no_mask_overlap,0.0,10794,4443,24.0,20.0,364.0
20170728.tif,20171002.tif,1861,7.0,True,6.0,,0,continued_row_without_overlap,0.0,17000,4785,48.0,44.0,1635.0
20170728.tif,20171002.tif,1862,9.0,False,,,0,row_absent_no_mask_overlap,0.0,17850,5163,22.0,20.0,362.0
20170728.tif,20171002.tif,1863,10.0,False,,,0,row_absent_no_mask_overlap,0.0,18112,5297,34.0,38.0,972.0
20170728.tif,20171002.tif,1864,12.0,False,,,0,row_absent_no_mask_overlap,0.0,11300,5403,30.0,32.0,733.0
20170728.tif,20171002.tif,1865,13.0,False,,,0,row_absent_no_mask_overlap,0.0,11077,5467,31.0,30.0,720.0
20170728.tif,20171002.tif,1866,14.0,False,,,0,row_absent_no_mask_overlap,0.0,11176,5551,29.0,28.0,545.0
20170728.tif,20171002.tif,1867,18.0,False,,,0,row_absent_no_mask_overlap,0.0,18847,6121,23.0,20.0,360.0
20170728.tif,20171002.tif,1868,21.0,False,,,0,row_absent_no_mask_overlap,0.0,18897,6169,25.0,23.0,459.0
20170728.tif,20171002.tif,1869,22.0,True,7.0,,0,continued_row_without_overlap,0.0,19246,6299,16.0,16.0,179.0
20170728.tif,20171002.tif,1870,23.0,False,,,0,row_absent_no_mask_overlap,0.0,16722,6638,106.0,110.0,8198.0
20170728.tif,20171002.tif,1871,24.0,True,8.0,8,1,continued_row_with_overlap,0.0,16878,6685,104.0,100.0,7452.0
20170728.tif,20171002.tif,1872,27.0,True,11.0,11,1,continued_row_with_overlap,0.0,19010,6965,108.0,112.0,8620.0
20170728.tif,20171002.tif,1873,37.0,False,,,0,row_absent_no_mask_overlap,0.0,22726,7657,74.0,73.0,4035.0
20170728.tif,20171002.tif,1874,63.0,False,,,0,row_absent_no_mask_overlap,0.0,12585,8538,157.0,168.0,20214.0
20170728.tif,20171002.tif,1875,73.0,False,,,0,row_absent_no_mask_overlap,0.0,18990,8883,56.0,66.0,2691.0
20170728.tif,20171002.tif,1876,92.0,False,,,0,row_absent_no_mask_overlap,0.0,16134,9486,164.0,159.0,18182.0
20170728.tif,20171002.tif,1877,120.0,False,,,0,row_absent_no_mask_overlap,0.0,16708,10067,18.0,15.0,194.0
20170728.tif,20171002.tif,1878,145.0,False,,,0,row_absent_no_mask_overlap,0.0,12958,10709,35.0,31.0,783.0
20170728.tif,20171002.tif,1879,148.0,False,,,0,row_absent_no_mask_overlap,0.0,16962,10798,244.0,273.0,50556.0
20170728.tif,20171002.tif,1880,149.0,False,,,0,row_absent_no_mask_overlap,0.0,13582,10806,76.0,84.0,4496.0
20170728.tif,20171002.tif,1881,155.0,True,89.0,89,1,continued_row_with_overlap,0.0,20998,10878,168.0,133.0,16971.0
20170728.tif,20171002.tif,1882,156.0,False,,,0,row_absent_no_mask_overlap,0.0,15718,10961,184.0,192.0,27640.0
20170728.tif,20171002.tif,1883,170.0,False,,,0,row_absent_no_mask_overlap,0.0,13436,11433,38.0,34.0,966.0
20170728.tif,20171002.tif,1884,176.0,False,,,0,row_absent_no_mask_overlap,0.0,13594,11586,54.0,55.0,2261.0
20170728.tif,20171002.tif,1885,177.0,False,,,0,row_absent_no_mask_overlap,0.0,13438,11652,40.0,36.0,1050.0
20170728.tif,20171002.tif,1886,191.0,False,,,0,row_absent_no_mask_overlap,0.0,16174,12003,18.0,20.0,293.0
20170728.tif,20171002.tif,1887,195.0,False,,,0,row_absent_no_mask_overlap,0.0,24210,12177,32.0,37.0,927.0
20170728.tif,20171002.tif,1888,196.0,False,,,0,row_absent_no_mask_overlap,0.0,19210,12186,96.0,116.0,8190.0
20170728.tif,20171002.tif,1889,198.0,False,,,0,row_absent_no_mask_overlap,0.0,24242,12210,104.0,116.0,8782.0
20170728.tif,20171002.tif,1890,205.0,False,,,0,row_absent_no_mask_overlap,0.0,13890,12409,18.0,23.0,339.0
20170728.tif,20171002.tif,1891,206.0,False,,,0,row_absent_no_mask_overlap,0.0,12000,12413,33.0,34.0,814.0
20170728.tif,20171002.tif,1892,210.0,False,,,0,row_absent_no_mask_overlap,0.0,12308,12467,20.0,22.0,318.0
20170728.tif,20171002.tif,1893,211.0,False,,,0,row_absent_no_mask_overlap,0.0,24038,12471,53.0,53.0,2206.0
20170728.tif,20171002.tif,1894,217.0,True,128.0,,0,continued_row_without_overlap,0.0,24269,12625,43.0,49.0,1622.0
20170728.tif,20171002.tif,1895,218.0,False,,,0,row_absent_no_mask_overlap,0.0,24162,12637,46.0,56.0,1925.0
20170728.tif,20171002.tif,1896,219.0,False,,,0,row_absent_no_mask_overlap,0.0,24352,12667,56.0,58.0,2462.0
20170728.tif,20171002.tif,1897,224.0,False,,,0,row_absent_no_mask_overlap,0.0,24040,12819,46.0,44.0,1550.0
20170728.tif,20171002.tif,1898,226.0,False,,,0,row_absent_no_mask_overlap,0.0,24070,12859,60.0,56.0,2589.0
20170728.tif,20171002.tif,1899,231.0,False,,,0,row_absent_no_mask_overlap,0.0,15665,13011,51.0,54.0,2047.0
20170728.tif,20171002.tif,1900,234.0,True,137.0,,0,continued_row_without_overlap,0.0,16382,13090,40.0,47.0,1264.0
20170728.tif,20171002.tif,1901,237.0,False,,,0,row_absent_no_mask_overlap,0.0,24120,13109,41.0,38.0,1078.0
20170728.tif,20171002.tif,1902,242.0,False,,,0,row_absent_no_mask_overlap,0.0,24242,13141,20.0,22.0,387.0
20170728.tif,20171002.tif,1903,250.0,False,,,0,row_absent_no_mask_overlap,0.0,14834,13298,72.0,60.0,3438.0
20170728.tif,20171002.tif,1904,260.0,False,,145,1,row_absent_but_mask_overlap,0.0,12796,13435,74.0,88.0,5079.0
20170728.tif,20171002.tif,1905,261.0,False,,,0,row_absent_no_mask_overlap,0.0,10840,13467,18.0,18.0,273.0
20170728.tif,20171002.tif,1906,263.0,False,,,0,row_absent_no_mask_overlap,0.0,24296,13493,28.0,30.0,686.0
20170728.tif,20171002.tif,1907,266.0,False,,,0,row_absent_no_mask_overlap,0.0,12114,13543,46.0,46.0,1607.0
20170728.tif,20171002.tif,1908,270.0,False,,,0,row_absent_no_mask_overlap,0.0,11805,13613,59.0,62.0,2747.0
20170728.tif,20171002.tif,1909,294.0,False,,,0,row_absent_no_mask_overlap,0.0,11610,14062,64.0,59.0,2895.0
20170728.tif,20171002.tif,1910,296.0,False,,,0,row_absent_no_mask_overlap,0.0,12410,14079,20.0,20.0,322.0
20170728.tif,20171002.tif,1911,308.0,False,,,0,row_absent_no_mask_overlap,0.0,12940,14527,76.0,76.0,4590.0
20170728.tif,20171002.tif,1912,309.0,False,,,0,row_absent_no_mask_overlap,0.0,12537,14537,83.0,79.0,5057.0
20170728.tif,20171002.tif,1913,310.0,False,,,0,row_absent_no_mask_overlap,0.0,12238,14541,79.0,77.0,4627.0
20170728.tif,20171002.tif,1914,313.0,False,,,0,row_absent_no_mask_overlap,0.0,24862,14590,138.0,157.0,16456.0
20170728.tif,20171002.tif,1915,316.0,False,,,0,row_absent_no_mask_overlap,0.0,16850,14671,32.0,36.0,851.0
20170728.tif,20171002.tif,1916,318.0,False,,,0,row_absent_no_mask_overlap,0.0,12981,14717,53.0,52.0,1975.0
20170728.tif,20171002.tif,1917,325.0,False,,,0,row_absent_no_mask_overlap,0.0,13632,14899,30.0,31.0,671.0
20170728.tif,20171002.tif,1918,329.0,False,,,0,row_absent_no_mask_overlap,0.0,11805,15041,52.0,52.0,2213.0
20170728.tif,20171002.tif,1919,333.0,False,,,0,row_absent_no_mask_overlap,0.0,12523,15265,44.0,49.0,1615.0
20170728.tif,20171002.tif,1920,339.0,True,208.0,208,1,continued_row_with_overlap,0.0,12490,15465,70.0,74.0,4076.0
20170728.tif,20171002.tif,1921,347.0,True,212.0,,0,continued_row_without_overlap,0.0,16340,15675,45.0,47.0,1539.0
20170728.tif,20171002.tif,1922,353.0,True,216.0,216,1,continued_row_with_overlap,0.0,15203,15939,126.0,134.0,12405.0
20170728.tif,20171002.tif,1923,354.0,True,217.0,217,1,continued_row_with_overlap,0.0,14695,15995,139.0,135.0,14532.0
20170728.tif,20171002.tif,1924,358.0,True,218.0,218,1,continued_row_with_overlap,0.0,14366,16039,118.0,119.0,10842.0
20170728.tif,20171002.tif,1925,360.0,False,,,0,row_absent_no_mask_overlap,0.0,17112,16058,198.0,207.0,28170.0
20170728.tif,20171002.tif,1926,363.0,True,220.0,,0,continued_row_without_overlap,0.0,10148,16067,28.0,28.0,583.0
20170728.tif,20171002.tif,1927,367.0,True,220.0,,0,continued_row_without_overlap,0.0,10116,16101,26.0,24.0,450.0
20170728.tif,20171002.tif,1928,368.0,False,,,0,row_absent_no_mask_overlap,0.0,13281,16126,125.0,132.0,13066.0
20170728.tif,20171002.tif,1929,369.0,False,,,0,row_absent_no_mask_overlap,0.0,13025,16139,159.0,151.0,17274.0
20170728.tif,20171002.tif,1930,370.0,True,222.0,,0,continued_row_without_overlap,0.0,10245,16177,25.0,24.0,447.0
20170728.tif,20171002.tif,1931,373.0,True,222.0,,0,continued_row_without_overlap,0.0,10214,16207,24.0,26.0,462.0
20170728.tif,20171002.tif,1932,380.0,True,232.0,232,1,continued_row_with_overlap,0.0,14332,16435,136.0,126.0,13326.0
20170728.tif,20171002.tif,1933,382.0,True,237.0,237,1,continued_row_with_overlap,0.0,15569,16569,92.0,110.0,7869.0
20170728.tif,20171002.tif,1934,386.0,True,239.0,239,1,continued_row_with_overlap,0.0,15180,16733,91.0,98.0,6649.0
20170728.tif,20171002.tif,1935,387.0,True,240.0,240,1,continued_row_with_overlap,0.0,15588,16763,140.0,166.0,17400.0
20170728.tif,20171002.tif,1936,389.0,False,,240,1,row_absent_but_mask_overlap,0.0,15720,16817,32.0,36.0,816.0
20170728.tif,20171002.tif,1937,395.0,False,,,0,row_absent_no_mask_overlap,0.0,16977,16915,23.0,21.0,350.0
20170728.tif,20171002.tif,1938,400.0,False,,251;253,2,row_absent_but_mask_overlap,0.0,15974,16983,172.0,154.0,20745.0
20170728.tif,20171002.tif,1939,403.0,True,247.0,247,1,continued_row_with_overlap,0.0,15286,17015,148.0,152.0,17277.0
20170728.tif,20171002.tif,1940,412.0,True,264.0,264,1,continued_row_with_overlap,0.0,15370,17323,148.0,146.0,16534.0
20170728.tif,20171002.tif,1941,420.0,False,,,0,row_absent_no_mask_overlap,0.0,16362,17647,196.0,204.0,30968.0
20170728.tif,20171002.tif,1942,421.0,False,,,0,row_absent_no_mask_overlap,0.0,16020,17651,134.0,146.0,15619.0
20170728.tif,20171002.tif,1943,423.0,True,270.0,270,1,continued_row_with_overlap,0.0,15410,17693,104.0,106.0,7813.0
20170728.tif,20171002.tif,1944,424.0,False,,,0,row_absent_no_mask_overlap,0.0,15159,17721,73.0,82.0,4530.0
20170728.tif,20171002.tif,1945,425.0,False,,,0,row_absent_no_mask_overlap,0.0,15252,17723,92.0,92.0,6461.0
20170728.tif,20171002.tif,1946,427.0,False,,,0,row_absent_no_mask_overlap,0.0,16902,17789,42.0,54.0,1750.0
20170728.tif,20171002.tif,1947,430.0,False,,,0,row_absent_no_mask_overlap,0.0,17894,17843,136.0,143.0,15006.0
20170728.tif,20171002.tif,1948,431.0,True,275.0,275,1,continued_row_with_overlap,0.0,15616,17845,144.0,154.0,17288.0
20170728.tif,20171002.tif,1949,432.0,True,277.0,277,1,continued_row_with_overlap,0.0,16176,17891,126.0,128.0,12731.0
20170728.tif,20171002.tif,1950,437.0,False,,,0,row_absent_no_mask_overlap,0.0,15726,18043,104.0,80.0,6212.0
20170728.tif,20171002.tif,1951,439.0,True,283.0,283,1,continued_row_with_overlap,0.0,15956,18107,106.0,102.0,8864.0
20170728.tif,20171002.tif,1952,442.0,False,,,0,row_absent_no_mask_overlap,0.0,18374,18439,186.0,156.0,22401.0
20170728.tif,20171002.tif,1953,446.0,False,,,0,row_absent_no_mask_overlap,0.0,16698,18531,120.0,124.0,11840.0
20170728.tif,20171002.tif,1954,461.0,False,,311,1,row_absent_but_mask_overlap,0.0,17146,18925,168.0,146.0,17492.0
20170728.tif,20171002.tif,1955,463.0,True,313.0,,0,continued_row_without_overlap,0.0,21916,19013,26.0,22.0,396.0
20170728.tif,20171002.tif,1956,465.0,False,,,0,row_absent_no_mask_overlap,0.0,18286,19035,20.0,16.0,272.0
20170728.tif,20171002.tif,1957,467.0,False,,,0,row_absent_no_mask_overlap,0.0,17506,19103,224.0,198.0,33876.0
20170728.tif,20171002.tif,1958,470.0,True,321.0,321,1,continued_row_with_overlap,0.0,17756,19365,90.0,92.0,6161.0
20170728.tif,20171002.tif,1959,471.0,False,,,0,row_absent_no_mask_overlap,0.0,16922,19399,116.0,128.0,11731.0
20170728.tif,20171002.tif,1960,473.0,False,,,0,row_absent_no_mask_overlap,0.0,17860,19631,22.0,20.0,356.0
20170728.tif,20171002.tif,1961,474.0,True,328.0,328,1,continued_row_with_overlap,0.0,17522,19683,136.0,136.0,14399.0
20170728.tif,20171002.tif,1962,477.0,False,,,0,row_absent_no_mask_overlap,0.0,18128,20065,42.0,42.0,1484.0
20170728.tif,20171002.tif,1963,483.0,False,,,0,row_absent_no_mask_overlap,0.0,20714,20974,34.0,29.0,668.0
20170728.tif,20171002.tif,1964,484.0,False,,,0,row_absent_no_mask_overlap,0.0,18134,21393,56.0,60.0,2680.0
20171002.tif,20180729.tif,170,31.0,False,,,0,row_absent_no_mask_overlap,0.0,14554,8322,226.0,224.0,37286.0
20171002.tif,20180729.tif,297,97.0,False,,,0,row_absent_no_mask_overlap,0.0,18174,11431,162.0,158.0,19095.0
20171002.tif,20180729.tif,358,137.0,False,,,0,row_absent_no_mask_overlap,0.0,16474,13082,124.0,116.0,11544.0
20171002.tif,20180729.tif,477,228.0,False,,,0,row_absent_no_mask_overlap,0.0,16466,16231,262.0,260.0,53278.0
20171002.tif,20180729.tif,486,243.0,False,,,0,row_absent_no_mask_overlap,0.0,16434,16835,252.0,240.0,46248.0
20171002.tif,20180729.tif,517,291.0,False,,400;402,2,row_absent_but_mask_overlap,0.0,17982,18431,178.0,178.0,24040.0
20171002.tif,20180729.tif,684,24.0,False,,,0,row_absent_no_mask_overlap,0.0,18142,8109,148.0,148.0,16280.0
20171002.tif,20180729.tif,746,49.0,False,,,0,row_absent_no_mask_overlap,0.0,18816,9155,134.0,140.0,15008.0
20171002.tif,20180729.tif,769,54.0,False,,96,1,row_absent_but_mask_overlap,0.0,19006,9486,166.0,179.0,23523.0
20171002.tif,20180729.tif,783,62.0,False,,,0,row_absent_no_mask_overlap,0.0,19106,9711,163.0,167.0,19878.0
20171002.tif,20180729.tif,792,72.0,False,,,0,row_absent_no_mask_overlap,0.0,21010,9914,140.0,143.0,15202.0
20171002.tif,20180729.tif,810,79.0,False,,,0,row_absent_no_mask_overlap,0.0,18086,10385,118.0,133.0,11558.0
20171002.tif,20180729.tif,814,80.0,False,,,0,row_absent_no_mask_overlap,0.0,18618,10442,136.0,135.0,14148.0
20171002.tif,20180729.tif,816,81.0,False,,126,1,row_absent_but_mask_overlap,0.0,20898,10482,104.0,105.0,7706.0
20171002.tif,20180729.tif,820,82.0,False,,135,1,row_absent_but_mask_overlap,0.0,20644,10497,148.0,172.0,18162.0
20171002.tif,20180729.tif,870,96.0,False,,,0,row_absent_no_mask_overlap,0.0,21318,11393,115.0,118.0,9316.0
20171002.tif,20180729.tif,889,106.0,False,,,0,row_absent_no_mask_overlap,0.0,18138,11670,126.0,143.0,12693.0
20171002.tif,20180729.tif,890,105.0,False,,,0,row_absent_no_mask_overlap,0.0,17664,11662,174.0,183.0,24473.0
20171002.tif,20180729.tif,893,107.0,False,,,0,row_absent_no_mask_overlap,0.0,21400,11694,129.0,139.0,13560.0
20171002.tif,20180729.tif,919,116.0,False,,,0,row_absent_no_mask_overlap,0.0,21490,11982,122.0,136.0,13246.0
20171002.tif,20180729.tif,938,121.0,False,,,0,row_absent_no_mask_overlap,0.0,18938,12266,94.0,103.0,7448.0
20171002.tif,20180729.tif,940,122.0,False,,,0,row_absent_no_mask_overlap,0.0,17320,12307,160.0,154.0,18270.0
20171002.tif,20180729.tif,982,134.0,False,,,0,row_absent_no_mask_overlap,0.0,16482,12918,122.0,139.0,12690.0
20171002.tif,20180729.tif,1028,165.0,False,,,0,row_absent_no_mask_overlap,0.0,16490,13722,144.0,153.0,16214.0
20171002.tif,20180729.tif,1029,164.0,False,,,0,row_absent_no_mask_overlap,0.0,18088,13719,164.0,167.0,21072.0
20171002.tif,20180729.tif,1033,167.0,False,,,0,row_absent_no_mask_overlap,0.0,16642,13782,196.0,201.0,30676.0
20171002.tif,20180729.tif,1216,271.0,False,,,0,row_absent_no_mask_overlap,0.0,18944,17773,206.0,198.0,32828.0
20171002.tif,20180729.tif,1227,280.0,False,,,0,row_absent_no_mask_overlap,0.0,18534,17983,152.0,136.0,15458.0
20171002.tif,20180729.tif,1229,284.0,False,,,0,row_absent_no_mask_overlap,0.0,19379,18147,143.0,150.0,16639.0
20171002.tif,20180729.tif,1234,293.0,False,,,0,row_absent_no_mask_overlap,0.0,19118,18475,272.0,246.0,52032.0
20171002.tif,20180729.tif,1296,77.0,False,,,0,row_absent_no_mask_overlap,0.0,19728,10250,138.0,141.0,14400.0
20171002.tif,20180729.tif,1313,133.0,False,,204,1,row_absent_but_mask_overlap,0.0,19110,12795,204.0,208.0,30722.0
20171002.tif,20180729.tif,1319,171.0,False,,,0,row_absent_no_mask_overlap,0.0,17130,13950,194.0,181.0,27190.0
20171002.tif,20180729.tif,1355,17.0,False,,,0,row_absent_no_mask_overlap,0.0,17600,7413,138.0,132.0,13751.0
20171002.tif,20180729.tif,1372,36.0,False,,,0,row_absent_no_mask_overlap,0.0,20702,8599,160.0,168.0,20790.0
20171002.tif,20180729.tif,1375,38.0,False,,55,1,row_absent_but_mask_overlap,0.0,21018,8771,142.0,148.0,15816.0
20171002.tif,20180729.tif,1377,41.0,False,,,0,row_absent_no_mask_overlap,0.0,20996,8942,102.0,119.0,8819.0
20171002.tif,20180729.tif,1383,63.0,False,,107,1,row_absent_but_mask_overlap,0.0,21626,9738,124.0,107.0,10880.0
20171002.tif,20180729.tif,1384,65.0,False,,,0,row_absent_no_mask_overlap,0.0,18326,9773,86.0,81.0,5316.0
20171002.tif,20180729.tif,1392,84.0,False,,139,1,row_absent_but_mask_overlap,0.0,21744,10629,170.0,174.0,22683.0
20171002.tif,20180729.tif,1406,94.0,False,,,0,row_absent_no_mask_overlap,0.0,20302,11230,180.0,195.0,26206.0
20171002.tif,20180729.tif,1408,95.0,False,,156,1,row_absent_but_mask_overlap,0.0,19672,11295,178.0,174.0,22762.0
20171002.tif,20180729.tif,1410,103.0,False,,166,1,row_absent_but_mask_overlap,0.0,20148,11522,168.0,183.0,23060.0
20171002.tif,20180729.tif,1427,120.0,False,,,0,row_absent_no_mask_overlap,0.0,20858,12235,96.0,102.0,7766.0
20171002.tif,20180729.tif,1430,125.0,False,,,0,row_absent_no_mask_overlap,0.0,20925,12414,121.0,129.0,11955.0
20171002.tif,20180729.tif,1446,142.0,False,,,0,row_absent_no_mask_overlap,0.0,18981,13229,165.0,161.0,19603.0
20171002.tif,20180729.tif,1451,143.0,False,,,0,row_absent_no_mask_overlap,0.0,18194,13350,88.0,84.0,5516.0
20171002.tif,20180729.tif,1454,144.0,False,,,0,row_absent_no_mask_overlap,0.0,18568,13385,142.0,140.0,15420.0
20171002.tif,20180729.tif,1456,149.0,False,,,0,row_absent_no_mask_overlap,0.0,18760,13506,122.0,115.0,10274.0
20171002.tif,20180729.tif,1459,156.0,False,,,0,row_absent_no_mask_overlap,0.0,17916,13590,132.0,153.0,14712.0
20171002.tif,20180729.tif,1461,162.0,False,,,0,row_absent_no_mask_overlap,0.0,17622,13666,156.0,159.0,18428.0
20171002.tif,20180729.tif,1463,168.0,False,,,0,row_absent_no_mask_overlap,0.0,19358,13798,118.0,124.0,9916.0
20171002.tif,20180729.tif,1467,173.0,False,,,0,row_absent_no_mask_overlap,0.0,16566,13978,54.0,56.0,2370.0
20171002.tif,20180729.tif,1475,175.0,False,,,0,row_absent_no_mask_overlap,0.0,17290,14110,124.0,127.0,12177.0
20171002.tif,20180729.tif,1477,176.0,False,,,0,row_absent_no_mask_overlap,0.0,19806,14154,101.0,74.0,5809.0
20171002.tif,20180729.tif,1479,177.0,False,,,0,row_absent_no_mask_overlap,0.0,19966,14161,62.0,57.0,2691.0
20171002.tif,20180729.tif,1484,179.0,False,,,0,row_absent_no_mask_overlap,0.0,18330,14301,90.0,100.0,6868.0
20171002.tif,20180729.tif,1521,236.0,False,,,0,row_absent_no_mask_overlap,0.0,16754,16517,108.0,112.0,9424.0
20171002.tif,20180729.tif,1528,263.0,False,,,0,row_absent_no_mask_overlap,0.0,19946,17231,112.0,104.0,8772.0
20171002.tif,20180729.tif,1529,265.0,False,,,0,row_absent_no_mask_overlap,0.0,18800,17279,136.0,120.0,12624.0
20171002.tif,20180729.tif,1532,266.0,False,,,0,row_absent_no_mask_overlap,0.0,19836,17435,144.0,148.0,16258.0
20171002.tif,20180729.tif,1547,278.0,False,,384,1,row_absent_but_mask_overlap,0.0,18306,17961,80.0,72.0,4282.0
20171002.tif,20180729.tif,1552,304.0,False,,,0,row_absent_no_mask_overlap,0.0,17830,18719,122.0,132.0,11740.0
20171002.tif,20180729.tif,1553,309.0,False,,,0,row_absent_no_mask_overlap,0.0,17652,18845,152.0,154.0,17533.0
20171002.tif,20180729.tif,1570,20.0,False,,,0,row_absent_no_mask_overlap,0.0,21424,7953,94.0,94.0,7187.0
20171002.tif,20180729.tif,1576,26.0,False,,,0,row_absent_no_mask_overlap,0.0,20104,8179,118.0,132.0,11166.0
20171002.tif,20180729.tif,1579,30.0,False,,37,1,row_absent_but_mask_overlap,0.0,20646,8301,153.0,156.0,18680.0
20171002.tif,20180729.tif,1586,35.0,False,,44,1,row_absent_but_mask_overlap,0.0,20222,8590,160.0,169.0,20154.0
20171002.tif,20180729.tif,1587,37.0,False,,,0,row_absent_no_mask_overlap,0.0,16342,8655,170.0,174.0,22054.0
20171002.tif,20180729.tif,1588,39.0,False,,,0,row_absent_no_mask_overlap,0.0,22810,8786,108.0,120.0,9545.0
20171002.tif,20180729.tif,1594,48.0,False,,74,1,row_absent_but_mask_overlap,0.0,22367,9141,135.0,146.0,14699.0
20171002.tif,20180729.tif,1598,52.0,False,,,0,row_absent_no_mask_overlap,0.0,19378,9236,78.0,78.0,4417.0
20171002.tif,20180729.tif,1602,55.0,False,,93,1,row_absent_but_mask_overlap,0.0,22446,9494,124.0,132.0,12132.0
20171002.tif,20180729.tif,1603,56.0,False,,,0,row_absent_no_mask_overlap,0.0,20292,9587,113.0,111.0,8824.0
20171002.tif,20180729.tif,1604,61.0,False,,103,1,row_absent_but_mask_overlap,0.0,20610,9643,176.0,190.0,25657.0
20171002.tif,20180729.tif,1606,64.0,False,,,0,row_absent_no_mask_overlap,0.0,20178,9769,128.0,144.0,13616.0
20171002.tif,20180729.tif,1609,71.0,False,,,0,row_absent_no_mask_overlap,0.0,20778,9906,96.0,111.0,8246.0
20171002.tif,20180729.tif,1611,75.0,False,,117,1,row_absent_but_mask_overlap,0.0,22284,10047,147.0,162.0,18118.0
20171002.tif,20180729.tif,1613,76.0,False,,,0,row_absent_no_mask_overlap,0.0,20342,10099,130.0,162.0,16176.0
20171002.tif,20180729.tif,1615,78.0,False,,126,1,row_absent_but_mask_overlap,0.0,20942,10258,184.0,177.0,24736.0
20171002.tif,20180729.tif,1624,100.0,False,,,0,row_absent_no_mask_overlap,0.0,20530,11445,76.0,86.0,5057.0
20171002.tif,20180729.tif,1629,108.0,False,,,0,row_absent_no_mask_overlap,0.0,16896,11750,120.0,129.0,11846.0
20171002.tif,20180729.tif,1645,124.0,False,,,0,row_absent_no_mask_overlap,0.0,20690,12386,96.0,112.0,8502.0
20171002.tif,20180729.tif,1647,131.0,False,,,0,row_absent_no_mask_overlap,0.0,19362,12719,152.0,152.0,17102.0
20171002.tif,20180729.tif,1651,138.0,False,,,0,row_absent_no_mask_overlap,0.0,20177,13095,153.0,150.0,17487.0
20171002.tif,20180729.tif,1660,163.0,False,,,0,row_absent_no_mask_overlap,0.0,19904,13695,122.0,132.0,12484.0
20171002.tif,20180729.tif,1694,238.0,False,,,0,row_absent_no_mask_overlap,0.0,19802,16611,134.0,140.0,13807.0
20171002.tif,20180729.tif,1698,255.0,False,,,0,row_absent_no_mask_overlap,0.0,20074,17075,72.0,68.0,3368.0
20171002.tif,20180729.tif,1708,4.0,False,,,0,row_absent_no_mask_overlap,0.0,17185,4687,71.0,68.0,3676.0
20171002.tif,20180729.tif,1709,5.0,True,4.0,4,1,continued_row_with_overlap,0.0,17095,4751,67.0,72.0,3415.0
20171002.tif,20180729.tif,1710,5.0,True,4.0,4,1,continued_row_with_overlap,0.0,17095,4751,67.0,72.0,3415.0
20171002.tif,20180729.tif,1718,15.0,False,,,0,row_absent_no_mask_overlap,0.0,18018,7233,124.0,116.0,10594.0
20171002.tif,20180729.tif,1719,23.0,False,,,0,row_absent_no_mask_overlap,0.0,22882,8065,46.0,44.0,1416.0
20171002.tif,20180729.tif,1723,59.0,False,,,0,row_absent_no_mask_overlap,0.0,21968,9614,54.0,61.0,2633.0
20171002.tif,20180729.tif,1724,57.0,False,,,0,row_absent_no_mask_overlap,0.0,19493,9595,74.0,83.0,4329.0
20171002.tif,20180729.tif,1730,83.0,False,,,0,row_absent_no_mask_overlap,0.0,18421,10498,51.0,55.0,2079.0
20171002.tif,20180729.tif,1733,87.0,False,,,0,row_absent_no_mask_overlap,0.0,19871,10812,56.0,59.0,2567.0
20171002.tif,20180729.tif,1734,93.0,False,,,0,row_absent_no_mask_overlap,0.0,19866,11102,118.0,116.0,9752.0
20171002.tif,20180729.tif,1738,104.0,False,,,0,row_absent_no_mask_overlap,0.0,20859,11649,71.0,80.0,4247.0
20171002.tif,20180729.tif,1746,128.0,False,,,0,row_absent_no_mask_overlap,0.0,24292,12583,56.0,59.0,2409.0
20171002.tif,20180729.tif,1750,130.0,False,,199,1,row_absent_but_mask_overlap,0.0,24086,12690,60.0,52.0,2149.0
20171002.tif,20180729.tif,1752,130.0,False,,199,1,row_absent_but_mask_overlap,0.0,24086,12690,60.0,52.0,2149.0
20171002.tif,20180729.tif,1755,135.0,False,,,0,row_absent_no_mask_overlap,0.0,20606,13002,118.0,125.0,11391.0
20171002.tif,20180729.tif,1759,139.0,True,212.0,,0,continued_row_without_overlap,0.0,17440,13125,42.0,38.0,1200.0
20171002.tif,20180729.tif,1769,158.0,False,,,0,row_absent_no_mask_overlap,0.0,18556,13621,74.0,73.0,4195.0
20171002.tif,20180729.tif,1777,170.0,False,,,0,row_absent_no_mask_overlap,0.0,17925,13810,133.0,113.0,10991.0
20171002.tif,20180729.tif,1782,181.0,False,,,0,row_absent_no_mask_overlap,0.0,18124,14311,84.0,86.0,5703.0
20171002.tif,20180729.tif,1786,187.0,False,,,0,row_absent_no_mask_overlap,0.0,19856,14598,65.0,71.0,3601.0
20171002.tif,20180729.tif,1789,189.0,False,,,0,row_absent_no_mask_overlap,0.0,20547,14761,69.0,72.0,3662.0
20171002.tif,20180729.tif,1790,191.0,False,,,0,row_absent_no_mask_overlap,0.0,21042,14777,107.0,78.0,6256.0
20171002.tif,20180729.tif,1791,194.0,False,,,0,row_absent_no_mask_overlap,0.0,16138,14991,64.0,67.0,3230.0
20171002.tif,20180729.tif,1795,205.0,False,,,0,row_absent_no_mask_overlap,0.0,15722,15302,60.0,60.0,2794.0
20171002.tif,20180729.tif,1796,207.0,False,,,0,row_absent_no_mask_overlap,0.0,16887,15330,55.0,61.0,2636.0
20171002.tif,20180729.tif,1802,212.0,False,,,0,row_absent_no_mask_overlap,0.0,16362,15630,60.0,51.0,2317.0
20171002.tif,20180729.tif,1803,212.0,False,,,0,row_absent_no_mask_overlap,0.0,16362,15630,60.0,51.0,2317.0
20171002.tif,20180729.tif,1805,213.0,False,,,0,row_absent_no_mask_overlap,0.0,16408,15683,45.0,39.0,1345.0
20171002.tif,20180729.tif,1810,219.0,False,,,0,row_absent_no_mask_overlap,0.0,18312,16029,37.0,48.0,1358.0
20171002.tif,20180729.tif,1811,219.0,False,,,0,row_absent_no_mask_overlap,0.0,18312,16029,37.0,48.0,1358.0
20171002.tif,20180729.tif,1817,226.0,False,,,0,row_absent_no_mask_overlap,0.0,17796,16226,41.0,39.0,1261.0
20171002.tif,20180729.tif,1822,241.0,True,326.0,326,1,continued_row_with_overlap,0.0,19314,16757,50.0,46.0,1689.0
20171002.tif,20180729.tif,1825,245.0,False,,,0,row_absent_no_mask_overlap,0.0,18726,16889,80.0,80.0,4982.0
20171002.tif,20180729.tif,1828,254.0,False,,,0,row_absent_no_mask_overlap,0.0,18994,17051,152.0,142.0,16639.0
20171002.tif,20180729.tif,1829,258.0,False,,,0,row_absent_no_mask_overlap,0.0,17890,17167,70.0,72.0,3956.0
20171002.tif,20180729.tif,1831,267.0,False,,,0,row_absent_no_mask_overlap,0.0,18190,17449,76.0,74.0,4262.0
20171002.tif,20180729.tif,1837,292.0,False,,,0,row_absent_no_mask_overlap,0.0,19016,18449,86.0,84.0,5568.0
20171002.tif,20180729.tif,1839,298.0,False,,,0,row_absent_no_mask_overlap,0.0,21934,18609,42.0,46.0,1412.0
20171002.tif,20180729.tif,1842,300.0,False,,,0,row_absent_no_mask_overlap,0.0,21982,18665,34.0,34.0,808.0
20171002.tif,20180729.tif,1843,301.0,False,,,0,row_absent_no_mask_overlap,0.0,22038,18681,34.0,30.0,739.0
20171002.tif,20180729.tif,1844,303.0,False,,,0,row_absent_no_mask_overlap,0.0,22078,18709,62.0,60.0,2889.0
20171002.tif,20180729.tif,1845,305.0,False,,,0,row_absent_no_mask_overlap,0.0,22153,18721,34.0,37.0,966.0
20171002.tif,20180729.tif,1850,319.0,False,,,0,row_absent_no_mask_overlap,0.0,21920,19167,36.0,38.0,1094.0
20171002.tif,20180729.tif,1851,319.0,False,,,0,row_absent_no_mask_overlap,0.0,21920,19167,36.0,38.0,1094.0
20171002.tif,20180729.tif,1853,327.0,True,429.0,,0,continued_row_without_overlap,0.0,18970,19567,64.0,66.0,3226.0
20171002.tif,20180729.tif,1854,330.0,False,,,0,row_absent_no_mask_overlap,0.0,18576,19807,92.0,86.0,6206.0
20171002.tif,20180729.tif,1856,331.0,False,,,0,row_absent_no_mask_overlap,0.0,20000,20611,76.0,72.0,3811.0
20171002.tif,20180729.tif,1861,6.0,True,4.0,4,1,continued_row_with_overlap,0.0,17028,4753,54.0,52.0,2136.0
20171002.tif,20180729.tif,1869,7.0,False,,,0,row_absent_no_mask_overlap,0.0,19274,6259,36.0,34.0,922.0
20171002.tif,20180729.tif,1871,8.0,False,,,0,row_absent_no_mask_overlap,0.0,16897,6648,121.0,113.0,10221.0
20171002.tif,20180729.tif,1872,11.0,False,,,0,row_absent_no_mask_overlap,0.0,19036,6929,122.0,122.0,11668.0
20171002.tif,20180729.tif,1881,89.0,False,,,0,row_absent_no_mask_overlap,0.0,21026,10845,166.0,136.0,17080.0
20171002.tif,20180729.tif,1894,128.0,False,,,0,row_absent_no_mask_overlap,0.0,24292,12583,56.0,59.0,2409.0
20171002.tif,20180729.tif,1900,137.0,False,,,0,row_absent_no_mask_overlap,0.0,16474,13082,124.0,116.0,11544.0
20171002.tif,20180729.tif,1920,208.0,False,,,0,row_absent_no_mask_overlap,0.0,12520,15433,81.0,74.0,4556.0
20171002.tif,20180729.tif,1921,212.0,False,,,0,row_absent_no_mask_overlap,0.0,16362,15630,60.0,51.0,2317.0
20171002.tif,20180729.tif,1922,216.0,False,,,0,row_absent_no_mask_overlap,0.0,15230,15895,128.0,135.0,13064.0
20171002.tif,20180729.tif,1923,217.0,False,,,0,row_absent_no_mask_overlap,0.0,14718,15954,143.0,137.0,14917.0
20171002.tif,20180729.tif,1924,218.0,False,,,0,row_absent_no_mask_overlap,0.0,14388,15999,126.0,123.0,11776.0
20171002.tif,20180729.tif,1926,220.0,False,,,0,row_absent_no_mask_overlap,0.0,10171,16041,27.0,26.0,548.0
20171002.tif,20180729.tif,1927,220.0,False,,,0,row_absent_no_mask_overlap,0.0,10171,16041,27.0,26.0,548.0
20171002.tif,20180729.tif,1930,222.0,False,,,0,row_absent_no_mask_overlap,0.0,10268,16147,24.0,22.0,392.0
20171002.tif,20180729.tif,1931,222.0,False,,,0,row_absent_no_mask_overlap,0.0,10268,16147,24.0,22.0,392.0
20171002.tif,20180729.tif,1932,232.0,False,,,0,row_absent_no_mask_overlap,0.0,14354,16387,146.0,138.0,15824.0
20171002.tif,20180729.tif,1933,237.0,False,,,0,row_absent_no_mask_overlap,0.0,15592,16527,106.0,112.0,9094.0
20171002.tif,20180729.tif,1934,239.0,False,,325,1,row_absent_but_mask_overlap,0.0,15212,16691,88.0,96.0,6368.0
20171002.tif,20180729.tif,1935,240.0,False,,,0,row_absent_no_mask_overlap,0.0,15614,16715,162.0,172.0,19601.0
20171002.tif,20180729.tif,1939,247.0,False,,,0,row_absent_no_mask_overlap,0.0,15310,16967,160.0,160.0,19360.0
20171002.tif,20180729.tif,1940,264.0,False,,,0,row_absent_no_mask_overlap,0.0,15400,17279,148.0,144.0,16272.0
20171002.tif,20180729.tif,1943,270.0,False,,,0,row_absent_no_mask_overlap,0.0,15442,17645,110.0,108.0,8740.0
20171002.tif,20180729.tif,1948,275.0,False,,,0,row_absent_no_mask_overlap,0.0,15646,17805,146.0,144.0,15956.0
20171002.tif,20180729.tif,1949,277.0,False,,,0,row_absent_no_mask_overlap,0.0,16202,17841,130.0,134.0,13319.0
20171002.tif,20180729.tif,1951,283.0,False,,,0,row_absent_no_mask_overlap,0.0,15982,18059,116.0,110.0,10116.0
20171002.tif,20180729.tif,1955,313.0,True,415.0,415,1,continued_row_with_overlap,0.0,21924,18943,46.0,60.0,2120.0
20171002.tif,20180729.tif,1958,321.0,False,,,0,row_absent_no_mask_overlap,0.0,17782,19313,84.0,92.0,5512.0
20171002.tif,20180729.tif,1961,328.0,False,,,0,row_absent_no_mask_overlap,0.0,17550,19627,140.0,144.0,15692.0
20171002.tif,20180729.tif,1965,12.0,False,,,0,row_absent_no_mask_overlap,0.0,19162,6935,24.0,22.0,392.0
20171002.tif,20180729.tif,1966,14.0,False,,,0,row_absent_no_mask_overlap,0.0,19320,7161,114.0,120.0,10328.0
20171002.tif,20180729.tif,1967,16.0,False,,,0,row_absent_no_mask_overlap,0.0,17494,7285,120.0,132.0,11720.0
20171002.tif,20180729.tif,1968,18.0,False,,,0,row_absent_no_mask_overlap,0.0,17794,7509,20.0,24.0,400.0
20171002.tif,20180729.tif,1969,19.0,False,,,0,row_absent_no_mask_overlap,0.0,17818,7537,16.0,16.0,192.0
20171002.tif,20180729.tif,1970,21.0,False,,,0,row_absent_no_mask_overlap,0.0,22950,7959,18.0,18.0,271.0
20171002.tif,20180729.tif,1971,32.0,False,,,0,row_absent_no_mask_overlap,0.0,20250,8373,102.0,132.0,11028.0
20171002.tif,20180729.tif,1972,33.0,False,,,0,row_absent_no_mask_overlap,0.0,21884,8379,136.0,155.0,14922.0
20171002.tif,20180729.tif,1973,50.0,False,,,0,row_absent_no_mask_overlap,0.0,22942,9229,14.0,12.0,116.0
20171002.tif,20180729.tif,1974,66.0,False,,,0,row_absent_no_mask_overlap,0.0,23266,9870,134.0,157.0,15694.0
20171002.tif,20180729.tif,1975,127.0,False,,,0,row_absent_no_mask_overlap,0.0,19552,12581,18.0,18.0,265.0
20171002.tif,20180729.tif,1976,152.0,False,,,0,row_absent_no_mask_overlap,0.0,16674,13550,72.0,80.0,4118.0
20171002.tif,20180729.tif,1977,160.0,False,,,0,row_absent_no_mask_overlap,0.0,17538,13638,72.0,67.0,3526.0
20171002.tif,20180729.tif,1978,172.0,False,,,0,row_absent_no_mask_overlap,0.0,19453,13951,17.0,16.0,204.0
20171002.tif,20180729.tif,1979,178.0,True,228.0,,0,continued_row_without_overlap,0.0,19702,14261,22.0,18.0,329.0
20171002.tif,20180729.tif,1980,183.0,False,,,0,row_absent_no_mask_overlap,0.0,19096,14421,18.0,22.0,299.0
20171002.tif,20180729.tif,1981,190.0,False,,,0,row_absent_no_mask_overlap,0.0,20926,14763,42.0,47.0,1486.0
20171002.tif,20180729.tif,1982,195.0,False,,,0,row_absent_no_mask_overlap,0.0,17844,15027,12.0,18.0,180.0
20171002.tif,20180729.tif,1983,203.0,False,,,0,row_absent_no_mask_overlap,0.0,15223,15213,25.0,24.0,408.0
20171002.tif,20180729.tif,1984,209.0,False,,,0,row_absent_no_mask_overlap,0.0,17254,15537,14.0,15.0,154.0
20171002.tif,20180729.tif,1985,214.0,False,,,0,row_absent_no_mask_overlap,0.0,16974,15733,16.0,16.0,180.0
20171002.tif,20180729.tif,1986,221.0,True,282.0,,0,continued_row_without_overlap,0.0,17826,16141,23.0,22.0,377.0
20171002.tif,20180729.tif,1987,230.0,False,,,0,row_absent_no_mask_overlap,0.0,18561,16275,21.0,22.0,335.0
20171002.tif,20180729.tif,1988,231.0,False,,,0,row_absent_no_mask_overlap,0.0,17190,16358,28.0,24.0,494.0
20171002.tif,20180729.tif,1989,233.0,False,,,0,row_absent_no_mask_overlap,0.0,18590,16475,32.0,36.0,796.0
20171002.tif,20180729.tif,1990,250.0,True,349.0,,0,continued_row_without_overlap,0.0,18928,17007,22.0,20.0,323.0
20171002.tif,20180729.tif,1991,252.0,True,342.0,,0,continued_row_without_overlap,0.0,19999,17029,18.0,17.0,221.0
20171002.tif,20180729.tif,1992,269.0,True,374.0,,0,continued_row_without_overlap,0.0,18105,17537,22.0,24.0,375.0
20171002.tif,20180729.tif,1993,276.0,False,,,0,row_absent_no_mask_overlap,0.0,15976,17837,96.0,94.0,6344.0
20171002.tif,20180729.tif,1994,290.0,False,,,0,row_absent_no_mask_overlap,0.0,21452,18427,20.0,20.0,281.0
20171002.tif,20180729.tif,1995,294.0,False,,,0,row_absent_no_mask_overlap,0.0,21730,18535,16.0,12.0,152.0
20171002.tif,20180729.tif,1996,299.0,False,,,0,row_absent_no_mask_overlap,0.0,21746,18639,38.0,42.0,1255.0
20171002.tif,20180729.tif,1997,302.0,False,,,0,row_absent_no_mask_overlap,0.0,21951,18697,21.0,22.0,355.0
20171002.tif,20180729.tif,1998,306.0,False,,,0,row_absent_no_mask_overlap,0.0,21474,18745,58.0,60.0,2635.0
20171002.tif,20180729.tif,1999,307.0,True,411.0,,0,continued_row_without_overlap,0.0,21944,18778,50.0,49.0,1898.0
20171002.tif,20180729.tif,2000,310.0,False,,,0,row_absent_no_mask_overlap,0.0,18610,18845,28.0,32.0,698.0
20171002.tif,20180729.tif,2001,312.0,True,415.0,,0,continued_row_without_overlap,0.0,21858,18896,48.0,43.0,1574.0
20171002.tif,20180729.tif,2002,314.0,False,,,0,row_absent_no_mask_overlap,0.0,21789,18965,15.0,16.0,196.0
20171002.tif,20180729.tif,2003,315.0,False,,,0,row_absent_no_mask_overlap,0.0,22068,19015,22.0,22.0,352.0
20171002.tif,20180729.tif,2004,316.0,False,,,0,row_absent_no_mask_overlap,0.0,21973,19019,21.0,20.0,294.0
20171002.tif,20180729.tif,2005,317.0,False,,,0,row_absent_no_mask_overlap,0.0,22306,19021,20.0,17.0,213.0
20171002.tif,20180729.tif,2006,318.0,False,,,0,row_absent_no_mask_overlap,0.0,21962,19123,40.0,44.0,1325.0
20171002.tif,20180729.tif,2007,320.0,False,,,0,row_absent_no_mask_overlap,0.0,19159,19301,10.0,14.0,110.0
20171002.tif,20180729.tif,2008,322.0,True,425.0,,0,continued_row_without_overlap,0.0,18989,19373,13.0,16.0,177.0
20171002.tif,20180729.tif,2009,324.0,False,,,0,row_absent_no_mask_overlap,0.0,22111,19377,19.0,17.0,220.0
20171002.tif,20180729.tif,2010,325.0,True,425.0,,0,continued_row_without_overlap,0.0,19008,19443,15.0,18.0,190.0
20171002.tif,20180729.tif,2011,326.0,False,,,0,row_absent_no_mask_overlap,0.0,19156,19501,28.0,29.0,654.0
20180729.tif,20180828.tif,1709,4.0,True,4.0,4,1,continued_row_with_overlap,0.0,17042,4747,102.0,108.0,8225.0
20180729.tif,20180828.tif,1710,4.0,True,4.0,4,1,continued_row_with_overlap,0.0,17042,4747,102.0,108.0,8225.0
20180729.tif,20180828.tif,1759,212.0,True,280.0,,0,continued_row_without_overlap,0.0,17466,13142,42.0,47.0,1348.0
20180729.tif,20180828.tif,1822,326.0,True,401.0,401,1,continued_row_with_overlap,0.0,19314,16743,42.0,40.0,1263.0
20180729.tif,20180828.tif,1853,429.0,True,535.0,535,1,continued_row_with_overlap,0.0,19016,19633,90.0,98.0,6478.0
20180729.tif,20180828.tif,1861,4.0,True,4.0,4,1,continued_row_with_overlap,0.0,17042,4747,102.0,108.0,8225.0
20180729.tif,20180828.tif,1955,415.0,True,516.0,516,1,continued_row_with_overlap,0.0,21870,18953,74.0,72.0,3881.0
20180729.tif,20180828.tif,1979,228.0,True,305.0,305,1,continued_row_with_overlap,0.0,19729,14250,117.0,85.0,8155.0
20180729.tif,20180828.tif,1986,282.0,True,353.0,353,1,continued_row_with_overlap,0.0,17862,16107,44.0,42.0,1451.0
20180729.tif,20180828.tif,1990,349.0,True,425.0,,0,continued_row_without_overlap,0.0,18898,17079,36.0,30.0,860.0
20180729.tif,20180828.tif,1991,342.0,True,419.0,,0,continued_row_without_overlap,0.0,20016,16977,28.0,30.0,580.0
20180729.tif,20180828.tif,1992,374.0,True,459.0,459,1,continued_row_with_overlap,0.0,18068,17561,116.0,112.0,10373.0
20180729.tif,20180828.tif,1999,411.0,True,510.0,,0,continued_row_without_overlap,0.0,21868,18783,54.0,52.0,2237.0
20180729.tif,20180828.tif,2001,415.0,True,516.0,516,1,continued_row_with_overlap,0.0,21870,18953,74.0,72.0,3881.0
20180729.tif,20180828.tif,2008,425.0,True,531.0,531,1,continued_row_with_overlap,0.0,19026,19439,70.0,62.0,3509.0
20180729.tif,20180828.tif,2010,425.0,True,531.0,531,1,continued_row_with_overlap,0.0,19026,19439,70.0,62.0,3509.0
20180729.tif,20180828.tif,2012,1.0,True,1.0,,0,continued_row_without_overlap,0.0,15004,4089,54.0,66.0,2648.0
20180729.tif,20180828.tif,2013,2.0,True,2.0,,0,continued_row_without_overlap,0.0,14008,4113,58.0,64.0,2972.0
20180729.tif,20180828.tif,2014,3.0,True,3.0,,0,continued_row_without_overlap,0.0,16990,4561,63.0,76.0,3528.0
20180729.tif,20180828.tif,2015,5.0,True,18.0,,0,continued_row_without_overlap,0.0,16757,6849,29.0,33.0,664.0
20180729.tif,20180828.tif,2016,6.0,False,,,0,row_absent_no_mask_overlap,0.0,17002,6925,32.0,36.0,832.0
20180729.tif,20180828.tif,2017,7.0,False,,,0,row_absent_no_mask_overlap,0.0,24068,7137,34.0,38.0,956.0
20180729.tif,20180828.tif,2018,8.0,False,,,0,row_absent_no_mask_overlap,0.0,15982,7169,28.0,28.0,566.0
20180729.tif,20180828.tif,2019,11.0,True,25.0,,0,continued_row_without_overlap,0.0,15860,7333,38.0,32.0,943.0
20180729.tif,20180828.tif,2020,12.0,True,27.0,27,1,continued_row_with_overlap,0.0,15874,7381,52.0,56.0,2154.0
20180729.tif,20180828.tif,2021,13.0,True,28.0,,0,continued_row_without_overlap,0.0,15949,7413,41.0,38.0,1184.0
20180729.tif,20180828.tif,2022,14.0,False,,,0,row_absent_no_mask_overlap,0.0,24886,7543,54.0,82.0,3718.0
20180729.tif,20180828.tif,2023,15.0,True,33.0,,0,continued_row_without_overlap,0.0,13498,7555,36.0,32.0,794.0
20180729.tif,20180828.tif,2024,17.0,True,34.0,,0,continued_row_without_overlap,0.0,22848,7633,62.0,58.0,2886.0
20180729.tif,20180828.tif,2025,19.0,True,36.0,,0,continued_row_without_overlap,0.0,21346,7693,52.0,48.0,1824.0
20180729.tif,20180828.tif,2026,20.0,True,38.0,,0,continued_row_without_overlap,0.0,16618,7751,38.0,39.0,1104.0
20180729.tif,20180828.tif,2027,21.0,True,39.0,,0,continued_row_without_overlap,0.0,13504,7789,34.0,32.0,735.0
20180729.tif,20180828.tif,2028,22.0,True,40.0,40,1,continued_row_with_overlap,0.0,16766,7807,79.0,72.0,4265.0
20180729.tif,20180828.tif,2029,24.0,True,43.0,,0,continued_row_without_overlap,0.0,13534,7875,49.0,54.0,1993.0
20180729.tif,20180828.tif,2030,25.0,True,42.0,,0,continued_row_without_overlap,0.0,13724,7877,38.0,42.0,1209.0
20180729.tif,20180828.tif,2031,26.0,True,44.0,,0,continued_row_without_overlap,0.0,21630,7897,23.0,28.0,510.0
20180729.tif,20180828.tif,2032,27.0,True,45.0,,0,continued_row_without_overlap,0.0,16053,7941,37.0,32.0,920.0
20180729.tif,20180828.tif,2033,29.0,True,46.0,,0,continued_row_without_overlap,0.0,13578,7973,38.0,34.0,980.0
20180729.tif,20180828.tif,2034,30.0,True,47.0,47,1,continued_row_with_overlap,0.0,21333,7989,94.0,108.0,7986.0
20180729.tif,20180828.tif,2035,32.0,True,50.0,50,1,continued_row_with_overlap,0.0,22786,8075,84.0,82.0,5098.0
20180729.tif,20180828.tif,2036,33.0,True,51.0,,0,continued_row_without_overlap,0.0,16275,8105,35.0,31.0,830.0
20180729.tif,20180828.tif,2037,36.0,True,55.0,,0,continued_row_without_overlap,0.0,15682,8237,36.0,40.0,1172.0
20180729.tif,20180828.tif,2038,37.0,True,57.0,57,1,continued_row_with_overlap,0.0,20538,8345,194.0,182.0,28016.0
20180729.tif,20180828.tif,2039,39.0,True,62.0,62,1,continued_row_with_overlap,0.0,15130,8431,60.0,63.0,2906.0
20180729.tif,20180828.tif,2040,40.0,False,,,0,row_absent_no_mask_overlap,0.0,14972,8435,28.0,31.0,690.0
20180729.tif,20180828.tif,2041,41.0,True,58.0,58,1,continued_row_with_overlap,0.0,21794,8449,160.0,144.0,17886.0
20180729.tif,20180828.tif,2042,42.0,True,64.0,,0,continued_row_without_overlap,0.0,16981,8551,33.0,34.0,864.0
20180729.tif,20180828.tif,2043,43.0,True,65.0,65,1,continued_row_with_overlap,0.0,16294,8555,50.0,50.0,1910.0
20180729.tif,20180828.tif,2044,44.0,True,71.0,71,1,continued_row_with_overlap,0.0,20118,8634,198.0,203.0,30006.0
20180729.tif,20180828.tif,2045,45.0,True,72.0,72,1,continued_row_with_overlap,0.0,19146,8641,52.0,46.0,2047.0
20180729.tif,20180828.tif,2046,46.0,True,75.0,,0,continued_row_without_overlap,0.0,16986,8671,36.0,40.0,1161.0
20180729.tif,20180828.tif,2047,47.0,True,76.0,,0,continued_row_without_overlap,0.0,16081,8675,19.0,18.0,282.0
20180729.tif,20180828.tif,2048,50.0,True,80.0,,0,continued_row_without_overlap,0.0,15502,8749,31.0,33.0,783.0
20180729.tif,20180828.tif,2049,52.0,True,81.0,81,1,continued_row_with_overlap,0.0,18986,8770,64.0,55.0,2633.0
20180729.tif,20180828.tif,2050,53.0,False,,,0,row_absent_no_mask_overlap,0.0,18162,8791,38.0,47.0,1371.0
20180729.tif,20180828.tif,2051,,False,,,0,source_bbox_unresolved,,15048,8805,,,
20180729.tif,20180828.tif,2052,64.0,True,90.0,,0,continued_row_without_overlap,0.0,16404,8941,34.0,34.0,933.0
20180729.tif,20180828.tif,2053,65.0,True,89.0,,0,continued_row_without_overlap,0.0,20714,8946,53.0,47.0,1888.0
20180729.tif,20180828.tif,2054,66.0,False,,,0,row_absent_no_mask_overlap,0.0,19562,8977,36.0,41.0,1163.0
20180729.tif,20180828.tif,2055,68.0,True,93.0,,0,continued_row_without_overlap,0.0,23194,9007,40.0,40.0,1230.0
20180729.tif,20180828.tif,2056,69.0,True,94.0,,0,continued_row_without_overlap,0.0,18742,9017,38.0,41.0,1285.0
20180729.tif,20180828.tif,2057,70.0,True,95.0,,0,continued_row_without_overlap,0.0,22933,9025,33.0,28.0,777.0
20180729.tif,20180828.tif,2058,72.0,True,102.0,102,1,continued_row_with_overlap,0.0,17756,9106,70.0,69.0,3898.0
20180729.tif,20180828.tif,2059,73.0,False,,,0,row_absent_no_mask_overlap,0.0,16132,9110,38.0,41.0,1056.0
20180729.tif,20180828.tif,2060,74.0,True,104.0,104,1,continued_row_with_overlap,0.0,22282,9178,166.0,175.0,21236.0
20180729.tif,20180828.tif,2061,75.0,True,105.0,105,1,continued_row_with_overlap,0.0,18541,9185,51.0,52.0,2084.0
20180729.tif,20180828.tif,2062,76.0,True,107.0,,0,continued_row_without_overlap,0.0,22809,9193,29.0,25.0,563.0
20180729.tif,20180828.tif,2063,79.0,True,109.0,,0,continued_row_without_overlap,0.0,22718,9237,42.0,40.0,1271.0
20180729.tif,20180828.tif,2064,80.0,True,111.0,,0,continued_row_without_overlap,0.0,20214,9247,34.0,38.0,997.0
20180729.tif,20180828.tif,2065,81.0,True,110.0,110,1,continued_row_with_overlap,0.0,22856,9249,66.0,54.0,2870.0
20180729.tif,20180828.tif,2066,82.0,True,112.0,,0,continued_row_without_overlap,0.0,23084,9285,34.0,34.0,878.0
20180729.tif,20180828.tif,2067,92.0,True,123.0,,0,continued_row_without_overlap,0.0,22722,9473,20.0,23.0,340.0
20180729.tif,20180828.tif,2068,93.0,True,126.0,126,1,continued_row_with_overlap,0.0,22364,9529,150.0,162.0,17968.0
20180729.tif,20180828.tif,2069,95.0,True,128.0,,0,continued_row_without_overlap,0.0,20884,9538,16.0,11.0,142.0
20180729.tif,20180828.tif,2070,94.0,True,127.0,,0,continued_row_without_overlap,0.0,19753,9539,26.0,21.0,419.0
20180729.tif,20180828.tif,2071,97.0,True,131.0,,0,continued_row_without_overlap,0.0,20501,9589,23.0,21.0,386.0
20180729.tif,20180828.tif,2072,98.0,True,132.0,,0,continued_row_without_overlap,0.0,20628,9635,14.0,22.0,262.0
20180729.tif,20180828.tif,2073,99.0,True,133.0,133,1,continued_row_with_overlap,0.0,20210,9650,132.0,140.0,13289.0
20180729.tif,20180828.tif,2074,100.0,True,134.0,134,1,continued_row_with_overlap,0.0,19392,9653,106.0,104.0,8365.0
20180729.tif,20180828.tif,2075,103.0,True,138.0,138,1,continued_row_with_overlap,0.0,20518,9691,212.0,226.0,36740.0
20180729.tif,20180828.tif,2076,104.0,False,,135,1,row_absent_but_mask_overlap,0.0,19744,9705,170.0,162.0,20326.0
20180729.tif,20180828.tif,2077,105.0,True,139.0,,0,continued_row_without_overlap,0.0,21992,9727,34.0,34.0,902.0
20180729.tif,20180828.tif,2078,106.0,True,142.0,142,1,continued_row_with_overlap,0.0,19006,9773,190.0,194.0,28239.0
20180729.tif,20180828.tif,2079,107.0,True,143.0,143,1,continued_row_with_overlap,0.0,21538,9778,150.0,127.0,15910.0
20180729.tif,20180828.tif,2080,108.0,True,145.0,145,1,continued_row_with_overlap,0.0,20082,9830,172.0,168.0,22464.0
20180729.tif,20180828.tif,2081,109.0,True,146.0,,0,continued_row_without_overlap,0.0,23168,9845,52.0,46.0,1923.0
20180729.tif,20180828.tif,2082,110.0,True,147.0,,0,continued_row_without_overlap,0.0,18058,9874,44.0,37.0,1166.0
20180729.tif,20180828.tif,2083,111.0,True,149.0,149,1,continued_row_with_overlap,0.0,19208,9898,210.0,189.0,29472.0
20180729.tif,20180828.tif,2084,113.0,True,152.0,152,1,continued_row_with_overlap,0.0,20690,9963,116.0,130.0,11824.0
20180729.tif,20180828.tif,2085,114.0,True,154.0,154,1,continued_row_with_overlap,0.0,18946,9995,232.0,222.0,37398.0
20180729.tif,20180828.tif,2086,115.0,True,156.0,156,1,continued_row_with_overlap,0.0,19476,10018,236.0,235.0,38584.0
20180729.tif,20180828.tif,2087,116.0,True,158.0,,0,continued_row_without_overlap,0.0,22498,10081,50.0,41.0,1561.0
20180729.tif,20180828.tif,2088,117.0,False,,159;175,2,row_absent_but_mask_overlap,0.0,22208,10091,182.0,188.0,26768.0
20180729.tif,20180828.tif,2089,118.0,True,162.0,162,1,continued_row_with_overlap,0.0,18780,10102,218.0,207.0,33986.0
20180729.tif,20180828.tif,2090,119.0,True,167.0,167,1,continued_row_with_overlap,0.0,20252,10150,166.0,193.0,24622.0
20180729.tif,20180828.tif,2091,120.0,True,169.0,,0,continued_row_without_overlap,0.0,15538,10168,38.0,43.0,1093.0
20180729.tif,20180828.tif,2092,122.0,True,171.0,,0,continued_row_without_overlap,0.0,17639,10183,27.0,24.0,544.0
20180729.tif,20180828.tif,2093,123.0,True,172.0,172,1,continued_row_with_overlap,0.0,15842,10187,34.0,36.0,987.0
20180729.tif,20180828.tif,2094,124.0,True,174.0,,0,continued_row_without_overlap,0.0,17682,10225,42.0,41.0,1397.0
20180729.tif,20180828.tif,2095,125.0,True,176.0,176,1,continued_row_with_overlap,0.0,15766,10269,54.0,52.0,2180.0
20180729.tif,20180828.tif,2096,126.0,True,177.0,177,1,continued_row_with_overlap,0.0,20854,10303,224.0,222.0,38054.0
20180729.tif,20180828.tif,2097,127.0,True,179.0,179,1,continued_row_with_overlap,0.0,19630,10310,174.0,171.0,22721.0
20180729.tif,20180828.tif,2098,128.0,True,182.0,,0,continued_row_without_overlap,0.0,19462,10435,46.0,55.0,1978.0
20180729.tif,20180828.tif,2099,129.0,True,183.0,183,1,continued_row_with_overlap,0.0,15796,10454,58.0,63.0,2920.0
20180729.tif,20180828.tif,2100,130.0,False,,,0,row_absent_no_mask_overlap,0.0,18501,10468,16.0,16.0,184.0
20180729.tif,20180828.tif,2101,133.0,True,185.0,185,1,continued_row_with_overlap,0.0,20814,10538,128.0,133.0,12492.0
20180729.tif,20180828.tif,2102,135.0,True,184.0,184,1,continued_row_with_overlap,0.0,20568,10549,174.0,202.0,25264.0
20180729.tif,20180828.tif,2103,137.0,True,187.0,,0,continued_row_without_overlap,0.0,18296,10638,14.0,17.0,168.0
20180729.tif,20180828.tif,2104,138.0,True,189.0,189,1,continued_row_with_overlap,0.0,14946,10661,58.0,60.0,2656.0
20180729.tif,20180828.tif,2105,139.0,True,193.0,193,1,continued_row_with_overlap,0.0,21662,10682,224.0,209.0,36203.0
20180729.tif,20180828.tif,2106,140.0,True,194.0,,0,continued_row_without_overlap,0.0,19824,10691,51.0,47.0,1770.0
20180729.tif,20180828.tif,2107,141.0,True,195.0,,0,continued_row_without_overlap,0.0,20774,10706,36.0,28.0,744.0
20180729.tif,20180828.tif,2108,142.0,True,200.0,200,1,continued_row_with_overlap,0.0,15198,10793,58.0,54.0,2330.0
20180729.tif,20180828.tif,2109,143.0,True,202.0,202,1,continued_row_with_overlap,0.0,15276,10818,64.0,57.0,2862.0
20180729.tif,20180828.tif,2110,144.0,True,201.0,,0,continued_row_without_overlap,0.0,20942,10825,40.0,42.0,1235.0
20180729.tif,20180828.tif,2111,146.0,True,206.0,206,1,continued_row_with_overlap,0.0,17834,10867,46.0,46.0,1593.0
20180729.tif,20180828.tif,2112,147.0,False,,,0,row_absent_no_mask_overlap,0.0,16740,10877,41.0,42.0,1264.0
20180729.tif,20180828.tif,2113,148.0,True,207.0,207,1,continued_row_with_overlap,0.0,19781,10883,79.0,74.0,4444.0
20180729.tif,20180828.tif,2114,149.0,True,211.0,211,1,continued_row_with_overlap,0.0,15178,10906,34.0,32.0,870.0
20180729.tif,20180828.tif,2115,150.0,True,212.0,212,1,continued_row_with_overlap,0.0,15378,10929,48.0,54.0,2126.0
20180729.tif,20180828.tif,2116,151.0,True,214.0,,0,continued_row_without_overlap,0.0,17936,10941,31.0,32.0,657.0
20180729.tif,20180828.tif,2117,152.0,True,215.0,215,1,continued_row_with_overlap,0.0,15314,10975,64.0,60.0,3015.0
20180729.tif,20180828.tif,2118,153.0,True,221.0,221,1,continued_row_with_overlap,0.0,19784,11171,146.0,142.0,14630.0
20180729.tif,20180828.tif,2119,154.0,True,224.0,224,1,continued_row_with_overlap,0.0,16330,11219,63.0,62.0,2891.0
20180729.tif,20180828.tif,2120,155.0,True,225.0,,0,continued_row_without_overlap,0.0,18116,11295,36.0,38.0,1032.0
20180729.tif,20180828.tif,2121,156.0,True,228.0,228,1,continued_row_with_overlap,0.0,19580,11358,216.0,205.0,33370.0
20180729.tif,20180828.tif,2122,157.0,True,227.0,227,1,continued_row_with_overlap,0.0,21860,11358,70.0,71.0,3951.0
20180729.tif,20180828.tif,2123,160.0,True,229.0,229,1,continued_row_with_overlap,0.0,21250,11454,128.0,152.0,13914.0
20180729.tif,20180828.tif,2124,162.0,True,231.0,,0,continued_row_without_overlap,0.0,20047,11491,47.0,38.0,1395.0
20180729.tif,20180828.tif,2125,163.0,True,232.0,232,1,continued_row_with_overlap,0.0,18074,11502,196.0,196.0,28766.0
20180729.tif,20180828.tif,2126,165.0,True,233.0,233,1,continued_row_with_overlap,0.0,16198,11574,36.0,40.0,1228.0
20180729.tif,20180828.tif,2127,166.0,True,235.0,235,1,continued_row_with_overlap,0.0,20064,11581,202.0,218.0,33870.0
20180729.tif,20180828.tif,2128,167.0,True,236.0,,0,continued_row_without_overlap,0.0,21392,11581,40.0,38.0,1142.0
20180729.tif,20180828.tif,2129,168.0,True,237.0,237,1,continued_row_with_overlap,0.0,16922,11586,68.0,67.0,3522.0
20180729.tif,20180828.tif,2130,169.0,False,,,0,row_absent_no_mask_overlap,0.0,13376,11622,14.0,13.0,141.0
20180729.tif,20180828.tif,2131,170.0,True,239.0,,0,continued_row_without_overlap,0.0,21120,11633,48.0,50.0,1759.0
20180729.tif,20180828.tif,2132,171.0,True,240.0,240,1,continued_row_with_overlap,0.0,20748,11659,62.0,52.0,2425.0
20180729.tif,20180828.tif,2133,172.0,True,241.0,241,1,continued_row_with_overlap,0.0,20772,11710,118.0,116.0,10311.0
20180729.tif,20180828.tif,2134,173.0,True,242.0,242,1,continued_row_with_overlap,0.0,21596,11719,54.0,54.0,2351.0
20180729.tif,20180828.tif,2135,174.0,True,244.0,,0,continued_row_without_overlap,0.0,21106,11739,31.0,33.0,804.0
20180729.tif,20180828.tif,2136,176.0,True,247.0,,0,continued_row_without_overlap,0.0,21114,11799,40.0,40.0,1255.0
20180729.tif,20180828.tif,2137,177.0,True,248.0,,0,continued_row_without_overlap,0.0,20758,11841,28.0,36.0,747.0
20180729.tif,20180828.tif,2138,178.0,False,,,0,row_absent_no_mask_overlap,0.0,18458,11846,224.0,221.0,35802.0
20180729.tif,20180828.tif,2139,180.0,True,253.0,,0,continued_row_without_overlap,0.0,19602,11965,45.0,54.0,1852.0
20180729.tif,20180828.tif,2140,185.0,True,258.0,258,1,continued_row_with_overlap,0.0,20712,12201,58.0,62.0,2783.0
20180729.tif,20180828.tif,2141,186.0,True,259.0,,0,continued_row_without_overlap,0.0,21641,12227,29.0,23.0,501.0
20180729.tif,20180828.tif,2142,187.0,True,260.0,,0,continued_row_without_overlap,0.0,11574,12237,14.0,13.0,151.0
20180729.tif,20180828.tif,2143,188.0,True,261.0,,0,continued_row_without_overlap,0.0,21636,12277,28.0,23.0,507.0
20180729.tif,20180828.tif,2144,190.0,False,,,0,row_absent_no_mask_overlap,0.0,21430,12381,22.0,24.0,378.0
20180729.tif,20180828.tif,2145,193.0,True,266.0,266,1,continued_row_with_overlap,0.0,20616,12470,122.0,125.0,12332.0
20180729.tif,20180828.tif,2146,194.0,True,267.0,,0,continued_row_without_overlap,0.0,21791,12477,21.0,20.0,320.0
20180729.tif,20180828.tif,2147,196.0,True,269.0,269,1,continued_row_with_overlap,0.0,19458,12661,50.0,44.0,1714.0
20180729.tif,20180828.tif,2148,197.0,False,,,0,row_absent_no_mask_overlap,0.0,23983,12699,35.0,37.0,977.0
20180729.tif,20180828.tif,2149,198.0,True,270.0,270,1,continued_row_with_overlap,0.0,14226,12705,50.0,41.0,1614.0
20180729.tif,20180828.tif,2150,199.0,False,,,0,row_absent_no_mask_overlap,0.0,24086,12705,26.0,30.0,569.0
20180729.tif,20180828.tif,2151,200.0,True,271.0,271,1,continued_row_with_overlap,0.0,19274,12798,184.0,181.0,25496.0
20180729.tif,20180828.tif,2152,201.0,True,273.0,,0,continued_row_without_overlap,0.0,23986,12847,32.0,29.0,703.0
20180729.tif,20180828.tif,2153,203.0,True,274.0,274,1,continued_row_with_overlap,0.0,21242,12866,48.0,52.0,2040.0
20180729.tif,20180828.tif,2154,204.0,False,,275,1,row_absent_but_mask_overlap,0.0,19008,12874,254.0,241.0,44564.0
20180729.tif,20180828.tif,2155,209.0,True,276.0,,0,continued_row_without_overlap,0.0,21789,13055,35.0,31.0,856.0
20180729.tif,20180828.tif,2156,210.0,True,277.0,277,1,continued_row_with_overlap,0.0,20542,13090,130.0,143.0,14366.0
20180729.tif,20180828.tif,2157,211.0,True,279.0,279,1,continued_row_with_overlap,0.0,18703,13111,59.0,50.0,2264.0
20180729.tif,20180828.tif,2158,213.0,True,281.0,281,1,continued_row_with_overlap,0.0,20096,13175,188.0,182.0,27353.0
20180729.tif,20180828.tif,2159,214.0,True,282.0,,0,continued_row_without_overlap,0.0,23997,13219,23.0,22.0,331.0
20180729.tif,20180828.tif,2160,215.0,True,283.0,,0,continued_row_without_overlap,0.0,23904,13295,22.0,26.0,418.0
20180729.tif,20180828.tif,2161,216.0,True,284.0,284,1,continued_row_with_overlap,0.0,18888,13311,196.0,195.0,29902.0
20180729.tif,20180828.tif,2162,217.0,False,,,0,row_absent_no_mask_overlap,0.0,14765,13567,13.0,16.0,130.0
20180729.tif,20180828.tif,2163,218.0,True,290.0,290,1,continued_row_with_overlap,0.0,19822,13779,156.0,166.0,20157.0
20180729.tif,20180828.tif,2164,219.0,True,291.0,291,1,continued_row_with_overlap,0.0,18418,13867,54.0,48.0,1957.0
20180729.tif,20180828.tif,2165,220.0,True,292.0,292,1,continued_row_with_overlap,0.0,16854,13924,60.0,49.0,2174.0
20180729.tif,20180828.tif,2166,221.0,True,295.0,295,1,continued_row_with_overlap,0.0,17326,14013,53.0,52.0,2187.0
20180729.tif,20180828.tif,2167,222.0,True,297.0,297,1,continued_row_with_overlap,0.0,16956,14035,36.0,29.0,780.0
20180729.tif,20180828.tif,2168,223.0,True,301.0,301,1,continued_row_with_overlap,0.0,18791,14115,49.0,46.0,1860.0
20180729.tif,20180828.tif,2169,225.0,True,302.0,302,1,continued_row_with_overlap,0.0,18694,14149,48.0,62.0,2298.0
20180729.tif,20180828.tif,2170,226.0,True,304.0,304,1,continued_row_with_overlap,0.0,18710,14234,52.0,45.0,1866.0
20180729.tif,20180828.tif,2171,227.0,True,303.0,,0,continued_row_without_overlap,0.0,24702,14234,40.0,32.0,972.0
20180729.tif,20180828.tif,2172,229.0,True,306.0,306,1,continued_row_with_overlap,0.0,19888,14262,82.0,61.0,3881.0
20180729.tif,20180828.tif,2173,230.0,True,307.0,307,1,continued_row_with_overlap,0.0,18946,14305,58.0,56.0,2392.0
20180729.tif,20180828.tif,2174,231.0,True,308.0,308,1,continued_row_with_overlap,0.0,19606,14345,68.0,62.0,3240.0
20180729.tif,20180828.tif,2175,232.0,True,310.0,310,1,continued_row_with_overlap,0.0,18236,14397,110.0,118.0,10457.0
20180729.tif,20180828.tif,2176,233.0,True,309.0,309,1,continued_row_with_overlap,0.0,18024,14398,122.0,123.0,11433.0
20180729.tif,20180828.tif,2177,234.0,True,311.0,311,1,continued_row_with_overlap,0.0,19748,14419,45.0,44.0,1627.0
20180729.tif,20180828.tif,2178,236.0,True,313.0,313,1,continued_row_with_overlap,0.0,17594,14535,54.0,58.0,2426.0
20180729.tif,20180828.tif,2179,238.0,True,318.0,318,1,continued_row_with_overlap,0.0,19772,14697,92.0,94.0,6971.0
20180729.tif,20180828.tif,2180,239.0,True,321.0,321,1,continued_row_with_overlap,0.0,15738,14877,38.0,38.0,1133.0
20180729.tif,20180828.tif,2181,245.0,False,,,0,row_absent_no_mask_overlap,0.0,20024,15061,15.0,18.0,203.0
20180729.tif,20180828.tif,2182,246.0,True,324.0,,0,continued_row_without_overlap,0.0,18202,15065,32.0,37.0,893.0
20180729.tif,20180828.tif,2183,248.0,True,325.0,325,1,continued_row_with_overlap,0.0,18164,15119,42.0,47.0,1477.0
20180729.tif,20180828.tif,2184,249.0,True,328.0,328,1,continued_row_with_overlap,0.0,16290,15152,26.0,29.0,549.0
20180729.tif,20180828.tif,2185,254.0,True,334.0,,0,continued_row_without_overlap,0.0,18022,15219,26.0,26.0,531.0
20180729.tif,20180828.tif,2186,255.0,True,335.0,335,1,continued_row_with_overlap,0.0,15098,15293,64.0,56.0,2706.0
20180729.tif,20180828.tif,2187,256.0,True,336.0,336,1,continued_row_with_overlap,0.0,14970,15351,43.0,40.0,1290.0
20180729.tif,20180828.tif,2188,257.0,False,,,0,row_absent_no_mask_overlap,0.0,16752,15360,64.0,59.0,3107.0
20180729.tif,20180828.tif,2189,258.0,True,338.0,338,1,continued_row_with_overlap,0.0,15022,15363,36.0,38.0,1073.0
20180729.tif,20180828.tif,2190,259.0,True,337.0,,0,continued_row_without_overlap,0.0,19180,15367,28.0,25.0,555.0
20180729.tif,20180828.tif,2191,260.0,False,,,0,row_absent_no_mask_overlap,0.0,13193,15371,12.0,14.0,108.0
20180729.tif,20180828.tif,2192,262.0,False,,,0,row_absent_no_mask_overlap,0.0,16850,15499,30.0,41.0,1069.0
20180729.tif,20180828.tif,2193,266.0,True,341.0,341,1,continued_row_with_overlap,0.0,15672,15523,42.0,50.0,1695.0
20180729.tif,20180828.tif,2194,268.0,False,,,0,row_absent_no_mask_overlap,0.0,13633,15585,11.0,16.0,133.0
20180729.tif,20180828.tif,2195,270.0,True,345.0,345,1,continued_row_with_overlap,0.0,17364,15783,38.0,40.0,1094.0
20180729.tif,20180828.tif,2196,271.0,True,346.0,,0,continued_row_without_overlap,0.0,17630,15853,31.0,31.0,722.0
20180729.tif,20180828.tif,2197,276.0,True,349.0,349,1,continued_row_with_overlap,0.0,14594,16034,170.0,159.0,20460.0
20180729.tif,20180828.tif,2198,278.0,True,350.0,350,1,continued_row_with_overlap,0.0,17608,16067,48.0,50.0,1838.0
20180729.tif,20180828.tif,2199,279.0,True,352.0,352,1,continued_row_with_overlap,0.0,10074,16075,30.0,26.0,591.0
20180729.tif,20180828.tif,2200,280.0,True,351.0,351,1,continued_row_with_overlap,0.0,14270,16075,140.0,140.0,15896.0
20180729.tif,20180828.tif,2201,281.0,True,354.0,354,1,continued_row_with_overlap,0.0,10040,16107,28.0,24.0,534.0
20180729.tif,20180828.tif,2202,283.0,True,356.0,356,1,continued_row_with_overlap,0.0,10168,16183,27.0,25.0,484.0
20180729.tif,20180828.tif,2203,284.0,True,355.0,355,1,continued_row_with_overlap,0.0,18082,16185,44.0,38.0,1208.0
20180729.tif,20180828.tif,2204,285.0,True,360.0,360,1,continued_row_with_overlap,0.0,10137,16213,23.0,26.0,419.0
20180729.tif,20180828.tif,2205,286.0,True,357.0,357,1,continued_row_with_overlap,0.0,17336,16215,54.0,50.0,2127.0
20180729.tif,20180828.tif,2206,287.0,True,358.0,,0,continued_row_without_overlap,0.0,18670,16225,39.0,34.0,955.0
20180729.tif,20180828.tif,2207,288.0,True,359.0,359,1,continued_row_with_overlap,0.0,17708,16229,70.0,72.0,3937.0
20180729.tif,20180828.tif,2208,290.0,True,362.0,362,1,continued_row_with_overlap,0.0,17395,16290,62.0,57.0,2735.0
20180729.tif,20180828.tif,2209,291.0,True,363.0,,0,continued_row_without_overlap,0.0,18966,16309,18.0,14.0,192.0
20180729.tif,20180828.tif,2210,292.0,True,364.0,364,1,continued_row_with_overlap,0.0,17320,16327,52.0,50.0,1871.0
20180729.tif,20180828.tif,2211,294.0,True,366.0,366,1,continued_row_with_overlap,0.0,18986,16339,47.0,36.0,1350.0
20180729.tif,20180828.tif,2212,295.0,True,368.0,368,1,continued_row_with_overlap,0.0,16123,16345,77.0,72.0,4327.0
20180729.tif,20180828.tif,2213,296.0,True,369.0,,0,continued_row_without_overlap,0.0,19254,16351,14.0,14.0,161.0
20180729.tif,20180828.tif,2214,297.0,True,370.0,,0,continued_row_without_overlap,0.0,19306,16351,34.0,32.0,878.0
20180729.tif,20180828.tif,2215,298.0,True,371.0,371,1,continued_row_with_overlap,0.0,19120,16355,46.0,46.0,1661.0
20180729.tif,20180828.tif,2216,299.0,True,372.0,372,1,continued_row_with_overlap,0.0,18723,16369,51.0,50.0,2035.0
20180729.tif,20180828.tif,2217,300.0,True,374.0,374,1,continued_row_with_overlap,0.0,18454,16377,60.0,56.0,2662.0
20180729.tif,20180828.tif,2218,301.0,True,377.0,377,1,continued_row_with_overlap,0.0,14470,16383,70.0,68.0,3567.0
20180729.tif,20180828.tif,2219,302.0,True,376.0,,0,continued_row_without_overlap,0.0,19436,16385,31.0,34.0,853.0
20180729.tif,20180828.tif,2220,303.0,True,378.0,378,1,continued_row_with_overlap,0.0,16282,16387,54.0,56.0,2305.0
20180729.tif,20180828.tif,2221,304.0,True,380.0,,0,continued_row_without_overlap,0.0,19342,16391,30.0,38.0,865.0
20180729.tif,20180828.tif,2222,306.0,True,381.0,,0,continued_row_without_overlap,0.0,18852,16399,31.0,29.0,663.0
20180729.tif,20180828.tif,2223,308.0,True,383.0,,0,continued_row_without_overlap,0.0,19478,16431,34.0,32.0,786.0
20180729.tif,20180828.tif,2224,309.0,True,384.0,,0,continued_row_without_overlap,0.0,19058,16445,36.0,34.0,933.0
20180729.tif,20180828.tif,2225,310.0,True,385.0,,0,continued_row_without_overlap,0.0,18898,16463,43.0,40.0,1393.0
20180729.tif,20180828.tif,2226,311.0,True,386.0,,0,continued_row_without_overlap,0.0,18432,16525,33.0,31.0,765.0
20180729.tif,20180828.tif,2227,312.0,True,387.0,,0,continued_row_without_overlap,0.0,19096,16539,18.0,16.0,246.0
20180729.tif,20180828.tif,2228,313.0,True,388.0,388,1,continued_row_with_overlap,0.0,18850,16553,60.0,54.0,2614.0
20180729.tif,20180828.tif,2229,316.0,True,391.0,391,1,continued_row_with_overlap,0.0,16634,16615,140.0,142.0,15236.0
20180729.tif,20180828.tif,2230,317.0,False,,,0,row_absent_no_mask_overlap,0.0,18610,16623,38.0,40.0,1132.0
20180729.tif,20180828.tif,2231,322.0,True,396.0,396,1,continued_row_with_overlap,0.0,19448,16699,47.0,42.0,1457.0
20180729.tif,20180828.tif,2232,323.0,True,397.0,,0,continued_row_without_overlap,0.0,18353,16701,25.0,27.0,533.0
20180729.tif,20180828.tif,2233,324.0,True,399.0,399,1,continued_row_with_overlap,0.0,18618,16733,38.0,34.0,1117.0
20180729.tif,20180828.tif,2234,327.0,True,402.0,,0,continued_row_without_overlap,0.0,19390,16781,32.0,33.0,831.0
20180729.tif,20180828.tif,2235,328.0,True,403.0,,0,continued_row_without_overlap,0.0,18654,16783,34.0,32.0,833.0
20180729.tif,20180828.tif,2236,329.0,True,406.0,,0,continued_row_without_overlap,0.0,20012,16801,18.0,14.0,171.0
20180729.tif,20180828.tif,2237,330.0,True,408.0,,0,continued_row_without_overlap,0.0,19034,16827,40.0,32.0,921.0
20180729.tif,20180828.tif,2238,331.0,True,409.0,,0,continued_row_without_overlap,0.0,18663,16841,31.0,30.0,704.0
20180729.tif,20180828.tif,2239,332.0,False,,,0,row_absent_no_mask_overlap,0.0,19620,16845,16.0,18.0,201.0
20180729.tif,20180828.tif,2240,333.0,True,411.0,411,1,continued_row_with_overlap,0.0,16158,16869,67.0,60.0,2999.0
20180729.tif,20180828.tif,2241,334.0,True,410.0,,0,continued_row_without_overlap,0.0,19924,16869,34.0,32.0,815.0
20180729.tif,20180828.tif,2242,335.0,True,412.0,412,1,continued_row_with_overlap,0.0,15896,16881,79.0,82.0,4954.0
20180729.tif,20180828.tif,2243,337.0,True,414.0,414,1,continued_row_with_overlap,0.0,18823,16895,55.0,54.0,2439.0
20180729.tif,20180828.tif,2244,338.0,True,415.0,415,1,continued_row_with_overlap,0.0,16846,16903,44.0,44.0,1428.0
20180729.tif,20180828.tif,2245,339.0,True,416.0,416,1,continued_row_with_overlap,0.0,17159,16904,31.0,37.0,836.0
20180729.tif,20180828.tif,2246,341.0,False,,,0,row_absent_no_mask_overlap,0.0,19536,16937,24.0,26.0,433.0
20180729.tif,20180828.tif,2247,343.0,True,420.0,420,1,continued_row_with_overlap,0.0,18610,16998,128.0,123.0,12158.0
20180729.tif,20180828.tif,2248,344.0,True,421.0,421,1,continued_row_with_overlap,0.0,15860,17015,230.0,208.0,36684.0
20180729.tif,20180828.tif,2249,345.0,True,422.0,422,1,continued_row_with_overlap,0.0,19932,17023,48.0,48.0,1747.0
20180729.tif,20180828.tif,2250,346.0,True,423.0,,0,continued_row_without_overlap,0.0,17814,17057,19.0,30.0,447.0
20180729.tif,20180828.tif,2251,347.0,False,,,0,row_absent_no_mask_overlap,0.0,13980,17059,12.0,12.0,126.0
20180729.tif,20180828.tif,2252,350.0,True,427.0,,0,continued_row_without_overlap,0.0,19927,17091,41.0,41.0,1323.0
20180729.tif,20180828.tif,2253,351.0,True,428.0,428,1,continued_row_with_overlap,0.0,18078,17097,52.0,54.0,2095.0
20180729.tif,20180828.tif,2254,353.0,True,430.0,430,1,continued_row_with_overlap,0.0,18822,17117,64.0,68.0,3328.0
20180729.tif,20180828.tif,2255,354.0,True,433.0,433,1,continued_row_with_overlap,0.0,17840,17155,46.0,52.0,1923.0
20180729.tif,20180828.tif,2256,355.0,True,436.0,436,1,continued_row_with_overlap,0.0,19146,17199,66.0,61.0,3094.0
20180729.tif,20180828.tif,2257,356.0,True,441.0,,0,continued_row_without_overlap,0.0,19465,17223,35.0,34.0,857.0
20180729.tif,20180828.tif,2258,357.0,True,442.0,,0,continued_row_without_overlap,0.0,19638,17233,32.0,28.0,685.0
20180729.tif,20180828.tif,2259,359.0,True,445.0,445,1,continued_row_with_overlap,0.0,16314,17259,82.0,78.0,5014.0
20180729.tif,20180828.tif,2260,361.0,True,449.0,,0,continued_row_without_overlap,0.0,17170,17291,16.0,12.0,136.0
20180729.tif,20180828.tif,2261,362.0,False,,448,1,row_absent_but_mask_overlap,0.0,17712,17331,40.0,42.0,1299.0
20180729.tif,20180828.tif,2262,363.0,True,450.0,450,1,continued_row_with_overlap,0.0,16926,17387,48.0,46.0,1589.0
20180729.tif,20180828.tif,2263,364.0,True,451.0,,0,continued_row_without_overlap,0.0,19408,17417,30.0,30.0,664.0
20180729.tif,20180828.tif,2264,365.0,True,453.0,453,1,continued_row_with_overlap,0.0,17589,17441,47.0,49.0,1718.0
20180729.tif,20180828.tif,2265,368.0,True,454.0,,0,continued_row_without_overlap,0.0,17624,17497,30.0,26.0,630.0
20180729.tif,20180828.tif,2266,369.0,True,455.0,455,1,continued_row_with_overlap,0.0,16394,17518,61.0,61.0,2702.0
20180729.tif,20180828.tif,2267,370.0,True,457.0,457,1,continued_row_with_overlap,0.0,19686,17529,48.0,52.0,1827.0
20180729.tif,20180828.tif,2268,371.0,False,,456,1,row_absent_but_mask_overlap,0.0,17526,17531,32.0,32.0,853.0
20180729.tif,20180828.tif,2269,372.0,True,460.0,460,1,continued_row_with_overlap,0.0,16588,17559,52.0,48.0,1852.0
20180729.tif,20180828.tif,2270,373.0,True,458.0,458,1,continued_row_with_overlap,0.0,19734,17559,186.0,186.0,26576.0
20180729.tif,20180828.tif,2271,375.0,True,461.0,461,1,continued_row_with_overlap,0.0,18730,17585,50.0,50.0,1956.0
20180729.tif,20180828.tif,2272,376.0,True,462.0,,0,continued_row_without_overlap,0.0,17586,17591,32.0,23.0,565.0
20180729.tif,20180828.tif,2273,377.0,True,463.0,463,1,continued_row_with_overlap,0.0,17978,17645,68.0,66.0,3456.0
20180729.tif,20180828.tif,2274,378.0,True,464.0,464,1,continued_row_with_overlap,0.0,18226,17681,34.0,39.0,1102.0
20180729.tif,20180828.tif,2275,379.0,True,465.0,465,1,continued_row_with_overlap,0.0,18154,17695,60.0,58.0,2746.0
20180729.tif,20180828.tif,2276,380.0,True,466.0,466,1,continued_row_with_overlap,0.0,16174,17699,76.0,72.0,4108.0
20180729.tif,20180828.tif,2277,381.0,True,470.0,470,1,continued_row_with_overlap,0.0,17672,17863,46.0,44.0,1593.0
20180729.tif,20180828.tif,2278,382.0,False,,,0,row_absent_no_mask_overlap,0.0,17626,17915,19.0,25.0,383.0
20180729.tif,20180828.tif,2279,384.0,True,477.0,477,1,continued_row_with_overlap,0.0,18366,17969,36.0,35.0,926.0
20180729.tif,20180828.tif,2280,385.0,True,483.0,483,1,continued_row_with_overlap,0.0,17480,18077,42.0,42.0,1458.0
20180729.tif,20180828.tif,2281,386.0,True,484.0,484,1,continued_row_with_overlap,0.0,18392,18079,50.0,52.0,1954.0
20180729.tif,20180828.tif,2282,387.0,False,,,0,row_absent_no_mask_overlap,0.0,18196,18087,88.0,82.0,5048.0
20180729.tif,20180828.tif,2283,390.0,True,487.0,,0,continued_row_without_overlap,0.0,19130,18151,20.0,12.0,192.0
20180729.tif,20180828.tif,2284,391.0,True,489.0,489,1,continued_row_with_overlap,0.0,18122,18201,48.0,48.0,1774.0
20180729.tif,20180828.tif,2285,392.0,True,490.0,490,1,continued_row_with_overlap,0.0,17022,18251,36.0,34.0,936.0
20180729.tif,20180828.tif,2286,393.0,True,491.0,491,1,continued_row_with_overlap,0.0,17716,18283,64.0,68.0,3471.0
20180729.tif,20180828.tif,2287,394.0,True,492.0,492,1,continued_row_with_overlap,0.0,18230,18291,37.0,36.0,1001.0
20180729.tif,20180828.tif,2288,396.0,True,494.0,494,1,continued_row_with_overlap,0.0,17182,18307,68.0,64.0,3054.0
20180729.tif,20180828.tif,2289,397.0,True,493.0,493,1,continued_row_with_overlap,0.0,19206,18319,36.0,36.0,1116.0
20180729.tif,20180828.tif,2290,398.0,True,496.0,496,1,continued_row_with_overlap,0.0,16738,18407,62.0,62.0,3040.0
20180729.tif,20180828.tif,2291,399.0,True,497.0,497,1,continued_row_with_overlap,0.0,18492,18423,44.0,50.0,1618.0
20180729.tif,20180828.tif,2292,400.0,True,498.0,498,1,continued_row_with_overlap,0.0,18034,18507,52.0,58.0,2421.0
20180729.tif,20180828.tif,2293,401.0,True,499.0,,0,continued_row_without_overlap,0.0,19398,18521,26.0,24.0,443.0
20180729.tif,20180828.tif,2294,402.0,True,498.0,501,1,continued_row_without_overlap,0.0,18094,18547,40.0,40.0,1120.0
20180729.tif,20180828.tif,2295,403.0,True,502.0,502,1,continued_row_with_overlap,0.0,17422,18567,40.0,46.0,1319.0
20180729.tif,20180828.tif,2296,404.0,True,504.0,504,1,continued_row_with_overlap,0.0,17506,18605,62.0,60.0,2845.0
20180729.tif,20180828.tif,2297,405.0,True,507.0,,0,continued_row_without_overlap,0.0,21654,18699,38.0,34.0,1008.0
20180729.tif,20180828.tif,2298,406.0,True,508.0,508,1,continued_row_with_overlap,0.0,18103,18707,53.0,52.0,2097.0
20180729.tif,20180828.tif,2299,408.0,True,509.0,509,1,continued_row_with_overlap,0.0,18542,18767,56.0,64.0,2692.0
20180729.tif,20180828.tif,2300,409.0,False,,,0,row_absent_no_mask_overlap,0.0,18796,18773,56.0,52.0,2107.0
20180729.tif,20180828.tif,2301,410.0,False,,,0,row_absent_no_mask_overlap,0.0,17041,18775,33.0,38.0,934.0
20180729.tif,20180828.tif,2302,412.0,True,511.0,511,1,continued_row_with_overlap,0.0,21662,18803,72.0,72.0,3924.0
20180729.tif,20180828.tif,2303,414.0,True,517.0,517,1,continued_row_with_overlap,0.0,18255,18953,43.0,46.0,1437.0
20180729.tif,20180828.tif,2304,416.0,True,518.0,,0,continued_row_without_overlap,0.0,21706,18981,40.0,32.0,952.0
20180729.tif,20180828.tif,2305,419.0,True,522.0,522,1,continued_row_with_overlap,0.0,21790,19073,62.0,56.0,2825.0
20180729.tif,20180828.tif,2306,420.0,True,523.0,523,1,continued_row_with_overlap,0.0,19146,19119,48.0,44.0,1564.0
20180729.tif,20180828.tif,2307,421.0,True,524.0,,0,continued_row_without_overlap,0.0,19239,19119,17.0,15.0,181.0
20180729.tif,20180828.tif,2308,422.0,True,525.0,,0,continued_row_without_overlap,0.0,21704,19129,54.0,52.0,2219.0
20180729.tif,20180828.tif,2309,428.0,True,533.0,533,1,continued_row_with_overlap,0.0,18864,19515,44.0,46.0,1508.0
20180729.tif,20180828.tif,2310,430.0,True,536.0,536,1,continued_row_with_overlap,0.0,17742,19697,68.0,76.0,3792.0
20180729.tif,20180828.tif,2311,431.0,True,538.0,538,1,continued_row_with_overlap,0.0,18836,19719,96.0,98.0,6988.0
20180729.tif,20180828.tif,2312,432.0,False,,,0,row_absent_no_mask_overlap,0.0,18632,19727,30.0,24.0,544.0
20180729.tif,20180828.tif,2313,434.0,True,540.0,,0,continued_row_without_overlap,0.0,21342,20116,28.0,29.0,587.0
20180729.tif,20180828.tif,2314,435.0,True,541.0,,0,continued_row_without_overlap,0.0,21246,20155,48.0,50.0,1928.0
20180729.tif,20180828.tif,2315,436.0,True,542.0,,0,continued_row_without_overlap,0.0,21226,20231,42.0,40.0,1316.0
20180729.tif,20180828.tif,2316,437.0,True,543.0,,0,continued_row_without_overlap,0.0,21844,20233,30.0,27.0,643.0
20180729.tif,20180828.tif,2317,442.0,True,549.0,,0,continued_row_without_overlap,0.0,21698,20399,26.0,22.0,404.0
20180729.tif,20180828.tif,2318,443.0,True,550.0,,0,continued_row_without_overlap,0.0,21790,20413,50.0,56.0,2262.0
20180729.tif,20180828.tif,2319,444.0,True,552.0,,0,continued_row_without_overlap,0.0,22417,20537,35.0,38.0,1062.0
20180729.tif,20180828.tif,2320,445.0,True,558.0,,0,continued_row_without_overlap,0.0,24316,20705,34.0,40.0,1023.0
20180729.tif,20180828.tif,2321,446.0,True,560.0,,0,continued_row_without_overlap,0.0,22682,20715,18.0,14.0,202.0
20180828.tif,20180926.tif,1709,4.0,True,6.0,,0,continued_row_without_overlap,0.0,16994,4759,108.0,106.0,8499.0
20180828.tif,20180926.tif,1710,4.0,True,6.0,,0,continued_row_without_overlap,0.0,16994,4759,108.0,106.0,8499.0
20180828.tif,20180926.tif,1759,280.0,False,,,0,row_absent_no_mask_overlap,0.0,17442,13142,32.0,36.0,928.0
20180828.tif,20180926.tif,1822,401.0,False,,,0,row_absent_no_mask_overlap,0.0,19290,16727,45.0,44.0,1498.0
20180828.tif,20180926.tif,1853,535.0,True,431.0,,0,continued_row_without_overlap,0.0,19000,19609,90.0,102.0,6562.0
20180828.tif,20180926.tif,1861,4.0,True,6.0,,0,continued_row_without_overlap,0.0,16994,4759,108.0,106.0,8499.0
20180828.tif,20180926.tif,1955,516.0,True,420.0,,0,continued_row_without_overlap,0.0,21842,18928,74.0,75.0,4243.0
20180828.tif,20180926.tif,1979,305.0,True,239.0,,0,continued_row_without_overlap,0.0,19698,14237,124.0,90.0,8566.0
20180828.tif,20180926.tif,1986,353.0,True,286.0,,0,continued_row_without_overlap,0.0,17844,16095,42.0,44.0,1480.0
20180828.tif,20180926.tif,1990,425.0,False,,,0,row_absent_no_mask_overlap,0.0,18883,17067,29.0,28.0,625.0
20180828.tif,20180926.tif,1991,419.0,True,342.0,,0,continued_row_without_overlap,0.0,19992,16961,28.0,33.0,671.0
20180828.tif,20180926.tif,1992,459.0,True,369.0,369,1,continued_row_with_overlap,0.0,18050,17542,120.0,119.0,11371.0
20180828.tif,20180926.tif,1999,510.0,True,410.0,,0,continued_row_without_overlap,0.0,21838,18760,56.0,53.0,2377.0
20180828.tif,20180926.tif,2001,516.0,True,420.0,,0,continued_row_without_overlap,0.0,21842,18928,74.0,75.0,4243.0
20180828.tif,20180926.tif,2008,531.0,True,429.0,,0,continued_row_without_overlap,0.0,19008,19418,72.0,65.0,3633.0
20180828.tif,20180926.tif,2010,531.0,True,429.0,,0,continued_row_without_overlap,0.0,19008,19418,72.0,65.0,3633.0
20180828.tif,20180926.tif,2012,1.0,True,1.0,,0,continued_row_without_overlap,0.0,14962,4107,56.0,68.0,2892.0
20180828.tif,20180926.tif,2013,2.0,True,2.0,,0,continued_row_without_overlap,0.0,13966,4131,62.0,66.0,3160.0
20180828.tif,20180926.tif,2014,3.0,True,5.0,,0,continued_row_without_overlap,0.0,16946,4573,64.0,76.0,3584.0
20180828.tif,20180926.tif,2015,18.0,True,21.0,,0,continued_row_without_overlap,0.0,16724,6859,28.0,32.0,699.0
20180828.tif,20180926.tif,2019,25.0,True,25.0,,0,continued_row_without_overlap,0.0,15829,7339,37.0,36.0,1031.0
20180828.tif,20180926.tif,2020,27.0,True,26.0,,0,continued_row_without_overlap,0.0,15854,7397,36.0,44.0,1420.0
20180828.tif,20180926.tif,2021,28.0,True,27.0,26,1,continued_row_without_overlap,0.0,15918,7421,38.0,41.0,1169.0
20180828.tif,20180926.tif,2023,33.0,True,29.0,,0,continued_row_without_overlap,0.0,13467,7569,37.0,36.0,997.0
20180828.tif,20180926.tif,2024,34.0,False,,,0,row_absent_no_mask_overlap,1.0,22806,7626,62.0,63.0,3081.0
20180828.tif,20180926.tif,2025,36.0,False,,,0,row_absent_no_mask_overlap,1.0,21298,7689,61.0,56.0,2684.0
20180828.tif,20180926.tif,2026,38.0,True,33.0,,0,continued_row_without_overlap,0.0,16583,7757,41.0,43.0,1317.0
20180828.tif,20180926.tif,2027,39.0,True,37.0,,0,continued_row_without_overlap,0.0,13478,7807,28.0,30.0,586.0
20180828.tif,20180926.tif,2028,40.0,True,34.0,,0,continued_row_without_overlap,0.0,16738,7815,74.0,72.0,4028.0
20180828.tif,20180926.tif,2029,43.0,True,37.0,,0,continued_row_without_overlap,0.0,13510,7897,40.0,48.0,1428.0
20180828.tif,20180926.tif,2030,42.0,True,36.0,,0,continued_row_without_overlap,0.0,13694,7893,38.0,41.0,1217.0
20180828.tif,20180926.tif,2031,44.0,False,,,0,row_absent_no_mask_overlap,1.0,21590,7899,20.0,24.0,374.0
20180828.tif,20180926.tif,2032,45.0,True,38.0,,0,continued_row_without_overlap,0.0,16028,7947,32.0,36.0,843.0
20180828.tif,20180926.tif,2033,46.0,True,39.0,,0,continued_row_without_overlap,0.0,13546,7987,44.0,38.0,1272.0
20180828.tif,20180926.tif,2034,47.0,False,,,0,row_absent_no_mask_overlap,1.0,21293,7987,95.0,110.0,8217.0
20180828.tif,20180926.tif,2035,50.0,False,,,0,row_absent_no_mask_overlap,1.0,22748,8071,78.0,82.0,4821.0
20180828.tif,20180926.tif,2036,51.0,True,41.0,,0,continued_row_without_overlap,0.0,16241,8109,39.0,38.0,1059.0
20180828.tif,20180926.tif,2037,55.0,False,,,0,row_absent_no_mask_overlap,0.0,15649,8241,43.0,47.0,1571.0
20180828.tif,20180926.tif,2038,57.0,True,47.0,47,1,continued_row_with_overlap,0.0,20506,8342,188.0,187.0,27445.0
20180828.tif,20180926.tif,2039,62.0,True,48.0,,0,continued_row_without_overlap,0.0,15102,8441,60.0,66.0,2939.0
20180828.tif,20180926.tif,2041,58.0,False,,,0,row_absent_no_mask_overlap,1.0,21752,8402,168.0,195.0,24591.0
20180828.tif,20180926.tif,2042,64.0,True,51.0,,0,continued_row_without_overlap,0.0,16948,8555,37.0,39.0,1153.0
20180828.tif,20180926.tif,2043,65.0,True,50.0,,0,continued_row_without_overlap,0.0,16266,8561,48.0,52.0,1798.0
20180828.tif,20180926.tif,2044,71.0,True,54.0,54,1,continued_row_with_overlap,0.0,20078,8634,204.0,203.0,30484.0
20180828.tif,20180926.tif,2045,72.0,True,55.0,,0,continued_row_without_overlap,0.0,19110,8641,54.0,52.0,2222.0
20180828.tif,20180926.tif,2046,75.0,True,56.0,,0,continued_row_without_overlap,0.0,16954,8675,40.0,43.0,1260.0
20180828.tif,20180926.tif,2047,76.0,False,,,0,row_absent_no_mask_overlap,0.0,16054,8681,20.0,20.0,312.0
20180828.tif,20180926.tif,2048,80.0,False,,,0,row_absent_no_mask_overlap,0.0,15472,8757,35.0,36.0,885.0
20180828.tif,20180926.tif,2049,81.0,True,61.0,,0,continued_row_without_overlap,0.0,18958,8771,56.0,55.0,2395.0
20180828.tif,20180926.tif,2052,90.0,True,70.0,,0,continued_row_without_overlap,0.0,16372,8947,37.0,36.0,1078.0
20180828.tif,20180926.tif,2053,89.0,True,71.0,,0,continued_row_without_overlap,0.0,20680,8941,50.0,53.0,2077.0
20180828.tif,20180926.tif,2055,93.0,False,,,0,row_absent_no_mask_overlap,1.0,23150,9001,44.0,44.0,1353.0
20180828.tif,20180926.tif,2056,94.0,True,74.0,,0,continued_row_without_overlap,0.0,18706,9017,43.0,43.0,1436.0
20180828.tif,20180926.tif,2057,95.0,False,,,0,row_absent_no_mask_overlap,1.0,22894,9017,32.0,32.0,775.0
20180828.tif,20180926.tif,2058,102.0,False,,,0,row_absent_no_mask_overlap,0.0,17724,9110,72.0,69.0,3954.0
20180828.tif,20180926.tif,2060,104.0,False,,,0,row_absent_no_mask_overlap,1.0,22242,9169,168.0,182.0,22619.0
20180828.tif,20180926.tif,2061,105.0,True,80.0,,0,continued_row_without_overlap,0.0,18509,9185,53.0,56.0,2322.0
20180828.tif,20180926.tif,2062,107.0,False,,,0,row_absent_no_mask_overlap,1.0,22767,9187,33.0,30.0,721.0
20180828.tif,20180926.tif,2063,109.0,False,,,0,row_absent_no_mask_overlap,1.0,22678,9229,42.0,46.0,1508.0
20180828.tif,20180926.tif,2064,111.0,True,81.0,,0,continued_row_without_overlap,0.0,20178,9245,34.0,40.0,936.0
20180828.tif,20180926.tif,2065,110.0,False,,,0,row_absent_no_mask_overlap,1.0,22816,9241,68.0,60.0,3267.0
20180828.tif,20180926.tif,2066,112.0,False,,,0,row_absent_no_mask_overlap,1.0,23042,9279,37.0,36.0,1043.0
20180828.tif,20180926.tif,2067,123.0,False,,,0,row_absent_no_mask_overlap,1.0,22674,9461,38.0,34.0,994.0
20180828.tif,20180926.tif,2068,126.0,False,,,0,row_absent_no_mask_overlap,1.0,22328,9523,150.0,163.0,17776.0
20180828.tif,20180926.tif,2069,128.0,True,90.0,,0,continued_row_without_overlap,0.0,20838,9538,36.0,44.0,1204.0
20180828.tif,20180926.tif,2070,127.0,False,,,0,row_absent_no_mask_overlap,0.0,19724,9539,18.0,21.0,264.0
20180828.tif,20180926.tif,2071,131.0,True,93.0,,0,continued_row_without_overlap,0.0,20466,9589,22.0,20.0,316.0
20180828.tif,20180926.tif,2072,132.0,True,94.0,,0,continued_row_without_overlap,0.0,20588,9633,18.0,22.0,311.0
20180828.tif,20180926.tif,2073,133.0,True,95.0,95,1,continued_row_with_overlap,0.0,20166,9642,148.0,152.0,15920.0
20180828.tif,20180926.tif,2074,134.0,True,97.0,,0,continued_row_without_overlap,0.0,19360,9649,106.0,108.0,8739.0
20180828.tif,20180926.tif,2075,138.0,True,100.0,100,1,continued_row_with_overlap,0.0,20480,9685,214.0,232.0,38288.0
20180828.tif,20180926.tif,2077,139.0,True,101.0,,0,continued_row_without_overlap,0.0,21954,9721,36.0,37.0,975.0
20180828.tif,20180926.tif,2078,142.0,False,,,0,row_absent_no_mask_overlap,0.0,18972,9771,192.0,198.0,28636.0
20180828.tif,20180926.tif,2079,143.0,True,102.0,102,1,continued_row_with_overlap,0.0,21502,9771,151.0,130.0,15719.0
20180828.tif,20180926.tif,2080,145.0,True,104.0,104,1,continued_row_with_overlap,0.0,20046,9826,172.0,173.0,22126.0
20180828.tif,20180926.tif,2081,146.0,False,,,0,row_absent_no_mask_overlap,1.0,23130,9837,52.0,50.0,1978.0
20180828.tif,20180926.tif,2082,147.0,True,106.0,,0,continued_row_without_overlap,0.0,18030,9878,36.0,32.0,978.0
20180828.tif,20180926.tif,2083,149.0,True,107.0,107,1,continued_row_with_overlap,0.0,19178,9898,208.0,191.0,29870.0
20180828.tif,20180926.tif,2084,152.0,True,109.0,109,1,continued_row_with_overlap,0.0,20658,9959,116.0,134.0,11945.0
20180828.tif,20180926.tif,2085,154.0,True,112.0,112,1,continued_row_with_overlap,0.0,18910,9995,240.0,224.0,38438.0
20180828.tif,20180926.tif,2086,156.0,False,,114,1,row_absent_but_mask_overlap,0.0,19434,10018,248.0,235.0,42444.0
20180828.tif,20180926.tif,2087,158.0,False,,,0,row_absent_no_mask_overlap,1.0,22462,10075,49.0,42.0,1646.0
20180828.tif,20180926.tif,2089,162.0,True,117.0,117,1,continued_row_with_overlap,0.0,18750,10099,220.0,211.0,34510.0
20180828.tif,20180926.tif,2090,167.0,True,118.0,118,1,continued_row_with_overlap,0.0,20214,10146,173.0,197.0,25681.0
20180828.tif,20180926.tif,2091,169.0,True,120.0,,0,continued_row_without_overlap,0.0,15512,10173,42.0,41.0,1189.0
20180828.tif,20180926.tif,2092,171.0,True,122.0,,0,continued_row_without_overlap,0.0,17612,10183,26.0,28.0,554.0
20180828.tif,20180926.tif,2093,172.0,True,121.0,,0,continued_row_without_overlap,0.0,15813,10188,45.0,43.0,1484.0
20180828.tif,20180926.tif,2094,174.0,True,123.0,,0,continued_row_without_overlap,0.0,17656,10225,42.0,46.0,1491.0
20180828.tif,20180926.tif,2095,176.0,True,124.0,,0,continued_row_without_overlap,0.0,15746,10273,52.0,55.0,2164.0
20180828.tif,20180926.tif,2096,177.0,True,125.0,125,1,continued_row_with_overlap,0.0,20814,10294,228.0,228.0,39442.0
20180828.tif,20180926.tif,2097,179.0,True,126.0,126,1,continued_row_with_overlap,0.0,19596,10303,175.0,176.0,22848.0
20180828.tif,20180926.tif,2098,182.0,True,129.0,,0,continued_row_without_overlap,0.0,19434,10431,44.0,59.0,2012.0
20180828.tif,20180926.tif,2099,183.0,True,130.0,,0,continued_row_without_overlap,0.0,15770,10457,60.0,66.0,3050.0
20180828.tif,20180926.tif,2101,185.0,True,133.0,133,1,continued_row_with_overlap,0.0,20778,10534,132.0,135.0,12300.0
20180828.tif,20180926.tif,2102,184.0,True,134.0,134,1,continued_row_with_overlap,0.0,20526,10534,188.0,221.0,29160.0
20180828.tif,20180926.tif,2103,187.0,True,135.0,135,1,continued_row_with_overlap,0.0,18248,10589,16.0,18.0,220.0
20180828.tif,20180926.tif,2104,189.0,False,,,0,row_absent_no_mask_overlap,0.0,14922,10665,60.0,64.0,2909.0
20180828.tif,20180926.tif,2105,193.0,True,138.0,138,1,continued_row_with_overlap,0.0,21626,10674,224.0,213.0,36794.0
20180828.tif,20180926.tif,2106,194.0,True,139.0,,0,continued_row_without_overlap,0.0,19795,10687,47.0,51.0,1812.0
20180828.tif,20180926.tif,2107,195.0,True,140.0,134,1,continued_row_without_overlap,0.0,20736,10697,42.0,37.0,1184.0
20180828.tif,20180926.tif,2108,200.0,True,142.0,,0,continued_row_without_overlap,0.0,15178,10797,58.0,58.0,2368.0
20180828.tif,20180926.tif,2109,202.0,True,144.0,142,1,continued_row_without_overlap,0.0,15258,10822,62.0,59.0,2975.0
20180828.tif,20180926.tif,2110,201.0,True,145.0,,0,continued_row_without_overlap,0.0,20898,10815,51.0,50.0,1884.0
20180828.tif,20180926.tif,2111,206.0,True,148.0,,0,continued_row_without_overlap,0.0,17810,10865,40.0,49.0,1619.0
20180828.tif,20180926.tif,2113,207.0,True,151.0,,0,continued_row_without_overlap,0.0,19752,10877,78.0,81.0,4747.0
20180828.tif,20180926.tif,2114,211.0,False,,,0,row_absent_no_mask_overlap,0.0,15154,10899,38.0,46.0,1297.0
20180828.tif,20180926.tif,2115,212.0,False,,,0,row_absent_no_mask_overlap,0.0,15352,10925,58.0,64.0,2884.0
20180828.tif,20180926.tif,2116,214.0,True,152.0,,0,continued_row_without_overlap,0.0,17907,10937,32.0,37.0,948.0
20180828.tif,20180926.tif,2117,215.0,False,,,0,row_absent_no_mask_overlap,0.0,15295,10979,61.0,60.0,2971.0
20180828.tif,20180926.tif,2118,221.0,True,162.0,162,1,continued_row_with_overlap,0.0,19746,11167,154.0,144.0,15119.0
20180828.tif,20180926.tif,2119,224.0,True,163.0,,0,continued_row_without_overlap,0.0,16308,11219,62.0,63.0,2998.0
20180828.tif,20180926.tif,2120,225.0,False,,,0,row_absent_no_mask_overlap,0.0,18088,11291,38.0,43.0,1240.0
20180828.tif,20180926.tif,2121,228.0,True,167.0,167,1,continued_row_with_overlap,0.0,19550,11354,216.0,207.0,33882.0
20180828.tif,20180926.tif,2122,227.0,True,168.0,,0,continued_row_without_overlap,0.0,21824,11349,74.0,76.0,4377.0
20180828.tif,20180926.tif,2123,229.0,True,170.0,170,1,continued_row_with_overlap,0.0,21210,11446,138.0,157.0,14902.0
20180828.tif,20180926.tif,2124,231.0,True,171.0,,0,continued_row_without_overlap,0.0,20019,11485,45.0,41.0,1461.0
20180828.tif,20180926.tif,2125,232.0,True,172.0,172,1,continued_row_with_overlap,0.0,18046,11499,198.0,198.0,28580.0
20180828.tif,20180926.tif,2126,233.0,False,,,0,row_absent_no_mask_overlap,0.0,16171,11565,51.0,55.0,2193.0
20180828.tif,20180926.tif,2127,235.0,True,176.0,176,1,continued_row_with_overlap,0.0,20024,11574,214.0,223.0,35856.0
20180828.tif,20180926.tif,2128,236.0,True,177.0,170,1,continued_row_without_overlap,0.0,21358,11575,40.0,38.0,1184.0
20180828.tif,20180926.tif,2129,237.0,True,175.0,,0,continued_row_without_overlap,0.0,16898,11585,66.0,68.0,3613.0
20180828.tif,20180926.tif,2131,239.0,True,178.0,,0,continued_row_without_overlap,0.0,21090,11625,46.0,53.0,1865.0
20180828.tif,20180926.tif,2132,240.0,True,179.0,,0,continued_row_without_overlap,0.0,20720,11653,58.0,54.0,2514.0
20180828.tif,20180926.tif,2133,241.0,True,181.0,179;181,2,continued_row_with_overlap,0.0,20742,11703,117.0,122.0,10683.0
20180828.tif,20180926.tif,2134,242.0,True,182.0,,0,continued_row_without_overlap,0.0,21564,11709,51.0,58.0,2431.0
20180828.tif,20180926.tif,2135,244.0,True,186.0,,0,continued_row_without_overlap,0.0,21074,11733,32.0,36.0,898.0
20180828.tif,20180926.tif,2136,247.0,True,187.0,,0,continued_row_without_overlap,0.0,21078,11793,47.0,41.0,1552.0
20180828.tif,20180926.tif,2137,248.0,True,188.0,,0,continued_row_without_overlap,0.0,20720,11835,34.0,38.0,1008.0
20180828.tif,20180926.tif,2139,253.0,True,190.0,,0,continued_row_without_overlap,0.0,19569,11959,49.0,58.0,2099.0
20180828.tif,20180926.tif,2140,258.0,True,193.0,,0,continued_row_without_overlap,0.0,20684,12193,54.0,66.0,2866.0
20180828.tif,20180926.tif,2141,259.0,True,195.0,,0,continued_row_without_overlap,0.0,21610,12219,26.0,24.0,468.0
20180828.tif,20180926.tif,2142,260.0,True,194.0,,0,continued_row_without_overlap,0.0,11559,12245,19.0,19.0,285.0
20180828.tif,20180926.tif,2143,261.0,True,196.0,,0,continued_row_without_overlap,0.0,21604,12269,26.0,25.0,490.0
20180828.tif,20180926.tif,2145,266.0,True,198.0,198,1,continued_row_with_overlap,0.0,20586,12461,124.0,132.0,12929.0
20180828.tif,20180926.tif,2146,267.0,True,199.0,,0,continued_row_without_overlap,0.0,21756,12469,23.0,22.0,407.0
20180828.tif,20180926.tif,2147,269.0,True,203.0,,0,continued_row_without_overlap,0.0,19430,12655,51.0,46.0,1822.0
20180828.tif,20180926.tif,2149,270.0,True,204.0,,0,continued_row_without_overlap,0.0,14216,12707,45.0,43.0,1494.0
20180828.tif,20180926.tif,2151,271.0,True,208.0,208,1,continued_row_with_overlap,0.0,19246,12790,186.0,187.0,26119.0
20180828.tif,20180926.tif,2152,273.0,False,,,0,row_absent_no_mask_overlap,0.0,23947,12835,37.0,34.0,953.0
20180828.tif,20180926.tif,2153,274.0,False,,,0,row_absent_no_mask_overlap,0.0,21210,12853,56.0,57.0,2454.0
20180828.tif,20180926.tif,2155,276.0,True,211.0,,0,continued_row_without_overlap,0.0,21756,13043,36.0,35.0,933.0
20180828.tif,20180926.tif,2156,277.0,True,212.0,212,1,continued_row_with_overlap,0.0,20510,13086,132.0,144.0,14480.0
20180828.tif,20180926.tif,2157,279.0,True,214.0,,0,continued_row_without_overlap,0.0,18682,13105,53.0,52.0,2162.0
20180828.tif,20180926.tif,2158,281.0,True,217.0,217,1,continued_row_with_overlap,0.0,20062,13166,196.0,187.0,28839.0
20180828.tif,20180926.tif,2159,282.0,False,,,0,row_absent_no_mask_overlap,0.0,23950,13205,36.0,30.0,826.0
20180828.tif,20180926.tif,2160,283.0,True,219.0,,0,continued_row_without_overlap,0.0,23864,13283,28.0,30.0,654.0
20180828.tif,20180926.tif,2161,284.0,True,220.0,220,1,continued_row_with_overlap,0.0,18860,13303,198.0,198.0,30070.0
20180828.tif,20180926.tif,2163,290.0,True,226.0,226,1,continued_row_with_overlap,0.0,19789,13769,162.0,172.0,21178.0
20180828.tif,20180926.tif,2164,291.0,True,228.0,,0,continued_row_without_overlap,0.0,18402,13858,46.0,52.0,1787.0
20180828.tif,20180926.tif,2165,292.0,True,230.0,,0,continued_row_without_overlap,0.0,16846,13919,48.0,50.0,1921.0
20180828.tif,20180926.tif,2166,295.0,False,,,0,row_absent_no_mask_overlap,0.0,17302,14007,58.0,54.0,2430.0
20180828.tif,20180926.tif,2167,297.0,True,232.0,,0,continued_row_without_overlap,0.0,16936,14031,38.0,30.0,903.0
20180828.tif,20180926.tif,2168,301.0,True,236.0,,0,continued_row_without_overlap,0.0,18770,14105,48.0,50.0,1959.0
20180828.tif,20180926.tif,2169,302.0,True,237.0,,0,continued_row_without_overlap,0.0,18667,14139,52.0,67.0,2617.0
20180828.tif,20180926.tif,2170,304.0,True,238.0,,0,continued_row_without_overlap,0.0,18686,14226,52.0,49.0,1850.0
20180828.tif,20180926.tif,2171,303.0,False,,,0,row_absent_no_mask_overlap,0.0,24661,14207,49.0,52.0,1977.0
20180828.tif,20180926.tif,2172,306.0,True,240.0,,0,continued_row_without_overlap,0.0,19860,14251,82.0,67.0,4258.0
20180828.tif,20180926.tif,2173,307.0,True,241.0,,0,continued_row_without_overlap,0.0,18925,14295,55.0,59.0,2510.0
20180828.tif,20180926.tif,2174,308.0,True,242.0,,0,continued_row_without_overlap,0.0,19582,14335,66.0,62.0,3258.0
20180828.tif,20180926.tif,2175,310.0,True,244.0,244,1,continued_row_with_overlap,0.0,18214,14387,112.0,122.0,10576.0
20180828.tif,20180926.tif,2176,309.0,True,243.0,243,1,continued_row_with_overlap,0.0,18000,14387,126.0,130.0,12251.0
20180828.tif,20180926.tif,2177,311.0,True,245.0,,0,continued_row_without_overlap,0.0,19722,14409,44.0,46.0,1636.0
20180828.tif,20180926.tif,2178,313.0,True,248.0,,0,continued_row_without_overlap,0.0,17576,14527,53.0,59.0,2498.0
20180828.tif,20180926.tif,2179,318.0,True,253.0,,0,continued_row_without_overlap,0.0,19746,14685,92.0,96.0,7090.0
20180828.tif,20180926.tif,2180,321.0,False,,,0,row_absent_no_mask_overlap,0.0,15724,14871,38.0,40.0,1240.0
20180828.tif,20180926.tif,2182,324.0,True,262.0,,0,continued_row_without_overlap,0.0,18175,15055,36.0,42.0,1130.0
20180828.tif,20180926.tif,2183,325.0,True,263.0,,0,continued_row_without_overlap,0.0,18142,15109,42.0,49.0,1601.0
20180828.tif,20180926.tif,2184,328.0,True,264.0,,0,continued_row_without_overlap,0.0,16266,15145,36.0,35.0,990.0
20180828.tif,20180926.tif,2185,334.0,True,267.0,265,1,continued_row_without_overlap,0.0,17998,15209,29.0,29.0,637.0
20180828.tif,20180926.tif,2186,335.0,True,268.0,,0,continued_row_without_overlap,0.0,15092,15285,58.0,60.0,2625.0
20180828.tif,20180926.tif,2187,336.0,True,271.0,,0,continued_row_without_overlap,0.0,14956,15345,47.0,44.0,1512.0
20180828.tif,20180926.tif,2189,338.0,True,271.0,,0,continued_row_without_overlap,0.0,15012,15357,34.0,40.0,1011.0
20180828.tif,20180926.tif,2190,337.0,True,273.0,,0,continued_row_without_overlap,0.0,19154,15355,30.0,29.0,715.0
20180828.tif,20180926.tif,2193,341.0,True,275.0,,0,continued_row_without_overlap,0.0,15654,15515,48.0,53.0,2006.0
20180828.tif,20180926.tif,2195,345.0,True,278.0,276,1,continued_row_without_overlap,0.0,17348,15769,36.0,46.0,1229.0
20180828.tif,20180926.tif,2196,346.0,True,279.0,,0,continued_row_without_overlap,0.0,17612,15843,31.0,32.0,769.0
20180828.tif,20180926.tif,2197,349.0,True,281.0,281,1,continued_row_with_overlap,0.0,14582,16027,176.0,162.0,21532.0
20180828.tif,20180926.tif,2198,350.0,True,284.0,,0,continued_row_without_overlap,0.0,17589,16053,49.0,54.0,1997.0
20180828.tif,20180926.tif,2199,352.0,False,,,0,row_absent_no_mask_overlap,0.0,10077,16081,31.0,26.0,617.0
20180828.tif,20180926.tif,2200,351.0,True,285.0,285,1,continued_row_with_overlap,0.0,14262,16070,144.0,139.0,16289.0
20180828.tif,20180926.tif,2201,354.0,False,,,0,row_absent_no_mask_overlap,0.0,10044,16109,29.0,28.0,570.0
20180828.tif,20180926.tif,2202,356.0,False,,,0,row_absent_no_mask_overlap,0.0,10171,16187,26.0,25.0,466.0
20180828.tif,20180926.tif,2203,355.0,True,287.0,,0,continued_row_without_overlap,0.0,18063,16173,43.0,40.0,1334.0
20180828.tif,20180926.tif,2204,360.0,False,,,0,row_absent_no_mask_overlap,0.0,10139,16217,25.0,27.0,516.0
20180828.tif,20180926.tif,2205,357.0,True,288.0,,0,continued_row_without_overlap,0.0,17318,16202,54.0,56.0,2263.0
20180828.tif,20180926.tif,2206,358.0,True,290.0,,0,continued_row_without_overlap,0.0,18650,16211,38.0,35.0,1018.0
20180828.tif,20180926.tif,2207,359.0,True,289.0,,0,continued_row_without_overlap,0.0,17685,16215,76.0,80.0,4502.0
20180828.tif,20180926.tif,2208,362.0,True,292.0,,0,continued_row_without_overlap,0.0,17381,16277,59.0,60.0,2901.0
20180828.tif,20180926.tif,2209,363.0,True,293.0,,0,continued_row_without_overlap,0.0,18942,16293,19.0,20.0,257.0
20180828.tif,20180926.tif,2210,364.0,False,,,0,row_absent_no_mask_overlap,0.0,17300,16313,56.0,55.0,2174.0
20180828.tif,20180926.tif,2211,366.0,True,294.0,293,1,continued_row_without_overlap,0.0,18965,16319,51.0,48.0,1871.0
20180828.tif,20180926.tif,2212,368.0,True,296.0,,0,continued_row_without_overlap,0.0,16114,16333,72.0,78.0,4232.0
20180828.tif,20180926.tif,2213,369.0,True,298.0,,0,continued_row_without_overlap,0.0,19230,16337,16.0,15.0,177.0
20180828.tif,20180926.tif,2214,370.0,True,300.0,,0,continued_row_without_overlap,0.0,19281,16337,37.0,34.0,1025.0
20180828.tif,20180926.tif,2215,371.0,True,299.0,,0,continued_row_without_overlap,0.0,19097,16341,47.0,50.0,1916.0
20180828.tif,20180926.tif,2216,372.0,True,301.0,,0,continued_row_without_overlap,0.0,18700,16355,54.0,54.0,2290.0
20180828.tif,20180926.tif,2217,374.0,True,303.0,,0,continued_row_without_overlap,0.0,18438,16363,56.0,60.0,2769.0
20180828.tif,20180926.tif,2218,377.0,True,302.0,302,1,continued_row_with_overlap,0.0,14464,16377,68.0,72.0,3765.0
20180828.tif,20180926.tif,2219,376.0,True,305.0,,0,continued_row_without_overlap,0.0,19414,16371,30.0,36.0,848.0
20180828.tif,20180926.tif,2220,378.0,False,,,0,row_absent_no_mask_overlap,0.0,16268,16377,58.0,58.0,2631.0
20180828.tif,20180926.tif,2221,380.0,True,300.0,300,1,continued_row_with_overlap,0.0,19318,16383,28.0,32.0,660.0
20180828.tif,20180926.tif,2222,381.0,True,308.0,,0,continued_row_without_overlap,0.0,18835,16387,25.0,28.0,551.0
20180828.tif,20180926.tif,2223,383.0,True,310.0,305,1,continued_row_without_overlap,0.0,19454,16415,38.0,36.0,1037.0
20180828.tif,20180926.tif,2224,384.0,True,311.0,,0,continued_row_without_overlap,0.0,19035,16431,35.0,37.0,1034.0
20180828.tif,20180926.tif,2225,385.0,True,312.0,308,1,continued_row_without_overlap,0.0,18878,16447,40.0,44.0,1338.0
20180828.tif,20180926.tif,2226,386.0,True,313.0,,0,continued_row_without_overlap,0.0,18414,16511,33.0,32.0,806.0
20180828.tif,20180926.tif,2227,387.0,False,,,0,row_absent_no_mask_overlap,0.0,19076,16525,18.0,18.0,251.0
20180828.tif,20180926.tif,2228,388.0,True,314.0,,0,continued_row_without_overlap,0.0,18828,16537,62.0,60.0,2858.0
20180828.tif,20180926.tif,2229,391.0,True,317.0,317,1,continued_row_with_overlap,0.0,16616,16603,142.0,144.0,16092.0
20180828.tif,20180926.tif,2231,396.0,True,320.0,,0,continued_row_without_overlap,0.0,19428,16683,44.0,46.0,1521.0
20180828.tif,20180926.tif,2232,397.0,True,321.0,,0,continued_row_without_overlap,0.0,18328,16685,34.0,32.0,709.0
20180828.tif,20180926.tif,2233,399.0,True,322.0,,0,continued_row_without_overlap,0.0,18600,16717,38.0,38.0,1086.0
20180828.tif,20180926.tif,2234,402.0,True,327.0,,0,continued_row_without_overlap,0.0,19368,16767,34.0,34.0,880.0
20180828.tif,20180926.tif,2235,403.0,True,326.0,322,1,continued_row_without_overlap,0.0,18632,16769,36.0,34.0,929.0
20180828.tif,20180926.tif,2236,406.0,True,328.0,,0,continued_row_without_overlap,0.0,19987,16785,19.0,17.0,235.0
20180828.tif,20180926.tif,2237,408.0,True,329.0,,0,continued_row_without_overlap,0.0,19015,16809,35.0,37.0,1014.0
20180828.tif,20180926.tif,2238,409.0,True,330.0,,0,continued_row_without_overlap,0.0,18644,16827,30.0,31.0,725.0
20180828.tif,20180926.tif,2240,411.0,True,331.0,,0,continued_row_without_overlap,0.0,16146,16855,68.0,64.0,3313.0
20180828.tif,20180926.tif,2241,410.0,True,333.0,,0,continued_row_without_overlap,0.0,19898,16853,34.0,34.0,884.0
20180828.tif,20180926.tif,2242,412.0,True,335.0,,0,continued_row_without_overlap,0.0,15886,16868,76.0,87.0,5181.0
20180828.tif,20180926.tif,2243,414.0,True,338.0,,0,continued_row_without_overlap,0.0,18808,16879,50.0,57.0,2285.0
20180828.tif,20180926.tif,2244,415.0,True,337.0,,0,continued_row_without_overlap,0.0,16826,16883,50.0,54.0,2026.0
20180828.tif,20180926.tif,2245,416.0,False,,,0,row_absent_no_mask_overlap,0.0,17142,16891,36.0,37.0,1018.0
20180828.tif,20180926.tif,2247,420.0,True,343.0,343,1,continued_row_with_overlap,0.0,18594,16983,128.0,126.0,12536.0
20180828.tif,20180926.tif,2248,421.0,True,344.0,344,1,continued_row_with_overlap,0.0,15846,17003,232.0,210.0,37780.0
20180828.tif,20180926.tif,2249,422.0,True,345.0,,0,continued_row_without_overlap,0.0,19914,17007,42.0,49.0,1609.0
20180828.tif,20180926.tif,2250,423.0,True,347.0,,0,continued_row_without_overlap,0.0,17791,17041,28.0,38.0,788.0
20180828.tif,20180926.tif,2252,427.0,True,350.0,,0,continued_row_without_overlap,0.0,19903,17077,40.0,42.0,1264.0
20180828.tif,20180926.tif,2253,428.0,True,351.0,,0,continued_row_without_overlap,0.0,18062,17083,48.0,58.0,2198.0
20180828.tif,20180926.tif,2254,430.0,True,353.0,,0,continued_row_without_overlap,0.0,18802,17099,64.0,74.0,3602.0
20180828.tif,20180926.tif,2255,433.0,False,,,0,row_absent_no_mask_overlap,0.0,17822,17139,48.0,57.0,2236.0
20180828.tif,20180926.tif,2256,436.0,True,354.0,,0,continued_row_without_overlap,0.0,19122,17181,68.0,66.0,3435.0
20180828.tif,20180926.tif,2257,441.0,True,355.0,,0,continued_row_without_overlap,0.0,19444,17207,34.0,36.0,963.0
20180828.tif,20180926.tif,2258,442.0,False,,,0,row_absent_no_mask_overlap,0.0,19623,17221,23.0,24.0,433.0
20180828.tif,20180926.tif,2259,445.0,True,359.0,,0,continued_row_without_overlap,0.0,16302,17245,80.0,80.0,4999.0
20180828.tif,20180926.tif,2260,449.0,True,361.0,,0,continued_row_without_overlap,0.0,17108,17343,34.0,40.0,986.0
20180828.tif,20180926.tif,2262,450.0,True,362.0,,0,continued_row_without_overlap,0.0,16914,17371,46.0,48.0,1810.0
20180828.tif,20180926.tif,2263,451.0,True,365.0,,0,continued_row_without_overlap,0.0,19372,17397,46.0,46.0,1664.0
20180828.tif,20180926.tif,2264,453.0,False,,,0,row_absent_no_mask_overlap,0.0,17572,17429,50.0,49.0,1858.0
20180828.tif,20180926.tif,2265,454.0,False,,,0,row_absent_no_mask_overlap,0.0,17610,17479,26.0,30.0,620.0
20180828.tif,20180926.tif,2266,455.0,True,366.0,,0,continued_row_without_overlap,0.0,16380,17503,62.0,64.0,3067.0
20180828.tif,20180926.tif,2267,457.0,False,,,0,row_absent_no_mask_overlap,0.0,19658,17515,52.0,52.0,2048.0
20180828.tif,20180926.tif,2269,460.0,True,368.0,,0,continued_row_without_overlap,0.0,16582,17545,48.0,50.0,1841.0
20180828.tif,20180926.tif,2270,458.0,False,,370,1,row_absent_but_mask_overlap,0.0,19710,17539,188.0,192.0,27316.0
20180828.tif,20180926.tif,2271,461.0,False,,,0,row_absent_no_mask_overlap,0.0,18712,17567,50.0,54.0,2148.0
20180828.tif,20180926.tif,2272,462.0,True,371.0,367,1,continued_row_without_overlap,0.0,17574,17573,28.0,28.0,557.0
20180828.tif,20180926.tif,2273,463.0,True,372.0,,0,continued_row_without_overlap,0.0,17962,17629,66.0,68.0,3617.0
20180828.tif,20180926.tif,2274,464.0,True,373.0,,0,continued_row_without_overlap,0.0,18210,17667,32.0,40.0,1017.0
20180828.tif,20180926.tif,2275,465.0,True,375.0,369,1,continued_row_without_overlap,0.0,18138,17677,58.0,62.0,2906.0
20180828.tif,20180926.tif,2276,466.0,True,374.0,,0,continued_row_without_overlap,0.0,16165,17681,79.0,78.0,4973.0
20180828.tif,20180926.tif,2277,470.0,True,376.0,,0,continued_row_without_overlap,0.0,17658,17847,44.0,46.0,1614.0
20180828.tif,20180926.tif,2279,477.0,True,380.0,,0,continued_row_without_overlap,0.0,18346,17949,40.0,42.0,1282.0
20180828.tif,20180926.tif,2280,483.0,True,382.0,,0,continued_row_without_overlap,0.0,17464,18059,46.0,46.0,1638.0
20180828.tif,20180926.tif,2281,484.0,True,383.0,,0,continued_row_without_overlap,0.0,18374,18063,50.0,52.0,1967.0
20180828.tif,20180926.tif,2283,487.0,False,,,0,row_absent_no_mask_overlap,0.0,19100,18121,36.0,32.0,869.0
20180828.tif,20180926.tif,2284,489.0,True,386.0,,0,continued_row_without_overlap,0.0,18105,18181,48.0,54.0,2024.0
20180828.tif,20180926.tif,2285,490.0,True,387.0,,0,continued_row_without_overlap,0.0,16998,18227,50.0,47.0,1805.0
20180828.tif,20180926.tif,2286,491.0,True,389.0,,0,continued_row_without_overlap,0.0,17702,18263,64.0,74.0,3716.0
20180828.tif,20180926.tif,2287,492.0,True,390.0,,0,continued_row_without_overlap,0.0,18210,18271,40.0,40.0,1208.0
20180828.tif,20180926.tif,2288,494.0,True,392.0,,0,continued_row_without_overlap,0.0,17170,18293,66.0,64.0,3099.0
20180828.tif,20180926.tif,2289,493.0,True,393.0,,0,continued_row_without_overlap,0.0,19182,18291,44.0,52.0,1697.0
20180828.tif,20180926.tif,2290,496.0,True,395.0,,0,continued_row_without_overlap,0.0,16730,18389,56.0,64.0,2892.0
20180828.tif,20180926.tif,2291,497.0,True,396.0,,0,continued_row_without_overlap,0.0,18474,18404,46.0,52.0,1817.0
20180828.tif,20180926.tif,2292,498.0,False,,,0,row_absent_no_mask_overlap,0.0,18019,18487,52.0,62.0,2470.0
20180828.tif,20180926.tif,2293,499.0,True,398.0,,0,continued_row_without_overlap,0.0,19374,18499,30.0,30.0,667.0
20180828.tif,20180926.tif,2294,498.0,False,,,0,row_absent_no_mask_overlap,0.0,18019,18487,52.0,62.0,2470.0
20180828.tif,20180926.tif,2295,502.0,True,401.0,,0,continued_row_without_overlap,0.0,17406,18549,44.0,48.0,1599.0
20180828.tif,20180926.tif,2296,504.0,True,403.0,,0,continued_row_without_overlap,0.0,17494,18587,60.0,62.0,2924.0
20180828.tif,20180926.tif,2297,507.0,False,,,0,row_absent_no_mask_overlap,0.0,21624,18679,38.0,32.0,883.0
20180828.tif,20180926.tif,2298,508.0,True,404.0,,0,continued_row_without_overlap,0.0,18086,18687,52.0,56.0,2237.0
20180828.tif,20180926.tif,2299,509.0,True,406.0,,0,continued_row_without_overlap,0.0,18522,18743,61.0,72.0,3430.0
20180828.tif,20180926.tif,2302,511.0,True,412.0,,0,continued_row_without_overlap,0.0,21634,18779,74.0,76.0,4325.0
20180828.tif,20180926.tif,2303,517.0,True,419.0,,0,continued_row_without_overlap,0.0,18238,18933,44.0,46.0,1487.0
20180828.tif,20180926.tif,2304,518.0,True,421.0,,0,continued_row_without_overlap,0.0,21676,18955,42.0,40.0,1300.0
20180828.tif,20180926.tif,2305,522.0,True,422.0,,0,continued_row_without_overlap,0.0,21758,19049,65.0,58.0,3057.0
20180828.tif,20180926.tif,2306,523.0,True,423.0,,0,continued_row_without_overlap,0.0,19124,19095,52.0,48.0,1877.0
20180828.tif,20180926.tif,2307,524.0,True,424.0,,0,continued_row_without_overlap,0.0,19216,19101,18.0,14.0,195.0
20180828.tif,20180926.tif,2308,525.0,True,425.0,,0,continued_row_without_overlap,0.0,21678,19105,55.0,56.0,2359.0
20180828.tif,20180926.tif,2309,533.0,False,,,0,row_absent_no_mask_overlap,0.0,18850,19493,42.0,48.0,1600.0
20180828.tif,20180926.tif,2310,536.0,True,432.0,,0,continued_row_without_overlap,0.0,17728,19679,70.0,68.0,3784.0
20180828.tif,20180926.tif,2311,538.0,True,433.0,,0,continued_row_without_overlap,0.0,18818,19695,98.0,102.0,7608.0
20180828.tif,20180926.tif,2313,540.0,True,435.0,,0,continued_row_without_overlap,0.0,21314,20091,30.0,32.0,731.0
20180828.tif,20180926.tif,2314,541.0,True,436.0,,0,continued_row_without_overlap,0.0,21222,20127,48.0,58.0,2199.0
20180828.tif,20180926.tif,2315,542.0,True,437.0,,0,continued_row_without_overlap,0.0,21200,20203,42.0,45.0,1410.0
20180828.tif,20180926.tif,2316,543.0,False,,,0,row_absent_no_mask_overlap,0.0,21814,20207,32.0,32.0,766.0
20180828.tif,20180926.tif,2317,549.0,True,442.0,,0,continued_row_without_overlap,0.0,21668,20367,31.0,30.0,762.0
20180828.tif,20180926.tif,2318,550.0,True,443.0,,0,continued_row_without_overlap,0.0,21760,20389,52.0,58.0,2408.0
20180828.tif,20180926.tif,2319,552.0,False,,,0,row_absent_no_mask_overlap,0.02976190476190476,22388,20511,32.0,40.0,1008.0
20180828.tif,20180926.tif,2320,558.0,False,,,0,row_absent_no_mask_overlap,1.0,24278,20675,36.0,48.0,1318.0
20180828.tif,20180926.tif,2321,560.0,False,,,0,row_absent_no_mask_overlap,1.0,22650,20687,20.0,18.0,250.0
20180828.tif,20180926.tif,2322,5.0,False,,,0,row_absent_no_mask_overlap,0.0,11862,5003,20.0,17.0,220.0
20180828.tif,20180926.tif,2323,6.0,False,,,0,row_absent_no_mask_overlap,0.0,14824,5032,12.0,13.0,112.0
20180828.tif,20180926.tif,2324,8.0,False,,,0,row_absent_no_mask_overlap,0.0,15464,5207,14.0,14.0,137.0
20180828.tif,20180926.tif,2325,9.0,False,,,0,row_absent_no_mask_overlap,0.0,14833,5323,23.0,23.0,429.0
20180828.tif,20180926.tif,2326,13.0,False,,,0,row_absent_no_mask_overlap,0.0,18718,6155,28.0,23.0,536.0
20180828.tif,20180926.tif,2327,14.0,False,,,0,row_absent_no_mask_overlap,0.0,18804,6157,16.0,14.0,161.0
20180828.tif,20180926.tif,2328,15.0,False,,,0,row_absent_no_mask_overlap,0.0,18767,6201,31.0,29.0,720.0
20180828.tif,20180926.tif,2329,21.0,True,22.0,,0,continued_row_without_overlap,0.0,15980,7034,40.0,28.0,829.0
20180828.tif,20180926.tif,2330,24.0,True,24.0,,0,continued_row_without_overlap,0.0,15886,7207,64.0,50.0,2412.0
20180828.tif,20180926.tif,2331,26.0,False,,,0,row_absent_no_mask_overlap,0.0,15558,7389,18.0,16.0,221.0
20180828.tif,20180926.tif,2332,30.0,True,28.0,28,1,continued_row_with_overlap,0.0,17442,7479,158.0,160.0,20047.0
20180828.tif,20180926.tif,2333,32.0,False,,,0,row_absent_no_mask_overlap,0.0,16130,7563,32.0,30.0,756.0
20180828.tif,20180926.tif,2334,35.0,False,,,0,row_absent_no_mask_overlap,0.0,13598,7679,31.0,30.0,723.0
20180828.tif,20180926.tif,2335,37.0,True,32.0,,0,continued_row_without_overlap,0.0,16686,7711,33.0,29.0,760.0
20180828.tif,20180926.tif,2336,48.0,False,,,0,row_absent_no_mask_overlap,0.0,13574,8049,62.0,86.0,4349.0
20180828.tif,20180926.tif,2337,52.0,True,42.0,,0,continued_row_without_overlap,0.0,14075,8157,29.0,30.0,653.0
20180828.tif,20180926.tif,2338,56.0,False,,,0,row_absent_no_mask_overlap,0.0,13866,8319,42.0,40.0,1304.0
20180828.tif,20180926.tif,2339,59.0,False,,,0,row_absent_no_mask_overlap,0.0,17578,8409,38.0,38.0,1103.0
20180828.tif,20180926.tif,2340,61.0,False,,,0,row_absent_no_mask_overlap,1.0,22094,8423,14.0,10.0,112.0
20180828.tif,20180926.tif,2341,66.0,False,,,0,row_absent_no_mask_overlap,0.0,15945,8575,17.0,16.0,179.0
20180828.tif,20180926.tif,2342,68.0,False,,,0,row_absent_no_mask_overlap,0.0,15898,8595,12.0,14.0,120.0
20180828.tif,20180926.tif,2343,77.0,True,58.0,,0,continued_row_without_overlap,0.0,16782,8731,36.0,38.0,1060.0
20180828.tif,20180926.tif,2344,79.0,True,59.0,,0,continued_row_without_overlap,0.0,16124,8742,50.0,56.0,2280.0
20180828.tif,20180926.tif,2345,82.0,True,63.0,63,1,continued_row_with_overlap,0.0,20882,8802,182.0,184.0,24918.0
20180828.tif,20180926.tif,2346,84.0,True,64.0,,0,continued_row_without_overlap,0.0,14858,8827,30.0,35.0,770.0
20180828.tif,20180926.tif,2347,86.0,False,,,0,row_absent_no_mask_overlap,0.0,14952,8873,34.0,35.0,852.0
20180828.tif,20180926.tif,2348,87.0,True,69.0,,0,continued_row_without_overlap,0.0,20778,8923,14.0,14.0,164.0
20180828.tif,20180926.tif,2349,91.0,True,72.0,71,1,continued_row_without_overlap,0.0,20756,8979,38.0,32.0,998.0
20180828.tif,20180926.tif,2350,96.0,True,73.0,,0,continued_row_without_overlap,0.0,14896,9021,12.0,14.0,124.0
20180828.tif,20180926.tif,2351,99.0,True,75.0,,0,continued_row_without_overlap,0.0,14944,9039,20.0,18.0,311.0
20180828.tif,20180926.tif,2352,106.0,False,,,0,row_absent_no_mask_overlap,0.0,18876,9187,44.0,46.0,1439.0
20180828.tif,20180926.tif,2353,119.0,True,82.0,,0,continued_row_without_overlap,0.0,21054,9439,42.0,42.0,1300.0
20180828.tif,20180926.tif,2354,120.0,True,84.0,,0,continued_row_without_overlap,0.0,20698,9445,40.0,43.0,1314.0
20180828.tif,20180926.tif,2355,121.0,True,85.0,,0,continued_row_without_overlap,0.0,20642,9453,46.0,46.0,1613.0
20180828.tif,20180926.tif,2356,129.0,True,92.0,87,1,continued_row_without_overlap,0.0,20774,9547,18.0,16.0,253.0
20180828.tif,20180926.tif,2357,130.0,False,,,0,row_absent_no_mask_overlap,0.0,15620,9551,18.0,14.0,177.0
20180828.tif,20180926.tif,2358,140.0,False,,,0,row_absent_no_mask_overlap,0.0,16122,9739,20.0,19.0,249.0
20180828.tif,20180926.tif,2359,141.0,False,,,0,row_absent_no_mask_overlap,0.0,16158,9771,16.0,15.0,181.0
20180828.tif,20180926.tif,2360,144.0,True,103.0,,0,continued_row_without_overlap,0.0,16470,9813,24.0,18.0,313.0
20180828.tif,20180926.tif,2361,157.0,True,115.0,,0,continued_row_without_overlap,0.0,15904,10047,66.0,63.0,3264.0
20180828.tif,20180926.tif,2362,164.0,True,115.0,,0,continued_row_without_overlap,0.0,15882,10109,24.0,24.0,398.0
20180828.tif,20180926.tif,2363,170.0,True,121.0,,0,continued_row_without_overlap,0.0,15871,10175,29.0,39.0,819.0
20180828.tif,20180926.tif,2364,181.0,False,,,0,row_absent_no_mask_overlap,0.0,17854,10417,14.0,12.0,116.0
20180828.tif,20180926.tif,2365,186.0,True,135.0,,0,continued_row_without_overlap,0.0,18184,10557,30.0,28.0,689.0
20180828.tif,20180926.tif,2366,190.0,False,,,0,row_absent_no_mask_overlap,0.0,15744,10665,24.0,24.0,442.0
20180828.tif,20180926.tif,2367,196.0,False,,,0,row_absent_no_mask_overlap,0.0,18350,10710,16.0,12.0,160.0
20180828.tif,20180926.tif,2368,199.0,True,143.0,,0,continued_row_without_overlap,0.0,16319,10795,41.0,40.0,1282.0
20180828.tif,20180926.tif,2369,208.0,False,,,0,row_absent_no_mask_overlap,0.0,16527,10879,15.0,14.0,156.0
20180828.tif,20180926.tif,2370,216.0,True,156.0,156,1,continued_row_with_overlap,0.0,20672,10990,138.0,163.0,16354.0
20180828.tif,20180926.tif,2371,217.0,False,,154,1,row_absent_but_mask_overlap,0.0,21100,11029,36.0,43.0,1221.0
20180828.tif,20180926.tif,2372,220.0,True,163.0,,0,continued_row_without_overlap,0.0,16288,11157,16.0,12.0,153.0
20180828.tif,20180926.tif,2373,234.0,True,173.0,,0,continued_row_without_overlap,0.0,16816,11569,26.0,24.0,460.0
20180828.tif,20180926.tif,2374,243.0,True,183.0,,0,continued_row_without_overlap,0.0,17470,11729,38.0,34.0,1053.0
20180828.tif,20180926.tif,2375,245.0,False,,,0,row_absent_no_mask_overlap,0.0,16788,11734,50.0,59.0,2170.0
20180828.tif,20180926.tif,2376,246.0,True,185.0,,0,continued_row_without_overlap,0.0,16904,11737,58.0,50.0,2244.0
20180828.tif,20180926.tif,2377,254.0,True,191.0,,0,continued_row_without_overlap,0.0,16914,12070,68.0,71.0,3676.0
20180828.tif,20180926.tif,2378,255.0,True,192.0,,0,continued_row_without_overlap,0.0,21552,12085,35.0,30.0,815.0
20180828.tif,20180926.tif,2379,257.0,True,192.0,,0,continued_row_without_overlap,0.0,21640,12105,26.0,28.0,562.0
20180828.tif,20180926.tif,2380,263.0,False,,,0,row_absent_no_mask_overlap,1.0,24870,12389,31.0,33.0,758.0
20180828.tif,20180926.tif,2381,264.0,True,197.0,,0,continued_row_without_overlap,0.0,21063,12437,35.0,31.0,773.0
20180828.tif,20180926.tif,2382,265.0,False,,,0,row_absent_no_mask_overlap,0.0,20882,12443,34.0,34.0,867.0
20180828.tif,20180926.tif,2383,268.0,True,201.0,,0,continued_row_without_overlap,0.0,21026,12605,14.0,14.0,152.0
20180828.tif,20180926.tif,2384,278.0,False,,,0,row_absent_no_mask_overlap,0.0,17342,13095,14.0,14.0,142.0
20180828.tif,20180926.tif,2385,285.0,False,,,0,row_absent_no_mask_overlap,0.0,18444,13459,178.0,179.0,24978.0
20180828.tif,20180926.tif,2386,286.0,True,224.0,,0,continued_row_without_overlap,0.0,20474,13495,31.0,29.0,692.0
20180828.tif,20180926.tif,2387,289.0,False,,,0,row_absent_no_mask_overlap,0.0,19080,13765,22.0,22.0,347.0
20180828.tif,20180926.tif,2388,293.0,True,229.0,,0,continued_row_without_overlap,0.0,16227,13920,41.0,38.0,1208.0
20180828.tif,20180926.tif,2389,294.0,False,,,0,row_absent_no_mask_overlap,0.0,12136,13987,49.0,51.0,1865.0
20180828.tif,20180926.tif,2390,296.0,False,,,0,row_absent_no_mask_overlap,0.0,16329,14019,53.0,49.0,1801.0
20180828.tif,20180926.tif,2391,299.0,True,234.0,234,1,continued_row_with_overlap,0.0,12236,14095,54.0,56.0,2300.0
20180828.tif,20180926.tif,2392,322.0,False,,,0,row_absent_no_mask_overlap,0.0,15826,14871,26.0,30.0,620.0
20180828.tif,20180926.tif,2393,323.0,False,,,0,row_absent_no_mask_overlap,0.0,15722,14977,43.0,48.0,1455.0
20180828.tif,20180926.tif,2394,330.0,False,,,0,row_absent_no_mask_overlap,0.0,17882,15168,18.0,13.0,180.0
20180828.tif,20180926.tif,2395,331.0,True,265.0,,0,continued_row_without_overlap,0.0,17960,15189,19.0,18.0,251.0
20180828.tif,20180926.tif,2396,332.0,True,266.0,264,1,continued_row_without_overlap,0.0,16293,15193,39.0,40.0,1050.0
20180828.tif,20180926.tif,2397,339.0,False,,,0,row_absent_no_mask_overlap,0.0,17004,15391,14.0,16.0,176.0
20180828.tif,20180926.tif,2398,340.0,False,,,0,row_absent_no_mask_overlap,0.0,15322,15477,64.0,60.0,3020.0
20180828.tif,20180926.tif,2399,347.0,True,280.0,,0,continued_row_without_overlap,0.0,17042,15956,32.0,45.0,1064.0
20180828.tif,20180926.tif,2400,379.0,True,306.0,,0,continued_row_without_overlap,0.0,17394,16379,48.0,44.0,1570.0
20180828.tif,20180926.tif,2401,382.0,False,,,0,row_absent_no_mask_overlap,0.0,17466,16395,28.0,34.0,716.0
20180828.tif,20180926.tif,2402,389.0,True,315.0,,0,continued_row_without_overlap,0.0,18234,16539,32.0,36.0,904.0
20180828.tif,20180926.tif,2403,392.0,True,313.0,,0,continued_row_without_overlap,0.0,18394,16607,38.0,36.0,935.0
20180828.tif,20180926.tif,2404,393.0,False,,,0,row_absent_no_mask_overlap,0.0,18386,16645,30.0,36.0,843.0
20180828.tif,20180926.tif,2405,395.0,True,319.0,,0,continued_row_without_overlap,0.0,18124,16669,41.0,43.0,1383.0
20180828.tif,20180926.tif,2406,398.0,False,,,0,row_absent_no_mask_overlap,0.0,18390,16695,70.0,68.0,3522.0
20180828.tif,20180926.tif,2407,400.0,False,,,0,row_absent_no_mask_overlap,0.0,15189,16727,45.0,50.0,1707.0
20180828.tif,20180926.tif,2408,404.0,True,325.0,325,1,continued_row_with_overlap,0.0,15074,16771,104.0,112.0,8692.0
20180828.tif,20180926.tif,2409,405.0,False,,,0,row_absent_no_mask_overlap,0.0,15356,16777,26.0,24.0,449.0
20180828.tif,20180926.tif,2410,407.0,False,,,0,row_absent_no_mask_overlap,0.0,18520,16803,50.0,56.0,2072.0
20180828.tif,20180926.tif,2411,413.0,True,336.0,,0,continued_row_without_overlap,0.0,15214,16879,48.0,44.0,1516.0
20180828.tif,20180926.tif,2412,417.0,True,339.0,,0,continued_row_without_overlap,0.0,20137,16909,33.0,32.0,771.0
20180828.tif,20180926.tif,2413,424.0,True,348.0,,0,continued_row_without_overlap,0.0,19986,17047,14.0,14.0,136.0
20180828.tif,20180926.tif,2414,426.0,False,,,0,row_absent_no_mask_overlap,0.0,17182,17069,30.0,32.0,696.0
20180828.tif,20180926.tif,2415,429.0,True,352.0,,0,continued_row_without_overlap,0.0,17730,17095,72.0,68.0,4000.0
20180828.tif,20180926.tif,2416,434.0,False,,,0,row_absent_no_mask_overlap,0.0,15120,17143,30.0,26.0,612.0
20180828.tif,20180926.tif,2417,443.0,False,,,0,row_absent_no_mask_overlap,0.0,15639,17229,46.0,56.0,2027.0
20180828.tif,20180926.tif,2418,446.0,False,,,0,row_absent_no_mask_overlap,0.0,19058,17263,34.0,38.0,963.0
20180828.tif,20180926.tif,2419,452.0,True,364.0,364,1,continued_row_with_overlap,0.0,14934,17417,72.0,88.0,4592.0
20180828.tif,20180926.tif,2420,467.0,False,,,0,row_absent_no_mask_overlap,0.0,15898,17689,168.0,184.0,24072.0
20180828.tif,20180926.tif,2421,468.0,False,,,0,row_absent_no_mask_overlap,0.0,16078,17727,68.0,64.0,3416.0
20180828.tif,20180926.tif,2422,472.0,False,,,0,row_absent_no_mask_overlap,0.0,16424,17897,14.0,16.0,196.0
20180828.tif,20180926.tif,2423,474.0,False,,379,1,row_absent_but_mask_overlap,0.0,15810,17907,140.0,134.0,13300.0
20180828.tif,20180926.tif,2424,475.0,True,377.0,377,1,continued_row_with_overlap,0.0,16052,17927,158.0,166.0,20932.0
20180828.tif,20180926.tif,2425,482.0,False,,,0,row_absent_no_mask_overlap,0.0,18502,18051,28.0,28.0,496.0
20180828.tif,20180926.tif,2426,486.0,False,,,0,row_absent_no_mask_overlap,0.0,18097,18093,37.0,38.0,965.0
20180828.tif,20180926.tif,2427,488.0,True,385.0,385,1,continued_row_with_overlap,0.0,15834,18143,144.0,134.0,14588.0
20180828.tif,20180926.tif,2428,505.0,False,,,0,row_absent_no_mask_overlap,0.0,16824,18619,44.0,43.0,1455.0
20180828.tif,20180926.tif,2429,506.0,False,,,0,row_absent_no_mask_overlap,0.0,18722,18671,38.0,42.0,1226.0
20180828.tif,20180926.tif,2430,513.0,True,414.0,414,1,continued_row_with_overlap,0.0,17690,18831,144.0,148.0,16632.0
20180828.tif,20180926.tif,2431,514.0,False,,,0,row_absent_no_mask_overlap,0.0,18752,18833,34.0,36.0,931.0
20180828.tif,20180926.tif,2432,515.0,True,418.0,,0,continued_row_without_overlap,0.0,18636,18925,30.0,34.0,776.0
20180828.tif,20180926.tif,2433,526.0,True,426.0,,0,continued_row_without_overlap,0.0,21976,19171,28.0,30.0,600.0
20180828.tif,20180926.tif,2434,527.0,True,427.0,,0,continued_row_without_overlap,0.0,19056,19181,28.0,26.0,579.0
20180828.tif,20180926.tif,2435,528.0,False,,,0,row_absent_no_mask_overlap,0.0,18437,19199,29.0,31.0,726.0
20180828.tif,20180926.tif,2436,532.0,True,430.0,,0,continued_row_without_overlap,0.0,17634,19431,112.0,114.0,10320.0
20180828.tif,20180926.tif,2437,539.0,False,,,0,row_absent_no_mask_overlap,0.0,22869,19897,33.0,27.0,695.0
20180828.tif,20180926.tif,2438,545.0,True,438.0,,0,continued_row_without_overlap,0.0,21960,20227,34.0,36.0,925.0
20180828.tif,20180926.tif,2439,546.0,True,440.0,,0,continued_row_without_overlap,0.0,21129,20291,38.0,40.0,1019.0
20180828.tif,20180926.tif,2440,551.0,True,444.0,443,1,continued_row_without_overlap,0.0,21823,20473,22.0,23.0,375.0
20180828.tif,20180926.tif,2441,561.0,False,,,0,row_absent_no_mask_overlap,1.0,22636,20718,30.0,40.0,900.0
20180828.tif,20180926.tif,2442,564.0,False,,,0,row_absent_no_mask_overlap,0.0,20416,20957,18.0,16.0,272.0
20180828.tif,20180926.tif,2443,565.0,False,,,0,row_absent_no_mask_overlap,0.0,20182,20963,14.0,12.0,128.0
20180828.tif,20180926.tif,2444,566.0,False,,,0,row_absent_no_mask_overlap,0.0,20210,21031,20.0,20.0,336.0
20180828.tif,20180926.tif,2445,567.0,False,,,0,row_absent_no_mask_overlap,0.0,19259,21147,31.0,25.0,543.0
20180926.tif,20190828.tif,1709,6.0,False,,,0,row_absent_no_mask_overlap,0.0,17066,4769,110.0,104.0,8541.0
20180926.tif,20190828.tif,1710,6.0,False,,,0,row_absent_no_mask_overlap,0.0,17066,4769,110.0,104.0,8541.0
20180926.tif,20190828.tif,1853,431.0,False,,,0,row_absent_no_mask_overlap,0.0,19046,19679,92.0,98.0,6656.0
20180926.tif,20190828.tif,1861,6.0,False,,,0,row_absent_no_mask_overlap,0.0,17066,4769,110.0,104.0,8541.0
20180926.tif,20190828.tif,1955,420.0,True,431.0,431,1,continued_row_with_overlap,0.0,21902,18993,81.0,80.0,4888.0
20180926.tif,20190828.tif,1979,239.0,False,,,0,row_absent_no_mask_overlap,0.0,19754,14276,126.0,91.0,8639.0
20180926.tif,20190828.tif,1986,286.0,False,,,0,row_absent_no_mask_overlap,0.0,17890,16137,44.0,47.0,1610.0
20180926.tif,20190828.tif,1991,342.0,True,335.0,,0,continued_row_without_overlap,0.0,20046,17013,33.0,38.0,944.0
20180926.tif,20190828.tif,1992,369.0,False,,,0,row_absent_no_mask_overlap,0.0,18092,17589,128.0,126.0,12947.0
20180926.tif,20190828.tif,1999,410.0,False,,,0,row_absent_no_mask_overlap,0.0,21898,18825,64.0,58.0,2792.0
20180926.tif,20190828.tif,2001,420.0,True,431.0,431,1,continued_row_with_overlap,0.0,21902,18993,81.0,80.0,4888.0
20180926.tif,20190828.tif,2008,429.0,False,,,0,row_absent_no_mask_overlap,0.0,19054,19483,76.0,68.0,4007.0
20180926.tif,20190828.tif,2010,429.0,False,,,0,row_absent_no_mask_overlap,0.0,19054,19483,76.0,68.0,4007.0
20180926.tif,20190828.tif,2012,1.0,True,4.0,4,1,continued_row_with_overlap,0.0,15034,4113,56.0,58.0,2532.0
20180926.tif,20190828.tif,2013,2.0,False,,,0,row_absent_no_mask_overlap,0.0,14038,4127,64.0,62.0,2847.0
20180926.tif,20190828.tif,2014,5.0,True,5.0,,0,continued_row_without_overlap,0.0,17018,4597,60.0,58.0,2680.0
20180926.tif,20190828.tif,2015,21.0,False,,,0,row_absent_no_mask_overlap,0.0,16789,6871,29.0,32.0,668.0
20180926.tif,20190828.tif,2019,25.0,False,,,0,row_absent_no_mask_overlap,0.0,15891,7349,39.0,37.0,1129.0
20180926.tif,20190828.tif,2020,26.0,False,,,0,row_absent_no_mask_overlap,0.0,15913,7399,46.0,56.0,1852.0
20180926.tif,20190828.tif,2021,27.0,False,,,0,row_absent_no_mask_overlap,0.0,15981,7429,42.0,42.0,1261.0
20180926.tif,20190828.tif,2023,29.0,False,,,0,row_absent_no_mask_overlap,0.0,13526,7567,40.0,36.0,1057.0
20180926.tif,20190828.tif,2026,33.0,False,,,0,row_absent_no_mask_overlap,0.0,16648,7773,42.0,42.0,1403.0
20180926.tif,20190828.tif,2027,37.0,False,,,0,row_absent_no_mask_overlap,0.0,13566,7901,44.0,45.0,1565.0
20180926.tif,20190828.tif,2028,34.0,False,,,0,row_absent_no_mask_overlap,0.0,16802,7827,76.0,78.0,4492.0
20180926.tif,20190828.tif,2029,37.0,False,,,0,row_absent_no_mask_overlap,0.0,13566,7901,44.0,45.0,1565.0
20180926.tif,20190828.tif,2030,36.0,True,20.0,20,1,continued_row_with_overlap,0.0,13754,7895,40.0,42.0,1356.0
20180926.tif,20190828.tif,2032,38.0,True,21.0,21,1,continued_row_with_overlap,0.0,16090,7959,34.0,38.0,935.0
20180926.tif,20190828.tif,2033,39.0,False,,,0,row_absent_no_mask_overlap,0.0,13604,7989,47.0,38.0,1336.0
20180926.tif,20190828.tif,2036,41.0,False,,,0,row_absent_no_mask_overlap,0.0,16302,8123,40.0,36.0,1067.0
20180926.tif,20190828.tif,2038,47.0,False,,,0,row_absent_no_mask_overlap,0.0,20574,8370,192.0,187.0,28182.0
20180926.tif,20190828.tif,2039,48.0,False,,,0,row_absent_no_mask_overlap,0.0,15158,8447,64.0,67.0,3007.0
20180926.tif,20190828.tif,2042,51.0,False,,,0,row_absent_no_mask_overlap,0.0,17020,8577,30.0,30.0,672.0
20180926.tif,20190828.tif,2043,50.0,False,,,0,row_absent_no_mask_overlap,0.0,16329,8575,45.0,48.0,1643.0
20180926.tif,20190828.tif,2044,54.0,False,,,0,row_absent_no_mask_overlap,0.0,20144,8654,208.0,209.0,31840.0
20180926.tif,20190828.tif,2045,55.0,False,,,0,row_absent_no_mask_overlap,0.0,19176,8667,56.0,49.0,2266.0
20180926.tif,20190828.tif,2046,56.0,False,,,0,row_absent_no_mask_overlap,0.0,17013,8691,45.0,44.0,1424.0
20180926.tif,20190828.tif,2049,61.0,False,,,0,row_absent_no_mask_overlap,0.0,19024,8793,58.0,57.0,2548.0
20180926.tif,20190828.tif,2052,70.0,False,,,0,row_absent_no_mask_overlap,0.0,16434,8965,34.0,32.0,836.0
20180926.tif,20190828.tif,2053,71.0,False,,,0,row_absent_no_mask_overlap,0.0,20748,8971,52.0,49.0,1955.0
20180926.tif,20190828.tif,2056,74.0,False,,,0,row_absent_no_mask_overlap,0.0,18774,9043,38.0,40.0,1206.0
20180926.tif,20190828.tif,2061,80.0,False,,,0,row_absent_no_mask_overlap,0.0,18572,9207,55.0,56.0,2377.0
20180926.tif,20190828.tif,2064,81.0,False,,,0,row_absent_no_mask_overlap,0.0,20247,9275,31.0,37.0,869.0
20180926.tif,20190828.tif,2069,90.0,True,73.0,,0,continued_row_without_overlap,0.0,20906,9566,44.0,47.0,1668.0
20180926.tif,20190828.tif,2071,93.0,False,,,0,row_absent_no_mask_overlap,0.0,20532,9615,28.0,26.0,545.0
20180926.tif,20190828.tif,2072,94.0,False,,,0,row_absent_no_mask_overlap,0.0,20656,9663,22.0,24.0,436.0
20180926.tif,20190828.tif,2073,95.0,False,,,0,row_absent_no_mask_overlap,0.0,20228,9670,154.0,153.0,16462.0
20180926.tif,20190828.tif,2074,97.0,True,80.0,80,1,continued_row_with_overlap,0.0,19422,9675,112.0,112.0,9292.0
20180926.tif,20190828.tif,2075,100.0,False,,,0,row_absent_no_mask_overlap,0.0,20546,9737,220.0,212.0,33866.0
20180926.tif,20190828.tif,2077,101.0,False,,,0,row_absent_no_mask_overlap,0.0,22026,9751,44.0,39.0,1291.0
20180926.tif,20190828.tif,2079,102.0,True,84.0,84,1,continued_row_with_overlap,0.0,21576,9799,146.0,132.0,15539.0
20180926.tif,20190828.tif,2080,104.0,False,,86;97,2,row_absent_but_mask_overlap,0.0,20112,9854,178.0,175.0,23207.0
20180926.tif,20190828.tif,2082,106.0,True,89.0,89,1,continued_row_with_overlap,0.0,18089,9901,42.0,33.0,1096.0
20180926.tif,20190828.tif,2083,107.0,False,,,0,row_absent_no_mask_overlap,0.0,19242,9929,208.0,189.0,29380.0
20180926.tif,20190828.tif,2084,109.0,False,,,0,row_absent_no_mask_overlap,0.0,20726,9994,112.0,127.0,11882.0
20180926.tif,20190828.tif,2085,112.0,False,,,0,row_absent_no_mask_overlap,0.0,18970,10022,244.0,229.0,39496.0
20180926.tif,20190828.tif,2089,117.0,False,,,0,row_absent_no_mask_overlap,0.0,18810,10123,224.0,218.0,35132.0
20180926.tif,20190828.tif,2090,118.0,False,,,0,row_absent_no_mask_overlap,0.0,20282,10174,176.0,203.0,26552.0
20180926.tif,20190828.tif,2091,120.0,True,103.0,103,1,continued_row_with_overlap,0.0,15562,10187,46.0,45.0,1632.0
20180926.tif,20190828.tif,2092,122.0,False,,,0,row_absent_no_mask_overlap,0.0,17671,10205,27.0,28.0,582.0
20180926.tif,20190828.tif,2093,121.0,False,,,0,row_absent_no_mask_overlap,0.0,15870,10205,43.0,40.0,1352.0
20180926.tif,20190828.tif,2094,123.0,False,,,0,row_absent_no_mask_overlap,0.0,17713,10247,45.0,45.0,1553.0
20180926.tif,20190828.tif,2095,124.0,True,106.0,106,1,continued_row_with_overlap,0.0,15798,10285,56.0,60.0,2480.0
20180926.tif,20190828.tif,2096,125.0,False,,,0,row_absent_no_mask_overlap,0.0,20878,10323,232.0,236.0,41890.0
20180926.tif,20190828.tif,2097,126.0,True,109.0,109,1,continued_row_with_overlap,0.0,19658,10332,180.0,179.0,24055.0
20180926.tif,20190828.tif,2098,129.0,False,,,0,row_absent_no_mask_overlap,0.0,19498,10461,46.0,60.0,2178.0
20180926.tif,20190828.tif,2099,130.0,True,116.0,116,1,continued_row_with_overlap,0.0,15826,10475,60.0,66.0,3154.0
20180926.tif,20190828.tif,2101,133.0,False,,,0,row_absent_no_mask_overlap,0.0,20845,10563,133.0,142.0,13325.0
20180926.tif,20190828.tif,2102,134.0,False,,,0,row_absent_no_mask_overlap,0.0,20590,10566,188.0,227.0,30734.0
20180926.tif,20190828.tif,2103,135.0,False,,,0,row_absent_no_mask_overlap,0.0,18244,10582,30.0,27.0,666.0
20180926.tif,20190828.tif,2105,138.0,False,,,0,row_absent_no_mask_overlap,0.0,21694,10711,228.0,218.0,37656.0
20180926.tif,20190828.tif,2106,139.0,False,,,0,row_absent_no_mask_overlap,0.0,19858,10715,52.0,56.0,2202.0
20180926.tif,20190828.tif,2107,140.0,False,,,0,row_absent_no_mask_overlap,0.0,20802,10729,45.0,41.0,1347.0
20180926.tif,20190828.tif,2108,142.0,False,,,0,row_absent_no_mask_overlap,0.0,15230,10811,60.0,58.0,2554.0
20180926.tif,20190828.tif,2109,144.0,False,,,0,row_absent_no_mask_overlap,0.0,15309,10835,67.0,64.0,3222.0
20180926.tif,20190828.tif,2110,145.0,False,,,0,row_absent_no_mask_overlap,0.0,20966,10849,52.0,54.0,2077.0
20180926.tif,20190828.tif,2111,148.0,False,,,0,row_absent_no_mask_overlap,0.0,17865,10889,49.0,52.0,1973.0
20180926.tif,20190828.tif,2113,151.0,False,,,0,row_absent_no_mask_overlap,0.0,19814,10908,80.0,81.0,4932.0
20180926.tif,20190828.tif,2116,152.0,False,,,0,row_absent_no_mask_overlap,0.0,17965,10965,37.0,36.0,986.0
20180926.tif,20190828.tif,2118,162.0,False,,,0,row_absent_no_mask_overlap,0.0,19810,11202,154.0,144.0,15280.0
20180926.tif,20190828.tif,2119,163.0,False,,,0,row_absent_no_mask_overlap,0.0,16359,11239,66.0,66.0,3305.0
20180926.tif,20190828.tif,2121,167.0,False,,,0,row_absent_no_mask_overlap,0.0,19610,11383,224.0,214.0,34964.0
20180926.tif,20190828.tif,2122,168.0,True,162.0,162,1,continued_row_with_overlap,0.0,21894,11385,76.0,81.0,4699.0
20180926.tif,20190828.tif,2123,170.0,False,,,0,row_absent_no_mask_overlap,0.0,21278,11481,142.0,162.0,15838.0
20180926.tif,20190828.tif,2124,171.0,True,170.0,,0,continued_row_without_overlap,0.0,20082,11517,46.0,46.0,1675.0
20180926.tif,20190828.tif,2125,172.0,False,,,0,row_absent_no_mask_overlap,0.0,18102,11527,200.0,199.0,29441.0
20180926.tif,20190828.tif,2127,176.0,False,,,0,row_absent_no_mask_overlap,0.0,20086,11610,220.0,223.0,37092.0
20180926.tif,20190828.tif,2128,177.0,False,,,0,row_absent_no_mask_overlap,0.0,21430,11614,40.0,39.0,1202.0
20180926.tif,20190828.tif,2129,175.0,False,,,0,row_absent_no_mask_overlap,0.0,16948,11609,72.0,72.0,3888.0
20180926.tif,20190828.tif,2131,178.0,True,173.0,173,1,continued_row_with_overlap,0.0,21156,11661,50.0,56.0,2126.0
20180926.tif,20190828.tif,2132,179.0,False,,,0,row_absent_no_mask_overlap,0.0,20786,11688,60.0,55.0,2661.0
20180926.tif,20190828.tif,2133,181.0,False,,,0,row_absent_no_mask_overlap,0.0,20806,11739,120.0,127.0,11240.0
20180926.tif,20190828.tif,2134,182.0,True,174.0,174,1,continued_row_with_overlap,0.0,21630,11745,58.0,64.0,2890.0
20180926.tif,20190828.tif,2135,186.0,False,,,0,row_absent_no_mask_overlap,0.0,21140,11768,33.0,40.0,1046.0
20180926.tif,20190828.tif,2136,187.0,False,,,0,row_absent_no_mask_overlap,0.0,21146,11829,48.0,46.0,1709.0
20180926.tif,20190828.tif,2137,188.0,False,,,0,row_absent_no_mask_overlap,0.0,20788,11875,28.0,37.0,843.0
20180926.tif,20190828.tif,2139,190.0,False,,,0,row_absent_no_mask_overlap,0.0,19626,11991,56.0,62.0,2477.0
20180926.tif,20190828.tif,2140,193.0,True,191.0,191,1,continued_row_with_overlap,0.0,20746,12231,60.0,68.0,3132.0
20180926.tif,20190828.tif,2141,195.0,False,,,0,row_absent_no_mask_overlap,0.0,21678,12261,26.0,24.0,486.0
20180926.tif,20190828.tif,2142,194.0,False,,,0,row_absent_no_mask_overlap,0.0,11595,12245,21.0,20.0,329.0
20180926.tif,20190828.tif,2143,196.0,False,,,0,row_absent_no_mask_overlap,0.0,21671,12311,29.0,28.0,625.0
20180926.tif,20190828.tif,2145,198.0,True,201.0,201,1,continued_row_with_overlap,0.0,20652,12501,124.0,134.0,13369.0
20180926.tif,20190828.tif,2146,199.0,True,202.0,,0,continued_row_without_overlap,0.0,21823,12511,27.0,26.0,519.0
20180926.tif,20190828.tif,2147,203.0,False,,,0,row_absent_no_mask_overlap,0.0,19491,12691,51.0,50.0,2022.0
20180926.tif,20190828.tif,2149,204.0,False,,,0,row_absent_no_mask_overlap,0.0,14260,12725,42.0,40.0,1151.0
20180926.tif,20190828.tif,2151,208.0,False,,,0,row_absent_no_mask_overlap,0.0,19304,12823,188.0,190.0,26636.0
20180926.tif,20190828.tif,2155,211.0,True,212.0,,0,continued_row_without_overlap,0.0,21818,13089,42.0,35.0,1066.0
20180926.tif,20190828.tif,2156,212.0,True,217.0,217,1,continued_row_with_overlap,0.0,20574,13125,132.0,146.0,15013.0
20180926.tif,20190828.tif,2157,214.0,True,214.0,214,1,continued_row_with_overlap,0.0,18740,13141,54.0,50.0,2110.0
20180926.tif,20190828.tif,2158,217.0,False,,,0,row_absent_no_mask_overlap,0.0,20122,13206,200.0,188.0,30149.0
20180926.tif,20190828.tif,2160,219.0,True,223.0,,0,continued_row_without_overlap,0.0,23978,13333,35.0,34.0,868.0
20180926.tif,20190828.tif,2161,220.0,True,222.0,222,1,continued_row_with_overlap,0.0,18916,13341,198.0,200.0,30748.0
20180926.tif,20190828.tif,2163,226.0,False,,238;240,2,row_absent_but_mask_overlap,0.0,19845,13809,165.0,173.0,21821.0
20180926.tif,20190828.tif,2164,228.0,False,,,0,row_absent_no_mask_overlap,0.0,18455,13895,46.0,51.0,1772.0
20180926.tif,20190828.tif,2165,230.0,False,,,0,row_absent_no_mask_overlap,0.0,16892,13949,53.0,50.0,1954.0
20180926.tif,20190828.tif,2167,232.0,False,,,0,row_absent_no_mask_overlap,0.0,16986,14061,38.0,32.0,894.0
20180926.tif,20190828.tif,2168,236.0,False,,,0,row_absent_no_mask_overlap,0.0,18822,14143,56.0,54.0,2276.0
20180926.tif,20190828.tif,2169,237.0,False,,,0,row_absent_no_mask_overlap,0.0,18721,14178,55.0,66.0,2513.0
20180926.tif,20190828.tif,2170,238.0,False,,,0,row_absent_no_mask_overlap,0.0,18739,14257,59.0,57.0,2412.0
20180926.tif,20190828.tif,2172,240.0,False,,,0,row_absent_no_mask_overlap,0.0,19918,14293,84.0,68.0,4395.0
20180926.tif,20190828.tif,2173,241.0,True,257.0,257,1,continued_row_with_overlap,0.0,18978,14335,61.0,58.0,2766.0
20180926.tif,20190828.tif,2174,242.0,False,,,0,row_absent_no_mask_overlap,0.0,19640,14377,66.0,64.0,3596.0
20180926.tif,20190828.tif,2175,244.0,False,,,0,row_absent_no_mask_overlap,0.0,18266,14427,116.0,119.0,10779.0
20180926.tif,20190828.tif,2176,243.0,False,,,0,row_absent_no_mask_overlap,0.0,18050,14426,125.0,131.0,12773.0
20180926.tif,20190828.tif,2177,245.0,True,265.0,,0,continued_row_without_overlap,0.0,19778,14453,48.0,46.0,1803.0
20180926.tif,20190828.tif,2178,248.0,False,,,0,row_absent_no_mask_overlap,0.0,17624,14565,58.0,60.0,2650.0
20180926.tif,20190828.tif,2179,253.0,False,,,0,row_absent_no_mask_overlap,0.0,19802,14729,95.0,100.0,7824.0
20180926.tif,20190828.tif,2182,262.0,False,,,0,row_absent_no_mask_overlap,0.0,18225,15099,37.0,40.0,1110.0
20180926.tif,20190828.tif,2183,263.0,False,,,0,row_absent_no_mask_overlap,0.0,18193,15151,41.0,44.0,1412.0
20180926.tif,20190828.tif,2184,264.0,False,,,0,row_absent_no_mask_overlap,0.0,16308,15177,38.0,38.0,1151.0
20180926.tif,20190828.tif,2185,267.0,False,,,0,row_absent_no_mask_overlap,0.0,18048,15247,32.0,32.0,794.0
20180926.tif,20190828.tif,2186,268.0,False,,,0,row_absent_no_mask_overlap,0.0,15126,15315,62.0,62.0,2946.0
20180926.tif,20190828.tif,2187,271.0,False,,,0,row_absent_no_mask_overlap,0.0,15046,15387,39.0,42.0,1233.0
20180926.tif,20190828.tif,2189,271.0,False,,,0,row_absent_no_mask_overlap,0.0,15046,15387,39.0,42.0,1233.0
20180926.tif,20190828.tif,2190,273.0,False,,,0,row_absent_no_mask_overlap,0.0,19205,15397,37.0,34.0,964.0
20180926.tif,20190828.tif,2193,275.0,False,,,0,row_absent_no_mask_overlap,0.0,15695,15549,47.0,49.0,1879.0
20180926.tif,20190828.tif,2195,278.0,False,,,0,row_absent_no_mask_overlap,0.0,17392,15809,40.0,47.0,1459.0
20180926.tif,20190828.tif,2196,279.0,False,,,0,row_absent_no_mask_overlap,0.0,17659,15883,33.0,35.0,929.0
20180926.tif,20190828.tif,2197,281.0,False,,,0,row_absent_no_mask_overlap,0.0,14614,16055,182.0,168.0,23035.0
20180926.tif,20190828.tif,2198,284.0,False,,,0,row_absent_no_mask_overlap,0.0,17634,16097,55.0,56.0,2296.0
20180926.tif,20190828.tif,2200,285.0,False,,,0,row_absent_no_mask_overlap,0.0,14290,16098,148.0,144.0,17098.0
20180926.tif,20190828.tif,2203,287.0,False,,,0,row_absent_no_mask_overlap,0.0,18110,16217,46.0,42.0,1463.0
20180926.tif,20190828.tif,2205,288.0,False,,,0,row_absent_no_mask_overlap,0.0,17366,16250,49.0,44.0,1632.0
20180926.tif,20190828.tif,2206,290.0,True,301.0,,0,continued_row_without_overlap,0.0,18700,16257,42.0,37.0,1202.0
20180926.tif,20190828.tif,2207,289.0,False,,,0,row_absent_no_mask_overlap,0.0,17731,16257,78.0,79.0,4369.0
20180926.tif,20190828.tif,2208,292.0,False,,,0,row_absent_no_mask_overlap,0.0,17423,16317,65.0,66.0,3375.0
20180926.tif,20190828.tif,2209,293.0,False,,,0,row_absent_no_mask_overlap,0.0,18996,16343,18.0,21.0,262.0
20180926.tif,20190828.tif,2211,294.0,False,,,0,row_absent_no_mask_overlap,0.0,19015,16365,57.0,50.0,2163.0
20180926.tif,20190828.tif,2212,296.0,False,,,0,row_absent_no_mask_overlap,0.0,16154,16371,76.0,84.0,4828.0
20180926.tif,20190828.tif,2213,298.0,False,,,0,row_absent_no_mask_overlap,0.0,19282,16383,20.0,20.0,312.0
20180926.tif,20190828.tif,2214,300.0,False,,,0,row_absent_no_mask_overlap,0.0,19332,16385,42.0,38.0,1252.0
20180926.tif,20190828.tif,2215,299.0,False,,,0,row_absent_no_mask_overlap,0.0,19149,16385,47.0,54.0,2057.0
20180926.tif,20190828.tif,2216,301.0,False,,,0,row_absent_no_mask_overlap,0.0,18750,16401,58.0,58.0,2620.0
20180926.tif,20190828.tif,2217,303.0,True,305.0,305,1,continued_row_with_overlap,0.0,18486,16409,60.0,64.0,3095.0
20180926.tif,20190828.tif,2218,302.0,False,,,0,row_absent_no_mask_overlap,0.0,14494,16407,76.0,74.0,4267.0
20180926.tif,20190828.tif,2219,305.0,False,,,0,row_absent_no_mask_overlap,0.0,19467,16419,31.0,38.0,902.0
20180926.tif,20190828.tif,2221,300.0,False,,,0,row_absent_no_mask_overlap,0.0,19332,16385,42.0,38.0,1252.0
20180926.tif,20190828.tif,2222,308.0,False,,,0,row_absent_no_mask_overlap,0.0,18887,16433,27.0,31.0,656.0
20180926.tif,20190828.tif,2223,310.0,False,,,0,row_absent_no_mask_overlap,0.0,19506,16461,44.0,44.0,1483.0
20180926.tif,20190828.tif,2224,311.0,False,,,0,row_absent_no_mask_overlap,0.0,19086,16477,40.0,40.0,1277.0
20180926.tif,20190828.tif,2225,312.0,False,,,0,row_absent_no_mask_overlap,0.0,18928,16495,44.0,45.0,1511.0
20180926.tif,20190828.tif,2226,313.0,False,,,0,row_absent_no_mask_overlap,0.0,18464,16561,28.0,26.0,512.0
20180926.tif,20190828.tif,2228,314.0,False,,,0,row_absent_no_mask_overlap,0.0,18874,16583,68.0,64.0,3392.0
20180926.tif,20190828.tif,2229,317.0,False,,,0,row_absent_no_mask_overlap,0.0,16658,16643,142.0,148.0,16832.0
20180926.tif,20190828.tif,2231,320.0,False,,,0,row_absent_no_mask_overlap,0.0,19480,16733,48.0,50.0,1857.0
20180926.tif,20190828.tif,2232,321.0,False,,,0,row_absent_no_mask_overlap,0.0,18376,16739,30.0,24.0,562.0
20180926.tif,20190828.tif,2233,322.0,False,,,0,row_absent_no_mask_overlap,0.0,18648,16765,42.0,41.0,1274.0
20180926.tif,20190828.tif,2234,327.0,False,,,0,row_absent_no_mask_overlap,0.0,19418,16817,40.0,38.0,1170.0
20180926.tif,20190828.tif,2235,326.0,False,,,0,row_absent_no_mask_overlap,0.0,18680,16817,40.0,39.0,1207.0
20180926.tif,20190828.tif,2236,328.0,False,,,0,row_absent_no_mask_overlap,0.0,20044,16835,22.0,21.0,358.0
20180926.tif,20190828.tif,2237,329.0,False,,,0,row_absent_no_mask_overlap,0.0,19066,16859,38.0,38.0,1125.0
20180926.tif,20190828.tif,2238,330.0,False,,,0,row_absent_no_mask_overlap,0.0,18692,16876,34.0,34.0,867.0
20180926.tif,20190828.tif,2240,331.0,False,,,0,row_absent_no_mask_overlap,0.0,16182,16895,72.0,68.0,3769.0
20180926.tif,20190828.tif,2241,333.0,False,,,0,row_absent_no_mask_overlap,0.0,19953,16905,39.0,36.0,988.0
20180926.tif,20190828.tif,2242,335.0,False,,,0,row_absent_no_mask_overlap,0.0,15920,16908,84.0,91.0,5812.0
20180926.tif,20190828.tif,2243,338.0,False,,,0,row_absent_no_mask_overlap,0.0,18858,16927,52.0,62.0,2563.0
20180926.tif,20190828.tif,2244,337.0,False,,,0,row_absent_no_mask_overlap,0.0,16867,16927,55.0,56.0,2249.0
20180926.tif,20190828.tif,2247,343.0,False,,,0,row_absent_no_mask_overlap,0.0,18642,17031,132.0,132.0,13115.0
20180926.tif,20190828.tif,2248,344.0,False,,,0,row_absent_no_mask_overlap,0.0,15882,17047,238.0,210.0,38844.0
20180926.tif,20190828.tif,2249,345.0,False,,,0,row_absent_no_mask_overlap,0.0,19968,17059,48.0,52.0,1897.0
20180926.tif,20190828.tif,2250,347.0,False,,,0,row_absent_no_mask_overlap,0.0,17838,17087,26.0,32.0,638.0
20180926.tif,20190828.tif,2252,350.0,True,338.0,,0,continued_row_without_overlap,0.0,19956,17125,46.0,50.0,1652.0
20180926.tif,20190828.tif,2253,351.0,False,,,0,row_absent_no_mask_overlap,0.0,18106,17129,52.0,62.0,2618.0
20180926.tif,20190828.tif,2254,353.0,False,,,0,row_absent_no_mask_overlap,0.0,18849,17149,71.0,76.0,4120.0
20180926.tif,20190828.tif,2256,354.0,False,,,0,row_absent_no_mask_overlap,0.0,19172,17231,72.0,72.0,3723.0
20180926.tif,20190828.tif,2257,355.0,False,,,0,row_absent_no_mask_overlap,0.0,19494,17257,40.0,42.0,1251.0
20180926.tif,20190828.tif,2259,359.0,False,,,0,row_absent_no_mask_overlap,0.0,16338,17289,86.0,82.0,5595.0
20180926.tif,20190828.tif,2260,361.0,False,,,0,row_absent_no_mask_overlap,0.0,17148,17387,43.0,44.0,1311.0
20180926.tif,20190828.tif,2262,362.0,False,,,0,row_absent_no_mask_overlap,0.0,16956,17417,50.0,50.0,1942.0
20180926.tif,20190828.tif,2263,365.0,False,,,0,row_absent_no_mask_overlap,0.0,19430,17459,43.0,39.0,1259.0
20180926.tif,20190828.tif,2266,366.0,False,,,0,row_absent_no_mask_overlap,0.0,16415,17543,67.0,72.0,3657.0
20180926.tif,20190828.tif,2269,368.0,False,,,0,row_absent_no_mask_overlap,0.0,16622,17587,48.0,52.0,1881.0
20180926.tif,20190828.tif,2272,371.0,False,,,0,row_absent_no_mask_overlap,0.0,17618,17625,28.0,26.0,539.0
20180926.tif,20190828.tif,2273,372.0,False,,,0,row_absent_no_mask_overlap,0.0,18006,17679,70.0,72.0,3992.0
20180926.tif,20190828.tif,2274,373.0,False,,,0,row_absent_no_mask_overlap,0.0,18254,17717,36.0,42.0,1297.0
20180926.tif,20190828.tif,2275,375.0,False,,,0,row_absent_no_mask_overlap,0.0,18182,17731,60.0,64.0,3100.0
20180926.tif,20190828.tif,2276,374.0,False,,,0,row_absent_no_mask_overlap,0.0,16206,17727,76.0,82.0,4948.0
20180926.tif,20190828.tif,2277,376.0,False,,,0,row_absent_no_mask_overlap,0.0,17700,17897,49.0,52.0,1950.0
20180926.tif,20190828.tif,2279,380.0,False,,,0,row_absent_no_mask_overlap,0.0,18394,18003,41.0,44.0,1430.0
20180926.tif,20190828.tif,2280,382.0,True,383.0,,0,continued_row_without_overlap,0.0,17505,18109,53.0,50.0,2066.0
20180926.tif,20190828.tif,2281,383.0,False,,,0,row_absent_no_mask_overlap,0.0,18417,18115,59.0,60.0,2545.0
20180926.tif,20190828.tif,2284,386.0,True,392.0,,0,continued_row_without_overlap,0.0,18148,18235,53.0,60.0,2317.0
20180926.tif,20190828.tif,2285,387.0,False,,,0,row_absent_no_mask_overlap,0.0,17038,18279,48.0,48.0,1640.0
20180926.tif,20190828.tif,2286,389.0,False,,,0,row_absent_no_mask_overlap,0.0,17742,18315,68.0,80.0,4386.0
20180926.tif,20190828.tif,2287,390.0,True,394.0,,0,continued_row_without_overlap,0.0,18254,18329,44.0,38.0,1290.0
20180926.tif,20190828.tif,2288,392.0,False,,,0,row_absent_no_mask_overlap,0.0,17206,18343,74.0,70.0,3559.0
20180926.tif,20190828.tif,2289,393.0,False,,,0,row_absent_no_mask_overlap,0.0,19229,18349,51.0,56.0,2139.0
20180926.tif,20190828.tif,2290,395.0,False,,,0,row_absent_no_mask_overlap,0.0,16762,18441,68.0,66.0,3500.0
20180926.tif,20190828.tif,2291,396.0,True,403.0,,0,continued_row_without_overlap,0.0,18521,18458,49.0,56.0,2079.0
20180926.tif,20190828.tif,2293,398.0,True,407.0,413,1,continued_row_without_overlap,0.0,19422,18557,38.0,32.0,983.0
20180926.tif,20190828.tif,2295,401.0,False,,,0,row_absent_no_mask_overlap,0.0,17448,18603,45.0,49.0,1758.0
20180926.tif,20190828.tif,2296,403.0,False,,,0,row_absent_no_mask_overlap,0.0,17532,18641,66.0,66.0,3423.0
20180926.tif,20190828.tif,2298,404.0,False,,,0,row_absent_no_mask_overlap,0.0,18129,18745,57.0,58.0,2487.0
20180926.tif,20190828.tif,2299,406.0,False,,,0,row_absent_no_mask_overlap,0.0,18640,18777,50.0,54.0,2157.0
20180926.tif,20190828.tif,2302,412.0,True,422.0,422,1,continued_row_with_overlap,0.0,21692,18841,80.0,86.0,5141.0
20180926.tif,20190828.tif,2303,419.0,False,,,0,row_absent_no_mask_overlap,0.0,18284,18991,44.0,48.0,1537.0
20180926.tif,20190828.tif,2304,421.0,True,432.0,,0,continued_row_without_overlap,0.0,21736,19019,48.0,44.0,1571.0
20180926.tif,20190828.tif,2305,422.0,False,,,0,row_absent_no_mask_overlap,0.0,21822,19115,67.0,60.0,3031.0
20180926.tif,20190828.tif,2306,423.0,False,,,0,row_absent_no_mask_overlap,0.0,19172,19159,54.0,50.0,2048.0
20180926.tif,20190828.tif,2307,424.0,True,441.0,,0,continued_row_without_overlap,0.0,19266,19165,18.0,12.0,172.0
20180926.tif,20190828.tif,2308,425.0,False,,,0,row_absent_no_mask_overlap,0.0,21738,19169,60.0,62.0,2871.0
20180926.tif,20190828.tif,2310,432.0,False,,,0,row_absent_no_mask_overlap,0.0,17770,19739,66.0,72.0,3716.0
20180926.tif,20190828.tif,2311,433.0,False,,,0,row_absent_no_mask_overlap,0.0,18862,19759,102.0,112.0,8260.0
20180926.tif,20190828.tif,2313,435.0,False,,,0,row_absent_no_mask_overlap,0.0,21374,20163,34.0,36.0,957.0
20180926.tif,20190828.tif,2314,436.0,False,,,0,row_absent_no_mask_overlap,0.0,21278,20198,57.0,63.0,2856.0
20180926.tif,20190828.tif,2315,437.0,False,,,0,row_absent_no_mask_overlap,0.0,21258,20275,48.0,52.0,1800.0
20180926.tif,20190828.tif,2317,442.0,False,,,0,row_absent_no_mask_overlap,0.0,21728,20441,42.0,34.0,1051.0
20180926.tif,20190828.tif,2318,443.0,False,,,0,row_absent_no_mask_overlap,0.0,21826,20471,54.0,56.0,2467.0
20180926.tif,20190828.tif,2329,22.0,False,,,0,row_absent_no_mask_overlap,0.0,16048,7041,36.0,33.0,878.0
20180926.tif,20190828.tif,2330,24.0,False,,,0,row_absent_no_mask_overlap,0.0,15954,7219,58.0,49.0,2152.0
20180926.tif,20190828.tif,2332,28.0,False,,,0,row_absent_no_mask_overlap,0.0,17526,7505,128.0,140.0,13444.0
20180926.tif,20190828.tif,2335,32.0,False,,,0,row_absent_no_mask_overlap,0.0,16752,7725,30.0,27.0,618.0
20180926.tif,20190828.tif,2337,42.0,False,,,0,row_absent_no_mask_overlap,0.0,14135,8161,27.0,26.0,554.0
20180926.tif,20190828.tif,2343,58.0,False,,,0,row_absent_no_mask_overlap,0.0,16842,8745,40.0,40.0,1193.0
20180926.tif,20190828.tif,2344,59.0,False,,,0,row_absent_no_mask_overlap,0.0,16184,8749,54.0,65.0,2507.0
20180926.tif,20190828.tif,2345,63.0,False,,,0,row_absent_no_mask_overlap,0.0,20950,8830,186.0,187.0,25912.0
20180926.tif,20190828.tif,2346,64.0,False,,,0,row_absent_no_mask_overlap,0.0,14914,8837,34.0,31.0,787.0
20180926.tif,20190828.tif,2348,69.0,True,51.0,,0,continued_row_without_overlap,0.0,20848,8953,16.0,12.0,148.0
20180926.tif,20190828.tif,2349,72.0,False,,,0,row_absent_no_mask_overlap,0.0,20825,9007,40.0,34.0,964.0
20180926.tif,20190828.tif,2350,73.0,True,54.0,,0,continued_row_without_overlap,0.0,14948,9027,22.0,19.0,318.0
20180926.tif,20190828.tif,2351,75.0,True,55.0,,0,continued_row_without_overlap,0.0,14998,9047,22.0,18.0,268.0
20180926.tif,20190828.tif,2353,82.0,True,69.0,,0,continued_row_without_overlap,0.0,21123,9469,47.0,43.0,1506.0
20180926.tif,20190828.tif,2354,84.0,False,,,0,row_absent_no_mask_overlap,0.0,20769,9477,37.0,39.0,1145.0
20180926.tif,20190828.tif,2355,85.0,False,,,0,row_absent_no_mask_overlap,0.0,20712,9485,42.0,42.0,1283.0
20180926.tif,20190828.tif,2356,92.0,True,73.0,,0,continued_row_without_overlap,0.0,20842,9579,22.0,17.0,283.0
20180926.tif,20190828.tif,2360,103.0,False,,,0,row_absent_no_mask_overlap,0.0,16530,9831,18.0,16.0,231.0
20180926.tif,20190828.tif,2361,115.0,False,,,0,row_absent_no_mask_overlap,0.0,15962,10062,74.0,64.0,3690.0
20180926.tif,20190828.tif,2362,115.0,False,,,0,row_absent_no_mask_overlap,0.0,15962,10062,74.0,64.0,3690.0
20180926.tif,20190828.tif,2363,121.0,False,,,0,row_absent_no_mask_overlap,0.0,15870,10205,43.0,40.0,1352.0
20180926.tif,20190828.tif,2365,135.0,False,,,0,row_absent_no_mask_overlap,0.0,18244,10582,30.0,27.0,666.0
20180926.tif,20190828.tif,2368,143.0,True,139.0,139,1,continued_row_with_overlap,0.0,16374,10815,42.0,41.0,1301.0
20180926.tif,20190828.tif,2370,156.0,False,,,0,row_absent_no_mask_overlap,0.0,20742,11022,132.0,169.0,16245.0
20180926.tif,20190828.tif,2372,163.0,False,,,0,row_absent_no_mask_overlap,0.0,16359,11239,66.0,66.0,3305.0
20180926.tif,20190828.tif,2373,173.0,False,,,0,row_absent_no_mask_overlap,0.0,16872,11595,24.0,22.0,440.0
20180926.tif,20190828.tif,2374,183.0,False,,,0,row_absent_no_mask_overlap,0.0,17526,11757,38.0,33.0,937.0
20180926.tif,20190828.tif,2376,185.0,False,,,0,row_absent_no_mask_overlap,0.0,16958,11763,56.0,47.0,2026.0
20180926.tif,20190828.tif,2377,191.0,False,,,0,row_absent_no_mask_overlap,0.0,16962,12094,74.0,71.0,3880.0
20180926.tif,20190828.tif,2378,192.0,False,,,0,row_absent_no_mask_overlap,0.0,21620,12125,36.0,33.0,911.0
20180926.tif,20190828.tif,2379,192.0,False,,,0,row_absent_no_mask_overlap,0.0,21620,12125,36.0,33.0,911.0
20180926.tif,20190828.tif,2381,197.0,True,200.0,,0,continued_row_without_overlap,0.0,21128,12474,34.0,39.0,1004.0
20180926.tif,20190828.tif,2383,201.0,False,,,0,row_absent_no_mask_overlap,0.0,21089,12645,19.0,16.0,218.0
20180926.tif,20190828.tif,2386,224.0,True,230.0,,0,continued_row_without_overlap,0.0,20538,13537,30.0,29.0,677.0
20180926.tif,20190828.tif,2388,229.0,False,,,0,row_absent_no_mask_overlap,0.0,16272,13949,38.0,38.0,1103.0
20180926.tif,20190828.tif,2391,234.0,False,,,0,row_absent_no_mask_overlap,0.0,12258,14103,66.0,65.0,3150.0
20180926.tif,20190828.tif,2395,265.0,False,,,0,row_absent_no_mask_overlap,0.0,18010,15229,18.0,19.0,254.0
20180926.tif,20190828.tif,2396,266.0,False,,,0,row_absent_no_mask_overlap,0.0,16330,15231,46.0,38.0,1286.0
20180926.tif,20190828.tif,2399,280.0,False,,,0,row_absent_no_mask_overlap,0.0,17089,16001,32.0,30.0,661.0
20180926.tif,20190828.tif,2400,306.0,False,,,0,row_absent_no_mask_overlap,0.0,17439,16423,39.0,40.0,1159.0
20180926.tif,20190828.tif,2402,315.0,False,,,0,row_absent_no_mask_overlap,0.0,18278,16585,36.0,38.0,1024.0
20180926.tif,20190828.tif,2403,313.0,False,,,0,row_absent_no_mask_overlap,0.0,18464,16561,28.0,26.0,512.0
20180926.tif,20190828.tif,2405,319.0,False,,,0,row_absent_no_mask_overlap,0.0,18172,16721,40.0,38.0,1139.0
20180926.tif,20190828.tif,2408,325.0,False,,,0,row_absent_no_mask_overlap,0.0,15114,16815,100.0,82.0,6444.0
20180926.tif,20190828.tif,2411,336.0,False,,,0,row_absent_no_mask_overlap,0.0,15246,16915,56.0,46.0,1836.0
20180926.tif,20190828.tif,2412,339.0,True,330.0,,0,continued_row_without_overlap,0.0,20192,16961,38.0,35.0,979.0
20180926.tif,20190828.tif,2413,348.0,False,,,0,row_absent_no_mask_overlap,0.0,20040,17099,22.0,19.0,321.0
20180926.tif,20190828.tif,2415,352.0,False,,,0,row_absent_no_mask_overlap,0.0,17770,17147,76.0,56.0,3136.0
20180926.tif,20190828.tif,2419,364.0,False,,,0,row_absent_no_mask_overlap,0.0,14960,17459,78.0,88.0,5404.0
20180926.tif,20190828.tif,2424,377.0,False,,,0,row_absent_no_mask_overlap,0.0,16086,17971,162.0,174.0,22156.0
20180926.tif,20190828.tif,2427,385.0,False,,,0,row_absent_no_mask_overlap,0.0,15864,18187,146.0,140.0,15600.0
20180926.tif,20190828.tif,2430,414.0,False,,,0,row_absent_no_mask_overlap,0.0,17730,18887,148.0,152.0,17112.0
20180926.tif,20190828.tif,2432,418.0,False,,,0,row_absent_no_mask_overlap,0.0,18683,18985,29.0,32.0,677.0
20180926.tif,20190828.tif,2433,426.0,False,,,0,row_absent_no_mask_overlap,0.0,22038,19237,36.0,49.0,1366.0
20180926.tif,20190828.tif,2434,427.0,False,,,0,row_absent_no_mask_overlap,0.0,19107,19243,27.0,28.0,600.0
20180926.tif,20190828.tif,2436,430.0,False,,,0,row_absent_no_mask_overlap,0.0,17678,19497,104.0,110.0,8516.0
20180926.tif,20190828.tif,2438,438.0,False,,,0,row_absent_no_mask_overlap,0.0,22023,20299,41.0,44.0,1358.0
20180926.tif,20190828.tif,2439,440.0,False,,,0,row_absent_no_mask_overlap,0.0,21184,20365,42.0,42.0,1230.0
20180926.tif,20190828.tif,2440,444.0,False,,,0,row_absent_no_mask_overlap,0.0,21888,20551,24.0,24.0,431.0
20180926.tif,20190828.tif,2446,8.0,False,,,0,row_absent_no_mask_overlap,0.0,11263,5479,11.0,14.0,112.0
20180926.tif,20190828.tif,2447,10.0,False,,,0,row_absent_no_mask_overlap,0.0,11130,5491,28.0,27.0,544.0
20180926.tif,20190828.tif,2448,11.0,False,,,0,row_absent_no_mask_overlap,0.0,11996,5513,20.0,19.0,251.0
20180926.tif,20190828.tif,2449,12.0,False,,,0,row_absent_no_mask_overlap,0.0,12217,5533,56.0,48.0,2054.0
20180926.tif,20190828.tif,2450,13.0,False,,,0,row_absent_no_mask_overlap,0.0,11219,5561,27.0,24.0,452.0
20180926.tif,20190828.tif,2451,14.0,False,,,0,row_absent_no_mask_overlap,0.0,11064,5583,16.0,20.0,242.0
20180926.tif,20190828.tif,2452,16.0,False,,,0,row_absent_no_mask_overlap,0.0,11132,5601,22.0,29.0,472.0
20180926.tif,20190828.tif,2453,17.0,False,,,0,row_absent_no_mask_overlap,0.0,11064,5635,22.0,19.0,295.0
20180926.tif,20190828.tif,2454,18.0,False,,,0,row_absent_no_mask_overlap,0.0,11142,5657,35.0,34.0,843.0
20180926.tif,20190828.tif,2455,23.0,False,,,0,row_absent_no_mask_overlap,0.0,16019,7189,21.0,26.0,412.0
20180926.tif,20190828.tif,2456,49.0,True,35.0,,0,continued_row_without_overlap,0.0,14998,8449,34.0,37.0,925.0
20180926.tif,20190828.tif,2457,62.0,False,,,0,row_absent_no_mask_overlap,0.0,15078,8821,38.0,40.0,1054.0
20180926.tif,20190828.tif,2458,67.0,False,,,0,row_absent_no_mask_overlap,0.0,14888,8943,16.0,20.0,249.0
20180926.tif,20190828.tif,2459,68.0,False,,,0,row_absent_no_mask_overlap,0.0,16206,8953,32.0,34.0,854.0
20180926.tif,20190828.tif,2460,76.0,True,57.0,,0,continued_row_without_overlap,0.0,16162,9130,40.0,40.0,1318.0
20180926.tif,20190828.tif,2461,87.0,False,,,0,row_absent_no_mask_overlap,0.0,20776,9544,35.0,33.0,857.0
20180926.tif,20190828.tif,2462,91.0,False,,,0,row_absent_no_mask_overlap,0.0,18930,9570,204.0,217.0,34260.0
20180926.tif,20190828.tif,2463,113.0,False,,,0,row_absent_no_mask_overlap,0.0,10210,10027,16.0,20.0,248.0
20180926.tif,20190828.tif,2464,116.0,False,,,0,row_absent_no_mask_overlap,0.0,22250,10119,180.0,195.0,27809.0
20180926.tif,20190828.tif,2465,131.0,False,,,0,row_absent_no_mask_overlap,0.0,18524,10493,32.0,40.0,942.0
20180926.tif,20190828.tif,2466,147.0,False,,,0,row_absent_no_mask_overlap,0.0,16820,10861,16.0,12.0,128.0
20180926.tif,20190828.tif,2467,150.0,False,,,0,row_absent_no_mask_overlap,0.0,16773,10901,39.0,42.0,1230.0
20180926.tif,20190828.tif,2468,169.0,False,,,0,row_absent_no_mask_overlap,0.0,16898,11461,62.0,64.0,2972.0
20180926.tif,20190828.tif,2469,200.0,False,,,0,row_absent_no_mask_overlap,0.0,21422,12615,16.0,12.0,140.0
20180926.tif,20190828.tif,2470,202.0,True,204.0,,0,continued_row_without_overlap,0.0,21226,12661,26.0,28.0,549.0
20180926.tif,20190828.tif,2471,206.0,False,,,0,row_absent_no_mask_overlap,0.0,18486,12814,20.0,21.0,286.0
20180926.tif,20190828.tif,2472,209.0,False,,,0,row_absent_no_mask_overlap,0.0,21171,13007,34.0,32.0,741.0
20180926.tif,20190828.tif,2473,210.0,True,211.0,,0,continued_row_without_overlap,0.0,21528,13027,16.0,14.0,184.0
20180926.tif,20190828.tif,2474,218.0,True,219.0,,0,continued_row_without_overlap,0.0,24072,13255,34.0,27.0,641.0
20180926.tif,20190828.tif,2475,221.0,False,,,0,row_absent_no_mask_overlap,0.0,11378,13355,16.0,12.0,139.0
20180926.tif,20190828.tif,2476,223.0,True,231.0,,0,continued_row_without_overlap,0.0,16614,13537,18.0,18.0,219.0
20180926.tif,20190828.tif,2477,246.0,False,,,0,row_absent_no_mask_overlap,0.0,18442,14478,20.0,24.0,368.0
20180926.tif,20190828.tif,2478,252.0,False,,,0,row_absent_no_mask_overlap,0.0,19467,14699,41.0,38.0,1246.0
20180926.tif,20190828.tif,2479,254.0,False,,,0,row_absent_no_mask_overlap,0.0,15601,14731,39.0,36.0,1060.0
20180926.tif,20190828.tif,2480,255.0,False,,,0,row_absent_no_mask_overlap,0.0,12383,14869,17.0,17.0,197.0
20180926.tif,20190828.tif,2481,256.0,False,,,0,row_absent_no_mask_overlap,0.0,20516,14906,38.0,36.0,1026.0
20180926.tif,20190828.tif,2482,274.0,False,,,0,row_absent_no_mask_overlap,0.0,12831,15441,21.0,20.0,292.0
20180926.tif,20190828.tif,2483,282.0,False,,,0,row_absent_no_mask_overlap,0.0,18478,16063,34.0,43.0,1120.0
20180926.tif,20190828.tif,2484,291.0,False,,,0,row_absent_no_mask_overlap,0.0,20434,16261,16.0,18.0,218.0
20180926.tif,20190828.tif,2485,295.0,False,,,0,row_absent_no_mask_overlap,0.0,18794,16369,22.0,18.0,285.0
20180926.tif,20190828.tif,2486,334.0,False,,,0,row_absent_no_mask_overlap,0.0,11192,16907,14.0,20.0,215.0
20180926.tif,20190828.tif,2487,367.0,False,,,0,row_absent_no_mask_overlap,0.0,17553,17553,39.0,49.0,1384.0
20180926.tif,20190828.tif,2488,379.0,False,,,0,row_absent_no_mask_overlap,0.0,15844,17993,68.0,56.0,2820.0
20180926.tif,20190828.tif,2489,381.0,False,,,0,row_absent_no_mask_overlap,0.0,19562,18091,72.0,60.0,3248.0
20180926.tif,20190828.tif,2490,384.0,False,,,0,row_absent_no_mask_overlap,0.0,18222,18125,100.0,90.0,6583.0
20180926.tif,20190828.tif,2491,388.0,False,,,0,row_absent_no_mask_overlap,0.0,15590,18315,17.0,16.0,221.0
20180926.tif,20190828.tif,2492,391.0,True,395.0,,0,continued_row_without_overlap,0.0,16794,18339,24.0,26.0,452.0
20180926.tif,20190828.tif,2493,402.0,True,412.0,,0,continued_row_without_overlap,0.0,21414,18631,36.0,32.0,897.0
20180926.tif,20190828.tif,2494,413.0,False,,,0,row_absent_no_mask_overlap,0.0,18670,18861,74.0,61.0,3405.0
20180926.tif,20190828.tif,2495,417.0,True,431.0,431,1,continued_row_with_overlap,0.0,21921,18925,24.0,25.0,419.0
20180926.tif,20190828.tif,2496,428.0,True,452.0,,0,continued_row_without_overlap,0.0,22034,19407,22.0,27.0,493.0
20180926.tif,20190828.tif,2497,441.0,True,468.0,,0,continued_row_without_overlap,0.0,22236,20420,19.0,19.0,252.0
20180926.tif,20190828.tif,2498,448.0,False,,,0,row_absent_no_mask_overlap,0.0,21077,20677,14.0,14.0,123.0
20180926.tif,20190828.tif,2499,449.0,True,479.0,,0,continued_row_without_overlap,0.0,20472,21037,16.0,12.0,124.0
20190828.tif,20190923.tif,1955,431.0,True,460.0,460,1,continued_row_with_overlap,0.0,21870,18929,98.0,104.0,7897.0
20190828.tif,20190923.tif,1991,335.0,False,,,0,row_absent_no_mask_overlap,0.0,20066,16975,43.0,46.0,1574.0
20190828.tif,20190923.tif,2001,431.0,True,460.0,460,1,continued_row_with_overlap,0.0,21870,18929,98.0,104.0,7897.0
20190828.tif,20190923.tif,2012,4.0,True,1.0,1,1,continued_row_with_overlap,0.0,14996,4073,88.0,88.0,5992.0
20190828.tif,20190923.tif,2014,5.0,True,3.0,3,1,continued_row_with_overlap,0.0,16988,4543,74.0,78.0,4330.0
20190828.tif,20190923.tif,2030,20.0,True,65.0,65,1,continued_row_with_overlap,0.0,13718,7850,72.0,81.0,4252.0
20190828.tif,20190923.tif,2032,21.0,True,66.0,66,1,continued_row_with_overlap,0.0,16056,7911,66.0,68.0,3346.0
20190828.tif,20190923.tif,2069,73.0,True,134.0,134,1,continued_row_with_overlap,0.0,20886,9507,56.0,60.0,2862.0
20190828.tif,20190923.tif,2074,80.0,True,139.0,139,1,continued_row_with_overlap,0.0,19390,9618,152.0,143.0,16982.0
20190828.tif,20190923.tif,2079,84.0,True,142.0,142,1,continued_row_with_overlap,0.0,21550,9727,162.0,151.0,18810.0
20190828.tif,20190923.tif,2082,89.0,True,146.0,146,1,continued_row_with_overlap,0.0,18051,9835,91.0,82.0,5590.0
20190828.tif,20190923.tif,2091,103.0,True,161.0,161,1,continued_row_with_overlap,0.0,15554,10138,68.0,77.0,3724.0
20190828.tif,20190923.tif,2095,106.0,True,163.0,163,1,continued_row_with_overlap,0.0,15760,10225,110.0,112.0,9068.0
20190828.tif,20190923.tif,2097,109.0,False,,166;172;175,3,row_absent_but_mask_overlap,0.0,19618,10263,226.0,224.0,38152.0
20190828.tif,20190923.tif,2099,116.0,True,174.0,174,1,continued_row_with_overlap,0.0,15782,10410,124.0,123.0,11466.0
20190828.tif,20190923.tif,2122,162.0,True,218.0,218,1,continued_row_with_overlap,0.0,21850,11309,124.0,130.0,12679.0
20190828.tif,20190923.tif,2124,170.0,False,,226,1,row_absent_but_mask_overlap,0.0,20050,11446,88.0,85.0,5870.0
20190828.tif,20190923.tif,2131,173.0,True,232.0,232,1,continued_row_with_overlap,0.0,21124,11593,78.0,94.0,5745.0
20190828.tif,20190923.tif,2134,174.0,True,233.0,233,1,continued_row_with_overlap,0.0,21594,11670,100.0,107.0,8260.0
20190828.tif,20190923.tif,2140,191.0,True,251.0,251,1,continued_row_with_overlap,0.0,20706,12149,116.0,129.0,12003.0
20190828.tif,20190923.tif,2145,201.0,True,263.0,263,1,continued_row_with_overlap,0.0,20622,12434,150.0,163.0,19648.0
20190828.tif,20190923.tif,2146,202.0,True,264.0,264,1,continued_row_with_overlap,0.0,21796,12443,52.0,55.0,2280.0
20190828.tif,20190923.tif,2155,212.0,True,279.0,279,1,continued_row_with_overlap,0.0,21788,13013,76.0,76.0,4284.0
20190828.tif,20190923.tif,2156,217.0,True,284.0,284,1,continued_row_with_overlap,0.0,20564,13078,148.0,160.0,17976.0
20190828.tif,20190923.tif,2157,214.0,True,280.0,280,1,continued_row_with_overlap,0.0,18710,13071,98.0,95.0,7241.0
20190828.tif,20190923.tif,2160,223.0,True,290.0,290,1,continued_row_with_overlap,0.0,23918,13267,44.0,52.0,1798.0
20190828.tif,20190923.tif,2161,222.0,True,288.0,288,1,continued_row_with_overlap,0.0,18874,13262,256.0,255.0,46800.0
20190828.tif,20190923.tif,2173,257.0,False,,,0,row_absent_no_mask_overlap,0.0,18944,14267,98.0,96.0,7290.0
20190828.tif,20190923.tif,2177,265.0,True,330.0,330,1,continued_row_with_overlap,0.0,19748,14390,84.0,73.0,4816.0
20190828.tif,20190923.tif,2206,301.0,True,365.0,365,1,continued_row_with_overlap,0.0,18686,16205,46.0,46.0,1648.0
20190828.tif,20190923.tif,2217,305.0,True,370.0,370,1,continued_row_with_overlap,0.0,18450,16335,115.0,108.0,9767.0
20190828.tif,20190923.tif,2252,338.0,True,399.0,,0,continued_row_without_overlap,0.0,19881,17073,39.0,40.0,1198.0
20190828.tif,20190923.tif,2280,383.0,True,439.0,439,1,continued_row_with_overlap,0.0,17466,18035,102.0,92.0,7093.0
20190828.tif,20190923.tif,2284,392.0,False,,,0,row_absent_no_mask_overlap,0.0,18110,18163,92.0,88.0,5744.0
20190828.tif,20190923.tif,2287,394.0,True,443.0,443,1,continued_row_with_overlap,0.0,18222,18253,86.0,82.0,5220.0
20190828.tif,20190923.tif,2291,403.0,True,448.0,448,1,continued_row_with_overlap,0.0,18490,18395,76.0,84.0,4576.0
20190828.tif,20190923.tif,2293,407.0,False,,450,1,row_absent_but_mask_overlap,0.0,19378,18475,84.0,88.0,5716.0
20190828.tif,20190923.tif,2302,422.0,True,458.0,458,1,continued_row_with_overlap,0.0,21650,18767,116.0,124.0,11414.0
20190828.tif,20190923.tif,2304,432.0,True,461.0,461,1,continued_row_with_overlap,0.0,21694,18943,82.0,82.0,5243.0
20190828.tif,20190923.tif,2307,441.0,False,,,0,row_absent_no_mask_overlap,0.0,19236,19091,50.0,47.0,1642.0
20190828.tif,20190923.tif,2348,51.0,True,99.0,,0,continued_row_without_overlap,0.0,20828,8899,25.0,22.0,433.0
20190828.tif,20190923.tif,2350,54.0,True,102.0,102,1,continued_row_with_overlap,0.0,14932,8993,28.0,24.0,490.0
20190828.tif,20190923.tif,2351,55.0,True,105.0,105,1,continued_row_with_overlap,0.0,14982,9017,24.0,16.0,296.0
20190828.tif,20190923.tif,2353,69.0,True,131.0,,0,continued_row_without_overlap,0.0,21042,9458,32.0,37.0,990.0
20190828.tif,20190923.tif,2356,73.0,True,134.0,134,1,continued_row_with_overlap,0.0,20886,9507,56.0,60.0,2862.0
20190828.tif,20190923.tif,2368,139.0,True,195.0,195,1,continued_row_with_overlap,0.0,16336,10749,90.0,91.0,6230.0
20190828.tif,20190923.tif,2381,200.0,True,262.0,262,1,continued_row_with_overlap,0.0,21102,12402,62.0,79.0,3680.0
20190828.tif,20190923.tif,2386,230.0,False,,298,1,row_absent_but_mask_overlap,0.0,20502,13467,67.0,63.0,3104.0
20190828.tif,20190923.tif,2412,330.0,False,,,0,row_absent_no_mask_overlap,0.0,20160,16891,54.0,64.0,2623.0
20190828.tif,20190923.tif,2456,35.0,False,,,0,row_absent_no_mask_overlap,0.0,14982,8414,44.0,37.0,1314.0
20190828.tif,20190923.tif,2460,57.0,True,111.0,111,1,continued_row_with_overlap,0.0,16146,9086,52.0,52.0,2009.0
20190828.tif,20190923.tif,2470,204.0,True,267.0,267,1,continued_row_with_overlap,0.0,21198,12591,54.0,62.0,2481.0
20190828.tif,20190923.tif,2473,211.0,True,278.0,278,1,continued_row_with_overlap,0.0,21494,12941,60.0,64.0,3018.0
20190828.tif,20190923.tif,2474,219.0,False,,286,1,row_absent_but_mask_overlap,0.0,23998,13193,60.0,50.0,2192.0
20190828.tif,20190923.tif,2476,231.0,False,,,0,row_absent_no_mask_overlap,0.0,16599,13491,27.0,27.0,520.0
20190828.tif,20190923.tif,2492,395.0,False,,,0,row_absent_no_mask_overlap,0.0,16782,18279,40.0,48.0,1528.0
20190828.tif,20190923.tif,2493,412.0,True,451.0,451,1,continued_row_with_overlap,0.0,21374,18551,76.0,80.0,4729.0
20190828.tif,20190923.tif,2495,431.0,True,460.0,460,1,continued_row_with_overlap,0.0,21870,18929,98.0,104.0,7897.0
20190828.tif,20190923.tif,2496,452.0,True,471.0,471,1,continued_row_with_overlap,0.0,21991,19325,63.0,70.0,3464.0
20190828.tif,20190923.tif,2497,468.0,False,,,0,row_absent_no_mask_overlap,0.0,22154,20399,40.0,40.0,1256.0
20190828.tif,20190923.tif,2499,479.0,True,499.0,499,1,continued_row_with_overlap,0.0,20412,20939,91.0,78.0,5290.0
20190828.tif,20190923.tif,2500,6.0,False,,,0,row_absent_no_mask_overlap,0.0,16286,4563,16.0,24.0,290.0
20190828.tif,20190923.tif,2501,7.0,False,,,0,row_absent_no_mask_overlap,0.0,17057,4681,21.0,25.0,353.0
20190828.tif,20190923.tif,2502,8.0,False,,,0,row_absent_no_mask_overlap,0.0,17756,5065,14.0,16.0,151.0
20190828.tif,20190923.tif,2503,11.0,False,,,0,row_absent_no_mask_overlap,0.0,16026,5273,68.0,73.0,3424.0
20190828.tif,20190923.tif,2504,16.0,False,,,0,row_absent_no_mask_overlap,0.0,19164,7145,30.0,26.0,509.0
20190828.tif,20190923.tif,2505,18.0,False,,,0,row_absent_no_mask_overlap,0.0,13514,7545,16.0,16.0,176.0
20190828.tif,20190923.tif,2506,22.0,False,,,0,row_absent_no_mask_overlap,0.0,16948,7931,40.0,40.0,1165.0
20190828.tif,20190923.tif,2507,23.0,False,,,0,row_absent_no_mask_overlap,0.0,16328,7943,26.0,26.0,476.0
20190828.tif,20190923.tif,2508,30.0,True,74.0,74,1,continued_row_with_overlap,0.0,16252,8335,38.0,45.0,1396.0
20190828.tif,20190923.tif,2509,31.0,False,,76,1,row_absent_but_mask_overlap,0.0,21794,8362,204.0,239.0,37198.0
20190828.tif,20190923.tif,2510,32.0,False,,,0,row_absent_no_mask_overlap,0.0,22086,8367,106.0,79.0,6444.0
20190828.tif,20190923.tif,2511,33.0,True,74.0,,0,continued_row_without_overlap,0.0,16280,8407,62.0,56.0,2438.0
20190828.tif,20190923.tif,2512,34.0,True,80.0,,0,continued_row_without_overlap,0.0,15090,8411,20.0,16.0,210.0
20190828.tif,20190923.tif,2513,36.0,True,83.0,83,1,continued_row_with_overlap,0.0,15938,8571,24.0,19.0,372.0
20190828.tif,20190923.tif,2514,39.0,True,87.0,,0,continued_row_without_overlap,0.0,24172,8649,29.0,28.0,589.0
20190828.tif,20190923.tif,2515,44.0,True,88.0,,0,continued_row_without_overlap,0.0,14973,8777,22.0,30.0,471.0
20190828.tif,20190923.tif,2516,45.0,True,92.0,92,1,continued_row_with_overlap,0.0,17176,8791,46.0,54.0,1952.0
20190828.tif,20190923.tif,2517,46.0,True,94.0,94,1,continued_row_with_overlap,0.0,19076,8829,54.0,56.0,2260.0
20190828.tif,20190923.tif,2518,47.0,True,95.0,,0,continued_row_without_overlap,0.0,17080,8859,21.0,15.0,266.0
20190828.tif,20190923.tif,2519,49.0,True,96.0,96,1,continued_row_with_overlap,0.0,19199,8875,35.0,35.0,961.0
20190828.tif,20190923.tif,2520,50.0,True,97.0,97,1,continued_row_with_overlap,0.0,20474,8879,59.0,54.0,2461.0
20190828.tif,20190923.tif,2521,52.0,True,101.0,101,1,continued_row_with_overlap,0.0,23196,8965,76.0,77.0,4281.0
20190828.tif,20190923.tif,2522,53.0,True,104.0,104,1,continued_row_with_overlap,0.0,22938,8981,68.0,68.0,3754.0
20190828.tif,20190923.tif,2523,56.0,False,,,0,row_absent_no_mask_overlap,0.0,19953,9085,24.0,23.0,395.0
20190828.tif,20190923.tif,2524,58.0,True,112.0,,0,continued_row_without_overlap,0.0,20066,9097,26.0,22.0,412.0
20190828.tif,20190923.tif,2525,59.0,True,113.0,113,1,continued_row_with_overlap,0.0,22276,9130,214.0,223.0,36454.0
20190828.tif,20190923.tif,2526,61.0,False,,115,1,row_absent_but_mask_overlap,0.0,22722,9194,68.0,73.0,3675.0
20190828.tif,20190923.tif,2527,62.0,True,118.0,118,1,continued_row_with_overlap,0.0,23090,9239,72.0,80.0,4359.0
20190828.tif,20190923.tif,2528,63.0,False,,,0,row_absent_no_mask_overlap,0.0,21116,9326,34.0,31.0,735.0
20190828.tif,20190923.tif,2529,64.0,True,123.0,,0,continued_row_without_overlap,0.0,20192,9387,14.0,12.0,112.0
20190828.tif,20190923.tif,2530,71.0,True,132.0,132,1,continued_row_with_overlap,0.0,19762,9502,52.0,57.0,2360.0
20190828.tif,20190923.tif,2531,72.0,True,133.0,133,1,continued_row_with_overlap,0.0,22358,9502,178.0,184.0,23878.0
20190828.tif,20190923.tif,2532,76.0,True,135.0,135,1,continued_row_with_overlap,0.0,15658,9529,26.0,18.0,364.0
20190828.tif,20190923.tif,2533,81.0,False,,,0,row_absent_no_mask_overlap,0.0,19732,9630,234.0,247.0,41458.0
20190828.tif,20190923.tif,2534,83.0,False,,,0,row_absent_no_mask_overlap,0.0,21230,9711,18.0,18.0,260.0
20190828.tif,20190923.tif,2535,85.0,True,143.0,143,1,continued_row_with_overlap,0.0,18160,9767,60.0,67.0,3259.0
20190828.tif,20190923.tif,2536,87.0,True,147.0,,0,continued_row_without_overlap,0.0,16276,9819,16.0,16.0,213.0
20190828.tif,20190923.tif,2537,88.0,False,,,0,row_absent_no_mask_overlap,0.0,16374,9835,26.0,34.0,653.0
20190828.tif,20190923.tif,2538,90.0,True,147.0,,0,continued_row_without_overlap,0.0,16340,9859,24.0,20.0,350.0
20190828.tif,20190923.tif,2539,91.0,True,148.0,,0,continued_row_without_overlap,0.0,16462,9891,20.0,20.0,310.0
20190828.tif,20190923.tif,2540,92.0,True,149.0,,0,continued_row_without_overlap,0.0,16042,9895,16.0,14.0,170.0
20190828.tif,20190923.tif,2541,96.0,True,155.0,,0,continued_row_without_overlap,0.0,16508,9991,23.0,21.0,336.0
20190828.tif,20190923.tif,2542,97.0,False,,144,1,row_absent_but_mask_overlap,0.0,20208,10007,46.0,51.0,1933.0
20190828.tif,20190923.tif,2543,98.0,True,159.0,159,1,continued_row_with_overlap,0.0,22501,10043,89.0,78.0,5217.0
20190828.tif,20190923.tif,2544,99.0,True,158.0,,0,continued_row_without_overlap,0.0,16448,10055,18.0,16.0,201.0
20190828.tif,20190923.tif,2545,102.0,False,,,0,row_absent_no_mask_overlap,0.0,20841,10127,21.0,24.0,400.0
20190828.tif,20190923.tif,2546,104.0,True,162.0,162,1,continued_row_with_overlap,0.0,20020,10169,43.0,49.0,1573.0
20190828.tif,20190923.tif,2547,105.0,False,,,0,row_absent_no_mask_overlap,0.0,20940,10173,30.0,34.0,733.0
20190828.tif,20190923.tif,2548,107.0,True,165.0,165,1,continued_row_with_overlap,0.0,19962,10247,49.0,50.0,1804.0
20190828.tif,20190923.tif,2549,108.0,True,164.0,,0,continued_row_without_overlap,0.0,16590,10251,18.0,12.0,178.0
20190828.tif,20190923.tif,2550,112.0,True,167.0,,0,continued_row_without_overlap,0.0,16776,10321,19.0,16.0,234.0
20190828.tif,20190923.tif,2551,113.0,True,168.0,168,1,continued_row_with_overlap,0.0,15980,10327,40.0,43.0,1251.0
20190828.tif,20190923.tif,2552,114.0,True,171.0,171,1,continued_row_with_overlap,0.0,21248,10369,45.0,44.0,1394.0
20190828.tif,20190923.tif,2553,115.0,True,173.0,173,1,continued_row_with_overlap,0.0,17883,10383,45.0,48.0,1519.0
20190828.tif,20190923.tif,2554,117.0,False,,,0,row_absent_no_mask_overlap,0.0,16180,10421,15.0,14.0,178.0
20190828.tif,20190923.tif,2555,118.0,True,176.0,,0,continued_row_without_overlap,0.0,20628,10425,18.0,17.0,221.0
20190828.tif,20190923.tif,2556,120.0,True,180.0,180,1,continued_row_with_overlap,0.0,21404,10457,54.0,62.0,2754.0
20190828.tif,20190923.tif,2557,125.0,False,,,0,row_absent_no_mask_overlap,0.0,21223,10517,17.0,26.0,343.0
20190828.tif,20190923.tif,2558,126.0,True,183.0,183,1,continued_row_with_overlap,0.0,19053,10541,65.0,60.0,2864.0
20190828.tif,20190923.tif,2559,127.0,True,185.0,185,1,continued_row_with_overlap,0.0,21446,10567,48.0,55.0,1968.0
20190828.tif,20190923.tif,2560,129.0,False,,,0,row_absent_no_mask_overlap,0.0,16290,10593,22.0,22.0,354.0
20190828.tif,20190923.tif,2561,130.0,True,186.0,,0,continued_row_without_overlap,0.0,16794,10595,19.0,14.0,218.0
20190828.tif,20190923.tif,2562,131.0,False,,,0,row_absent_no_mask_overlap,0.0,21826,10601,23.0,22.0,403.0
20190828.tif,20190923.tif,2563,132.0,False,,189,1,row_absent_but_mask_overlap,0.0,16224,10607,56.0,54.0,2171.0
20190828.tif,20190923.tif,2564,133.0,True,186.0,,0,continued_row_without_overlap,0.0,16720,10607,22.0,18.0,287.0
20190828.tif,20190923.tif,2565,134.0,False,,,0,row_absent_no_mask_overlap,0.0,16854,10655,20.0,18.0,262.0
20190828.tif,20190923.tif,2566,143.0,True,200.0,,0,continued_row_without_overlap,0.0,17304,10825,20.0,18.0,255.0
20190828.tif,20190923.tif,2567,145.0,True,203.0,203,1,continued_row_with_overlap,0.0,21433,10991,46.0,45.0,1641.0
20190828.tif,20190923.tif,2568,149.0,True,207.0,207,1,continued_row_with_overlap,0.0,20235,11109,32.0,40.0,1000.0
20190828.tif,20190923.tif,2569,150.0,True,208.0,208,1,continued_row_with_overlap,0.0,20149,11127,63.0,64.0,3272.0
20190828.tif,20190923.tif,2570,152.0,True,211.0,,0,continued_row_without_overlap,0.0,16992,11187,26.0,22.0,388.0
20190828.tif,20190923.tif,2571,153.0,True,213.0,213,1,continued_row_with_overlap,0.0,20226,11188,48.0,50.0,1805.0
20190828.tif,20190923.tif,2572,156.0,False,,,0,row_absent_no_mask_overlap,0.0,20909,11225,16.0,17.0,203.0
20190828.tif,20190923.tif,2573,157.0,True,215.0,,0,continued_row_without_overlap,0.0,16830,11241,18.0,16.0,219.0
20190828.tif,20190923.tif,2574,160.0,True,215.0,,0,continued_row_without_overlap,0.0,16812,11277,18.0,12.0,188.0
20190828.tif,20190923.tif,2575,163.0,False,,,0,row_absent_no_mask_overlap,0.0,15702,11311,24.0,24.0,372.0
20190828.tif,20190923.tif,2576,164.0,True,220.0,220,1,continued_row_with_overlap,0.0,21656,11319,60.0,68.0,3176.0
20190828.tif,20190923.tif,2577,165.0,True,223.0,,0,continued_row_without_overlap,0.0,20577,11351,32.0,30.0,658.0
20190828.tif,20190923.tif,2578,171.0,True,230.0,230,1,continued_row_with_overlap,0.0,20832,11535,46.0,55.0,1796.0
20190828.tif,20190923.tif,2579,175.0,False,,,0,row_absent_no_mask_overlap,0.0,16908,11691,14.0,14.0,124.0
20190828.tif,20190923.tif,2580,179.0,True,237.0,,0,continued_row_without_overlap,0.0,22660,11779,22.0,21.0,292.0
20190828.tif,20190923.tif,2581,184.0,True,240.0,240,1,continued_row_with_overlap,0.0,22818,11863,44.0,46.0,1673.0
20190828.tif,20190923.tif,2582,185.0,True,241.0,,0,continued_row_without_overlap,0.0,22890,11873,14.0,14.0,137.0
20190828.tif,20190923.tif,2583,186.0,False,,,0,row_absent_no_mask_overlap,0.0,21970,11895,30.0,28.0,636.0
20190828.tif,20190923.tif,2584,188.0,False,,,0,row_absent_no_mask_overlap,0.0,18302,11966,32.0,24.0,682.0
20190828.tif,20190923.tif,2585,189.0,True,247.0,247,1,continued_row_with_overlap,0.0,19742,12051,52.0,51.0,1822.0
20190828.tif,20190923.tif,2586,192.0,True,252.0,252,1,continued_row_with_overlap,0.0,22610,12151,40.0,46.0,1459.0
20190828.tif,20190923.tif,2587,193.0,False,,,0,row_absent_no_mask_overlap,0.0,17090,12181,20.0,17.0,275.0
20190828.tif,20190923.tif,2588,195.0,True,256.0,,0,continued_row_without_overlap,0.0,21126,12187,36.0,33.0,855.0
20190828.tif,20190923.tif,2589,197.0,True,260.0,260,1,continued_row_with_overlap,0.0,22586,12298,44.0,39.0,1330.0
20190828.tif,20190923.tif,2590,198.0,False,,,0,row_absent_no_mask_overlap,0.0,22666,12366,24.0,21.0,378.0
20190828.tif,20190923.tif,2591,199.0,False,,,0,row_absent_no_mask_overlap,0.0,22358,12369,22.0,22.0,342.0
20190828.tif,20190923.tif,2592,203.0,False,,266,1,row_absent_but_mask_overlap,0.0,21725,12575,63.0,65.0,2986.0
20190828.tif,20190923.tif,2593,205.0,True,270.0,,0,continued_row_without_overlap,0.0,21710,12649,20.0,20.0,331.0
20190828.tif,20190923.tif,2594,206.0,False,,,0,row_absent_no_mask_overlap,0.0,21658,12791,21.0,20.0,288.0
20190828.tif,20190923.tif,2595,208.0,True,275.0,275,1,continued_row_with_overlap,0.0,21704,12881,122.0,132.0,11659.0
20190828.tif,20190923.tif,2596,209.0,True,277.0,277,1,continued_row_with_overlap,0.0,22582,12893,40.0,45.0,1354.0
20190828.tif,20190923.tif,2597,215.0,True,281.0,281,1,continued_row_with_overlap,0.0,21148,13070,40.0,47.0,1383.0
20190828.tif,20190923.tif,2598,216.0,True,282.0,282,1,continued_row_with_overlap,0.0,21592,13075,42.0,43.0,1334.0
20190828.tif,20190923.tif,2599,218.0,True,285.0,285,1,continued_row_with_overlap,0.0,19988,13081,70.0,70.0,3928.0
20190828.tif,20190923.tif,2600,220.0,True,287.0,,0,continued_row_without_overlap,0.0,21330,13251,32.0,35.0,851.0
20190828.tif,20190923.tif,2601,221.0,True,289.0,289,1,continued_row_with_overlap,0.0,21980,13259,42.0,43.0,1373.0
20190828.tif,20190923.tif,2602,224.0,True,289.0,,0,continued_row_without_overlap,0.0,21919,13275,23.0,28.0,496.0
20190828.tif,20190923.tif,2603,227.0,True,293.0,293,1,continued_row_with_overlap,0.0,22244,13323,50.0,47.0,1780.0
20190828.tif,20190923.tif,2604,229.0,True,297.0,,0,continued_row_without_overlap,0.0,21535,13451,19.0,22.0,326.0
20190828.tif,20190923.tif,2605,232.0,True,297.0,,0,continued_row_without_overlap,0.0,21519,13513,19.0,15.0,202.0
20190828.tif,20190923.tif,2606,235.0,False,,,0,row_absent_no_mask_overlap,0.0,20592,13614,11.0,15.0,131.0
20190828.tif,20190923.tif,2607,238.0,False,,304,1,row_absent_but_mask_overlap,0.0,19928,13781,84.0,92.0,3712.0
20190828.tif,20190923.tif,2608,241.0,True,309.0,309,1,continued_row_with_overlap,0.0,19030,13973,42.0,47.0,1518.0
20190828.tif,20190923.tif,2609,242.0,True,310.0,310,1,continued_row_with_overlap,0.0,19778,13993,44.0,47.0,1572.0
20190828.tif,20190923.tif,2610,244.0,True,314.0,314,1,continued_row_with_overlap,0.0,19012,14061,48.0,49.0,1946.0
20190828.tif,20190923.tif,2611,245.0,True,316.0,316,1,continued_row_with_overlap,0.0,21148,14071,68.0,66.0,3312.0
20190828.tif,20190923.tif,2612,246.0,True,317.0,317,1,continued_row_with_overlap,0.0,20220,14077,48.0,48.0,1581.0
20190828.tif,20190923.tif,2613,248.0,True,315.0,315,1,continued_row_with_overlap,0.0,11013,14087,57.0,58.0,2491.0
20190828.tif,20190923.tif,2614,249.0,True,319.0,319,1,continued_row_with_overlap,0.0,20528,14105,62.0,49.0,2240.0
20190828.tif,20190923.tif,2615,250.0,True,318.0,318,1,continued_row_with_overlap,0.0,11120,14107,80.0,67.0,3967.0
20190828.tif,20190923.tif,2616,251.0,True,320.0,320,1,continued_row_with_overlap,0.0,19698,14133,74.0,70.0,3982.0
20190828.tif,20190923.tif,2617,253.0,False,,321,1,row_absent_but_mask_overlap,0.0,18246,14214,36.0,31.0,848.0
20190828.tif,20190923.tif,2618,255.0,True,322.0,322,1,continued_row_with_overlap,0.0,11120,14230,56.0,49.0,1960.0
20190828.tif,20190923.tif,2619,256.0,True,324.0,324,1,continued_row_with_overlap,0.0,24606,14247,36.0,42.0,1255.0
20190828.tif,20190923.tif,2620,258.0,True,325.0,325,1,continued_row_with_overlap,0.0,18022,14291,56.0,60.0,2518.0
20190828.tif,20190923.tif,2621,259.0,True,326.0,326,1,continued_row_with_overlap,0.0,19450,14326,44.0,43.0,1387.0
20190828.tif,20190923.tif,2622,260.0,False,,,0,row_absent_no_mask_overlap,0.0,18394,14338,28.0,31.0,726.0
20190828.tif,20190923.tif,2623,262.0,True,329.0,329,1,continued_row_with_overlap,0.0,19305,14366,60.0,64.0,2852.0
20190828.tif,20190923.tif,2624,266.0,True,331.0,331,1,continued_row_with_overlap,0.0,19392,14433,80.0,84.0,5379.0
20190828.tif,20190923.tif,2625,267.0,False,,,0,row_absent_no_mask_overlap,0.0,15492,14437,56.0,54.0,2333.0
20190828.tif,20190923.tif,2626,268.0,True,332.0,332,1,continued_row_with_overlap,0.0,24646,14469,46.0,48.0,1657.0
20190828.tif,20190923.tif,2627,269.0,False,,,0,row_absent_no_mask_overlap,0.0,11376,14505,21.0,15.0,244.0
20190828.tif,20190923.tif,2628,270.0,True,336.0,336,1,continued_row_with_overlap,0.0,19938,14507,68.0,74.0,4146.0
20190828.tif,20190923.tif,2629,271.0,True,337.0,337,1,continued_row_with_overlap,0.0,17821,14559,55.0,55.0,2335.0
20190828.tif,20190923.tif,2630,272.0,False,,,0,row_absent_no_mask_overlap,0.0,18078,14571,48.0,44.0,1614.0
20190828.tif,20190923.tif,2631,273.0,True,338.0,338,1,continued_row_with_overlap,0.0,24802,14585,46.0,51.0,1819.0
20190828.tif,20190923.tif,2632,274.0,True,340.0,340,1,continued_row_with_overlap,0.0,17715,14657,47.0,50.0,1719.0
20190828.tif,20190923.tif,2633,276.0,False,,,0,row_absent_no_mask_overlap,0.0,17938,14750,24.0,28.0,528.0
20190828.tif,20190923.tif,2634,277.0,True,342.0,,0,continued_row_without_overlap,0.0,18296,14963,32.0,32.0,844.0
20190828.tif,20190923.tif,2635,278.0,False,,,0,row_absent_no_mask_overlap,0.0,12424,14973,18.0,19.0,255.0
20190828.tif,20190923.tif,2636,280.0,True,345.0,,0,continued_row_without_overlap,0.0,15414,15373,18.0,14.0,190.0
20190828.tif,20190923.tif,2637,281.0,True,346.0,346,1,continued_row_with_overlap,0.0,15270,15394,64.0,47.0,2150.0
20190828.tif,20190923.tif,2638,286.0,False,,,0,row_absent_no_mask_overlap,0.0,17836,15775,38.0,38.0,1039.0
20190828.tif,20190923.tif,2639,287.0,False,,,0,row_absent_no_mask_overlap,0.0,17042,15793,22.0,22.0,414.0
20190828.tif,20190923.tif,2640,288.0,False,,350,1,row_absent_but_mask_overlap,0.0,17556,15795,54.0,58.0,2301.0
20190828.tif,20190923.tif,2641,289.0,True,351.0,351,1,continued_row_with_overlap,0.0,17482,15817,50.0,56.0,2120.0
20190828.tif,20190923.tif,2642,290.0,True,352.0,352,1,continued_row_with_overlap,0.0,14892,15825,51.0,54.0,2168.0
20190828.tif,20190923.tif,2643,291.0,True,354.0,,0,continued_row_without_overlap,0.0,17922,15877,30.0,24.0,579.0
20190828.tif,20190923.tif,2644,292.0,True,355.0,,0,continued_row_without_overlap,0.0,17886,15927,18.0,20.0,288.0
20190828.tif,20190923.tif,2645,293.0,False,,,0,row_absent_no_mask_overlap,0.0,18122,15955,56.0,70.0,2830.0
20190828.tif,20190923.tif,2646,294.0,True,356.0,356,1,continued_row_with_overlap,0.0,18060,15958,40.0,41.0,1257.0
20190828.tif,20190923.tif,2647,296.0,True,358.0,,0,continued_row_without_overlap,0.0,18374,16019,16.0,20.0,256.0
20190828.tif,20190923.tif,2648,297.0,True,360.0,,0,continued_row_without_overlap,0.0,18544,16059,30.0,34.0,720.0
20190828.tif,20190923.tif,2649,299.0,True,367.0,,0,continued_row_without_overlap,0.0,18814,16169,26.0,26.0,489.0
20190828.tif,20190923.tif,2650,300.0,True,364.0,364,1,continued_row_with_overlap,0.0,18518,16185,48.0,50.0,1827.0
20190828.tif,20190923.tif,2651,302.0,True,366.0,366,1,continued_row_with_overlap,0.0,18568,16219,56.0,51.0,2199.0
20190828.tif,20190923.tif,2652,303.0,True,367.0,,0,continued_row_without_overlap,0.0,18776,16231,30.0,32.0,718.0
20190828.tif,20190923.tif,2653,309.0,True,374.0,374,1,continued_row_with_overlap,0.0,15778,16507,89.0,90.0,6029.0
20190828.tif,20190923.tif,2654,311.0,False,,,0,row_absent_no_mask_overlap,0.0,17140,16533,44.0,42.0,1359.0
20190828.tif,20190923.tif,2655,312.0,True,376.0,376,1,continued_row_with_overlap,0.0,18974,16535,42.0,46.0,1498.0
20190828.tif,20190923.tif,2656,313.0,False,,,0,row_absent_no_mask_overlap,0.0,18674,16541,16.0,17.0,227.0
20190828.tif,20190923.tif,2657,315.0,True,377.0,,0,continued_row_without_overlap,0.0,19756,16567,41.0,44.0,1312.0
20190828.tif,20190923.tif,2658,317.0,False,,,0,row_absent_no_mask_overlap,0.0,17195,16573,45.0,47.0,1530.0
20190828.tif,20190923.tif,2659,318.0,True,378.0,378,1,continued_row_with_overlap,0.0,15686,16595,40.0,45.0,1390.0
20190828.tif,20190923.tif,2660,319.0,True,379.0,379,1,continued_row_with_overlap,0.0,15920,16599,56.0,50.0,2099.0
20190828.tif,20190923.tif,2661,321.0,True,380.0,,0,continued_row_without_overlap,0.0,16444,16643,52.0,50.0,1932.0
20190828.tif,20190923.tif,2662,322.0,False,,,0,row_absent_no_mask_overlap,0.0,16518,16669,18.0,15.0,217.0
20190828.tif,20190923.tif,2663,323.0,True,382.0,382,1,continued_row_with_overlap,0.0,16378,16715,52.0,56.0,2172.0
20190828.tif,20190923.tif,2664,324.0,True,383.0,383,1,continued_row_with_overlap,0.0,18742,16731,48.0,52.0,2086.0
20190828.tif,20190923.tif,2665,325.0,True,385.0,385,1,continued_row_with_overlap,0.0,15362,16741,73.0,78.0,4251.0
20190828.tif,20190923.tif,2666,326.0,True,384.0,384,1,continued_row_with_overlap,0.0,15829,16741,55.0,56.0,2390.0
20190828.tif,20190923.tif,2667,327.0,True,386.0,,0,continued_row_without_overlap,0.0,16012,16765,32.0,34.0,878.0
20190828.tif,20190923.tif,2668,328.0,False,,,0,row_absent_no_mask_overlap,0.0,19622,16811,44.0,55.0,1847.0
20190828.tif,20190923.tif,2669,334.0,True,397.0,,0,continued_row_without_overlap,0.0,18950,16975,32.0,41.0,1035.0
20190828.tif,20190923.tif,2670,336.0,False,,,0,row_absent_no_mask_overlap,0.0,19826,16991,34.0,42.0,1022.0
20190828.tif,20190923.tif,2671,337.0,False,,,0,row_absent_no_mask_overlap,0.0,19096,17045,68.0,70.0,3182.0
20190828.tif,20190923.tif,2672,339.0,False,,,0,row_absent_no_mask_overlap,0.0,16154,17087,24.0,24.0,466.0
20190828.tif,20190923.tif,2673,340.0,False,,,0,row_absent_no_mask_overlap,0.0,19086,17123,51.0,40.0,1456.0
20190828.tif,20190923.tif,2674,342.0,True,400.0,,0,continued_row_without_overlap,0.0,11306,17135,20.0,20.0,296.0
20190828.tif,20190923.tif,2675,343.0,True,401.0,,0,continued_row_without_overlap,0.0,18264,17143,42.0,38.0,1102.0
20190828.tif,20190923.tif,2676,345.0,False,,,0,row_absent_no_mask_overlap,0.0,15650,17215,84.0,86.0,4976.0
20190828.tif,20190923.tif,2677,346.0,True,402.0,402,1,continued_row_with_overlap,0.0,18790,17231,56.0,54.0,2153.0
20190828.tif,20190923.tif,2678,347.0,True,405.0,,0,continued_row_without_overlap,0.0,19418,17279,38.0,42.0,1232.0
20190828.tif,20190923.tif,2679,348.0,False,,,0,row_absent_no_mask_overlap,0.0,16269,17280,14.0,18.0,208.0
20190828.tif,20190923.tif,2680,349.0,True,406.0,406,1,continued_row_with_overlap,0.0,16108,17287,68.0,70.0,3793.0
20190828.tif,20190923.tif,2681,350.0,False,,,0,row_absent_no_mask_overlap,0.0,19290,17311,36.0,42.0,1062.0
20190828.tif,20190923.tif,2682,351.0,False,,,0,row_absent_no_mask_overlap,0.0,20686,17319,22.0,24.0,368.0
20190828.tif,20190923.tif,2683,352.0,True,412.0,,0,continued_row_without_overlap,0.0,19598,17335,24.0,21.0,374.0
20190828.tif,20190923.tif,2684,353.0,True,413.0,,0,continued_row_without_overlap,0.0,18360,17349,44.0,35.0,1227.0
20190828.tif,20190923.tif,2685,355.0,True,414.0,414,1,continued_row_with_overlap,0.0,19310,17403,45.0,48.0,1617.0
20190828.tif,20190923.tif,2686,356.0,True,415.0,415,1,continued_row_with_overlap,0.0,19176,17415,70.0,54.0,2788.0
20190828.tif,20190923.tif,2687,357.0,True,416.0,,0,continued_row_without_overlap,0.0,19762,17427,34.0,35.0,888.0
20190828.tif,20190923.tif,2688,358.0,False,,,0,row_absent_no_mask_overlap,0.0,16734,17431,38.0,36.0,1004.0
20190828.tif,20190923.tif,2689,359.0,True,417.0,,0,continued_row_without_overlap,0.0,20042,17431,40.0,34.0,943.0
20190828.tif,20190923.tif,2690,360.0,True,418.0,418,1,continued_row_with_overlap,0.0,19245,17437,67.0,72.0,3572.0
20190828.tif,20190923.tif,2691,363.0,True,419.0,,0,continued_row_without_overlap,0.0,20662,17535,30.0,34.0,754.0
20190828.tif,20190923.tif,2692,366.0,True,421.0,,0,continued_row_without_overlap,0.0,19290,17565,44.0,42.0,1483.0
20190828.tif,20190923.tif,2693,368.0,False,,,0,row_absent_no_mask_overlap,0.0,16452,17599,64.0,69.0,3569.0
20190828.tif,20190923.tif,2694,369.0,True,422.0,,0,continued_row_without_overlap,0.0,19389,17607,24.0,27.0,495.0
20190828.tif,20190923.tif,2695,370.0,True,425.0,,0,continued_row_without_overlap,0.0,19977,17611,45.0,45.0,1517.0
20190828.tif,20190923.tif,2696,371.0,True,424.0,,0,continued_row_without_overlap,0.0,17850,17613,38.0,36.0,1086.0
20190828.tif,20190923.tif,2697,374.0,False,,429,1,row_absent_but_mask_overlap,0.0,17553,17713,53.0,56.0,2000.0
20190828.tif,20190923.tif,2698,375.0,False,,,0,row_absent_no_mask_overlap,0.0,16538,17721,38.0,36.0,1052.0
20190828.tif,20190923.tif,2699,379.0,True,435.0,435,1,continued_row_with_overlap,0.0,19715,17915,56.0,57.0,2413.0
20190828.tif,20190923.tif,2700,380.0,True,436.0,436,1,continued_row_with_overlap,0.0,17480,17928,66.0,75.0,3537.0
20190828.tif,20190923.tif,2701,381.0,True,437.0,437,1,continued_row_with_overlap,0.0,18110,17931,48.0,52.0,1716.0
20190828.tif,20190923.tif,2702,382.0,True,438.0,,0,continued_row_without_overlap,0.0,19392,17941,26.0,26.0,475.0
20190828.tif,20190923.tif,2703,389.0,True,441.0,441,1,continued_row_with_overlap,0.0,18030,18139,69.0,57.0,3093.0
20190828.tif,20190923.tif,2704,391.0,True,442.0,442,1,continued_row_with_overlap,0.0,17294,18155,62.0,64.0,2824.0
20190828.tif,20190923.tif,2705,393.0,True,442.0,,0,continued_row_without_overlap,0.0,17268,18215,16.0,14.0,163.0
20190828.tif,20190923.tif,2706,398.0,True,445.0,445,1,continued_row_with_overlap,0.0,16914,18305,47.0,52.0,1881.0
20190828.tif,20190923.tif,2707,400.0,True,447.0,,0,continued_row_without_overlap,0.0,20756,18337,38.0,42.0,1146.0
20190828.tif,20190923.tif,2708,406.0,False,,,0,row_absent_no_mask_overlap,0.0,16762,18439,12.0,12.0,144.0
20190828.tif,20190923.tif,2709,410.0,False,,,0,row_absent_no_mask_overlap,0.0,18792,18497,10.0,14.0,131.0
20190828.tif,20190923.tif,2710,416.0,True,453.0,,0,continued_row_without_overlap,0.0,19378,18629,38.0,40.0,1176.0
20190828.tif,20190923.tif,2711,418.0,False,,,0,row_absent_no_mask_overlap,0.0,16768,18735,20.0,18.0,284.0
20190828.tif,20190923.tif,2712,419.0,False,,,0,row_absent_no_mask_overlap,0.0,18400,18735,66.0,60.0,2761.0
20190828.tif,20190923.tif,2713,421.0,True,457.0,457,1,continued_row_with_overlap,0.0,19436,18760,66.0,61.0,3050.0
20190828.tif,20190923.tif,2714,423.0,False,,,0,row_absent_no_mask_overlap,0.0,16670,18775,16.0,14.0,184.0
20190828.tif,20190923.tif,2715,426.0,False,,,0,row_absent_no_mask_overlap,0.0,16930,18829,16.0,16.0,164.0
20190828.tif,20190923.tif,2716,429.0,True,459.0,459,1,continued_row_with_overlap,0.0,19468,18897,51.0,52.0,1995.0
20190828.tif,20190923.tif,2717,436.0,False,,,0,row_absent_no_mask_overlap,0.0,19356,18977,34.0,36.0,916.0
20190828.tif,20190923.tif,2718,438.0,False,,,0,row_absent_no_mask_overlap,0.0,17298,19015,26.0,24.0,454.0
20190828.tif,20190923.tif,2719,444.0,False,,,0,row_absent_no_mask_overlap,0.0,16943,19151,19.0,17.0,227.0
20190828.tif,20190923.tif,2720,447.0,True,468.0,,0,continued_row_without_overlap,0.0,17754,19251,20.0,14.0,211.0
20190828.tif,20190923.tif,2721,450.0,False,,,0,row_absent_no_mask_overlap,0.0,17116,19291,17.0,16.0,240.0
20190828.tif,20190923.tif,2722,453.0,False,,,0,row_absent_no_mask_overlap,0.0,17788,19339,16.0,16.0,211.0
20190828.tif,20190923.tif,2723,456.0,False,,,0,row_absent_no_mask_overlap,0.0,17047,19405,19.0,15.0,194.0
20190828.tif,20190923.tif,2724,459.0,False,,,0,row_absent_no_mask_overlap,0.0,23626,19507,34.0,25.0,605.0
20190828.tif,20190923.tif,2725,461.0,True,476.0,,0,continued_row_without_overlap,0.0,22274,19710,17.0,17.0,237.0
20190828.tif,20190923.tif,2726,462.0,False,,,0,row_absent_no_mask_overlap,0.0,17956,19713,16.0,18.0,208.0
20190828.tif,20190923.tif,2727,463.0,True,479.0,,0,continued_row_without_overlap,0.0,22896,19895,62.0,52.0,2542.0
20190828.tif,20190923.tif,2728,466.0,False,,,0,row_absent_no_mask_overlap,0.0,20040,20293,22.0,18.0,280.0
20190828.tif,20190923.tif,2729,469.0,True,489.0,489,1,continued_row_with_overlap,0.0,19970,20539,82.0,84.0,5042.0
20190828.tif,20190923.tif,2730,470.0,True,490.0,,0,continued_row_without_overlap,0.0,23994,20553,18.0,20.0,258.0
20190828.tif,20190923.tif,2731,473.0,True,493.0,,0,continued_row_without_overlap,0.0,20010,20675,54.0,52.0,2213.0
20190828.tif,20190923.tif,2732,474.0,True,492.0,,0,continued_row_without_overlap,0.0,20120,20677,26.0,30.0,560.0
20190828.tif,20190923.tif,2733,480.0,True,500.0,,0,continued_row_without_overlap,0.0,20814,21097,17.0,18.0,227.0
20190828.tif,20190923.tif,2734,481.0,True,501.0,501,1,continued_row_with_overlap,0.0,18028,21495,62.0,64.0,3076.0
20190923.tif,20200727.tif,1955,460.0,False,,,0,row_absent_no_mask_overlap,0.0,21882,18957,100.0,104.0,7865.0
20190923.tif,20200727.tif,2001,460.0,False,,,0,row_absent_no_mask_overlap,0.0,21882,18957,100.0,104.0,7865.0
20190923.tif,20200727.tif,2012,1.0,False,,,0,row_absent_no_mask_overlap,0.0,15004,4087,87.0,90.0,5873.0
20190923.tif,20200727.tif,2014,3.0,False,,,0,row_absent_no_mask_overlap,0.0,16992,4563,78.0,74.0,4424.0
20190923.tif,20200727.tif,2030,65.0,True,65.0,65,1,continued_row_with_overlap,0.0,13720,7863,72.0,82.0,4349.0
20190923.tif,20200727.tif,2032,66.0,False,,,0,row_absent_no_mask_overlap,0.0,16056,7925,70.0,69.0,3413.0
20190923.tif,20200727.tif,2069,134.0,False,,,0,row_absent_no_mask_overlap,0.0,20886,9534,56.0,56.0,2440.0
20190923.tif,20200727.tif,2074,139.0,False,,,0,row_absent_no_mask_overlap,0.0,19390,9638,156.0,145.0,17490.0
20190923.tif,20200727.tif,2079,142.0,True,131.0,131,1,continued_row_with_overlap,0.0,21554,9779,154.0,124.0,15946.0
20190923.tif,20200727.tif,2082,146.0,False,,,0,row_absent_no_mask_overlap,0.0,18052,9853,90.0,84.0,5597.0
20190923.tif,20200727.tif,2091,161.0,False,,,0,row_absent_no_mask_overlap,0.0,15506,10122,120.0,115.0,9648.0
20190923.tif,20200727.tif,2095,163.0,False,,,0,row_absent_no_mask_overlap,0.0,15758,10237,114.0,117.0,9878.0
20190923.tif,20200727.tif,2099,174.0,True,158.0,158,1,continued_row_with_overlap,0.0,15780,10419,128.0,134.0,12652.0
20190923.tif,20200727.tif,2122,218.0,False,,,0,row_absent_no_mask_overlap,0.0,21854,11331,130.0,134.0,13276.0
20190923.tif,20200727.tif,2131,232.0,False,,,0,row_absent_no_mask_overlap,0.0,21127,11615,79.0,98.0,6026.0
20190923.tif,20200727.tif,2134,233.0,True,215.0,215,1,continued_row_with_overlap,0.0,21600,11694,102.0,107.0,8382.0
20190923.tif,20200727.tif,2140,251.0,False,,,0,row_absent_no_mask_overlap,0.0,20709,12169,119.0,134.0,12468.0
20190923.tif,20200727.tif,2145,263.0,True,235.0,235,1,continued_row_with_overlap,0.0,20626,12458,164.0,163.0,20429.0
20190923.tif,20200727.tif,2146,264.0,False,,,0,row_absent_no_mask_overlap,0.0,21802,12467,54.0,54.0,2184.0
20190923.tif,20200727.tif,2155,279.0,False,,,0,row_absent_no_mask_overlap,0.0,21796,13038,74.0,73.0,4029.0
20190923.tif,20200727.tif,2156,284.0,False,,259,1,row_absent_but_mask_overlap,0.0,20566,13098,152.0,164.0,18987.0
20190923.tif,20200727.tif,2157,280.0,False,,,0,row_absent_no_mask_overlap,0.0,18712,13091,96.0,99.0,7500.0
20190923.tif,20200727.tif,2160,290.0,False,,,0,row_absent_no_mask_overlap,0.0,23928,13291,38.0,50.0,1368.0
20190923.tif,20200727.tif,2161,288.0,False,,,0,row_absent_no_mask_overlap,0.0,18874,13282,260.0,260.0,52966.0
20190923.tif,20200727.tif,2177,330.0,False,,,0,row_absent_no_mask_overlap,0.0,19750,14410,88.0,79.0,5336.0
20190923.tif,20200727.tif,2206,365.0,False,,,0,row_absent_no_mask_overlap,0.0,18688,16230,48.0,43.0,1620.0
20190923.tif,20200727.tif,2217,370.0,False,,,0,row_absent_no_mask_overlap,0.0,18451,16359,115.0,112.0,10339.0
20190923.tif,20200727.tif,2252,399.0,False,,,0,row_absent_no_mask_overlap,0.0,19886,17101,38.0,41.0,1133.0
20190923.tif,20200727.tif,2280,439.0,False,,,0,row_absent_no_mask_overlap,0.0,17468,18061,102.0,94.0,7411.0
20190923.tif,20200727.tif,2287,443.0,False,,,0,row_absent_no_mask_overlap,0.0,18222,18287,88.0,76.0,5228.0
20190923.tif,20200727.tif,2291,448.0,False,,,0,row_absent_no_mask_overlap,0.0,18502,18435,64.0,64.0,2944.0
20190923.tif,20200727.tif,2302,458.0,False,,,0,row_absent_no_mask_overlap,0.0,21662,18795,120.0,126.0,11104.0
20190923.tif,20200727.tif,2304,461.0,True,468.0,468,1,continued_row_with_overlap,0.0,21707,18970,89.0,89.0,5602.0
20190923.tif,20200727.tif,2348,99.0,False,,,0,row_absent_no_mask_overlap,0.0,20832,8921,23.0,24.0,414.0
20190923.tif,20200727.tif,2350,102.0,True,103.0,,0,continued_row_without_overlap,0.0,14930,9001,28.0,30.0,598.0
20190923.tif,20200727.tif,2351,105.0,True,106.0,,0,continued_row_without_overlap,0.0,14982,9023,26.0,28.0,539.0
20190923.tif,20200727.tif,2353,131.0,False,,,0,row_absent_no_mask_overlap,0.0,21046,9486,28.0,33.0,682.0
20190923.tif,20200727.tif,2356,134.0,False,,,0,row_absent_no_mask_overlap,0.0,20886,9534,56.0,56.0,2440.0
20190923.tif,20200727.tif,2368,195.0,False,,,0,row_absent_no_mask_overlap,0.0,16334,10763,80.0,83.0,4748.0
20190923.tif,20200727.tif,2381,262.0,True,233.0,233,1,continued_row_with_overlap,0.0,21106,12426,62.0,76.0,3556.0
20190923.tif,20200727.tif,2460,111.0,True,110.0,,0,continued_row_without_overlap,0.0,16146,9106,52.0,51.0,2140.0
20190923.tif,20200727.tif,2470,267.0,True,236.0,236,1,continued_row_with_overlap,0.0,21204,12613,54.0,62.0,2488.0
20190923.tif,20200727.tif,2473,278.0,True,250.0,250,1,continued_row_with_overlap,0.0,21500,12967,62.0,60.0,2815.0
20190923.tif,20200727.tif,2493,451.0,True,445.0,445,1,continued_row_with_overlap,0.0,21387,18580,78.0,83.0,4940.0
20190923.tif,20200727.tif,2495,460.0,False,,,0,row_absent_no_mask_overlap,0.0,21882,18957,100.0,104.0,7865.0
20190923.tif,20200727.tif,2496,471.0,False,,,0,row_absent_no_mask_overlap,0.0,22004,19355,65.0,68.0,3538.0
20190923.tif,20200727.tif,2499,499.0,False,,,0,row_absent_no_mask_overlap,0.0,20422,20969,92.0,80.0,5289.0
20190923.tif,20200727.tif,2508,74.0,False,,,0,row_absent_no_mask_overlap,0.0,16252,8349,44.0,47.0,1545.0
20190923.tif,20200727.tif,2511,74.0,False,,,0,row_absent_no_mask_overlap,0.0,16252,8349,44.0,47.0,1545.0
20190923.tif,20200727.tif,2512,80.0,True,82.0,,0,continued_row_without_overlap,0.0,15091,8421,15.0,18.0,199.0
20190923.tif,20200727.tif,2513,83.0,True,84.0,,0,continued_row_without_overlap,0.0,15936,8581,22.0,24.0,438.0
20190923.tif,20200727.tif,2514,87.0,False,,,0,row_absent_no_mask_overlap,0.0,24171,8669,35.0,32.0,874.0
20190923.tif,20200727.tif,2515,88.0,True,92.0,,0,continued_row_without_overlap,0.0,14996,8715,23.0,24.0,400.0
20190923.tif,20200727.tif,2516,92.0,True,94.0,94,1,continued_row_with_overlap,0.0,17178,8811,46.0,52.0,1988.0
20190923.tif,20200727.tif,2517,94.0,False,,,0,row_absent_no_mask_overlap,0.0,19076,8847,54.0,60.0,2324.0
20190923.tif,20200727.tif,2518,95.0,True,96.0,,0,continued_row_without_overlap,0.0,17078,8873,24.0,21.0,417.0
20190923.tif,20200727.tif,2519,96.0,True,97.0,,0,continued_row_without_overlap,0.0,19194,8898,46.0,37.0,1276.0
20190923.tif,20200727.tif,2520,97.0,False,,,0,row_absent_no_mask_overlap,0.0,20484,8901,50.0,53.0,2035.0
20190923.tif,20200727.tif,2521,101.0,False,,,0,row_absent_no_mask_overlap,0.0,23202,8989,74.0,73.0,4139.0
20190923.tif,20200727.tif,2522,104.0,True,102.0,102,1,continued_row_with_overlap,0.0,22942,9002,70.0,71.0,4016.0
20190923.tif,20200727.tif,2524,112.0,False,,,0,row_absent_no_mask_overlap,0.0,20070,9119,26.0,28.0,527.0
20190923.tif,20200727.tif,2525,113.0,True,112.0,112,1,continued_row_with_overlap,0.0,22278,9154,222.0,223.0,37990.0
20190923.tif,20200727.tif,2527,118.0,True,118.0,118,1,continued_row_with_overlap,0.0,23090,9261,77.0,82.0,4704.0
20190923.tif,20200727.tif,2529,123.0,False,,,0,row_absent_no_mask_overlap,0.0,20193,9411,15.0,13.0,133.0
20190923.tif,20200727.tif,2530,132.0,True,126.0,,0,continued_row_without_overlap,0.0,19763,9523,52.0,58.0,2335.0
20190923.tif,20200727.tif,2531,133.0,True,127.0,127,1,continued_row_with_overlap,0.0,22362,9526,180.0,183.0,23998.0
20190923.tif,20200727.tif,2532,135.0,False,,,0,row_absent_no_mask_overlap,0.0,15660,9539,23.0,22.0,389.0
20190923.tif,20200727.tif,2535,143.0,False,,,0,row_absent_no_mask_overlap,0.0,18160,9785,63.0,70.0,3589.0
20190923.tif,20200727.tif,2536,147.0,True,132.0,,0,continued_row_without_overlap,0.0,16340,9875,22.0,19.0,291.0
20190923.tif,20200727.tif,2538,147.0,True,132.0,,0,continued_row_without_overlap,0.0,16340,9875,22.0,19.0,291.0
20190923.tif,20200727.tif,2539,148.0,False,,,0,row_absent_no_mask_overlap,0.0,16460,9905,20.0,22.0,300.0
20190923.tif,20200727.tif,2540,149.0,True,134.0,,0,continued_row_without_overlap,0.0,16042,9909,19.0,17.0,221.0
20190923.tif,20200727.tif,2541,155.0,True,137.0,,0,continued_row_without_overlap,0.0,16508,10007,22.0,23.0,354.0
20190923.tif,20200727.tif,2543,159.0,True,140.0,140,1,continued_row_with_overlap,0.0,22506,10070,88.0,72.0,4623.0
20190923.tif,20200727.tif,2544,158.0,False,,,0,row_absent_no_mask_overlap,0.0,16448,10069,16.0,19.0,232.0
20190923.tif,20200727.tif,2546,162.0,True,142.0,142,1,continued_row_with_overlap,0.0,20022,10189,44.0,52.0,1797.0
20190923.tif,20200727.tif,2548,165.0,False,,,0,row_absent_no_mask_overlap,0.0,19963,10269,51.0,49.0,1866.0
20190923.tif,20200727.tif,2549,164.0,True,149.0,150,1,continued_row_without_overlap,0.0,16592,10265,14.0,17.0,200.0
20190923.tif,20200727.tif,2550,167.0,True,152.0,,0,continued_row_without_overlap,0.0,16776,10335,16.0,20.0,257.0
20190923.tif,20200727.tif,2551,168.0,False,,,0,row_absent_no_mask_overlap,0.0,15978,10342,44.0,45.0,1334.0
20190923.tif,20200727.tif,2552,171.0,False,,,0,row_absent_no_mask_overlap,0.0,21252,10391,45.0,43.0,1420.0
20190923.tif,20200727.tif,2553,173.0,True,156.0,,0,continued_row_without_overlap,0.0,17884,10399,46.0,51.0,1664.0
20190923.tif,20200727.tif,2555,176.0,False,,,0,row_absent_no_mask_overlap,0.0,20629,10447,21.0,20.0,307.0
20190923.tif,20200727.tif,2556,180.0,True,165.0,165,1,continued_row_with_overlap,0.0,21406,10479,56.0,62.0,2884.0
20190923.tif,20200727.tif,2558,183.0,True,170.0,170,1,continued_row_with_overlap,0.0,19053,10561,65.0,62.0,3074.0
20190923.tif,20200727.tif,2559,185.0,False,,,0,row_absent_no_mask_overlap,0.0,21450,10589,45.0,54.0,1760.0
20190923.tif,20200727.tif,2561,186.0,True,173.0,,0,continued_row_without_overlap,0.0,16793,10611,16.0,17.0,228.0
20190923.tif,20200727.tif,2564,186.0,True,173.0,,0,continued_row_without_overlap,0.0,16793,10611,16.0,17.0,228.0
20190923.tif,20200727.tif,2566,200.0,True,183.0,,0,continued_row_without_overlap,0.0,17302,10839,20.0,21.0,334.0
20190923.tif,20200727.tif,2567,203.0,True,188.0,188,1,continued_row_with_overlap,0.0,21437,11011,49.0,48.0,1820.0
20190923.tif,20200727.tif,2568,207.0,False,,,0,row_absent_no_mask_overlap,0.0,20237,11129,33.0,41.0,1110.0
20190923.tif,20200727.tif,2569,208.0,False,,,0,row_absent_no_mask_overlap,0.0,20150,11149,66.0,68.0,3609.0
20190923.tif,20200727.tif,2570,211.0,True,195.0,,0,continued_row_without_overlap,0.0,16993,11205,16.0,21.0,285.0
20190923.tif,20200727.tif,2571,213.0,False,,,0,row_absent_no_mask_overlap,0.0,20230,11214,40.0,40.0,1296.0
20190923.tif,20200727.tif,2573,215.0,True,202.0,,0,continued_row_without_overlap,0.0,16828,11259,16.0,14.0,187.0
20190923.tif,20200727.tif,2574,215.0,True,202.0,,0,continued_row_without_overlap,0.0,16828,11259,16.0,14.0,187.0
20190923.tif,20200727.tif,2576,220.0,False,,,0,row_absent_no_mask_overlap,0.0,21660,11343,64.0,68.0,3308.0
20190923.tif,20200727.tif,2577,223.0,True,205.0,,0,continued_row_without_overlap,0.0,20578,11373,34.0,30.0,741.0
20190923.tif,20200727.tif,2578,230.0,True,212.0,,0,continued_row_without_overlap,0.0,20834,11562,50.0,51.0,1882.0
20190923.tif,20200727.tif,2580,237.0,True,216.0,,0,continued_row_without_overlap,0.0,22666,11803,20.0,19.0,262.0
20190923.tif,20200727.tif,2581,240.0,False,,,0,row_absent_no_mask_overlap,0.0,22823,11885,46.0,44.0,1686.0
20190923.tif,20200727.tif,2582,241.0,False,,,0,row_absent_no_mask_overlap,0.0,22896,11899,14.0,14.0,165.0
20190923.tif,20200727.tif,2585,247.0,False,,,0,row_absent_no_mask_overlap,0.0,19745,12075,51.0,48.0,1713.0
20190923.tif,20200727.tif,2586,252.0,True,225.0,,0,continued_row_without_overlap,0.0,22617,12175,41.0,43.0,1430.0
20190923.tif,20200727.tif,2588,256.0,False,,,0,row_absent_no_mask_overlap,0.0,21130,12213,38.0,32.0,861.0
20190923.tif,20200727.tif,2589,260.0,True,231.0,,0,continued_row_without_overlap,0.0,22594,12322,36.0,35.0,914.0
20190923.tif,20200727.tif,2593,270.0,False,,,0,row_absent_no_mask_overlap,0.0,21716,12669,22.0,25.0,387.0
20190923.tif,20200727.tif,2595,275.0,False,,,0,row_absent_no_mask_overlap,0.0,21710,12905,124.0,130.0,11806.0
20190923.tif,20200727.tif,2596,277.0,True,248.0,248,1,continued_row_with_overlap,0.0,22588,12915,41.0,44.0,1461.0
20190923.tif,20200727.tif,2597,281.0,True,257.0,257,1,continued_row_with_overlap,0.0,21152,13093,42.0,46.0,1453.0
20190923.tif,20200727.tif,2598,282.0,True,258.0,,0,continued_row_without_overlap,0.0,21598,13097,43.0,43.0,1309.0
20190923.tif,20200727.tif,2599,285.0,False,,,0,row_absent_no_mask_overlap,0.0,19989,13103,72.0,78.0,4326.0
20190923.tif,20200727.tif,2600,287.0,True,270.0,,0,continued_row_without_overlap,0.0,21337,13275,30.0,34.0,797.0
20190923.tif,20200727.tif,2601,289.0,True,273.0,,0,continued_row_without_overlap,0.0,21984,13283,44.0,43.0,1480.0
20190923.tif,20200727.tif,2602,289.0,True,273.0,,0,continued_row_without_overlap,0.0,21984,13283,44.0,43.0,1480.0
20190923.tif,20200727.tif,2603,293.0,True,278.0,278,1,continued_row_with_overlap,0.0,22250,13346,52.0,47.0,1783.0
20190923.tif,20200727.tif,2604,297.0,False,,,0,row_absent_no_mask_overlap,0.0,21540,13473,20.0,24.0,396.0
20190923.tif,20200727.tif,2605,297.0,False,,,0,row_absent_no_mask_overlap,0.0,21540,13473,20.0,24.0,396.0
20190923.tif,20200727.tif,2608,309.0,False,,,0,row_absent_no_mask_overlap,0.0,19034,14002,39.0,40.0,1130.0
20190923.tif,20200727.tif,2609,310.0,False,,,0,row_absent_no_mask_overlap,0.0,19782,14014,46.0,52.0,1749.0
20190923.tif,20200727.tif,2610,314.0,False,,,0,row_absent_no_mask_overlap,0.0,19018,14081,44.0,56.0,1916.0
20190923.tif,20200727.tif,2611,316.0,True,322.0,322,1,continued_row_with_overlap,0.0,21152,14098,73.0,63.0,3402.0
20190923.tif,20200727.tif,2612,317.0,False,,,0,row_absent_no_mask_overlap,0.0,20222,14102,48.0,47.0,1554.0
20190923.tif,20200727.tif,2613,315.0,False,,,0,row_absent_no_mask_overlap,0.0,11001,14095,60.0,62.0,2803.0
20190923.tif,20200727.tif,2614,319.0,True,326.0,,0,continued_row_without_overlap,0.0,20534,14129,61.0,50.0,2157.0
20190923.tif,20200727.tif,2615,318.0,False,,,0,row_absent_no_mask_overlap,0.0,11108,14115,79.0,73.0,4192.0
20190923.tif,20200727.tif,2616,320.0,False,,,0,row_absent_no_mask_overlap,0.0,19700,14155,74.0,74.0,4221.0
20190923.tif,20200727.tif,2618,322.0,False,,,0,row_absent_no_mask_overlap,0.0,11110,14237,58.0,52.0,2149.0
20190923.tif,20200727.tif,2619,324.0,False,,,0,row_absent_no_mask_overlap,0.0,24613,14267,41.0,43.0,1435.0
20190923.tif,20200727.tif,2620,325.0,False,,,0,row_absent_no_mask_overlap,0.0,18024,14313,56.0,61.0,2680.0
20190923.tif,20200727.tif,2621,326.0,False,,,0,row_absent_no_mask_overlap,0.0,19452,14348,46.0,45.0,1529.0
20190923.tif,20200727.tif,2623,329.0,False,,,0,row_absent_no_mask_overlap,0.0,19306,14387,63.0,67.0,3103.0
20190923.tif,20200727.tif,2624,331.0,False,,,0,row_absent_no_mask_overlap,0.0,19394,14453,84.0,88.0,5919.0
20190923.tif,20200727.tif,2626,332.0,False,,,0,row_absent_no_mask_overlap,0.0,24656,14493,51.0,47.0,1881.0
20190923.tif,20200727.tif,2628,336.0,False,,,0,row_absent_no_mask_overlap,0.0,19938,14529,78.0,80.0,4706.0
20190923.tif,20200727.tif,2629,337.0,False,,,0,row_absent_no_mask_overlap,0.0,17822,14581,58.0,60.0,2633.0
20190923.tif,20200727.tif,2631,338.0,False,,,0,row_absent_no_mask_overlap,0.0,24810,14603,50.0,56.0,2083.0
20190923.tif,20200727.tif,2632,340.0,False,,,0,row_absent_no_mask_overlap,0.0,17714,14678,52.0,54.0,2051.0
20190923.tif,20200727.tif,2634,342.0,False,,,0,row_absent_no_mask_overlap,0.0,18298,14983,36.0,40.0,1032.0
20190923.tif,20200727.tif,2636,345.0,False,,,0,row_absent_no_mask_overlap,0.0,15408,15391,19.0,18.0,273.0
20190923.tif,20200727.tif,2637,346.0,False,,,0,row_absent_no_mask_overlap,0.0,15266,15409,64.0,54.0,2630.0
20190923.tif,20200727.tif,2641,351.0,False,,,0,row_absent_no_mask_overlap,0.0,17484,15841,50.0,56.0,2181.0
20190923.tif,20200727.tif,2642,352.0,False,,,0,row_absent_no_mask_overlap,0.0,14890,15845,55.0,59.0,2544.0
20190923.tif,20200727.tif,2643,354.0,True,364.0,,0,continued_row_without_overlap,0.0,17922,15901,32.0,27.0,695.0
20190923.tif,20200727.tif,2644,355.0,True,364.0,,0,continued_row_without_overlap,0.0,17886,15949,20.0,23.0,320.0
20190923.tif,20200727.tif,2646,356.0,False,,,0,row_absent_no_mask_overlap,0.0,18063,15983,37.0,42.0,1281.0
20190923.tif,20200727.tif,2647,358.0,False,,,0,row_absent_no_mask_overlap,0.0,18374,16043,22.0,22.0,347.0
20190923.tif,20200727.tif,2648,360.0,True,368.0,368,1,continued_row_with_overlap,0.0,18544,16083,30.0,38.0,860.0
20190923.tif,20200727.tif,2649,367.0,True,372.0,,0,continued_row_without_overlap,0.0,18778,16263,28.0,27.0,572.0
20190923.tif,20200727.tif,2650,364.0,False,,,0,row_absent_no_mask_overlap,0.0,18518,16211,51.0,51.0,1977.0
20190923.tif,20200727.tif,2651,366.0,False,,,0,row_absent_no_mask_overlap,0.0,18570,16243,58.0,56.0,2380.0
20190923.tif,20200727.tif,2652,367.0,True,372.0,,0,continued_row_without_overlap,0.0,18778,16263,28.0,27.0,572.0
20190923.tif,20200727.tif,2653,374.0,False,,,0,row_absent_no_mask_overlap,0.0,15774,16528,91.0,95.0,6398.0
20190923.tif,20200727.tif,2655,376.0,False,,,0,row_absent_no_mask_overlap,0.0,18976,16565,42.0,44.0,1516.0
20190923.tif,20200727.tif,2657,377.0,True,383.0,383,1,continued_row_with_overlap,0.0,19762,16595,40.0,42.0,1300.0
20190923.tif,20200727.tif,2659,378.0,False,,,0,row_absent_no_mask_overlap,0.0,15683,16615,44.0,52.0,1662.0
20190923.tif,20200727.tif,2660,379.0,False,,,0,row_absent_no_mask_overlap,0.0,15918,16620,58.0,55.0,2276.0
20190923.tif,20200727.tif,2661,380.0,False,,,0,row_absent_no_mask_overlap,0.0,16446,16683,44.0,36.0,1044.0
20190923.tif,20200727.tif,2663,382.0,False,,,0,row_absent_no_mask_overlap,0.0,16378,16739,56.0,60.0,2688.0
20190923.tif,20200727.tif,2664,383.0,False,,,0,row_absent_no_mask_overlap,0.0,18744,16757,51.0,52.0,2196.0
20190923.tif,20200727.tif,2665,385.0,False,,,0,row_absent_no_mask_overlap,0.0,15362,16771,68.0,72.0,3581.0
20190923.tif,20200727.tif,2666,384.0,False,,,0,row_absent_no_mask_overlap,0.0,15828,16767,53.0,56.0,2370.0
20190923.tif,20200727.tif,2667,386.0,False,,,0,row_absent_no_mask_overlap,0.0,16010,16787,32.0,36.0,904.0
20190923.tif,20200727.tif,2669,397.0,True,392.0,,0,continued_row_without_overlap,0.0,18957,17009,27.0,30.0,681.0
20190923.tif,20200727.tif,2674,400.0,False,,,0,row_absent_no_mask_overlap,0.0,11296,17153,16.0,18.0,260.0
20190923.tif,20200727.tif,2675,401.0,False,,,0,row_absent_no_mask_overlap,0.0,18266,17167,40.0,40.0,1197.0
20190923.tif,20200727.tif,2677,402.0,False,,,0,row_absent_no_mask_overlap,0.0,18794,17257,60.0,57.0,2459.0
20190923.tif,20200727.tif,2678,405.0,True,411.0,411,1,continued_row_with_overlap,0.0,19422,17305,42.0,44.0,1423.0
20190923.tif,20200727.tif,2680,406.0,False,,,0,row_absent_no_mask_overlap,0.0,16105,17309,73.0,77.0,4404.0
20190923.tif,20200727.tif,2683,412.0,False,,,0,row_absent_no_mask_overlap,0.0,19605,17361,23.0,23.0,411.0
20190923.tif,20200727.tif,2684,413.0,False,,,0,row_absent_no_mask_overlap,0.0,18374,17383,32.0,28.0,784.0
20190923.tif,20200727.tif,2685,414.0,False,,,0,row_absent_no_mask_overlap,0.0,19314,17429,46.0,48.0,1612.0
20190923.tif,20200727.tif,2686,415.0,False,,,0,row_absent_no_mask_overlap,0.0,19182,17443,68.0,57.0,2909.0
20190923.tif,20200727.tif,2687,416.0,False,,,0,row_absent_no_mask_overlap,0.0,19772,17457,28.0,35.0,672.0
20190923.tif,20200727.tif,2689,417.0,False,,,0,row_absent_no_mask_overlap,0.0,20046,17459,40.0,34.0,1088.0
20190923.tif,20200727.tif,2690,418.0,False,,,0,row_absent_no_mask_overlap,0.0,19254,17465,66.0,60.0,2998.0
20190923.tif,20200727.tif,2691,419.0,False,,,0,row_absent_no_mask_overlap,0.0,20672,17563,24.0,33.0,618.0
20190923.tif,20200727.tif,2692,421.0,False,,,0,row_absent_no_mask_overlap,0.0,19300,17595,34.0,37.0,941.0
20190923.tif,20200727.tif,2694,422.0,True,422.0,,0,continued_row_without_overlap,0.0,19396,17633,26.0,30.0,583.0
20190923.tif,20200727.tif,2695,425.0,False,,423,1,row_absent_but_mask_overlap,0.0,19984,17641,44.0,43.0,1396.0
20190923.tif,20200727.tif,2696,424.0,False,,,0,row_absent_no_mask_overlap,0.0,17852,17639,41.0,40.0,1279.0
20190923.tif,20200727.tif,2699,435.0,False,,,0,row_absent_no_mask_overlap,0.0,19726,17947,52.0,52.0,2109.0
20190923.tif,20200727.tif,2700,436.0,False,,,0,row_absent_no_mask_overlap,0.0,17482,17957,68.0,76.0,3646.0
20190923.tif,20200727.tif,2701,437.0,False,,,0,row_absent_no_mask_overlap,0.0,18106,17958,54.0,54.0,2203.0
20190923.tif,20200727.tif,2702,438.0,True,432.0,,0,continued_row_without_overlap,0.0,19398,17967,24.0,28.0,451.0
20190923.tif,20200727.tif,2703,441.0,False,,,0,row_absent_no_mask_overlap,0.0,18034,18167,70.0,60.0,3389.0
20190923.tif,20200727.tif,2704,442.0,False,,,0,row_absent_no_mask_overlap,0.0,17294,18183,66.0,64.0,3144.0
20190923.tif,20200727.tif,2705,442.0,False,,,0,row_absent_no_mask_overlap,0.0,17294,18183,66.0,64.0,3144.0
20190923.tif,20200727.tif,2706,445.0,False,,,0,row_absent_no_mask_overlap,0.0,16914,18331,50.0,54.0,2049.0
20190923.tif,20200727.tif,2707,447.0,False,,,0,row_absent_no_mask_overlap,0.0,20770,18379,31.0,26.0,679.0
20190923.tif,20200727.tif,2710,453.0,False,,,0,row_absent_no_mask_overlap,0.0,19382,18659,42.0,44.0,1304.0
20190923.tif,20200727.tif,2713,457.0,False,,,0,row_absent_no_mask_overlap,0.0,19442,18789,68.0,64.0,3278.0
20190923.tif,20200727.tif,2716,459.0,True,461.0,,0,continued_row_without_overlap,0.0,19474,18925,53.0,56.0,2306.0
20190923.tif,20200727.tif,2720,468.0,False,,,0,row_absent_no_mask_overlap,0.0,17760,19279,16.0,16.0,166.0
20190923.tif,20200727.tif,2725,476.0,True,487.0,487,1,continued_row_with_overlap,0.0,22288,19739,21.0,20.0,307.0
20190923.tif,20200727.tif,2727,479.0,True,489.0,489,1,continued_row_with_overlap,0.0,22914,19923,62.0,54.0,2478.0
20190923.tif,20200727.tif,2729,489.0,True,503.0,503,1,continued_row_with_overlap,0.0,19978,20571,86.0,90.0,5800.0
20190923.tif,20200727.tif,2730,490.0,True,504.0,504,1,continued_row_with_overlap,0.0,24018,20585,14.0,16.0,206.0
20190923.tif,20200727.tif,2731,493.0,True,509.0,509,1,continued_row_with_overlap,0.0,20022,20715,52.0,48.0,2104.0
20190923.tif,20200727.tif,2732,492.0,True,508.0,508,1,continued_row_with_overlap,0.0,20130,20709,26.0,30.0,582.0
20190923.tif,20200727.tif,2733,500.0,True,515.0,,0,continued_row_without_overlap,0.0,20830,21133,14.0,14.0,140.0
20190923.tif,20200727.tif,2734,501.0,True,516.0,,0,continued_row_without_overlap,0.0,18048,21527,42.0,60.0,2160.0
20190923.tif,20200727.tif,2735,2.0,False,,,0,row_absent_no_mask_overlap,0.0,10752,4561,10.0,16.0,144.0
20190923.tif,20200727.tif,2736,6.0,False,,,0,row_absent_no_mask_overlap,0.0,10720,4613,30.0,33.0,794.0
20190923.tif,20200727.tif,2737,7.0,False,,,0,row_absent_no_mask_overlap,0.0,10672,4627,28.0,22.0,491.0
20190923.tif,20200727.tif,2738,8.0,False,,,0,row_absent_no_mask_overlap,0.0,15571,4705,34.0,30.0,778.0
20190923.tif,20200727.tif,2739,10.0,False,,,0,row_absent_no_mask_overlap,0.0,10730,4717,29.0,28.0,590.0
20190923.tif,20200727.tif,2740,11.0,False,,,0,row_absent_no_mask_overlap,0.0,10710,4759,25.0,30.0,503.0
20190923.tif,20200727.tif,2741,13.0,False,,,0,row_absent_no_mask_overlap,0.0,15022,4875,20.0,20.0,274.0
20190923.tif,20200727.tif,2742,16.0,False,,,0,row_absent_no_mask_overlap,0.0,14870,5015,20.0,18.0,275.0
20190923.tif,20200727.tif,2743,19.0,False,,,0,row_absent_no_mask_overlap,0.0,12201,5525,36.0,36.0,1072.0
20190923.tif,20200727.tif,2744,21.0,False,,,0,row_absent_no_mask_overlap,0.0,10994,5559,12.0,16.0,133.0
20190923.tif,20200727.tif,2745,22.0,False,,,0,row_absent_no_mask_overlap,0.0,11110,5587,20.0,28.0,422.0
20190923.tif,20200727.tif,2746,24.0,False,,,0,row_absent_no_mask_overlap,0.0,11136,5647,17.0,21.0,267.0
20190923.tif,20200727.tif,2747,27.0,False,,,0,row_absent_no_mask_overlap,0.0,15820,5753,24.0,23.0,417.0
20190923.tif,20200727.tif,2748,28.0,False,,,0,row_absent_no_mask_overlap,0.0,10892,5803,24.0,24.0,427.0
20190923.tif,20200727.tif,2749,29.0,False,,,0,row_absent_no_mask_overlap,0.0,11080,5825,18.0,14.0,194.0
20190923.tif,20200727.tif,2750,31.0,False,,,0,row_absent_no_mask_overlap,0.0,18862,6147,20.0,22.0,323.0
20190923.tif,20200727.tif,2751,32.0,False,,,0,row_absent_no_mask_overlap,0.0,18780,6151,26.0,24.0,448.0
20190923.tif,20200727.tif,2752,36.0,False,,,0,row_absent_no_mask_overlap,0.0,19495,6369,19.0,17.0,222.0
20190923.tif,20200727.tif,2753,38.0,False,,,0,row_absent_no_mask_overlap,0.0,19798,6477,14.0,15.0,164.0
20190923.tif,20200727.tif,2754,43.0,True,31.0,,0,continued_row_without_overlap,0.0,19492,6965,16.0,14.0,188.0
20190923.tif,20200727.tif,2755,44.0,True,35.0,,0,continued_row_without_overlap,0.0,10190,7015,20.0,21.0,288.0
20190923.tif,20200727.tif,2756,45.0,True,33.0,,0,continued_row_without_overlap,0.0,10908,7037,12.0,18.0,180.0
20190923.tif,20200727.tif,2757,46.0,True,35.0,38,1,continued_row_without_overlap,0.0,10149,7049,27.0,28.0,605.0
20190923.tif,20200727.tif,2758,49.0,True,38.0,,0,continued_row_without_overlap,0.0,10183,7091,19.0,19.0,252.0
20190923.tif,20200727.tif,2759,52.0,True,45.0,,0,continued_row_without_overlap,0.0,10218,7265,30.0,30.0,650.0
20190923.tif,20200727.tif,2760,53.0,True,46.0,,0,continued_row_without_overlap,0.0,10925,7323,29.0,26.0,548.0
20190923.tif,20200727.tif,2761,55.0,True,48.0,,0,continued_row_without_overlap,0.0,10887,7405,19.0,20.0,290.0
20190923.tif,20200727.tif,2762,57.0,True,51.0,,0,continued_row_without_overlap,0.0,16134,7517,20.0,24.0,352.0
20190923.tif,20200727.tif,2763,64.0,False,,,0,row_absent_no_mask_overlap,0.0,13206,7829,14.0,15.0,147.0
20190923.tif,20200727.tif,2764,68.0,False,,,0,row_absent_no_mask_overlap,0.0,16958,7965,28.0,24.0,480.0
20190923.tif,20200727.tif,2765,69.0,False,,,0,row_absent_no_mask_overlap,0.0,14246,8041,18.0,18.0,243.0
20190923.tif,20200727.tif,2766,72.0,False,,,0,row_absent_no_mask_overlap,0.0,22814,8077,12.0,12.0,128.0
20190923.tif,20200727.tif,2767,73.0,False,,,0,row_absent_no_mask_overlap,0.0,15620,8179,12.0,14.0,135.0
20190923.tif,20200727.tif,2768,75.0,False,,,0,row_absent_no_mask_overlap,0.0,23348,8379,16.0,18.0,224.0
20190923.tif,20200727.tif,2769,79.0,False,,,0,row_absent_no_mask_overlap,0.0,23468,8414,24.0,20.0,377.0
20190923.tif,20200727.tif,2770,81.0,False,,,0,row_absent_no_mask_overlap,0.0,23258,8531,15.0,16.0,150.0
20190923.tif,20200727.tif,2771,82.0,False,,,0,row_absent_no_mask_overlap,0.0,23475,8533,16.0,14.0,163.0
20190923.tif,20200727.tif,2772,90.0,True,93.0,,0,continued_row_without_overlap,0.0,16468,8747,34.0,31.0,834.0
20190923.tif,20200727.tif,2773,91.0,False,,,0,row_absent_no_mask_overlap,0.0,18990,8749,98.0,94.0,6312.0
20190923.tif,20200727.tif,2774,93.0,False,,,0,row_absent_no_mask_overlap,0.0,23482,8835,20.0,19.0,300.0
20190923.tif,20200727.tif,2775,98.0,True,99.0,,0,continued_row_without_overlap,0.0,14871,8921,19.0,26.0,385.0
20190923.tif,20200727.tif,2776,103.0,False,,,0,row_absent_no_mask_overlap,0.0,20810,9002,24.0,16.0,298.0
20190923.tif,20200727.tif,2777,108.0,False,,,0,row_absent_no_mask_overlap,0.0,23488,9073,22.0,23.0,384.0
20190923.tif,20200727.tif,2778,126.0,False,,,0,row_absent_no_mask_overlap,0.0,23430,9423,19.0,20.0,289.0
20190923.tif,20200727.tif,2779,138.0,True,129.0,,0,continued_row_without_overlap,0.0,21038,9627,29.0,36.0,784.0
20190923.tif,20200727.tif,2780,140.0,False,,,0,row_absent_no_mask_overlap,0.0,11908,9711,40.0,40.0,1270.0
20190923.tif,20200727.tif,2781,152.0,False,,,0,row_absent_no_mask_overlap,0.0,10620,9935,25.0,24.0,441.0
20190923.tif,20200727.tif,2782,153.0,False,,,0,row_absent_no_mask_overlap,0.0,24354,9963,20.0,18.0,295.0
20190923.tif,20200727.tif,2783,154.0,True,136.0,,0,continued_row_without_overlap,0.0,16362,9985,22.0,23.0,381.0
20190923.tif,20200727.tif,2784,160.0,False,,,0,row_absent_no_mask_overlap,0.0,16586,10119,20.0,20.0,353.0
20190923.tif,20200727.tif,2785,172.0,False,,,0,row_absent_no_mask_overlap,0.0,19802,10393,20.0,22.0,316.0
20190923.tif,20200727.tif,2786,177.0,True,166.0,,0,continued_row_without_overlap,0.0,16838,10453,14.0,12.0,116.0
20190923.tif,20200727.tif,2787,181.0,True,167.0,,0,continued_row_without_overlap,0.0,16288,10489,18.0,19.0,262.0
20190923.tif,20200727.tif,2788,182.0,True,169.0,,0,continued_row_without_overlap,0.0,16779,10525,13.0,15.0,144.0
20190923.tif,20200727.tif,2789,191.0,True,177.0,,0,continued_row_without_overlap,0.0,16964,10669,20.0,20.0,325.0
20190923.tif,20200727.tif,2790,193.0,False,,,0,row_absent_no_mask_overlap,0.0,15180,10729,14.0,17.0,172.0
20190923.tif,20200727.tif,2791,196.0,False,,,0,row_absent_no_mask_overlap,0.0,17187,10769,17.0,18.0,257.0
20190923.tif,20200727.tif,2792,198.0,True,182.0,,0,continued_row_without_overlap,0.0,16635,10829,21.0,19.0,326.0
20190923.tif,20200727.tif,2793,202.0,False,,,0,row_absent_no_mask_overlap,0.0,17946,10942,50.0,48.0,1734.0
20190923.tif,20200727.tif,2794,205.0,False,,,0,row_absent_no_mask_overlap,0.0,15244,11043,14.0,10.0,116.0
20190923.tif,20200727.tif,2795,210.0,False,,,0,row_absent_no_mask_overlap,0.0,17594,11197,16.0,14.0,151.0
20190923.tif,20200727.tif,2796,214.0,True,197.0,,0,continued_row_without_overlap,0.0,14196,11219,12.0,14.0,116.0
20190923.tif,20200727.tif,2797,216.0,True,201.0,202,1,continued_row_without_overlap,0.0,16778,11261,16.0,18.0,204.0
20190923.tif,20200727.tif,2798,224.0,False,,,0,row_absent_no_mask_overlap,0.0,24086,11413,14.0,15.0,138.0
20190923.tif,20200727.tif,2799,227.0,False,,,0,row_absent_no_mask_overlap,0.0,16604,11493,12.0,14.0,124.0
20190923.tif,20200727.tif,2800,235.0,False,,,0,row_absent_no_mask_overlap,0.0,18380,11759,18.0,22.0,313.0
20190923.tif,20200727.tif,2801,238.0,False,,,0,row_absent_no_mask_overlap,0.0,23994,11825,19.0,19.0,286.0
20190923.tif,20200727.tif,2802,250.0,False,,,0,row_absent_no_mask_overlap,0.0,24797,12167,27.0,28.0,576.0
20190923.tif,20200727.tif,2803,257.0,False,,,0,row_absent_no_mask_overlap,0.0,21668,12221,34.0,33.0,851.0
20190923.tif,20200727.tif,2804,258.0,False,,,0,row_absent_no_mask_overlap,0.0,11578,12233,22.0,19.0,302.0
20190923.tif,20200727.tif,2805,259.0,False,,,0,row_absent_no_mask_overlap,0.0,24736,12267,20.0,18.0,304.0
20190923.tif,20200727.tif,2806,268.0,False,,,0,row_absent_no_mask_overlap,0.0,17540,12615,14.0,16.0,167.0
20190923.tif,20200727.tif,2807,273.0,False,,,0,row_absent_no_mask_overlap,0.0,12430,12841,20.0,19.0,272.0
20190923.tif,20200727.tif,2808,274.0,True,246.0,,0,continued_row_without_overlap,0.0,22656,12851,24.0,21.0,344.0
20190923.tif,20200727.tif,2809,283.0,False,,,0,row_absent_no_mask_overlap,0.0,17378,13099,20.0,18.0,273.0
20190923.tif,20200727.tif,2810,294.0,True,281.0,,0,continued_row_without_overlap,0.0,17046,13387,14.0,14.0,153.0
20190923.tif,20200727.tif,2811,295.0,False,,,0,row_absent_no_mask_overlap,0.0,12362,13395,15.0,12.0,131.0
20190923.tif,20200727.tif,2812,300.0,True,290.0,,0,continued_row_without_overlap,0.0,17066,13543,12.0,15.0,144.0
20190923.tif,20200727.tif,2813,301.0,True,290.0,,0,continued_row_without_overlap,0.0,17014,13585,16.0,17.0,209.0
20190923.tif,20200727.tif,2814,305.0,False,,,0,row_absent_no_mask_overlap,0.0,21750,13874,24.0,20.0,388.0
20190923.tif,20200727.tif,2815,306.0,False,,,0,row_absent_no_mask_overlap,0.0,16862,13903,94.0,94.0,6672.0
20190923.tif,20200727.tif,2816,328.0,True,335.0,335,1,continued_row_with_overlap,0.0,18750,14382,72.0,80.0,4398.0
20190923.tif,20200727.tif,2817,348.0,False,,,0,row_absent_no_mask_overlap,0.0,17850,15810,20.0,24.0,384.0
20190923.tif,20200727.tif,2818,350.0,False,,,0,row_absent_no_mask_overlap,0.0,17562,15831,36.0,36.0,924.0
20190923.tif,20200727.tif,2819,359.0,True,369.0,,0,continued_row_without_overlap,0.0,10074,16069,26.0,32.0,614.0
20190923.tif,20200727.tif,2820,361.0,True,370.0,,0,continued_row_without_overlap,0.0,10048,16107,18.0,18.0,292.0
20190923.tif,20200727.tif,2821,368.0,False,,,0,row_absent_no_mask_overlap,0.0,14455,16351,139.0,137.0,13450.0
20190923.tif,20200727.tif,2822,371.0,False,,,0,row_absent_no_mask_overlap,0.0,14423,16377,30.0,30.0,626.0
20190923.tif,20200727.tif,2823,375.0,False,,,0,row_absent_no_mask_overlap,0.0,19646,16541,38.0,32.0,880.0
20190923.tif,20200727.tif,2824,398.0,False,,,0,row_absent_no_mask_overlap,0.0,19838,17031,24.0,24.0,468.0
20190923.tif,20200727.tif,2825,411.0,False,,,0,row_absent_no_mask_overlap,0.0,11510,17361,26.0,24.0,476.0
20190923.tif,20200727.tif,2826,423.0,False,,,0,row_absent_no_mask_overlap,0.0,20644,17635,26.0,30.0,623.0
20190923.tif,20200727.tif,2827,430.0,False,,,0,row_absent_no_mask_overlap,0.0,15786,17775,16.0,16.0,212.0
20190923.tif,20200727.tif,2828,432.0,False,,,0,row_absent_no_mask_overlap,0.0,15430,17887,20.0,21.0,303.0
20190923.tif,20200727.tif,2829,449.0,False,,,0,row_absent_no_mask_overlap,0.0,18390,18439,28.0,36.0,768.0
20190923.tif,20200727.tif,2830,463.0,False,,,0,row_absent_no_mask_overlap,0.0,17408,19015,21.0,21.0,320.0
20190923.tif,20200727.tif,2831,466.0,False,,,0,row_absent_no_mask_overlap,0.0,21746,19180,13.0,16.0,132.0
20190923.tif,20200727.tif,2832,469.0,False,,,0,row_absent_no_mask_overlap,0.0,17120,19321,13.0,14.0,117.0
20190923.tif,20200727.tif,2833,474.0,False,,,0,row_absent_no_mask_overlap,0.0,17871,19639,17.0,16.0,205.0
20190923.tif,20200727.tif,2834,475.0,False,,,0,row_absent_no_mask_overlap,0.0,17625,19704,26.0,23.0,450.0
20190923.tif,20200727.tif,2835,478.0,True,488.0,,0,continued_row_without_overlap,0.0,18725,19767,17.0,20.0,259.0
20190923.tif,20200727.tif,2836,480.0,False,,,0,row_absent_no_mask_overlap,0.0,18388,19939,14.0,16.0,168.0
20190923.tif,20200727.tif,2837,483.0,False,,,0,row_absent_no_mask_overlap,0.0,18342,19983,20.0,21.0,306.0
20190923.tif,20200727.tif,2838,497.0,False,,,0,row_absent_no_mask_overlap,0.0,21028,20785,26.0,20.0,436.0
20190923.tif,20200727.tif,2839,498.0,False,,,0,row_absent_no_mask_overlap,0.0,19056,20963,20.0,16.0,251.0
20200727.tif,20210717.tif,2030,65.0,True,68.0,68,1,continued_row_with_overlap,0.0,13682,7825,88.0,96.0,6036.0
20200727.tif,20210717.tif,2079,131.0,True,145.0,145,1,continued_row_with_overlap,0.0,21530,9690,172.0,173.0,23712.0
20200727.tif,20210717.tif,2099,158.0,False,,,0,row_absent_no_mask_overlap,0.0,15750,10373,142.0,156.0,16465.0
20200727.tif,20210717.tif,2134,215.0,False,,,0,row_absent_no_mask_overlap,0.0,21566,11643,136.0,134.0,14524.0
20200727.tif,20210717.tif,2145,235.0,False,,,0,row_absent_no_mask_overlap,0.0,20598,12413,164.0,178.0,23028.0
20200727.tif,20210717.tif,2304,468.0,False,,,0,row_absent_no_mask_overlap,0.0,21686,18947,104.0,100.0,7768.0
20200727.tif,20210717.tif,2350,103.0,True,110.0,110,1,continued_row_with_overlap,0.0,14900,8971,28.0,27.0,596.0
20200727.tif,20210717.tif,2351,106.0,True,111.0,111,1,continued_row_with_overlap,0.0,14950,8993,27.0,24.0,506.0
20200727.tif,20210717.tif,2381,233.0,False,,,0,row_absent_no_mask_overlap,0.0,21072,12375,92.0,106.0,6800.0
20200727.tif,20210717.tif,2460,110.0,True,119.0,119,1,continued_row_with_overlap,0.0,16116,9065,52.0,57.0,2204.0
20200727.tif,20210717.tif,2470,236.0,False,,,0,row_absent_no_mask_overlap,0.0,21174,12561,76.0,94.0,5562.0
20200727.tif,20210717.tif,2473,250.0,True,287.0,287,1,continued_row_with_overlap,0.0,21470,12920,84.0,89.0,5979.0
20200727.tif,20210717.tif,2493,445.0,False,,,0,row_absent_no_mask_overlap,0.0,21352,18533,116.0,126.0,11236.0
20200727.tif,20210717.tif,2512,82.0,False,,,0,row_absent_no_mask_overlap,0.0,15048,8379,20.0,24.0,364.0
20200727.tif,20210717.tif,2513,84.0,False,,,0,row_absent_no_mask_overlap,0.0,15906,8547,24.0,22.0,398.0
20200727.tif,20210717.tif,2515,92.0,True,98.0,98,1,continued_row_with_overlap,0.0,14965,8683,21.0,21.0,336.0
20200727.tif,20210717.tif,2516,94.0,False,,,0,row_absent_no_mask_overlap,0.0,17134,8757,78.0,84.0,5116.0
20200727.tif,20210717.tif,2518,96.0,True,103.0,103,1,continued_row_with_overlap,0.0,17033,8807,63.0,72.0,3563.0
20200727.tif,20210717.tif,2519,97.0,False,,,0,row_absent_no_mask_overlap,0.0,19145,8832,86.0,83.0,5432.0
20200727.tif,20210717.tif,2522,102.0,True,108.0,108,1,continued_row_with_overlap,0.0,22918,8953,86.0,86.0,6213.0
20200727.tif,20210717.tif,2525,112.0,True,121.0,121,1,continued_row_with_overlap,0.0,22251,9094,227.0,249.0,43834.0
20200727.tif,20210717.tif,2527,118.0,False,,,0,row_absent_no_mask_overlap,0.0,23056,9201,106.0,108.0,8647.0
20200727.tif,20210717.tif,2530,126.0,False,,,0,row_absent_no_mask_overlap,0.0,19730,9471,72.0,76.0,4272.0
20200727.tif,20210717.tif,2531,127.0,False,,138,1,row_absent_but_mask_overlap,0.0,22330,9474,188.0,199.0,27408.0
20200727.tif,20210717.tif,2536,132.0,True,150.0,148;152,2,continued_row_without_overlap,0.0,16346,9817,26.0,34.0,718.0
20200727.tif,20210717.tif,2538,132.0,True,150.0,148;152,2,continued_row_without_overlap,0.0,16346,9817,26.0,34.0,718.0
20200727.tif,20210717.tif,2540,134.0,True,155.0,153,1,continued_row_without_overlap,0.0,16012,9877,18.0,14.0,215.0
20200727.tif,20210717.tif,2541,137.0,True,159.0,159,1,continued_row_with_overlap,0.0,16478,9973,24.0,22.0,413.0
20200727.tif,20210717.tif,2543,140.0,True,165.0,165,1,continued_row_with_overlap,0.0,22486,10022,88.0,92.0,6372.0
20200727.tif,20210717.tif,2546,142.0,False,,,0,row_absent_no_mask_overlap,0.0,19976,10129,92.0,94.0,6530.0
20200727.tif,20210717.tif,2549,149.0,False,,,0,row_absent_no_mask_overlap,0.0,16562,10231,18.0,17.0,270.0
20200727.tif,20210717.tif,2550,152.0,False,,,0,row_absent_no_mask_overlap,0.0,16748,10301,20.0,20.0,312.0
20200727.tif,20210717.tif,2553,156.0,False,,,0,row_absent_no_mask_overlap,0.0,17848,10361,58.0,64.0,2844.0
20200727.tif,20210717.tif,2556,165.0,False,,,0,row_absent_no_mask_overlap,0.0,21362,10413,104.0,110.0,9005.0
20200727.tif,20210717.tif,2558,170.0,False,,,0,row_absent_no_mask_overlap,0.0,19010,10502,102.0,103.0,8001.0
20200727.tif,20210717.tif,2561,173.0,True,184.0,184,1,continued_row_with_overlap,0.0,16766,10575,22.0,20.0,337.0
20200727.tif,20210717.tif,2564,173.0,True,184.0,184,1,continued_row_with_overlap,0.0,16766,10575,22.0,20.0,337.0
20200727.tif,20210717.tif,2566,183.0,True,194.0,194,1,continued_row_with_overlap,0.0,17278,10805,22.0,23.0,367.0
20200727.tif,20210717.tif,2567,188.0,False,,,0,row_absent_no_mask_overlap,0.0,21468,11029,46.0,38.0,1345.0
20200727.tif,20210717.tif,2570,195.0,True,206.0,206,1,continued_row_with_overlap,0.0,16968,11175,20.0,20.0,327.0
20200727.tif,20210717.tif,2573,202.0,False,,,0,row_absent_no_mask_overlap,0.0,16788,11261,12.0,14.0,116.0
20200727.tif,20210717.tif,2574,202.0,False,,,0,row_absent_no_mask_overlap,0.0,16788,11261,12.0,14.0,116.0
20200727.tif,20210717.tif,2577,205.0,False,,,0,row_absent_no_mask_overlap,0.0,20542,11315,65.0,68.0,3492.0
20200727.tif,20210717.tif,2578,212.0,False,,,0,row_absent_no_mask_overlap,0.0,20814,11510,52.0,48.0,1738.0
20200727.tif,20210717.tif,2580,216.0,True,226.0,226,1,continued_row_with_overlap,0.0,22627,11741,71.0,62.0,3251.0
20200727.tif,20210717.tif,2586,225.0,True,246.0,246,1,continued_row_with_overlap,0.0,22590,12119,68.0,72.0,3787.0
20200727.tif,20210717.tif,2589,231.0,False,,,0,row_absent_no_mask_overlap,0.0,22570,12263,60.0,71.0,3325.0
20200727.tif,20210717.tif,2596,248.0,True,284.0,284,1,continued_row_with_overlap,0.0,22550,12858,84.0,87.0,5426.0
20200727.tif,20210717.tif,2597,257.0,False,,,0,row_absent_no_mask_overlap,0.0,21118,13049,70.0,73.0,3852.0
20200727.tif,20210717.tif,2598,258.0,True,292.0,292,1,continued_row_with_overlap,0.0,21570,13051,68.0,66.0,3067.0
20200727.tif,20210717.tif,2600,270.0,True,302.0,302,1,continued_row_with_overlap,0.0,21306,13226,58.0,64.0,2802.0
20200727.tif,20210717.tif,2601,273.0,False,,,0,row_absent_no_mask_overlap,0.0,21896,13253,42.0,46.0,1430.0
20200727.tif,20210717.tif,2602,273.0,False,,,0,row_absent_no_mask_overlap,0.0,21896,13253,42.0,46.0,1430.0
20200727.tif,20210717.tif,2603,278.0,False,,,0,row_absent_no_mask_overlap,0.0,22215,13293,86.0,77.0,4903.0
20200727.tif,20210717.tif,2611,322.0,False,,,0,row_absent_no_mask_overlap,0.0,21122,14049,98.0,94.0,7098.0
20200727.tif,20210717.tif,2614,326.0,False,,,0,row_absent_no_mask_overlap,0.0,20522,14094,60.0,51.0,2194.0
20200727.tif,20210717.tif,2643,364.0,False,,,0,row_absent_no_mask_overlap,0.0,17863,15919,19.0,27.0,367.0
20200727.tif,20210717.tif,2644,364.0,False,,,0,row_absent_no_mask_overlap,0.0,17863,15919,19.0,27.0,367.0
20200727.tif,20210717.tif,2648,368.0,False,,,0,row_absent_no_mask_overlap,0.0,18522,16042,60.0,63.0,2715.0
20200727.tif,20210717.tif,2649,372.0,False,,,0,row_absent_no_mask_overlap,0.0,18784,16157,54.0,50.0,1969.0
20200727.tif,20210717.tif,2652,372.0,False,,,0,row_absent_no_mask_overlap,0.0,18784,16157,54.0,50.0,1969.0
20200727.tif,20210717.tif,2657,383.0,False,,,0,row_absent_no_mask_overlap,0.0,19733,16567,60.0,56.0,2569.0
20200727.tif,20210717.tif,2669,392.0,False,,,0,row_absent_no_mask_overlap,0.0,19000,16941,62.0,65.0,3048.0
20200727.tif,20210717.tif,2678,411.0,False,,,0,row_absent_no_mask_overlap,0.0,19392,17273,62.0,58.0,2778.0
20200727.tif,20210717.tif,2694,422.0,True,410.0,410,1,continued_row_with_overlap,0.0,19376,17609,28.0,30.0,664.0
20200727.tif,20210717.tif,2702,432.0,False,,,0,row_absent_no_mask_overlap,0.0,19372,17941,34.0,37.0,897.0
20200727.tif,20210717.tif,2716,461.0,False,,,0,row_absent_no_mask_overlap,0.0,19489,18845,52.0,54.0,2195.0
20200727.tif,20210717.tif,2725,487.0,False,,,0,row_absent_no_mask_overlap,0.0,22264,19707,48.0,52.0,1888.0
20200727.tif,20210717.tif,2727,489.0,True,497.0,497,1,continued_row_with_overlap,0.0,22882,19881,102.0,95.0,7439.0
20200727.tif,20210717.tif,2729,503.0,False,,,0,row_absent_no_mask_overlap,0.0,19934,20529,134.0,150.0,15047.0
20200727.tif,20210717.tif,2730,504.0,True,513.0,513,1,continued_row_with_overlap,0.0,23992,20547,47.0,58.0,2055.0
20200727.tif,20210717.tif,2731,509.0,False,,,0,row_absent_no_mask_overlap,0.0,19987,20689,85.0,75.0,5037.0
20200727.tif,20210717.tif,2732,508.0,False,,,0,row_absent_no_mask_overlap,0.0,20094,20681,60.0,66.0,2950.0
20200727.tif,20210717.tif,2733,515.0,False,,518,1,row_absent_but_mask_overlap,0.0,20805,21113,31.0,31.0,713.0
20200727.tif,20210717.tif,2734,516.0,False,,,0,row_absent_no_mask_overlap,0.0,18007,21519,59.0,48.0,2075.0
20200727.tif,20210717.tif,2754,31.0,False,,,0,row_absent_no_mask_overlap,0.0,19474,6953,16.0,18.0,227.0
20200727.tif,20210717.tif,2755,35.0,False,,,0,row_absent_no_mask_overlap,0.0,10113,7019,31.0,34.0,788.0
20200727.tif,20210717.tif,2756,33.0,True,37.0,,0,continued_row_without_overlap,0.0,10870,7007,22.0,24.0,420.0
20200727.tif,20210717.tif,2757,35.0,False,,,0,row_absent_no_mask_overlap,0.0,10113,7019,31.0,34.0,788.0
20200727.tif,20210717.tif,2758,38.0,False,,,0,row_absent_no_mask_overlap,0.0,10150,7063,20.0,22.0,348.0
20200727.tif,20210717.tif,2759,45.0,False,,,0,row_absent_no_mask_overlap,0.0,10181,7237,31.0,33.0,801.0
20200727.tif,20210717.tif,2760,46.0,True,47.0,47,1,continued_row_with_overlap,0.0,10881,7293,43.0,38.0,1276.0
20200727.tif,20210717.tif,2761,48.0,True,47.0,48,1,continued_row_without_overlap,0.0,10890,7373,25.0,30.0,578.0
20200727.tif,20210717.tif,2762,51.0,False,,,0,row_absent_no_mask_overlap,0.0,16079,7419,31.0,24.0,598.0
20200727.tif,20210717.tif,2772,93.0,False,,99,1,row_absent_but_mask_overlap,0.0,16440,8709,27.0,26.0,493.0
20200727.tif,20210717.tif,2775,99.0,False,,,0,row_absent_no_mask_overlap,0.0,14839,8891,21.0,24.0,384.0
20200727.tif,20210717.tif,2779,129.0,False,,141,1,row_absent_but_mask_overlap,0.0,21016,9583,30.0,38.0,800.0
20200727.tif,20210717.tif,2783,136.0,True,162.0,,0,continued_row_without_overlap,0.0,16332,9949,26.0,24.0,476.0
20200727.tif,20210717.tif,2786,166.0,False,,,0,row_absent_no_mask_overlap,0.0,16814,10417,18.0,16.0,234.0
20200727.tif,20210717.tif,2787,167.0,False,,,0,row_absent_no_mask_overlap,0.0,16208,10437,72.0,66.0,3643.0
20200727.tif,20210717.tif,2788,169.0,False,,,0,row_absent_no_mask_overlap,0.0,16754,10491,16.0,16.0,185.0
20200727.tif,20210717.tif,2789,177.0,True,189.0,189,1,continued_row_with_overlap,0.0,16937,10635,21.0,20.0,313.0
20200727.tif,20210717.tif,2792,182.0,False,,,0,row_absent_no_mask_overlap,0.0,16608,10797,21.0,19.0,319.0
20200727.tif,20210717.tif,2796,197.0,False,,,0,row_absent_no_mask_overlap,0.0,14162,11189,16.0,19.0,250.0
20200727.tif,20210717.tif,2797,201.0,False,,,0,row_absent_no_mask_overlap,0.0,16752,11231,16.0,18.0,196.0
20200727.tif,20210717.tif,2808,246.0,True,282.0,282,1,continued_row_with_overlap,0.0,22639,12805,27.0,29.0,630.0
20200727.tif,20210717.tif,2810,281.0,False,,312,1,row_absent_but_mask_overlap,0.0,17022,13357,18.0,18.0,242.0
20200727.tif,20210717.tif,2812,290.0,True,325.0,325,1,continued_row_with_overlap,0.0,16988,13555,22.0,19.0,287.0
20200727.tif,20210717.tif,2813,290.0,True,325.0,325,1,continued_row_with_overlap,0.0,16988,13555,22.0,19.0,287.0
20200727.tif,20210717.tif,2816,335.0,False,,357,1,row_absent_but_mask_overlap,0.0,18710,14358,90.0,88.0,5836.0
20200727.tif,20210717.tif,2819,369.0,True,379.0,379,1,continued_row_with_overlap,0.0,10044,16051,32.0,29.0,688.0
20200727.tif,20210717.tif,2820,370.0,True,380.0,380,1,continued_row_with_overlap,0.0,10012,16081,28.0,28.0,579.0
20200727.tif,20210717.tif,2835,488.0,True,493.0,493,1,continued_row_with_overlap,0.0,18704,19753,18.0,18.0,213.0
20200727.tif,20210717.tif,2840,2.0,False,,,0,row_absent_no_mask_overlap,0.0,16918,4525,26.0,24.0,469.0
20200727.tif,20210717.tif,2841,4.0,False,,,0,row_absent_no_mask_overlap,0.0,14170,4913,12.0,16.0,155.0
20200727.tif,20210717.tif,2842,5.0,True,6.0,6,1,continued_row_with_overlap,0.0,17808,4961,28.0,28.0,574.0
20200727.tif,20210717.tif,2843,6.0,False,,,0,row_absent_no_mask_overlap,0.0,17714,5023,40.0,49.0,1352.0
20200727.tif,20210717.tif,2844,9.0,False,,,0,row_absent_no_mask_overlap,0.0,13524,5645,10.0,15.0,136.0
20200727.tif,20210717.tif,2845,10.0,False,,,0,row_absent_no_mask_overlap,0.0,13142,5647,24.0,22.0,398.0
20200727.tif,20210717.tif,2846,11.0,False,,,0,row_absent_no_mask_overlap,0.0,14848,5653,20.0,20.0,317.0
20200727.tif,20210717.tif,2847,12.0,False,,,0,row_absent_no_mask_overlap,0.0,14800,5671,24.0,27.0,477.0
20200727.tif,20210717.tif,2848,13.0,False,,,0,row_absent_no_mask_overlap,0.0,13660,5705,16.0,17.0,199.0
20200727.tif,20210717.tif,2849,14.0,False,,,0,row_absent_no_mask_overlap,0.0,14768,5733,17.0,16.0,203.0
20200727.tif,20210717.tif,2850,17.0,False,,,0,row_absent_no_mask_overlap,0.0,14750,5759,18.0,16.0,194.0
20200727.tif,20210717.tif,2851,18.0,False,,,0,row_absent_no_mask_overlap,0.0,15818,5835,10.0,16.0,136.0
20200727.tif,20210717.tif,2852,19.0,False,,,0,row_absent_no_mask_overlap,0.0,15626,5897,21.0,22.0,338.0
20200727.tif,20210717.tif,2853,22.0,False,,,0,row_absent_no_mask_overlap,0.0,15078,6021,20.0,17.0,242.0
20200727.tif,20210717.tif,2854,23.0,False,,,0,row_absent_no_mask_overlap,0.0,13092,6035,20.0,19.0,277.0
20200727.tif,20210717.tif,2855,24.0,False,,,0,row_absent_no_mask_overlap,0.0,13774,6091,14.0,17.0,181.0
20200727.tif,20210717.tif,2856,26.0,True,26.0,26,1,continued_row_with_overlap,0.0,16730,6667,22.0,21.0,315.0
20200727.tif,20210717.tif,2857,34.0,True,37.0,,0,continued_row_without_overlap,0.0,10830,7015,22.0,18.0,333.0
20200727.tif,20210717.tif,2858,36.0,False,,36,1,row_absent_but_mask_overlap,0.0,10724,7029,32.0,30.0,720.0
20200727.tif,20210717.tif,2859,37.0,True,37.0,37,1,continued_row_with_overlap,0.0,10844,7041,19.0,18.0,239.0
20200727.tif,20210717.tif,2860,39.0,True,39.0,39,1,continued_row_with_overlap,0.0,10776,7085,41.0,40.0,1134.0
20200727.tif,20210717.tif,2861,40.0,True,38.0,38,1,continued_row_with_overlap,0.0,10846,7085,31.0,30.0,695.0
20200727.tif,20210717.tif,2862,42.0,False,,,0,row_absent_no_mask_overlap,0.0,10134,7153,39.0,36.0,1044.0
20200727.tif,20210717.tif,2863,43.0,True,41.0,41,1,continued_row_with_overlap,0.0,10842,7189,47.0,42.0,1518.0
20200727.tif,20210717.tif,2864,52.0,False,,,0,row_absent_no_mask_overlap,0.0,12102,7421,14.0,15.0,168.0
20200727.tif,20210717.tif,2865,55.0,True,51.0,51,1,continued_row_with_overlap,0.0,15352,7479,12.0,16.0,137.0
20200727.tif,20210717.tif,2866,59.0,False,,,0,row_absent_no_mask_overlap,0.0,11921,7643,15.0,16.0,173.0
20200727.tif,20210717.tif,2867,62.0,False,,,0,row_absent_no_mask_overlap,0.0,11096,7685,30.0,27.0,633.0
20200727.tif,20210717.tif,2868,71.0,False,,,0,row_absent_no_mask_overlap,0.0,12940,8047,20.0,18.0,280.0
20200727.tif,20210717.tif,2869,74.0,False,,,0,row_absent_no_mask_overlap,0.0,13586,8251,14.0,16.0,184.0
20200727.tif,20210717.tif,2870,75.0,True,93.0,,0,continued_row_without_overlap,0.0,12336,8259,14.0,18.0,179.0
20200727.tif,20210717.tif,2871,78.0,False,,,0,row_absent_no_mask_overlap,0.0,21766,8330,224.0,264.0,45060.0
20200727.tif,20210717.tif,2872,79.0,True,92.0,92,1,continued_row_with_overlap,0.0,22054,8330,142.0,107.0,12320.0
20200727.tif,20210717.tif,2873,100.0,False,,,0,row_absent_no_mask_overlap,0.0,19376,8913,43.0,48.0,1531.0
20200727.tif,20210717.tif,2874,101.0,True,107.0,107,1,continued_row_with_overlap,0.0,14641,8917,21.0,21.0,362.0
20200727.tif,20210717.tif,2875,104.0,False,,,0,row_absent_no_mask_overlap,0.0,17934,8975,31.0,27.0,620.0
20200727.tif,20210717.tif,2876,105.0,False,,,0,row_absent_no_mask_overlap,0.0,10087,8990,17.0,23.0,259.0
20200727.tif,20210717.tif,2877,108.0,True,116.0,116,1,continued_row_with_overlap,0.0,14902,9043,22.0,22.0,365.0
20200727.tif,20210717.tif,2878,113.0,True,123.0,123,1,continued_row_with_overlap,0.0,14856,9102,20.0,21.0,291.0
20200727.tif,20210717.tif,2879,117.0,False,,,0,row_absent_no_mask_overlap,0.0,22698,9170,80.0,77.0,4460.0
20200727.tif,20210717.tif,2880,119.0,True,131.0,131,1,continued_row_with_overlap,0.0,21102,9311,26.0,24.0,453.0
20200727.tif,20210717.tif,2881,120.0,True,132.0,132,1,continued_row_with_overlap,0.0,15833,9329,25.0,24.0,439.0
20200727.tif,20210717.tif,2882,130.0,False,,,0,row_absent_no_mask_overlap,0.0,21096,9639,24.0,22.0,417.0
20200727.tif,20210717.tif,2883,144.0,False,,,0,row_absent_no_mask_overlap,0.0,23296,10163,34.0,26.0,635.0
20200727.tif,20210717.tif,2884,145.0,True,172.0,172,1,continued_row_with_overlap,0.0,23480,10165,48.0,46.0,1814.0
20200727.tif,20210717.tif,2885,146.0,False,,,0,row_absent_no_mask_overlap,0.0,21562,10169,35.0,37.0,1017.0
20200727.tif,20210717.tif,2886,147.0,False,,,0,row_absent_no_mask_overlap,0.0,15642,10185,39.0,36.0,1042.0
20200727.tif,20210717.tif,2887,148.0,False,,,0,row_absent_no_mask_overlap,0.0,21604,10211,44.0,40.0,1482.0
20200727.tif,20210717.tif,2888,150.0,False,,,0,row_absent_no_mask_overlap,0.0,16572,10255,46.0,43.0,1587.0
20200727.tif,20210717.tif,2889,154.0,False,,,0,row_absent_no_mask_overlap,0.0,21634,10312,49.0,41.0,1424.0
20200727.tif,20210717.tif,2890,157.0,False,,,0,row_absent_no_mask_overlap,0.0,15689,10363,45.0,49.0,1608.0
20200727.tif,20210717.tif,2891,168.0,False,,,0,row_absent_no_mask_overlap,0.0,21501,10451,37.0,39.0,1051.0
20200727.tif,20210717.tif,2892,171.0,False,,,0,row_absent_no_mask_overlap,0.0,15774,10547,30.0,33.0,758.0
20200727.tif,20210717.tif,2893,172.0,True,183.0,183,1,continued_row_with_overlap,0.0,16940,10555,12.0,13.0,121.0
20200727.tif,20210717.tif,2894,175.0,True,186.0,186,1,continued_row_with_overlap,0.0,16694,10589,18.0,20.0,269.0
20200727.tif,20210717.tif,2895,178.0,True,188.0,188,1,continued_row_with_overlap,0.0,16827,10637,21.0,20.0,337.0
20200727.tif,20210717.tif,2896,180.0,False,,,0,row_absent_no_mask_overlap,0.0,16456,10723,79.0,88.0,4764.0
20200727.tif,20210717.tif,2897,181.0,False,,193,1,row_absent_but_mask_overlap,0.0,23450,10782,30.0,22.0,476.0
20200727.tif,20210717.tif,2898,184.0,False,,,0,row_absent_no_mask_overlap,0.0,16596,10839,22.0,20.0,333.0
20200727.tif,20210717.tif,2899,185.0,False,,,0,row_absent_no_mask_overlap,0.0,18036,10981,24.0,20.0,393.0
20200727.tif,20210717.tif,2900,186.0,True,197.0,197,1,continued_row_with_overlap,0.0,21664,10985,42.0,46.0,1470.0
20200727.tif,20210717.tif,2901,187.0,False,,,0,row_absent_no_mask_overlap,0.0,21530,11021,44.0,46.0,1497.0
20200727.tif,20210717.tif,2902,189.0,False,,,0,row_absent_no_mask_overlap,0.0,16646,11030,112.0,108.0,9564.0
20200727.tif,20210717.tif,2903,190.0,True,199.0,199,1,continued_row_with_overlap,0.0,23386,11063,68.0,70.0,3402.0
20200727.tif,20210717.tif,2904,191.0,True,201.0,201,1,continued_row_with_overlap,0.0,21878,11075,28.0,27.0,579.0
20200727.tif,20210717.tif,2905,193.0,False,,,0,row_absent_no_mask_overlap,0.0,21768,11119,44.0,56.0,1941.0
20200727.tif,20210717.tif,2906,194.0,True,201.0,,0,continued_row_without_overlap,0.0,21883,11123,39.0,44.0,1328.0
20200727.tif,20210717.tif,2907,196.0,False,,,0,row_absent_no_mask_overlap,0.0,21850,11182,36.0,41.0,1074.0
20200727.tif,20210717.tif,2908,199.0,False,,,0,row_absent_no_mask_overlap,0.0,16941,11223,77.0,80.0,4470.0
20200727.tif,20210717.tif,2909,203.0,False,,,0,row_absent_no_mask_overlap,0.0,13984,11283,14.0,12.0,122.0
20200727.tif,20210717.tif,2910,204.0,False,,,0,row_absent_no_mask_overlap,0.0,16839,11315,39.0,44.0,1347.0
20200727.tif,20210717.tif,2911,206.0,False,,,0,row_absent_no_mask_overlap,0.0,20046,11317,45.0,48.0,1667.0
20200727.tif,20210717.tif,2912,207.0,False,,,0,row_absent_no_mask_overlap,0.0,17942,11341,52.0,52.0,2125.0
20200727.tif,20210717.tif,2913,208.0,False,,,0,row_absent_no_mask_overlap,0.0,21236,11341,32.0,36.0,958.0
20200727.tif,20210717.tif,2914,213.0,True,220.0,220,1,continued_row_with_overlap,0.0,23222,11510,56.0,55.0,2450.0
20200727.tif,20210717.tif,2915,214.0,True,222.0,222,1,continued_row_with_overlap,0.0,22890,11586,42.0,41.0,1283.0
20200727.tif,20210717.tif,2916,217.0,False,,,0,row_absent_no_mask_overlap,0.0,20296,11773,34.0,31.0,821.0
20200727.tif,20210717.tif,2917,218.0,False,,234,1,row_absent_but_mask_overlap,0.0,21942,11861,62.0,60.0,2879.0
20200727.tif,20210717.tif,2918,220.0,True,231.0,231,1,continued_row_with_overlap,0.0,16536,11867,18.0,22.0,312.0
20200727.tif,20210717.tif,2919,221.0,True,235.0,235,1,continued_row_with_overlap,0.0,20296,11935,48.0,41.0,1474.0
20200727.tif,20210717.tif,2920,223.0,True,238.0,238,1,continued_row_with_overlap,0.0,16980,11989,12.0,17.0,148.0
20200727.tif,20210717.tif,2921,227.0,True,251.0,251,1,continued_row_with_overlap,0.0,17062,12165,21.0,21.0,304.0
20200727.tif,20210717.tif,2922,229.0,False,,,0,row_absent_no_mask_overlap,0.0,16560,12229,24.0,24.0,449.0
20200727.tif,20210717.tif,2923,232.0,False,,,0,row_absent_no_mask_overlap,0.0,22656,12341,30.0,27.0,537.0
20200727.tif,20210717.tif,2924,234.0,False,,,0,row_absent_no_mask_overlap,0.0,22754,12397,38.0,34.0,962.0
20200727.tif,20210717.tif,2925,239.0,True,273.0,,0,continued_row_without_overlap,0.0,21804,12603,36.0,34.0,942.0
20200727.tif,20210717.tif,2926,240.0,True,273.0,273,1,continued_row_with_overlap,0.0,21844,12671,34.0,30.0,788.0
20200727.tif,20210717.tif,2927,241.0,False,,,0,row_absent_no_mask_overlap,0.0,21286,12691,44.0,50.0,1691.0
20200727.tif,20210717.tif,2928,242.0,False,,,0,row_absent_no_mask_overlap,0.0,21364,12723,36.0,40.0,1059.0
20200727.tif,20210717.tif,2929,244.0,False,,,0,row_absent_no_mask_overlap,0.0,21552,12773,45.0,50.0,1631.0
20200727.tif,20210717.tif,2930,245.0,False,,,0,row_absent_no_mask_overlap,0.0,21644,12773,32.0,30.0,705.0
20200727.tif,20210717.tif,2931,251.0,False,,,0,row_absent_no_mask_overlap,0.0,21341,12941,27.0,28.0,611.0
20200727.tif,20210717.tif,2932,260.0,False,,,0,row_absent_no_mask_overlap,0.0,20354,13123,32.0,26.0,621.0
20200727.tif,20210717.tif,2933,266.0,False,,300,1,row_absent_but_mask_overlap,0.0,23998,13177,52.0,49.0,1774.0
20200727.tif,20210717.tif,2934,268.0,False,,,0,row_absent_no_mask_overlap,0.0,18862,13195,36.0,40.0,1022.0
20200727.tif,20210717.tif,2935,269.0,False,,,0,row_absent_no_mask_overlap,0.0,21928,13195,30.0,30.0,678.0
20200727.tif,20210717.tif,2936,272.0,False,,,0,row_absent_no_mask_overlap,0.0,22045,13251,49.0,48.0,1860.0
20200727.tif,20210717.tif,2937,276.0,False,,,0,row_absent_no_mask_overlap,0.0,20676,13263,51.0,56.0,2085.0
20200727.tif,20210717.tif,2938,279.0,True,311.0,311,1,continued_row_with_overlap,0.0,22032,13343,39.0,42.0,1208.0
20200727.tif,20210717.tif,2939,280.0,True,309.0,309,1,continued_row_with_overlap,0.0,21592,13353,26.0,30.0,552.0
20200727.tif,20210717.tif,2940,282.0,False,,,0,row_absent_no_mask_overlap,0.0,21414,13359,22.0,20.0,310.0
20200727.tif,20210717.tif,2941,283.0,False,,,0,row_absent_no_mask_overlap,0.0,21458,13379,42.0,52.0,1644.0
20200727.tif,20210717.tif,2942,284.0,False,,,0,row_absent_no_mask_overlap,0.0,19160,13385,26.0,28.0,568.0
20200727.tif,20210717.tif,2943,286.0,True,316.0,316,1,continued_row_with_overlap,0.0,20476,13453,92.0,81.0,5645.0
20200727.tif,20210717.tif,2944,288.0,False,,,0,row_absent_no_mask_overlap,0.0,16486,13513,14.0,16.0,172.0
20200727.tif,20210717.tif,2945,289.0,True,320.0,320,1,continued_row_with_overlap,0.0,21804,13525,28.0,30.0,691.0
20200727.tif,20210717.tif,2946,292.0,True,323.0,323,1,continued_row_with_overlap,0.0,19943,13571,55.0,48.0,1980.0
20200727.tif,20210717.tif,2947,295.0,True,328.0,328,1,continued_row_with_overlap,0.0,21954,13637,48.0,44.0,1524.0
20200727.tif,20210717.tif,2948,298.0,False,,,0,row_absent_no_mask_overlap,0.0,19793,13655,55.0,57.0,2319.0
20200727.tif,20210717.tif,2949,299.0,True,330.0,,0,continued_row_without_overlap,0.0,24341,13663,21.0,22.0,300.0
20200727.tif,20210717.tif,2950,301.0,True,329.0,329,1,continued_row_with_overlap,0.0,19981,13683,40.0,37.0,1130.0
20200727.tif,20210717.tif,2951,302.0,True,331.0,331,1,continued_row_with_overlap,0.0,21840,13687,42.0,44.0,1376.0
20200727.tif,20210717.tif,2952,303.0,False,,,0,row_absent_no_mask_overlap,0.0,24338,13703,32.0,36.0,886.0
20200727.tif,20210717.tif,2953,304.0,False,,,0,row_absent_no_mask_overlap,0.0,18162,13713,49.0,49.0,1987.0
20200727.tif,20210717.tif,2954,305.0,False,,,0,row_absent_no_mask_overlap,0.0,21958,13723,31.0,27.0,617.0
20200727.tif,20210717.tif,2955,306.0,True,330.0,,0,continued_row_without_overlap,0.0,24296,13735,28.0,29.0,582.0
20200727.tif,20210717.tif,2956,310.0,False,,,0,row_absent_no_mask_overlap,0.0,24467,13845,33.0,37.0,1019.0
20200727.tif,20210717.tif,2957,312.0,False,,,0,row_absent_no_mask_overlap,0.0,19515,13852,55.0,46.0,2055.0
20200727.tif,20210717.tif,2958,314.0,True,338.0,338,1,continued_row_with_overlap,0.0,18254,13889,28.0,29.0,639.0
20200727.tif,20210717.tif,2959,315.0,True,340.0,340,1,continued_row_with_overlap,0.0,19681,13911,49.0,47.0,1813.0
20200727.tif,20210717.tif,2960,316.0,False,,,0,row_absent_no_mask_overlap,0.0,21742,13942,20.0,21.0,320.0
20200727.tif,20210717.tif,2961,317.0,False,,,0,row_absent_no_mask_overlap,0.0,21770,13975,12.0,17.0,171.0
20200727.tif,20210717.tif,2962,320.0,False,,,0,row_absent_no_mask_overlap,0.0,18274,14017,44.0,44.0,1413.0
20200727.tif,20210717.tif,2963,327.0,False,,348,1,row_absent_but_mask_overlap,0.0,18450,14101,33.0,30.0,748.0
20200727.tif,20210717.tif,2964,328.0,False,,,0,row_absent_no_mask_overlap,0.0,21240,14103,32.0,39.0,997.0
20200727.tif,20210717.tif,2965,329.0,False,,,0,row_absent_no_mask_overlap,0.0,19848,14105,58.0,57.0,2536.0
20200727.tif,20210717.tif,2966,334.0,False,,,0,row_absent_no_mask_overlap,0.0,20290,14334,38.0,45.0,1316.0
20200727.tif,20210717.tif,2967,336.0,False,,,0,row_absent_no_mask_overlap,0.0,17876,14375,28.0,28.0,583.0
20200727.tif,20210717.tif,2968,337.0,False,,,0,row_absent_no_mask_overlap,0.0,17666,14414,32.0,48.0,1182.0
20200727.tif,20210717.tif,2969,338.0,False,,,0,row_absent_no_mask_overlap,0.0,13740,14419,14.0,16.0,170.0
20200727.tif,20210717.tif,2970,339.0,False,,,0,row_absent_no_mask_overlap,0.0,19190,14423,42.0,47.0,1508.0
20200727.tif,20210717.tif,2971,340.0,False,,,0,row_absent_no_mask_overlap,0.0,17782,14445,51.0,48.0,1916.0
20200727.tif,20210717.tif,2972,341.0,False,,,0,row_absent_no_mask_overlap,0.0,20321,14457,41.0,48.0,1602.0
20200727.tif,20210717.tif,2973,342.0,True,360.0,360,1,continued_row_with_overlap,0.0,19860,14461,39.0,38.0,1229.0
20200727.tif,20210717.tif,2974,343.0,True,359.0,359,1,continued_row_with_overlap,0.0,20938,14477,34.0,30.0,717.0
20200727.tif,20210717.tif,2975,344.0,False,,,0,row_absent_no_mask_overlap,0.0,19678,14530,48.0,40.0,1457.0
20200727.tif,20210717.tif,2976,345.0,False,,,0,row_absent_no_mask_overlap,0.0,19760,14539,34.0,35.0,847.0
20200727.tif,20210717.tif,2977,346.0,False,,,0,row_absent_no_mask_overlap,0.0,19648,14583,50.0,46.0,1758.0
20200727.tif,20210717.tif,2978,347.0,False,,,0,row_absent_no_mask_overlap,0.0,20567,14617,35.0,41.0,1091.0
20200727.tif,20210717.tif,2979,351.0,True,366.0,,0,continued_row_without_overlap,0.0,20551,14775,31.0,35.0,871.0
20200727.tif,20210717.tif,2980,353.0,False,,,0,row_absent_no_mask_overlap,0.0,21010,14857,44.0,46.0,1618.0
20200727.tif,20210717.tif,2981,354.0,True,368.0,368,1,continued_row_with_overlap,0.0,20850,14890,45.0,39.0,1351.0
20200727.tif,20210717.tif,2982,355.0,False,,,0,row_absent_no_mask_overlap,0.0,21079,14893,29.0,25.0,584.0
20200727.tif,20210717.tif,2983,356.0,False,,,0,row_absent_no_mask_overlap,0.0,12328,14995,12.0,12.0,135.0
20200727.tif,20210717.tif,2984,357.0,True,373.0,373,1,continued_row_with_overlap,0.0,18295,15053,39.0,37.0,1076.0
20200727.tif,20210717.tif,2985,360.0,False,,,0,row_absent_no_mask_overlap,0.0,17406,15535,22.0,30.0,518.0
20200727.tif,20210717.tif,2986,362.0,False,,,0,row_absent_no_mask_overlap,0.0,15462,15771,40.0,42.0,1285.0
20200727.tif,20210717.tif,2987,366.0,False,,,0,row_absent_no_mask_overlap,0.0,14988,15997,26.0,34.0,694.0
20200727.tif,20210717.tif,2988,371.0,False,,,0,row_absent_no_mask_overlap,0.0,18002,16090,20.0,20.0,272.0
20200727.tif,20210717.tif,2989,373.0,True,382.0,382,1,continued_row_with_overlap,0.0,10140,16161,30.0,26.0,582.0
20200727.tif,20210717.tif,2990,375.0,True,385.0,385,1,continued_row_with_overlap,0.0,10108,16189,28.0,30.0,613.0
20200727.tif,20210717.tif,2991,376.0,False,,,0,row_absent_no_mask_overlap,0.0,13766,16209,18.0,16.0,222.0
20200727.tif,20210717.tif,2992,377.0,False,,,0,row_absent_no_mask_overlap,0.0,15828,16419,36.0,42.0,1127.0
20200727.tif,20210717.tif,2993,384.0,True,390.0,390,1,continued_row_with_overlap,0.0,16098,16691,48.0,52.0,1980.0
20200727.tif,20210717.tif,2994,387.0,False,,,0,row_absent_no_mask_overlap,0.0,16060,16851,42.0,46.0,1508.0
20200727.tif,20210717.tif,2995,394.0,False,,,0,row_absent_no_mask_overlap,0.0,14666,17009,18.0,18.0,273.0
20200727.tif,20210717.tif,2996,395.0,False,,,0,row_absent_no_mask_overlap,0.0,15426,17025,60.0,55.0,2462.0
20200727.tif,20210717.tif,2997,397.0,False,,,0,row_absent_no_mask_overlap,0.0,20256,17067,40.0,42.0,1178.0
20200727.tif,20210717.tif,2998,400.0,True,396.0,,0,continued_row_without_overlap,0.0,20321,17116,20.0,24.0,356.0
20200727.tif,20210717.tif,2999,401.0,False,,,0,row_absent_no_mask_overlap,0.0,20242,17137,20.0,21.0,322.0
20200727.tif,20210717.tif,3000,403.0,False,,,0,row_absent_no_mask_overlap,0.0,21526,17167,52.0,53.0,1972.0
20200727.tif,20210717.tif,3001,404.0,False,,,0,row_absent_no_mask_overlap,0.0,20426,17189,15.0,17.0,212.0
20200727.tif,20210717.tif,3002,405.0,False,,,0,row_absent_no_mask_overlap,0.0,18388,17195,36.0,40.0,1048.0
20200727.tif,20210717.tif,3003,406.0,True,396.0,396,1,continued_row_with_overlap,0.0,20346,17197,28.0,20.0,396.0
20200727.tif,20210717.tif,3004,408.0,True,398.0,398,1,continued_row_with_overlap,0.0,15526,17239,18.0,20.0,231.0
20200727.tif,20210717.tif,3005,409.0,False,,,0,row_absent_no_mask_overlap,0.0,20520,17249,50.0,54.0,2145.0
20200727.tif,20210717.tif,3006,412.0,False,,,0,row_absent_no_mask_overlap,0.0,20417,17373,19.0,19.0,282.0
20200727.tif,20210717.tif,3007,413.0,True,400.0,400,1,continued_row_with_overlap,0.0,20244,17387,32.0,34.0,822.0
20200727.tif,20210717.tif,3008,414.0,False,,,0,row_absent_no_mask_overlap,0.0,20464,17391,28.0,30.0,603.0
20200727.tif,20210717.tif,3009,415.0,True,402.0,402,1,continued_row_with_overlap,0.0,20173,17415,29.0,29.0,614.0
20200727.tif,20210717.tif,3010,416.0,False,,,0,row_absent_no_mask_overlap,0.0,20410,17425,40.0,42.0,1222.0
20200727.tif,20210717.tif,3011,419.0,True,407.0,407,1,continued_row_with_overlap,0.0,20235,17551,31.0,32.0,731.0
20200727.tif,20210717.tif,3012,420.0,True,409.0,409,1,continued_row_with_overlap,0.0,20428,17573,36.0,41.0,1151.0
20200727.tif,20210717.tif,3013,421.0,False,,,0,row_absent_no_mask_overlap,0.0,20526,17593,31.0,38.0,872.0
20200727.tif,20210717.tif,3014,423.0,False,,411,1,row_absent_but_mask_overlap,0.0,19978,17635,24.0,28.0,452.0
20200727.tif,20210717.tif,3015,427.0,False,,,0,row_absent_no_mask_overlap,0.0,19019,17787,32.0,26.0,651.0
20200727.tif,20210717.tif,3016,428.0,False,,,0,row_absent_no_mask_overlap,0.0,19066,17787,34.0,34.0,913.0
20200727.tif,20210717.tif,3017,430.0,True,417.0,417,1,continued_row_with_overlap,0.0,17446,17859,16.0,20.0,226.0
20200727.tif,20210717.tif,3018,431.0,True,419.0,419,1,continued_row_with_overlap,0.0,19820,17891,24.0,18.0,315.0
20200727.tif,20210717.tif,3019,433.0,True,425.0,425,1,continued_row_with_overlap,0.0,20449,18232,36.0,35.0,986.0
20200727.tif,20210717.tif,3020,435.0,False,,,0,row_absent_no_mask_overlap,0.0,19518,18287,16.0,20.0,252.0
20200727.tif,20210717.tif,3021,438.0,False,,,0,row_absent_no_mask_overlap,0.0,18962,18317,18.0,20.0,272.0
20200727.tif,20210717.tif,3022,439.0,True,430.0,430,1,continued_row_with_overlap,0.0,18458,18321,16.0,14.0,184.0
20200727.tif,20210717.tif,3023,442.0,False,,,0,row_absent_no_mask_overlap,0.0,17566,18381,41.0,38.0,1222.0
20200727.tif,20210717.tif,3024,443.0,False,,,0,row_absent_no_mask_overlap,0.0,20711,18432,25.0,27.0,576.0
20200727.tif,20210717.tif,3025,448.0,False,,,0,row_absent_no_mask_overlap,0.0,17662,18599,36.0,33.0,982.0
20200727.tif,20210717.tif,3026,450.0,True,445.0,445,1,continued_row_with_overlap,0.0,20294,18667,34.0,40.0,986.0
20200727.tif,20210717.tif,3027,451.0,True,447.0,447,1,continued_row_with_overlap,0.0,21944,18699,24.0,20.0,335.0
20200727.tif,20210717.tif,3028,452.0,False,,448,1,row_absent_but_mask_overlap,0.0,17609,18725,46.0,46.0,1482.0
20200727.tif,20210717.tif,3029,455.0,False,,,0,row_absent_no_mask_overlap,0.0,18214,18799,34.0,35.0,828.0
20200727.tif,20210717.tif,3030,456.0,False,,,0,row_absent_no_mask_overlap,0.0,19622,18809,40.0,44.0,1284.0
20200727.tif,20210717.tif,3031,457.0,False,,,0,row_absent_no_mask_overlap,0.0,20212,18813,54.0,52.0,1981.0
20200727.tif,20210717.tif,3032,462.0,False,,,0,row_absent_no_mask_overlap,0.0,17896,18876,13.0,16.0,137.0
20200727.tif,20210717.tif,3033,467.0,False,,,0,row_absent_no_mask_overlap,0.0,21650,18917,46.0,46.0,1590.0
20200727.tif,20210717.tif,3034,470.0,False,,,0,row_absent_no_mask_overlap,0.0,21766,19055,22.0,22.0,360.0
20200727.tif,20210717.tif,3035,471.0,True,472.0,472,1,continued_row_with_overlap,0.0,17282,19113,14.0,14.0,136.0
20200727.tif,20210717.tif,3036,473.0,False,,,0,row_absent_no_mask_overlap,0.0,22071,19264,43.0,39.0,1211.0
20200727.tif,20210717.tif,3037,475.0,True,484.0,484,1,continued_row_with_overlap,0.0,22358,19369,18.0,14.0,188.0
20200727.tif,20210717.tif,3038,478.0,False,,,0,row_absent_no_mask_overlap,0.0,20998,19445,44.0,52.0,1716.0
20200727.tif,20210717.tif,3039,482.0,False,,,0,row_absent_no_mask_overlap,0.0,22192,19551,28.0,25.0,488.0
20200727.tif,20210717.tif,3040,486.0,False,,,0,row_absent_no_mask_overlap,0.0,20050,19707,296.0,334.0,71640.0
20200727.tif,20210717.tif,3041,490.0,False,,,0,row_absent_no_mask_overlap,0.0,22703,19889,29.0,35.0,739.0
20200727.tif,20210717.tif,3042,491.0,False,,,0,row_absent_no_mask_overlap,0.0,21530,19931,52.0,56.0,2065.0
20200727.tif,20210717.tif,3043,493.0,False,,,0,row_absent_no_mask_overlap,0.0,17722,19969,14.0,12.0,112.0
20200727.tif,20210717.tif,3044,494.0,False,,,0,row_absent_no_mask_overlap,0.0,21360,20039,36.0,40.0,1156.0
20200727.tif,20210717.tif,3045,495.0,True,506.0,506,1,continued_row_with_overlap,0.0,18748,20097,16.0,14.0,167.0
20200727.tif,20210717.tif,3046,497.0,True,509.0,509,1,continued_row_with_overlap,0.0,23172,20225,21.0,24.0,359.0
20200727.tif,20210717.tif,3047,499.0,False,,,0,row_absent_no_mask_overlap,0.0,24046,20311,34.0,36.0,808.0
20200727.tif,20210717.tif,3048,500.0,False,,,0,row_absent_no_mask_overlap,0.0,18382,20357,16.0,20.0,240.0
20200727.tif,20210717.tif,3049,502.0,False,,,0,row_absent_no_mask_overlap,0.0,23616,20451,30.0,34.0,748.0
20200727.tif,20210717.tif,3050,505.0,False,,,0,row_absent_no_mask_overlap,0.0,19014,20569,26.0,30.0,595.0
20200727.tif,20210717.tif,3051,510.0,False,,,0,row_absent_no_mask_overlap,0.0,24186,20695,37.0,41.0,1159.0
20200727.tif,20210717.tif,3052,512.0,False,,,0,row_absent_no_mask_overlap,0.0,24265,20849,33.0,28.0,663.0
20200727.tif,20210717.tif,3053,513.0,False,,,0,row_absent_no_mask_overlap,0.0,20898,20881,16.0,16.0,188.0
20200727.tif,20210717.tif,3054,514.0,False,,,0,row_absent_no_mask_overlap,0.0,20966,20935,16.0,24.0,324.0
20200727.tif,20210717.tif,3055,517.0,False,,,0,row_absent_no_mask_overlap,0.0,24112,21869,14.0,15.0,142.0
