source_row,row,col,archived_area,component_id,area_pixels,image
0,225,4190,2473,2.0,2483.0,201408ddyw.tif
1,253,4348,3121,3.0,3149.0,201408ddyw.tif
2,453,3510,9601,7.0,9622.0,201408ddyw.tif
3,477,3342,9658,8.0,9668.0,201408ddyw.tif
4,609,2470,936,10.0,960.0,201408ddyw.tif
5,919,1846,228,11.0,245.0,201408ddyw.tif
6,1271,3896,2166,12.0,2184.0,201408ddyw.tif
7,1443,2021,3276,16.0,3290.0,201408ddyw.tif
8,1455,2106,6145,17.0,6190.0,201408ddyw.tif
9,1465,6447,2947,19.0,2973.0,201408ddyw.tif
10,1649,6514,3592,20.0,3612.0,201408ddyw.tif
11,1835,3127,2623,23.0,2634.0,201408ddyw.tif
12,1837,6258,3094,24.0,3104.0,201408ddyw.tif
13,2001,6120,2024,25.0,2072.0,201408ddyw.tif
14,2013,7072,4611,26.0,4610.0,201408ddyw.tif
15,2071,7020,2524,28.0,2541.0,201408ddyw.tif
16,2085,3497,4483,29.0,4492.0,201408ddyw.tif
17,2105,6530,6343,31.0,6367.0,201408ddyw.tif
18,2109,6106,4902,32.0,4956.0,201408ddyw.tif
19,2131,4844,1419,33.0,1442.0,201408ddyw.tif
20,2153,2990,2577,35.0,2599.0,201408ddyw.tif
21,2183,3660,4609,37.0,4618.0,201408ddyw.tif
22,2187,2556,2638,38.0,2646.0,201408ddyw.tif
23,2201,6322,136,40.0,144.0,201408ddyw.tif
24,2243,2820,571,41.0,587.0,201408ddyw.tif
25,2253,2931,3446,42.0,3454.0,201408ddyw.tif
26,2293,4222,1421,43.0,1450.0,201408ddyw.tif
27,2295,7514,3477,44.0,3488.0,201408ddyw.tif
28,2303,4382,1767,45.0,1776.0,201408ddyw.tif
29,2319,4282,1996,46.0,2007.0,201408ddyw.tif
30,2321,7594,7717,47.0,7733.0,201408ddyw.tif
31,2329,5922,5817,48.0,5873.0,201408ddyw.tif
32,2337,3658,2221,49.0,2244.0,201408ddyw.tif
33,2359,2750,985,50.0,992.0,201408ddyw.tif
34,2369,3587,4223,51.0,4220.0,201408ddyw.tif
35,2391,6054,2580,52.0,2622.0,201408ddyw.tif
36,2393,3448,1939,53.0,1964.0,201408ddyw.tif
37,2407,4334,3268,55.0,3281.0,201408ddyw.tif
38,2415,2247,1891,57.0,1914.0,201408ddyw.tif
39,2433,6982,6758,58.0,6768.0,201408ddyw.tif
40,2451,2832,2338,60.0,2361.0,201408ddyw.tif
41,2457,6332,4156,61.0,4192.0,201408ddyw.tif
42,2466,3942,940,62.0,950.0,201408ddyw.tif
43,2497,2627,2006,64.0,2024.0,201408ddyw.tif
44,2511,7726,6067,65.0,6107.0,201408ddyw.tif
45,2519,2560,2330,66.0,2339.0,201408ddyw.tif
46,2551,6816,2050,67.0,2080.0,201408ddyw.tif
47,2557,7002,3097,68.0,3115.0,201408ddyw.tif
48,2585,4053,4373,69.0,4407.0,201408ddyw.tif
49,2587,2064,1228,70.0,1244.0,201408ddyw.tif
50,2603,3928,1810,71.0,1832.0,201408ddyw.tif
51,2613,4148,1351,72.0,1356.0,201408ddyw.tif
52,2617,5352,2958,73.0,2984.0,201408ddyw.tif
53,2641,3880,1161,75.0,1179.0,201408ddyw.tif
54,2663,2566,1323,78.0,1342.0,201408ddyw.tif
55,2681,6266,4313,79.0,4326.0,201408ddyw.tif
56,2685,4406,1683,80.0,1700.0,201408ddyw.tif
57,2689,7558,313,81.0,324.0,201408ddyw.tif
58,2701,3790,2827,82.0,2872.0,201408ddyw.tif
59,2705,8112,4244,83.0,4258.0,201408ddyw.tif
60,2713,3652,3721,84.0,3743.0,201408ddyw.tif
61,2757,6100,3647,85.0,3661.0,201408ddyw.tif
62,2763,8484,8046,86.0,8068.0,201408ddyw.tif
63,2767,5048,4012,87.0,4016.0,201408ddyw.tif
64,2779,3072,4515,88.0,4550.0,201408ddyw.tif
65,2785,1729,3465,89.0,3477.0,201408ddyw.tif
66,2819,4584,5005,90.0,5030.0,201408ddyw.tif
67,2827,3770,4229,91.0,4255.0,201408ddyw.tif
68,2837,5008,2449,93.0,2479.0,201408ddyw.tif
69,2839,4052,2684,95.0,2699.0,201408ddyw.tif
70,2843,3904,2904,96.0,2938.0,201408ddyw.tif
71,2851,6276,2203,97.0,2235.0,201408ddyw.tif
72,2881,1620,3161,98.0,3170.0,201408ddyw.tif
73,2889,5870,1840,99.0,1875.0,201408ddyw.tif
74,2895,1706,3109,100.0,3129.0,201408ddyw.tif
75,2895,2701,6372,101.0,6392.0,201408ddyw.tif
76,2907,1861,3124,103.0,3157.0,201408ddyw.tif
77,2951,3870,1461,105.0,1483.0,201408ddyw.tif
78,2967,2224,8427,106.0,8449.0,201408ddyw.tif
79,2991,4474,2370,107.0,2378.0,201408ddyw.tif
80,2995,3930,2162,108.0,2179.0,201408ddyw.tif
81,3025,6854,7918,109.0,7944.0,201408ddyw.tif
82,3027,3460,2682,110.0,2696.0,201408ddyw.tif
83,3053,4550,3478,111.0,3482.0,201408ddyw.tif
84,3063,3140,1950,112.0,1955.0,201408ddyw.tif
85,3065,6147,2344,113.0,2358.0,201408ddyw.tif
86,3071,4402,788,114.0,804.0,201408ddyw.tif
87,3077,6434,168,115.0,175.0,201408ddyw.tif
88,3083,4026,5682,116.0,5708.0,201408ddyw.tif
89,3110,4606,2472,118.0,2496.0,201408ddyw.tif
90,3121,6942,15286,119.0,15320.0,201408ddyw.tif
91,3137,2525,10140,120.0,10169.0,201408ddyw.tif
92,3149,1814,7784,121.0,7829.0,201408ddyw.tif
93,3163,9384,6534,123.0,6555.0,201408ddyw.tif
94,3169,5106,2468,124.0,2479.0,201408ddyw.tif
95,3173,4252,4431,125.0,4469.0,201408ddyw.tif
96,3204,2364,2288,127.0,2305.0,201408ddyw.tif
97,3229,3486,2858,128.0,2870.0,201408ddyw.tif
98,3263,2428,4423,131.0,4464.0,201408ddyw.tif
99,3350,2382,2580,133.0,2610.0,201408ddyw.tif
100,3359,11758,1589,134.0,1598.0,201408ddyw.tif
101,3377,10278,23547,135.0,23536.0,201408ddyw.tif
102,3381,4170,24788,138.0,24836.0,201408ddyw.tif
103,3407,11152,311,140.0,322.0,201408ddyw.tif
104,3435,7246,839,142.0,858.0,201408ddyw.tif
105,3449,8392,157,143.0,162.0,201408ddyw.tif
106,3449,10464,8640,144.0,8679.0,201408ddyw.tif
107,3457,7908,2816,145.0,2844.0,201408ddyw.tif
108,3483,3662,10417,148.0,10452.0,201408ddyw.tif
109,3493,1981,3453,149.0,3486.0,201408ddyw.tif
110,3522,4554,4919,151.0,4969.0,201408ddyw.tif
111,3523,4734,2272,152.0,2313.0,201408ddyw.tif
112,3539,12990,1847,153.0,1854.0,201408ddyw.tif
113,3543,1837,4022,154.0,4046.0,201408ddyw.tif
114,3585,1733,4876,157.0,4917.0,201408ddyw.tif
115,3597,2128,3428,158.0,3440.0,201408ddyw.tif
116,3627,6410,2324,159.0,2343.0,201408ddyw.tif
117,3649,2300,2020,160.0,2048.0,201408ddyw.tif
118,3653,3235,7217,161.0,7241.0,201408ddyw.tif
119,3657,2362,24762,162.0,24780.0,201408ddyw.tif
120,3657,12204,4421,163.0,4447.0,201408ddyw.tif
121,3665,1639,5284,164.0,5322.0,201408ddyw.tif
122,3671,12086,6123,165.0,6138.0,201408ddyw.tif
123,3721,12480,1522,166.0,1548.0,201408ddyw.tif
124,3725,12907,11336,167.0,11357.0,201408ddyw.tif
125,3733,11849,14376,168.0,14412.0,201408ddyw.tif
126,3797,1665,2916,171.0,2940.0,201408ddyw.tif
127,3805,1594,472,172.0,486.0,201408ddyw.tif
128,3809,2605,4521,173.0,4533.0,201408ddyw.tif
129,3817,13232,4054,174.0,4074.0,201408ddyw.tif
130,3823,5400,128,175.0,137.0,201408ddyw.tif
131,3823,7414,282,176.0,292.0,201408ddyw.tif
132,3853,4711,1086,177.0,1100.0,201408ddyw.tif
133,3879,2412,2102,178.0,2123.0,201408ddyw.tif
134,3889,2012,9134,179.0,9170.0,201408ddyw.tif
135,3893,2784,3019,180.0,3063.0,201408ddyw.tif
136,3909,9533,3229,183.0,3243.0,201408ddyw.tif
137,3913,2186,2071,184.0,2101.0,201408ddyw.tif
138,3931,8493,329,185.0,344.0,201408ddyw.tif
139,3937,4928,16545,186.0,16569.0,201408ddyw.tif
140,3949,6542,3997,187.0,4011.0,201408ddyw.tif
141,4005,3291,2252,189.0,2270.0,201408ddyw.tif
142,4025,969,2887,190.0,2920.0,201408ddyw.tif
143,4039,1845,14775,191.0,14778.0,201408ddyw.tif
144,4045,3001,3053,192.0,3093.0,201408ddyw.tif
145,4047,2053,4604,193.0,4632.0,201408ddyw.tif
146,4067,4790,2770,197.0,2788.0,201408ddyw.tif
147,4069,8810,1214,198.0,1252.0,201408ddyw.tif
148,4087,5858,263,199.0,275.0,201408ddyw.tif
149,4105,2501,3148,200.0,3177.0,201408ddyw.tif
150,4109,3950,1520,201.0,1529.0,201408ddyw.tif
151,4119,6744,392,202.0,399.0,201408ddyw.tif
152,4125,8548,1326,203.0,1338.0,201408ddyw.tif
153,4127,6624,138,204.0,148.0,201408ddyw.tif
154,4129,2374,2673,205.0,2697.0,201408ddyw.tif
155,4169,12828,1879,206.0,1908.0,201408ddyw.tif
156,4201,5818,500,207.0,506.0,201408ddyw.tif
157,4205,6501,3098,208.0,3124.0,201408ddyw.tif
158,4241,7214,249,209.0,266.0,201408ddyw.tif
159,4251,2612,1174,210.0,1189.0,201408ddyw.tif
160,4251,5896,321,211.0,333.0,201408ddyw.tif
161,4295,4270,2055,213.0,2075.0,201408ddyw.tif
162,4311,8823,636,214.0,650.0,201408ddyw.tif
163,4335,8794,356,215.0,368.0,201408ddyw.tif
164,4341,12992,17254,216.0,17279.0,201408ddyw.tif
165,4347,4174,6083,217.0,6093.0,201408ddyw.tif
166,4418,1289,17359,219.0,17375.0,201408ddyw.tif
167,4423,9330,1838,220.0,1850.0,201408ddyw.tif
168,4429,8312,1145,221.0,1162.0,201408ddyw.tif
169,4437,2746,3481,222.0,3494.0,201408ddyw.tif
170,4445,4470,9060,224.0,9087.0,201408ddyw.tif
171,4465,1876,4433,226.0,4445.0,201408ddyw.tif
172,4467,3118,2811,227.0,2826.0,201408ddyw.tif
173,4490,1617,12394,228.0,12414.0,201408ddyw.tif
174,4498,2801,1861,229.0,1873.0,201408ddyw.tif
175,4503,3443,11632,230.0,11639.0,201408ddyw.tif
176,4518,1757,4968,232.0,4976.0,201408ddyw.tif
177,4543,7946,2414,233.0,2454.0,201408ddyw.tif
178,4553,8756,132,234.0,147.0,201408ddyw.tif
179,4565,3928,2045,235.0,2068.0,201408ddyw.tif
180,4567,3782,3620,236.0,3633.0,201408ddyw.tif
181,4642,12882,428,238.0,448.0,201408ddyw.tif
182,4645,13284,6418,240.0,6428.0,201408ddyw.tif
183,4650,2550,2370,241.0,2387.0,201408ddyw.tif
184,4651,7726,236,242.0,248.0,201408ddyw.tif
185,4681,4490,2434,243.0,2463.0,201408ddyw.tif
186,4695,3434,2984,244.0,3020.0,201408ddyw.tif
187,4697,4226,5174,245.0,5178.0,201408ddyw.tif
188,4746,8574,3108,247.0,3125.0,201408ddyw.tif
189,4757,8766,171,248.0,179.0,201408ddyw.tif
190,4781,4624,4572,249.0,4599.0,201408ddyw.tif
191,4783,6649,1620,250.0,1646.0,201408ddyw.tif
192,4785,3494,1715,251.0,1734.0,201408ddyw.tif
193,4842,2229,6606,252.0,6634.0,201408ddyw.tif
194,4857,1554,4825,255.0,4848.0,201408ddyw.tif
195,4889,3113,3169,257.0,3187.0,201408ddyw.tif
196,4902,3785,2451,258.0,2474.0,201408ddyw.tif
197,4925,3428,1338,259.0,1366.0,201408ddyw.tif
198,4935,3356,2332,260.0,2360.0,201408ddyw.tif
199,4959,1458,8529,261.0,8572.0,201408ddyw.tif
200,4959,3149,4190,262.0,4209.0,201408ddyw.tif
201,4997,3460,3916,263.0,3950.0,201408ddyw.tif
202,4999,10514,195,264.0,206.0,201408ddyw.tif
203,5011,4307,3826,265.0,3836.0,201408ddyw.tif
204,5015,7326,1783,266.0,1798.0,201408ddyw.tif
205,5022,3590,2616,267.0,2632.0,201408ddyw.tif
206,5040,4620,5176,268.0,5193.0,201408ddyw.tif
207,5045,5828,3788,269.0,3798.0,201408ddyw.tif
208,5059,3748,1570,270.0,1585.0,201408ddyw.tif
209,5122,5774,3371,271.0,3386.0,201408ddyw.tif
210,5147,3234,3939,272.0,3951.0,201408ddyw.tif
211,5153,4574,3804,273.0,3823.0,201408ddyw.tif
212,5170,3968,3750,274.0,3788.0,201408ddyw.tif
213,5177,5445,3924,275.0,3953.0,201408ddyw.tif
214,5231,5357,3871,276.0,3896.0,201408ddyw.tif
215,5242,6018,7280,277.0,7292.0,201408ddyw.tif
216,5283,4508,4225,278.0,4242.0,201408ddyw.tif
217,5287,3366,2259,279.0,2289.0,201408ddyw.tif
218,5309,4974,5224,280.0,5243.0,201408ddyw.tif
219,5309,6154,3103,281.0,3112.0,201408ddyw.tif
220,5385,4728,2823,282.0,2851.0,201408ddyw.tif
221,5393,3768,2684,283.0,2716.0,201408ddyw.tif
222,5397,2790,5600,284.0,5633.0,201408ddyw.tif
223,5459,4874,3584,286.0,3603.0,201408ddyw.tif
224,5461,6652,4683,287.0,4709.0,201408ddyw.tif
225,5489,3690,5505,288.0,5525.0,201408ddyw.tif
226,5491,3826,3914,289.0,3922.0,201408ddyw.tif
227,5498,2553,8276,291.0,8318.0,201408ddyw.tif
228,5499,4792,3256,292.0,3269.0,201408ddyw.tif
229,5531,6435,4284,293.0,4311.0,201408ddyw.tif
230,5583,4484,1769,294.0,1797.0,201408ddyw.tif
231,5591,6346,3241,295.0,3266.0,201408ddyw.tif
232,5639,5284,4479,296.0,4500.0,201408ddyw.tif
233,5657,3432,2219,297.0,2242.0,201408ddyw.tif
234,5695,3546,5355,299.0,5369.0,201408ddyw.tif
235,5699,5502,4365,300.0,4380.0,201408ddyw.tif
236,5719,6616,5711,302.0,5733.0,201408ddyw.tif
237,5726,4584,2161,303.0,2175.0,201408ddyw.tif
238,5742,3710,3062,304.0,3089.0,201408ddyw.tif
239,5762,3366,13063,305.0,13110.0,201408ddyw.tif
240,5779,4014,8179,306.0,8200.0,201408ddyw.tif
241,5807,4637,5943,307.0,5953.0,201408ddyw.tif
242,5811,5674,5725,308.0,5755.0,201408ddyw.tif
243,5821,7749,246,309.0,255.0,201408ddyw.tif
244,5869,4412,228,310.0,252.0,201408ddyw.tif
245,5869,13514,260,311.0,271.0,201408ddyw.tif
246,5905,5185,4796,313.0,4813.0,201408ddyw.tif
247,5929,4105,228,315.0,239.0,201408ddyw.tif
248,5951,5108,2711,316.0,2720.0,201408ddyw.tif
249,5983,8275,559,318.0,569.0,201408ddyw.tif
250,5990,4636,5729,319.0,5753.0,201408ddyw.tif
251,6011,3979,552,322.0,574.0,201408ddyw.tif
252,6021,4758,4714,323.0,4732.0,201408ddyw.tif
253,6029,3659,12906,324.0,12916.0,201408ddyw.tif
254,6031,8010,164,325.0,176.0,201408ddyw.tif
255,6091,7997,3055,328.0,3081.0,201408ddyw.tif
256,6097,4670,4755,329.0,4783.0,201408ddyw.tif
257,6115,3974,1256,330.0,1275.0,201408ddyw.tif
258,6138,4428,7227,331.0,7268.0,201408ddyw.tif
259,6181,8537,805,332.0,819.0,201408ddyw.tif
260,6231,4702,4538,333.0,4564.0,201408ddyw.tif
261,6258,3442,18891,334.0,18912.0,201408ddyw.tif
262,6259,3636,2857,335.0,2898.0,201408ddyw.tif
263,6261,4964,3921,336.0,3951.0,201408ddyw.tif
264,6303,7085,1725,337.0,1731.0,201408ddyw.tif
265,6318,4670,1779,338.0,1802.0,201408ddyw.tif
266,6326,3616,1176,339.0,1185.0,201408ddyw.tif
267,6331,3834,2004,340.0,2020.0,201408ddyw.tif
268,6337,3978,2953,341.0,2968.0,201408ddyw.tif
269,6377,4826,4668,345.0,4682.0,201408ddyw.tif
270,6425,7162,5459,346.0,5475.0,201408ddyw.tif
271,6451,3862,261,347.0,274.0,201408ddyw.tif
272,6651,4514,5442,354.0,5455.0,201408ddyw.tif
273,6671,9590,198,355.0,207.0,201408ddyw.tif
274,6693,5606,184,356.0,200.0,201408ddyw.tif
275,6721,5598,12199,358.0,12228.0,201408ddyw.tif
276,6801,7592,6796,361.0,6823.0,201408ddyw.tif
277,6855,5806,2407,365.0,2424.0,201408ddyw.tif
278,6863,6946,10488,366.0,10524.0,201408ddyw.tif
279,6895,3741,606,368.0,627.0,201408ddyw.tif
280,6951,4944,6046,369.0,6076.0,201408ddyw.tif
281,6961,3788,124,370.0,130.0,201408ddyw.tif
282,7029,3496,5131,372.0,5153.0,201408ddyw.tif
283,7102,7748,5659,375.0,5690.0,201408ddyw.tif
284,7141,3672,6453,377.0,6473.0,201408ddyw.tif
285,7141,5980,5111,378.0,5139.0,201408ddyw.tif
286,7167,5448,741,379.0,770.0,201408ddyw.tif
287,7195,5010,6201,380.0,6225.0,201408ddyw.tif
288,7219,4500,403,381.0,419.0,201408ddyw.tif
289,7249,8238,4740,382.0,4777.0,201408ddyw.tif
290,7311,3687,1811,384.0,1828.0,201408ddyw.tif
291,7330,8326,1774,386.0,1814.0,201408ddyw.tif
292,7359,8378,3875,387.0,3895.0,201408ddyw.tif
293,7418,2174,3077,389.0,3104.0,201408ddyw.tif
294,7446,4082,5713,390.0,5724.0,201408ddyw.tif
295,7463,14062,315,392.0,328.0,201408ddyw.tif
296,7495,6354,2215,393.0,2235.0,201408ddyw.tif
297,7513,8147,1380,394.0,1407.0,201408ddyw.tif
298,7522,2260,1925,396.0,1949.0,201408ddyw.tif
299,7565,11878,1170,397.0,1191.0,201408ddyw.tif
300,7589,8706,1571,398.0,1593.0,201408ddyw.tif
301,7637,8658,5258,399.0,5278.0,201408ddyw.tif
302,7679,6642,701,400.0,716.0,201408ddyw.tif
303,7733,5990,2787,401.0,2798.0,201408ddyw.tif
304,7797,9038,5041,402.0,5065.0,201408ddyw.tif
305,7887,9128,3158,403.0,3184.0,201408ddyw.tif
306,7938,9358,4117,405.0,4124.0,201408ddyw.tif
307,8006,7286,2595,406.0,2617.0,201408ddyw.tif
308,8015,9456,892,408.0,912.0,201408ddyw.tif
309,8051,7420,468,410.0,480.0,201408ddyw.tif
310,8110,7596,2405,412.0,2430.0,201408ddyw.tif
311,8137,7703,1678,413.0,1684.0,201408ddyw.tif
312,8225,5868,16424,419.0,16457.0,201408ddyw.tif
313,8225,9574,8122,420.0,8143.0,201408ddyw.tif
314,8250,5334,4427,423.0,4465.0,201408ddyw.tif
315,8253,7550,619,424.0,626.0,201408ddyw.tif
316,8319,2730,1933,426.0,1955.0,201408ddyw.tif
317,8321,5057,10876,427.0,10895.0,201408ddyw.tif
318,8327,7102,1288,428.0,1312.0,201408ddyw.tif
319,8342,5250,15767,429.0,15817.0,201408ddyw.tif
320,8349,9286,2684,430.0,2726.0,201408ddyw.tif
321,8383,8178,1717,431.0,1748.0,201408ddyw.tif
322,8398,9950,3683,432.0,3704.0,201408ddyw.tif
323,8431,1877,1432,433.0,1443.0,201408ddyw.tif
324,8437,4490,4862,434.0,4885.0,201408ddyw.tif
325,8445,6662,14276,435.0,14298.0,201408ddyw.tif
326,8481,1650,2367,436.0,2390.0,201408ddyw.tif
327,8491,8900,10380,437.0,10386.0,201408ddyw.tif
328,8523,8822,1464,438.0,1478.0,201408ddyw.tif
329,8531,7812,354,439.0,368.0,201408ddyw.tif
330,8561,2005,467,441.0,480.0,201408ddyw.tif
331,8609,2743,2009,443.0,2036.0,201408ddyw.tif
332,8631,2800,3930,445.0,3940.0,201408ddyw.tif
333,8643,7738,350,446.0,361.0,201408ddyw.tif
334,8674,4710,4997,447.0,5012.0,201408ddyw.tif
335,8685,7222,298,448.0,316.0,201408ddyw.tif
336,8699,9845,1477,449.0,1487.0,201408ddyw.tif
337,8723,9808,136,451.0,143.0,201408ddyw.tif
338,8801,1643,2733,452.0,2769.0,201408ddyw.tif
339,8802,4914,3264,453.0,3296.0,201408ddyw.tif
340,8853,2103,1573,456.0,1595.0,201408ddyw.tif
341,8862,1787,1689,457.0,1699.0,201408ddyw.tif
342,8885,7878,222,459.0,228.0,201408ddyw.tif
343,8889,10206,709,461.0,727.0,201408ddyw.tif
344,8939,2067,1638,462.0,1644.0,201408ddyw.tif
345,8949,1994,1396,463.0,1418.0,201408ddyw.tif
346,8974,2415,4812,464.0,4844.0,201408ddyw.tif
347,8994,8362,5992,465.0,6009.0,201408ddyw.tif
348,9019,1985,803,466.0,822.0,201408ddyw.tif
349,9026,1497,2981,467.0,3007.0,201408ddyw.tif
350,9033,7034,3070,468.0,3110.0,201408ddyw.tif
351,9035,2524,2713,469.0,2752.0,201408ddyw.tif
352,9047,1674,2298,470.0,2315.0,201408ddyw.tif
353,9085,1586,4028,471.0,3939.0,201408ddyw.tif
354,9107,2632,253,472.0,267.0,201408ddyw.tif
355,9141,8434,1375,473.0,1388.0,201408ddyw.tif
356,9149,1536,5390,474.0,5338.0,201408ddyw.tif
357,9151,1789,1362,476.0,1382.0,201408ddyw.tif
358,9169,6418,145,478.0,158.0,201408ddyw.tif
359,9171,14349,12459,479.0,12488.0,201408ddyw.tif
360,9193,8516,102,481.0,107.0,201408ddyw.tif
361,9207,1830,1677,482.0,1695.0,201408ddyw.tif
362,9257,1848,4740,486.0,4778.0,201408ddyw.tif
363,9275,7662,124,487.0,132.0,201408ddyw.tif
364,9286,2601,1545,488.0,1560.0,201408ddyw.tif
365,9302,2105,1465,489.0,1498.0,201408ddyw.tif
366,9311,1450,174,490.0,183.0,201408ddyw.tif
367,9334,1921,4752,491.0,4762.0,201408ddyw.tif
368,9373,1390,587,492.0,606.0,201408ddyw.tif
369,9389,9471,785,493.0,804.0,201408ddyw.tif
370,9415,2202,1626,494.0,1646.0,201408ddyw.tif
371,9437,1461,2146,495.0,2178.0,201408ddyw.tif
372,9438,7226,6904,496.0,6929.0,201408ddyw.tif
373,9447,1890,1237,497.0,1264.0,201408ddyw.tif
374,9467,3626,1770,499.0,1774.0,201408ddyw.tif
375,9475,1352,1863,500.0,1880.0,201408ddyw.tif
376,9487,8292,271,501.0,279.0,201408ddyw.tif
377,9499,2757,1862,503.0,1882.0,201408ddyw.tif
378,9510,5382,353,505.0,376.0,201408ddyw.tif
379,9511,2496,932,504.0,941.0,201408ddyw.tif
380,9529,1805,6619,507.0,6647.0,201408ddyw.tif
381,9535,4280,356,508.0,372.0,201408ddyw.tif
382,9537,8356,289,509.0,306.0,201408ddyw.tif
383,9546,1489,3255,510.0,3283.0,201408ddyw.tif
384,9593,9375,362,512.0,375.0,201408ddyw.tif
385,9607,3016,1242,513.0,1261.0,201408ddyw.tif
386,9637,2830,3410,514.0,3428.0,201408ddyw.tif
387,9647,2921,1759,515.0,1788.0,201408ddyw.tif
388,9715,8902,317,519.0,326.0,201408ddyw.tif
389,9727,2832,508,521.0,520.0,201408ddyw.tif
390,9741,3224,536,522.0,546.0,201408ddyw.tif
391,9751,2993,1669,523.0,1687.0,201408ddyw.tif
392,9769,3182,1417,524.0,1438.0,201408ddyw.tif
393,9769,9885,1065,525.0,1069.0,201408ddyw.tif
394,9794,2011,4004,527.0,4023.0,201408ddyw.tif
395,9799,2976,1178,530.0,1185.0,201408ddyw.tif
396,9799,5960,4722,531.0,4738.0,201408ddyw.tif
397,9803,2766,2424,532.0,2453.0,201408ddyw.tif
398,9803,3142,829,533.0,852.0,201408ddyw.tif
399,9867,5900,1159,536.0,1170.0,201408ddyw.tif
400,9893,7230,239,537.0,256.0,201408ddyw.tif
401,9921,1597,1896,538.0,1912.0,201408ddyw.tif
402,9939,1917,3784,539.0,3806.0,201408ddyw.tif
403,9965,830,270,540.0,283.0,201408ddyw.tif
404,9975,4706,1220,541.0,1238.0,201408ddyw.tif
405,9981,1513,6509,542.0,6516.0,201408ddyw.tif
406,10027,4790,2106,543.0,2133.0,201408ddyw.tif
407,10041,2413,4536,544.0,4547.0,201408ddyw.tif
408,10049,2085,4706,545.0,4732.0,201408ddyw.tif
409,10065,1863,2995,546.0,3003.0,201408ddyw.tif
410,10083,1934,2257,548.0,2265.0,201408ddyw.tif
411,10129,2527,2439,549.0,2457.0,201408ddyw.tif
412,10139,3452,2402,550.0,2408.0,201408ddyw.tif
413,10208,3532,4605,552.0,4620.0,201408ddyw.tif
414,10213,1704,6575,553.0,6595.0,201408ddyw.tif
415,10234,2093,3336,554.0,3353.0,201408ddyw.tif
416,10251,3750,2276,555.0,2300.0,201408ddyw.tif
417,10255,3474,1613,556.0,1625.0,201408ddyw.tif
418,10261,2190,5606,557.0,5637.0,201408ddyw.tif
419,10261,2308,1698,558.0,1717.0,201408ddyw.tif
420,10265,2728,3196,559.0,3236.0,201408ddyw.tif
421,10309,3798,3843,560.0,3880.0,201408ddyw.tif
422,10319,3364,2062,561.0,2076.0,201408ddyw.tif
423,10373,2772,2044,563.0,2072.0,201408ddyw.tif
424,10377,2280,1366,564.0,1387.0,201408ddyw.tif
425,10417,3069,1554,566.0,1581.0,201408ddyw.tif
426,10417,3508,2840,567.0,2865.0,201408ddyw.tif
427,10425,6791,3152,569.0,3184.0,201408ddyw.tif
428,10427,3221,3041,570.0,3073.0,201408ddyw.tif
429,10449,3744,2721,573.0,2744.0,201408ddyw.tif
430,10451,2737,3934,574.0,3958.0,201408ddyw.tif
431,10521,3113,611,577.0,638.0,201408ddyw.tif
432,10542,2849,2899,578.0,2920.0,201408ddyw.tif
433,10552,3982,772,579.0,780.0,201408ddyw.tif
434,10561,5024,485,580.0,491.0,201408ddyw.tif
435,10567,2340,6209,581.0,6224.0,201408ddyw.tif
436,10587,2492,3503,582.0,3535.0,201408ddyw.tif
437,10599,2618,4881,583.0,4905.0,201408ddyw.tif
438,10613,3045,992,584.0,1013.0,201408ddyw.tif
439,10669,2868,3927,585.0,3943.0,201408ddyw.tif
440,10759,3350,3701,586.0,3735.0,201408ddyw.tif
441,10770,3555,1701,587.0,1717.0,201408ddyw.tif
442,10801,5196,120,589.0,132.0,201408ddyw.tif
443,10815,4167,429,590.0,437.0,201408ddyw.tif
444,10844,2660,2604,591.0,2629.0,201408ddyw.tif
445,10851,2914,1299,592.0,1321.0,201408ddyw.tif
446,10871,7542,2341,594.0,2356.0,201408ddyw.tif
447,10915,1970,1270,595.0,1283.0,201408ddyw.tif
448,10933,4958,188,596.0,201.0,201408ddyw.tif
449,10955,8339,242,597.0,253.0,201408ddyw.tif
450,10963,1928,2394,598.0,2412.0,201408ddyw.tif
451,10989,2794,1149,600.0,1158.0,201408ddyw.tif
452,10989,10134,2001,601.0,2017.0,201408ddyw.tif
453,11163,3694,472,603.0,478.0,201408ddyw.tif
454,11169,4652,465,604.0,476.0,201408ddyw.tif
455,11171,2349,1398,605.0,1415.0,201408ddyw.tif
456,11179,2424,1854,606.0,1887.0,201408ddyw.tif
457,11201,3097,1852,607.0,1863.0,201408ddyw.tif
458,11258,2520,2141,608.0,2159.0,201408ddyw.tif
459,11271,2441,1643,609.0,1666.0,201408ddyw.tif
460,11407,2666,828,612.0,852.0,201408ddyw.tif
461,11425,4810,1423,614.0,1430.0,201408ddyw.tif
462,11447,2012,3153,615.0,3174.0,201408ddyw.tif
463,11461,1602,710,616.0,737.0,201408ddyw.tif
464,11489,3772,483,617.0,497.0,201408ddyw.tif
465,11497,2625,1620,618.0,1631.0,201408ddyw.tif
466,11543,6271,828,619.0,840.0,201408ddyw.tif
467,11675,6728,120,620.0,130.0,201408ddyw.tif
468,11859,3294,5405,627.0,5417.0,201408ddyw.tif
469,11894,2209,1258,628.0,1278.0,201408ddyw.tif
470,11950,2798,2647,630.0,2676.0,201408ddyw.tif
471,11971,3526,373,632.0,393.0,201408ddyw.tif
472,12039,2872,388,633.0,406.0,201408ddyw.tif
473,12067,2668,212,634.0,223.0,201408ddyw.tif
474,12335,6784,11852,639.0,11894.0,201408ddyw.tif
475,12365,3809,367,640.0,384.0,201408ddyw.tif
476,12403,7844,10267,642.0,10273.0,201408ddyw.tif
477,12415,6411,7325,643.0,7347.0,201408ddyw.tif
478,12515,3702,312,644.0,319.0,201408ddyw.tif
479,12547,2058,5722,645.0,5744.0,201408ddyw.tif
480,12590,7618,2368,646.0,2408.0,201408ddyw.tif
481,12653,4728,4546,647.0,4580.0,201408ddyw.tif
482,12711,4852,588,648.0,606.0,201408ddyw.tif
483,12772,7618,3727,649.0,3740.0,201408ddyw.tif
484,12957,6618,6551,651.0,6589.0,201408ddyw.tif
485,12979,8486,175,652.0,184.0,201408ddyw.tif
486,13013,6369,6926,653.0,6950.0,201408ddyw.tif
487,13097,7518,4590,655.0,4616.0,201408ddyw.tif
488,13161,6854,6039,656.0,6077.0,201408ddyw.tif
489,13289,4302,1965,657.0,1993.0,201408ddyw.tif
490,13303,4049,1201,658.0,1232.0,201408ddyw.tif
491,13481,4014,174,660.0,182.0,201408ddyw.tif
492,13523,5836,219,661.0,230.0,201408ddyw.tif
493,13531,7084,6064,662.0,6106.0,201408ddyw.tif
494,13595,3970,2133,663.0,2167.0,201408ddyw.tif
495,13599,4464,3013,664.0,3021.0,201408ddyw.tif
496,13745,4340,3391,665.0,3414.0,201408ddyw.tif
497,13767,8700,909,666.0,924.0,201408ddyw.tif
498,13783,6303,2910,668.0,2937.0,201408ddyw.tif
499,13787,6944,1732,669.0,1752.0,201408ddyw.tif
500,13901,6890,1857,670.0,1873.0,201408ddyw.tif
501,13929,4366,7174,671.0,7188.0,201408ddyw.tif
502,13959,6872,353,672.0,360.0,201408ddyw.tif
503,13971,4826,402,673.0,412.0,201408ddyw.tif
504,13979,4502,4895,674.0,4929.0,201408ddyw.tif
505,14009,7822,180,675.0,192.0,201408ddyw.tif
506,14067,6692,1417,678.0,1432.0,201408ddyw.tif
507,14115,6456,7745,680.0,7782.0,201408ddyw.tif
508,14163,4674,408,682.0,423.0,201408ddyw.tif
509,14211,5242,4472,684.0,4496.0,201408ddyw.tif
510,14238,4845,1967,685.0,1980.0,201408ddyw.tif
511,14243,6102,3541,686.0,3562.0,201408ddyw.tif
512,14373,6460,445,687.0,458.0,201408ddyw.tif
513,14439,6151,2409,688.0,2416.0,201408ddyw.tif
514,14497,5834,366,690.0,377.0,201408ddyw.tif
515,14551,5937,1497,692.0,1510.0,201408ddyw.tif
516,14585,5360,524,693.0,546.0,201408ddyw.tif
517,14653,7906,213,696.0,228.0,201408ddyw.tif
518,14671,5752,2554,699.0,2568.0,201408ddyw.tif
519,14763,5712,3703,702.0,3730.0,201408ddyw.tif
520,14935,7706,234,705.0,240.0,201408ddyw.tif
521,14965,6856,284,707.0,300.0,201408ddyw.tif
522,15047,6804,508,709.0,525.0,201408ddyw.tif
523,15135,6260,1381,715.0,1400.0,201408ddyw.tif
524,15179,7916,288,716.0,294.0,201408ddyw.tif
525,15319,6673,1345,719.0,1373.0,201408ddyw.tif
526,15363,9370,9019,720.0,9035.0,201408ddyw.tif
527,15421,6111,198,722.0,210.0,201408ddyw.tif
528,15529,6338,1217,725.0,1223.0,201408ddyw.tif
529,15560,9634,4648,727.0,4670.0,201408ddyw.tif
530,15566,9324,19110,728.0,19152.0,201408ddyw.tif
531,15640,9170,7756,729.0,7803.0,201408ddyw.tif
532,15687,7272,410,732.0,417.0,201408ddyw.tif
533,15741,9076,3262,733.0,3284.0,201408ddyw.tif
534,15776,6514,560,735.0,576.0,201408ddyw.tif
535,15819,9994,20772,736.0,20783.0,201408ddyw.tif
536,15849,6756,381,737.0,389.0,201408ddyw.tif
537,15855,9366,12002,738.0,12046.0,201408ddyw.tif
538,15868,7034,1013,739.0,1018.0,201408ddyw.tif
539,15879,6632,344,740.0,354.0,201408ddyw.tif
540,15880,8924,6463,741.0,6501.0,201408ddyw.tif
541,15933,10400,6927,743.0,6964.0,201408ddyw.tif
542,15987,10728,6116,744.0,6150.0,201408ddyw.tif
543,16000,6821,1264,745.0,1282.0,201408ddyw.tif
544,16003,8860,2506,746.0,2527.0,201408ddyw.tif
545,16011,6550,173,747.0,179.0,201408ddyw.tif
546,16060,10188,14074,748.0,14100.0,201408ddyw.tif
547,16079,8614,8736,749.0,8748.0,201408ddyw.tif
548,16150,8380,2797,751.0,2822.0,201408ddyw.tif
549,16283,10102,7608,756.0,7648.0,201408ddyw.tif
550,16284,10595,2958,757.0,2984.0,201408ddyw.tif
551,16323,8788,1510,760.0,1522.0,201408ddyw.tif
552,16415,9378,9830,762.0,9847.0,201408ddyw.tif
553,16419,7886,135,763.0,149.0,201408ddyw.tif
554,16419,8770,19852,764.0,19896.0,201408ddyw.tif
555,16477,11576,284,765.0,300.0,201408ddyw.tif
556,16481,9020,1791,766.0,1809.0,201408ddyw.tif
557,16585,9466,3098,770.0,3106.0,201408ddyw.tif
558,16646,12136,1124,773.0,1137.0,201408ddyw.tif
559,16677,8906,6595,775.0,6615.0,201408ddyw.tif
560,16795,12364,234,776.0,241.0,201408ddyw.tif
561,16801,10322,2280,777.0,2302.0,201408ddyw.tif
562,16810,12406,1412,778.0,1429.0,201408ddyw.tif
563,16943,9530,6426,780.0,6468.0,201408ddyw.tif
564,17079,9738,128,781.0,144.0,201408ddyw.tif
565,17140,9824,1062,783.0,1077.0,201408ddyw.tif
566,17623,7894,2589,784.0,2606.0,201408ddyw.tif
567,17835,11490,114,786.0,125.0,201408ddyw.tif
19,2067,4884,2885,8.0,2902.0,201508ddyw.tif
28,2249,4418,2560,12.0,2608.0,201508ddyw.tif
42,2409,3978,2219,18.0,2246.0,201508ddyw.tif
70,2761,3934,6148,45.0,6180.0,201508ddyw.tif
82,2955,3466,5812,49.0,5852.0,201508ddyw.tif
88,3009,4040,14192,55.0,14248.0,201508ddyw.tif
95,3117,4290,8064,64.0,8112.0,201508ddyw.tif
97,3169,3494,6476,70.0,6504.0,201508ddyw.tif
103,3411,11126,4852,94.0,4878.0,201508ddyw.tif
104,3439,7218,5974,97.0,5989.0,201508ddyw.tif
105,3373,8386,2056,91.0,2072.0,201508ddyw.tif
108,3429,3682,12701,96.0,12722.0,201508ddyw.tif
110,3459,4594,10406,100.0,10444.0,201508ddyw.tif
111,3469,4770,6138,101.0,6172.0,201508ddyw.tif
113,3477,1865,3885,104.0,3906.0,201508ddyw.tif
115,3509,2126,6604,108.0,6616.0,201508ddyw.tif
116,3625,6412,7681,122.0,7712.0,201508ddyw.tif
118,3570,3222,14543,116.0,14565.0,201508ddyw.tif
123,3718,12477,3704,134.0,3732.0,201508ddyw.tif
124,3717,12890,18906,133.0,19012.0,201508ddyw.tif
125,3733,11842,30538,137.0,30560.0,201508ddyw.tif
127,3723,1588,1000,136.0,1018.0,201508ddyw.tif
128,3749,2614,9286,138.0,9306.0,201508ddyw.tif
131,3825,7404,4456,146.0,4478.0,201508ddyw.tif
133,3829,2421,4306,148.0,4328.0,201508ddyw.tif
135,3829,2778,7650,149.0,7664.0,201508ddyw.tif
138,3957,8480,4350,159.0,4380.0,201508ddyw.tif
141,3941,3278,5567,158.0,5621.0,201508ddyw.tif
144,3983,2979,8113,163.0,8138.0,201508ddyw.tif
146,4025,4842,5272,172.0,5340.0,201508ddyw.tif
149,4035,2514,6714,175.0,6741.0,201508ddyw.tif
150,4055,3990,1928,180.0,1936.0,201508ddyw.tif
151,4105,6742,5655,188.0,5658.0,201508ddyw.tif
152,4025,8574,2675,173.0,2707.0,201508ddyw.tif
153,4103,6620,4964,185.0,4974.0,201508ddyw.tif
154,4065,2390,3786,181.0,3810.0,201508ddyw.tif
158,4242,7206,5910,202.0,5944.0,201508ddyw.tif
159,4197,2614,2642,197.0,2664.0,201508ddyw.tif
167,4453,9312,8673,234.0,8683.0,201508ddyw.tif
168,4357,8266,1989,216.0,1997.0,201508ddyw.tif
170,4393,4498,16419,223.0,16466.0,201508ddyw.tif
172,4434,3101,5045,230.0,5063.0,201508ddyw.tif
175,4459,3402,21088,235.0,21114.0,201508ddyw.tif
178,4581,8732,3766,247.0,3791.0,201508ddyw.tif
179,4539,3929,6511,242.0,6525.0,201508ddyw.tif
180,4542,3766,8675,243.0,8714.0,201508ddyw.tif
183,4586,2549,6414,248.0,6446.0,201508ddyw.tif
184,4675,7722,5181,259.0,5195.0,201508ddyw.tif
185,4625,4502,9644,251.0,9696.0,201508ddyw.tif
186,4659,3406,6737,255.0,6753.0,201508ddyw.tif
187,4638,4242,11994,252.0,12030.0,201508ddyw.tif
190,4742,4646,9739,261.0,9776.0,201508ddyw.tif
191,4681,6648,2443,260.0,2462.0,201508ddyw.tif
196,4869,3766,6876,272.0,6904.0,201508ddyw.tif
202,5014,10498,3675,281.0,3698.0,201508ddyw.tif
203,4959,4310,10991,275.0,11019.0,201508ddyw.tif
204,5027,7310,8680,283.0,8716.0,201508ddyw.tif
205,4987,3560,7734,278.0,7755.0,201508ddyw.tif
210,5110,3189,7954,289.0,7984.0,201508ddyw.tif
211,5111,4598,8312,290.0,8336.0,201508ddyw.tif
212,5158,3946,11320,294.0,11370.0,201508ddyw.tif
216,5238,4506,11352,301.0,11388.0,201508ddyw.tif
217,5265,3322,5784,306.0,5842.0,201508ddyw.tif
218,5277,4994,14838,310.0,14880.0,201508ddyw.tif
221,5373,3748,4791,321.0,4817.0,201508ddyw.tif
225,5442,3642,18207,328.0,18098.0,201508ddyw.tif
234,5666,3494,14202,341.0,14242.0,201508ddyw.tif
235,5594,5458,2965,337.0,2983.0,201508ddyw.tif
238,5718,3662,9434,347.0,9468.0,201508ddyw.tif
243,5834,7710,5237,362.0,5248.0,201508ddyw.tif
253,6011,3618,19261,377.0,19292.0,201508ddyw.tif
259,6182,8510,7321,390.0,7351.0,201508ddyw.tif
267,6305,3788,6354,393.0,6373.0,201508ddyw.tif
268,6312,3924,9564,394.0,9589.0,201508ddyw.tif
269,6357,4802,13223,398.0,13262.0,201508ddyw.tif
270,6442,7138,11123,402.0,11150.0,201508ddyw.tif
271,6414,3789,7189,401.0,7204.0,201508ddyw.tif
273,6686,9546,3974,421.0,3987.0,201508ddyw.tif
274,6619,5540,1088,415.0,1098.0,201508ddyw.tif
276,6791,7566,17865,437.0,17879.0,201508ddyw.tif
277,6822,5802,15553,441.0,15586.0,201508ddyw.tif
278,6841,6902,20554,444.0,20574.0,201508ddyw.tif
281,6915,3830,1684,450.0,1691.0,201508ddyw.tif
282,6993,3437,13073,458.0,13107.0,201508ddyw.tif
283,7105,7716,13701,468.0,13728.0,201508ddyw.tif
285,7121,5982,17803,471.0,17834.0,201508ddyw.tif
290,7285,3642,4360,483.0,4374.0,201508ddyw.tif
297,7494,8104,5224,495.0,5230.0,201508ddyw.tif
302,7675,6654,2997,512.0,3007.0,201508ddyw.tif
318,8305,7114,3664,571.0,3699.0,201508ddyw.tif
320,8342,9266,9785,575.0,9786.0,201508ddyw.tif
329,8530,7770,2872,590.0,2912.0,201508ddyw.tif
333,8622,7680,6466,599.0,6490.0,201508ddyw.tif
335,8641,7219,6161,602.0,6189.0,201508ddyw.tif
337,8685,9730,718,604.0,740.0,201508ddyw.tif
358,9147,6409,3042,644.0,3068.0,201508ddyw.tif
363,9253,7615,3211,655.0,3226.0,201508ddyw.tif
364,9235,2542,3944,652.0,3969.0,201508ddyw.tif
369,9386,9453,5689,665.0,5715.0,201508ddyw.tif
376,9489,8260,2184,673.0,2205.0,201508ddyw.tif
377,9457,2712,3689,669.0,3701.0,201508ddyw.tif
384,9597,9342,6743,688.0,6752.0,201508ddyw.tif
393,9815,9852,3987,711.0,4013.0,201508ddyw.tif
397,9778,2717,3980,708.0,4003.0,201508ddyw.tif
400,9865,7206,3614,717.0,3619.0,201508ddyw.tif
432,10502,2825,5940,765.0,5959.0,201508ddyw.tif
442,10753,5165,6776,785.0,6811.0,201508ddyw.tif
446,10775,7510,1810,787.0,1822.0,201508ddyw.tif
454,11142,4612,8377,812.0,8393.0,201508ddyw.tif
461,11401,4782,7521,817.0,7530.0,201508ddyw.tif
464,11446,3734,8113,820.0,8154.0,201508ddyw.tif
466,11527,6263,4041,823.0,4062.0,201508ddyw.tif
467,11637,6732,2799,831.0,2820.0,201508ddyw.tif
470,11953,2792,5643,844.0,5671.0,201508ddyw.tif
472,12033,2880,1658,850.0,1676.0,201508ddyw.tif
473,12052,2636,6033,852.0,6046.0,201508ddyw.tif
474,12285,6786,21555,868.0,21205.0,201508ddyw.tif
476,12373,7810,21164,875.0,21185.0,201508ddyw.tif
477,12349,6406,20401,873.0,20419.0,201508ddyw.tif
478,12477,3688,4724,884.0,4756.0,201508ddyw.tif
480,12553,7580,8990,887.0,9018.0,201508ddyw.tif
483,12731,7575,11677,896.0,11711.0,201508ddyw.tif
484,12907,6630,14815,907.0,14847.0,201508ddyw.tif
485,12963,8456,2515,912.0,2545.0,201508ddyw.tif
486,12951,6362,18227,911.0,18266.0,201508ddyw.tif
487,13055,7494,11556,922.0,11580.0,201508ddyw.tif
488,13119,6828,16847,929.0,16874.0,201508ddyw.tif
492,13491,5862,6329,946.0,6359.0,201508ddyw.tif
497,13739,8666,5761,960.0,5794.0,201508ddyw.tif
498,13737,6322,10145,959.0,10199.0,201508ddyw.tif
502,13961,6800,2305,979.0,2316.0,201508ddyw.tif
503,13943,4844,3780,977.0,3800.0,201508ddyw.tif
505,13953,7796,3431,978.0,3459.0,201508ddyw.tif
508,14127,4690,4373,996.0,4411.0,201508ddyw.tif
509,14179,5234,14598,999.0,14620.0,201508ddyw.tif
511,14205,6122,15344,1001.0,15376.0,201508ddyw.tif
512,14347,6458,1839,1003.0,1849.0,201508ddyw.tif
517,14625,7870,6484,1008.0,6509.0,201508ddyw.tif
520,14899,7710,2387,1014.0,2405.0,201508ddyw.tif
521,14933,6842,3354,1016.0,3369.0,201508ddyw.tif
522,15008,6791,5161,1019.0,5192.0,201508ddyw.tif
524,15141,7898,7940,1023.0,7994.0,201508ddyw.tif
538,15807,7036,7918,1043.0,7936.0,201508ddyw.tif
540,15797,8906,16455,1042.0,16246.0,201508ddyw.tif
544,15927,8854,6106,1046.0,6146.0,201508ddyw.tif
547,16035,8612,12892,1048.0,12952.0,201508ddyw.tif
548,16117,8402,3700,1049.0,3718.0,201508ddyw.tif
553,16403,7830,3988,1064.0,4000.0,201508ddyw.tif
557,16511,9468,11220,1066.0,11229.0,201508ddyw.tif
568,105,4212,5067,1.0,5075.0,201508ddyw.tif
569,559,670,532,4.0,551.0,201508ddyw.tif
570,1927,6805,2524,7.0,2548.0,201508ddyw.tif
571,2237,7272,2340,11.0,2358.0,201508ddyw.tif
572,2249,7172,1790,14.0,1812.0,201508ddyw.tif
573,2331,7198,1467,15.0,1491.0,201508ddyw.tif
574,2383,2482,4984,16.0,4996.0,201508ddyw.tif
575,2397,7139,2904,17.0,2928.0,201508ddyw.tif
576,2473,7446,1220,19.0,1226.0,201508ddyw.tif
577,2513,6524,2677,21.0,2695.0,201508ddyw.tif
578,2521,6638,1450,22.0,1458.0,201508ddyw.tif
579,2529,7454,1390,23.0,1406.0,201508ddyw.tif
580,2554,7358,3720,26.0,3741.0,201508ddyw.tif
581,2581,6372,4093,27.0,4108.0,201508ddyw.tif
582,2601,6584,289,29.0,302.0,201508ddyw.tif
583,2643,6492,3157,31.0,3191.0,201508ddyw.tif
584,2675,6441,620,34.0,625.0,201508ddyw.tif
585,2699,6646,1676,37.0,1687.0,201508ddyw.tif
586,2739,6798,1017,42.0,1038.0,201508ddyw.tif
587,2759,7442,4170,44.0,4183.0,201508ddyw.tif
588,2771,6538,1837,46.0,1858.0,201508ddyw.tif
589,2889,7202,1572,47.0,1585.0,201508ddyw.tif
590,2937,6676,3927,48.0,3944.0,201508ddyw.tif
591,2959,8638,4475,50.0,4490.0,201508ddyw.tif
592,2994,8938,2778,51.0,2801.0,201508ddyw.tif
593,2999,7272,3145,52.0,3163.0,201508ddyw.tif
594,3011,2202,156,56.0,170.0,201508ddyw.tif
595,3035,8192,1641,57.0,1657.0,201508ddyw.tif
596,3045,6614,1795,59.0,1807.0,201508ddyw.tif
597,3057,7338,3091,60.0,3101.0,201508ddyw.tif
598,3059,8444,831,61.0,844.0,201508ddyw.tif
599,3073,6556,1264,62.0,1278.0,201508ddyw.tif
600,3133,8442,909,65.0,917.0,201508ddyw.tif
601,3134,6430,1717,66.0,1742.0,201508ddyw.tif
602,3137,6086,156,67.0,176.0,201508ddyw.tif
603,3157,6080,220,68.0,240.0,201508ddyw.tif
604,3165,7364,1850,69.0,1869.0,201508ddyw.tif
605,3179,6374,4519,71.0,4513.0,201508ddyw.tif
606,3183,7950,1718,72.0,1732.0,201508ddyw.tif
607,3223,8202,3870,73.0,3879.0,201508ddyw.tif
608,3225,9226,2396,74.0,2408.0,201508ddyw.tif
609,3233,7746,2881,75.0,2889.0,201508ddyw.tif
610,3235,6812,5454,76.0,5478.0,201508ddyw.tif
611,3245,6620,2378,77.0,2390.0,201508ddyw.tif
612,3251,8316,2809,78.0,2832.0,201508ddyw.tif
613,3255,8412,307,79.0,336.0,201508ddyw.tif
614,3265,6449,2884,80.0,2902.0,201508ddyw.tif
615,3271,8075,3481,81.0,3501.0,201508ddyw.tif
616,3293,8540,3308,82.0,3332.0,201508ddyw.tif
617,3297,8458,176,84.0,192.0,201508ddyw.tif
618,3315,7720,5936,85.0,5972.0,201508ddyw.tif
619,3319,7934,1270,86.0,1282.0,201508ddyw.tif
620,3325,6730,2084,88.0,2116.0,201508ddyw.tif
621,3337,7602,2457,89.0,2479.0,201508ddyw.tif
622,3361,8283,3712,90.0,3740.0,201508ddyw.tif
623,3375,7410,1926,92.0,1937.0,201508ddyw.tif
624,3381,9424,3236,93.0,3265.0,201508ddyw.tif
625,3441,8214,1724,98.0,1737.0,201508ddyw.tif
626,3441,9545,2198,99.0,2215.0,201508ddyw.tif
627,3469,6902,3457,102.0,3481.0,201508ddyw.tif
628,3475,8044,685,103.0,696.0,201508ddyw.tif
629,3505,6996,568,105.0,575.0,201508ddyw.tif
630,3507,7526,1228,106.0,1249.0,201508ddyw.tif
631,3507,8669,5724,107.0,5742.0,201508ddyw.tif
632,3523,7673,1400,110.0,1405.0,201508ddyw.tif
633,3549,8306,4557,112.0,4588.0,201508ddyw.tif
634,3565,9414,4174,114.0,4188.0,201508ddyw.tif
635,3567,6440,948,115.0,964.0,201508ddyw.tif
636,3571,8086,2145,117.0,2162.0,201508ddyw.tif
637,3571,9778,3701,118.0,3718.0,201508ddyw.tif
638,3579,6534,1148,119.0,1163.0,201508ddyw.tif
639,3587,7064,325,120.0,340.0,201508ddyw.tif
640,3637,7880,2725,123.0,2738.0,201508ddyw.tif
641,3649,7636,2193,124.0,2226.0,201508ddyw.tif
642,3653,7745,1802,125.0,1816.0,201508ddyw.tif
643,3663,7392,3339,126.0,3346.0,201508ddyw.tif
644,3665,10143,3545,127.0,3572.0,201508ddyw.tif
645,3669,9430,2888,128.0,2904.0,201508ddyw.tif
646,3704,12398,2969,130.0,3003.0,201508ddyw.tif
647,3705,6983,3659,129.0,3693.0,201508ddyw.tif
648,3710,11546,2995,131.0,3021.0,201508ddyw.tif
649,3711,12626,1592,132.0,1609.0,201508ddyw.tif
650,3721,7700,2769,135.0,2787.0,201508ddyw.tif
651,3749,11071,2869,139.0,2895.0,201508ddyw.tif
652,3761,8358,1799,140.0,1805.0,201508ddyw.tif
653,3769,11484,2081,141.0,2095.0,201508ddyw.tif
654,3799,10320,2427,143.0,2440.0,201508ddyw.tif
655,3809,5678,305,144.0,336.0,201508ddyw.tif
656,3881,11162,4281,151.0,4295.0,201508ddyw.tif
657,3885,5454,1405,152.0,1424.0,201508ddyw.tif
658,3891,10098,2191,153.0,2203.0,201508ddyw.tif
659,3909,5797,942,154.0,962.0,201508ddyw.tif
660,3925,8412,1660,155.0,1677.0,201508ddyw.tif
661,3935,10616,703,156.0,723.0,201508ddyw.tif
662,3959,7336,3969,160.0,4011.0,201508ddyw.tif
663,3971,10208,1144,161.0,1171.0,201508ddyw.tif
664,3985,11908,5064,164.0,5101.0,201508ddyw.tif
665,3987,5350,1826,165.0,1833.0,201508ddyw.tif
666,3987,11354,1065,166.0,1099.0,201508ddyw.tif
667,3989,5434,1401,167.0,1415.0,201508ddyw.tif
668,3993,10726,4227,168.0,4244.0,201508ddyw.tif
669,3993,11075,2026,169.0,2056.0,201508ddyw.tif
670,4007,5980,2057,170.0,2069.0,201508ddyw.tif
671,4017,9354,1768,171.0,1791.0,201508ddyw.tif
672,4033,11130,3067,174.0,3078.0,201508ddyw.tif
673,4035,9843,2607,176.0,2619.0,201508ddyw.tif
674,4047,7068,3990,178.0,4015.0,201508ddyw.tif
675,4053,7564,2634,179.0,2652.0,201508ddyw.tif
676,4081,9686,3680,183.0,3730.0,201508ddyw.tif
677,4093,10864,2320,184.0,2338.0,201508ddyw.tif
678,4109,10574,4639,189.0,4651.0,201508ddyw.tif
679,4111,9818,904,190.0,912.0,201508ddyw.tif
680,4114,8682,1917,191.0,1931.0,201508ddyw.tif
681,4117,7313,4780,192.0,4805.0,201508ddyw.tif
682,4133,2726,1960,193.0,2003.0,201508ddyw.tif
683,4159,13254,2573,196.0,2591.0,201508ddyw.tif
684,4211,8090,1364,199.0,1381.0,201508ddyw.tif
685,4222,9631,1860,200.0,1872.0,201508ddyw.tif
686,4253,10054,786,203.0,797.0,201508ddyw.tif
687,4266,9758,1364,204.0,1375.0,201508ddyw.tif
688,4278,10360,4027,205.0,4057.0,201508ddyw.tif
689,4289,9888,2696,208.0,2719.0,201508ddyw.tif
690,4309,9102,2601,211.0,2622.0,201508ddyw.tif
691,4325,7868,2506,213.0,2521.0,201508ddyw.tif
692,4333,6546,4042,214.0,4048.0,201508ddyw.tif
693,4335,8376,2314,215.0,2330.0,201508ddyw.tif
694,4357,9940,505,217.0,513.0,201508ddyw.tif
695,4364,10618,2728,220.0,2750.0,201508ddyw.tif
696,4365,6628,908,219.0,922.0,201508ddyw.tif
697,4393,8116,2715,224.0,2730.0,201508ddyw.tif
698,4417,6118,6830,226.0,6843.0,201508ddyw.tif
699,4421,8506,4578,227.0,4604.0,201508ddyw.tif
700,4433,7709,3506,228.0,3534.0,201508ddyw.tif
701,4433,7970,3919,229.0,3947.0,201508ddyw.tif
702,4434,11834,2151,231.0,2173.0,201508ddyw.tif
703,4443,10208,2552,232.0,2568.0,201508ddyw.tif
704,4453,6623,1932,233.0,1956.0,201508ddyw.tif
705,4471,8950,745,237.0,762.0,201508ddyw.tif
706,4502,10344,2870,238.0,2891.0,201508ddyw.tif
707,4506,8102,3324,239.0,3350.0,201508ddyw.tif
708,4507,9006,1761,240.0,1776.0,201508ddyw.tif
709,4527,8824,3092,241.0,3110.0,201508ddyw.tif
710,4549,8441,3229,244.0,3248.0,201508ddyw.tif
711,4573,9590,3156,245.0,3184.0,201508ddyw.tif
712,4581,5642,2627,246.0,2645.0,201508ddyw.tif
713,4587,9408,2099,249.0,2112.0,201508ddyw.tif
714,4617,6616,1461,250.0,1478.0,201508ddyw.tif
715,4641,8344,2235,253.0,2247.0,201508ddyw.tif
716,4655,5320,1199,254.0,1208.0,201508ddyw.tif
717,4665,10193,2932,256.0,2947.0,201508ddyw.tif
718,4670,5678,917,258.0,939.0,201508ddyw.tif
719,4757,6302,2997,262.0,3014.0,201508ddyw.tif
720,4797,2924,8507,264.0,8539.0,201508ddyw.tif
721,4797,9862,2103,265.0,2117.0,201508ddyw.tif
722,4799,8388,2556,266.0,2573.0,201508ddyw.tif
723,4821,5777,4307,267.0,4328.0,201508ddyw.tif
724,4821,12778,2289,268.0,2310.0,201508ddyw.tif
725,4823,10978,2919,269.0,2949.0,201508ddyw.tif
726,4857,8424,1424,270.0,1441.0,201508ddyw.tif
727,4865,8242,2869,271.0,2887.0,201508ddyw.tif
728,4966,8351,1245,276.0,1263.0,201508ddyw.tif
729,4981,10934,1909,277.0,1919.0,201508ddyw.tif
730,4990,5650,569,279.0,590.0,201508ddyw.tif
731,4991,8152,2976,280.0,2988.0,201508ddyw.tif
732,5017,10250,3046,282.0,3086.0,201508ddyw.tif
733,5030,8406,3311,284.0,3335.0,201508ddyw.tif
734,5037,9070,1469,285.0,1490.0,201508ddyw.tif
735,5091,9134,1764,286.0,1774.0,201508ddyw.tif
736,5094,10398,2096,287.0,2117.0,201508ddyw.tif
737,5103,4962,2294,288.0,2314.0,201508ddyw.tif
738,5111,9762,2717,291.0,2732.0,201508ddyw.tif
739,5117,9528,3208,292.0,3238.0,201508ddyw.tif
740,5157,9126,1648,293.0,1657.0,201508ddyw.tif
741,5197,12350,1829,295.0,1853.0,201508ddyw.tif
742,5201,10406,2904,296.0,2940.0,201508ddyw.tif
743,5209,6924,2610,297.0,2635.0,201508ddyw.tif
744,5210,9099,2766,298.0,2777.0,201508ddyw.tif
745,5213,9171,907,299.0,916.0,201508ddyw.tif
746,5237,8758,2094,300.0,2120.0,201508ddyw.tif
747,5239,4906,3510,302.0,3532.0,201508ddyw.tif
748,5247,7994,3112,303.0,3145.0,201508ddyw.tif
749,5254,9616,2349,305.0,2367.0,201508ddyw.tif
750,5264,3770,3819,307.0,3824.0,201508ddyw.tif
751,5265,5168,2768,308.0,2789.0,201508ddyw.tif
752,5291,7936,1423,311.0,1449.0,201508ddyw.tif
753,5293,3847,1918,312.0,1934.0,201508ddyw.tif
754,5293,10372,858,313.0,864.0,201508ddyw.tif
755,5298,3122,1257,314.0,1277.0,201508ddyw.tif
756,5319,6534,852,315.0,863.0,201508ddyw.tif
757,5320,8042,1478,316.0,1504.0,201508ddyw.tif
758,5346,6412,2191,317.0,2200.0,201508ddyw.tif
759,5355,9912,2341,318.0,2353.0,201508ddyw.tif
760,5361,7272,905,319.0,916.0,201508ddyw.tif
761,5369,9580,901,320.0,923.0,201508ddyw.tif
762,5398,6595,1552,324.0,1584.0,201508ddyw.tif
763,5405,7060,3835,325.0,3857.0,201508ddyw.tif
764,5438,9966,4677,327.0,4695.0,201508ddyw.tif
765,5469,9278,1659,329.0,1670.0,201508ddyw.tif
766,5529,12434,2408,333.0,2432.0,201508ddyw.tif
767,5548,6111,3262,334.0,3306.0,201508ddyw.tif
768,5567,5963,2648,335.0,2664.0,201508ddyw.tif
769,5586,8954,3535,336.0,3558.0,201508ddyw.tif
770,5639,10265,1624,338.0,1642.0,201508ddyw.tif
771,5643,10884,2725,339.0,2738.0,201508ddyw.tif
772,5683,10946,1929,344.0,1947.0,201508ddyw.tif
773,5696,9786,1993,345.0,2012.0,201508ddyw.tif
774,5703,7602,2131,346.0,2150.0,201508ddyw.tif
775,5723,5898,1577,348.0,1599.0,201508ddyw.tif
776,5730,10612,3920,349.0,3946.0,201508ddyw.tif
777,5737,5164,2559,350.0,2567.0,201508ddyw.tif
778,5741,11860,1137,351.0,1157.0,201508ddyw.tif
779,5775,11014,1996,355.0,2018.0,201508ddyw.tif
780,5785,11140,1686,357.0,1696.0,201508ddyw.tif
781,5787,5096,1711,358.0,1719.0,201508ddyw.tif
782,5799,11606,1783,359.0,1787.0,201508ddyw.tif
783,5808,9058,2283,360.0,2301.0,201508ddyw.tif
784,5835,12050,939,363.0,958.0,201508ddyw.tif
785,5851,10168,1365,365.0,1389.0,201508ddyw.tif
786,5866,11400,1901,367.0,1920.0,201508ddyw.tif
787,5869,11105,3192,368.0,3210.0,201508ddyw.tif
788,5911,13278,4693,369.0,4718.0,201508ddyw.tif
789,5933,9272,3401,371.0,3414.0,201508ddyw.tif
790,5947,4968,2563,372.0,2576.0,201508ddyw.tif
791,5967,10720,1749,373.0,1764.0,201508ddyw.tif
792,5974,10980,2547,375.0,2589.0,201508ddyw.tif
793,5975,164,214,374.0,230.0,201508ddyw.tif
794,5985,6624,1060,376.0,1077.0,201508ddyw.tif
795,6021,8990,2208,379.0,2181.0,201508ddyw.tif
796,6058,4897,3066,380.0,3090.0,201508ddyw.tif
797,6061,9038,2265,381.0,2267.0,201508ddyw.tif
798,6063,4351,1885,382.0,1888.0,201508ddyw.tif
799,6065,9524,5421,383.0,5439.0,201508ddyw.tif
800,6103,12286,2575,384.0,2597.0,201508ddyw.tif
801,6110,3800,2960,385.0,2978.0,201508ddyw.tif
802,6142,8848,2431,386.0,2460.0,201508ddyw.tif
803,6157,11136,3146,387.0,3162.0,201508ddyw.tif
804,6163,4948,259,388.0,274.0,201508ddyw.tif
805,6170,2970,2308,389.0,2329.0,201508ddyw.tif
806,6197,10336,1845,391.0,1852.0,201508ddyw.tif
807,6262,3718,3683,392.0,3694.0,201508ddyw.tif
808,6370,10016,3929,399.0,3934.0,201508ddyw.tif
809,6391,4190,1703,400.0,1723.0,201508ddyw.tif
810,6470,8034,1586,403.0,1612.0,201508ddyw.tif
811,6485,3948,4373,404.0,4406.0,201508ddyw.tif
812,6493,7442,633,405.0,643.0,201508ddyw.tif
813,6507,3688,4371,406.0,4378.0,201508ddyw.tif
814,6515,8572,2263,407.0,2291.0,201508ddyw.tif
815,6541,7486,6193,408.0,6224.0,201508ddyw.tif
816,6549,10862,1359,409.0,1375.0,201508ddyw.tif
817,6555,9550,2863,410.0,2875.0,201508ddyw.tif
818,6557,10202,2700,411.0,2725.0,201508ddyw.tif
819,6603,4384,2093,412.0,2110.0,201508ddyw.tif
820,6603,10628,2801,413.0,2810.0,201508ddyw.tif
821,6615,7566,3093,414.0,3102.0,201508ddyw.tif
822,6635,11213,1663,416.0,1685.0,201508ddyw.tif
823,6669,11254,2796,418.0,2807.0,201508ddyw.tif
824,6685,3710,2470,420.0,2497.0,201508ddyw.tif
825,6690,8722,4585,422.0,4611.0,201508ddyw.tif
826,6694,7530,2126,423.0,2141.0,201508ddyw.tif
827,6698,9146,1869,424.0,1893.0,201508ddyw.tif
828,6709,10158,1468,425.0,1482.0,201508ddyw.tif
829,6715,11760,1841,426.0,1857.0,201508ddyw.tif
830,6721,8492,2869,427.0,2897.0,201508ddyw.tif
831,6723,7748,2193,428.0,2214.0,201508ddyw.tif
832,6725,8564,3967,429.0,3986.0,201508ddyw.tif
833,6753,5508,3278,430.0,3293.0,201508ddyw.tif
834,6774,11176,2295,431.0,2317.0,201508ddyw.tif
835,6781,8823,4806,432.0,4810.0,201508ddyw.tif
836,6781,9472,1182,433.0,1197.0,201508ddyw.tif
837,6787,8724,3430,435.0,3456.0,201508ddyw.tif
838,6789,4738,2683,436.0,2689.0,201508ddyw.tif
839,6799,11346,2135,438.0,2144.0,201508ddyw.tif
840,6812,9286,3308,439.0,3322.0,201508ddyw.tif
841,6822,4622,4578,440.0,4604.0,201508ddyw.tif
842,6823,9935,3434,442.0,3448.0,201508ddyw.tif
843,6829,3483,2514,443.0,2524.0,201508ddyw.tif
844,6849,4708,5039,445.0,5066.0,201508ddyw.tif
845,6857,3597,1144,446.0,1162.0,201508ddyw.tif
846,6862,7428,3215,447.0,3234.0,201508ddyw.tif
847,6885,10362,3392,449.0,3412.0,201508ddyw.tif
848,6914,8834,5460,451.0,5485.0,201508ddyw.tif
849,6941,4680,1880,455.0,1910.0,201508ddyw.tif
850,6951,3208,2857,456.0,2867.0,201508ddyw.tif
851,6999,5456,4077,459.0,4093.0,201508ddyw.tif
852,7033,10778,471,462.0,479.0,201508ddyw.tif
853,7037,5708,4702,463.0,4719.0,201508ddyw.tif
854,7058,3834,1815,465.0,1835.0,201508ddyw.tif
855,7109,3776,292,469.0,298.0,201508ddyw.tif
856,7113,14027,102,470.0,111.0,201508ddyw.tif
857,7149,14028,192,473.0,202.0,201508ddyw.tif
858,7178,3285,671,474.0,712.0,201508ddyw.tif
859,7201,8396,1511,475.0,1528.0,201508ddyw.tif
860,7201,9830,892,476.0,911.0,201508ddyw.tif
861,7205,3796,4613,477.0,4619.0,201508ddyw.tif
862,7227,6210,1518,478.0,1535.0,201508ddyw.tif
863,7239,8546,6663,479.0,6693.0,201508ddyw.tif
864,7311,6228,3948,484.0,3955.0,201508ddyw.tif
865,7347,10298,3350,485.0,3372.0,201508ddyw.tif
866,7401,4644,2162,486.0,2182.0,201508ddyw.tif
867,7410,9658,3529,487.0,3543.0,201508ddyw.tif
868,7422,8786,3158,489.0,3172.0,201508ddyw.tif
869,7465,4356,4613,491.0,4638.0,201508ddyw.tif
870,7470,11298,1330,492.0,1358.0,201508ddyw.tif
871,7491,5830,4386,494.0,4417.0,201508ddyw.tif
872,7506,7223,1722,496.0,1732.0,201508ddyw.tif
873,7511,9892,1910,497.0,1924.0,201508ddyw.tif
874,7521,6688,2051,498.0,2083.0,201508ddyw.tif
875,7521,8636,167,499.0,177.0,201508ddyw.tif
876,7534,4472,1908,500.0,1919.0,201508ddyw.tif
877,7534,5950,3981,501.0,4014.0,201508ddyw.tif
878,7553,4209,3284,503.0,3315.0,201508ddyw.tif
879,7573,3629,3283,504.0,3317.0,201508ddyw.tif
880,7581,6444,1331,505.0,1345.0,201508ddyw.tif
881,7599,6554,3401,507.0,3430.0,201508ddyw.tif
882,7606,7174,2114,508.0,2136.0,201508ddyw.tif
883,7611,5510,3375,509.0,3401.0,201508ddyw.tif
884,7615,3508,376,510.0,387.0,201508ddyw.tif
885,7706,7260,1412,514.0,1430.0,201508ddyw.tif
886,7707,5394,1569,513.0,1590.0,201508ddyw.tif
887,7717,10426,1237,515.0,1264.0,201508ddyw.tif
888,7730,10501,3723,517.0,3743.0,201508ddyw.tif
889,7735,8068,2665,518.0,2683.0,201508ddyw.tif
890,7758,7607,3321,520.0,3341.0,201508ddyw.tif
891,7759,5454,1363,519.0,1384.0,201508ddyw.tif
892,7769,7310,4246,521.0,4270.0,201508ddyw.tif
893,7783,11386,1500,522.0,1515.0,201508ddyw.tif
894,7793,10638,2328,523.0,2338.0,201508ddyw.tif
895,7798,4864,1846,524.0,1870.0,201508ddyw.tif
896,7821,6840,2449,526.0,2468.0,201508ddyw.tif
897,7823,4437,2496,527.0,2510.0,201508ddyw.tif
898,7845,7478,2446,529.0,2473.0,201508ddyw.tif
899,7866,8522,4350,530.0,4358.0,201508ddyw.tif
900,7883,10626,2403,531.0,2419.0,201508ddyw.tif
901,7889,4798,2288,532.0,2316.0,201508ddyw.tif
902,7889,11236,2002,533.0,2032.0,201508ddyw.tif
903,7893,5031,2277,534.0,2301.0,201508ddyw.tif
904,7905,7176,4530,535.0,4559.0,201508ddyw.tif
905,7911,4412,5416,536.0,5446.0,201508ddyw.tif
906,7911,4618,2253,537.0,2282.0,201508ddyw.tif
907,7911,10869,1498,539.0,1514.0,201508ddyw.tif
908,7929,6669,2243,540.0,2267.0,201508ddyw.tif
909,7937,3574,1676,541.0,1691.0,201508ddyw.tif
910,7949,10090,1983,542.0,1999.0,201508ddyw.tif
911,7961,4658,6597,543.0,6617.0,201508ddyw.tif
912,7961,7792,5642,544.0,5657.0,201508ddyw.tif
913,7974,4874,3839,545.0,3859.0,201508ddyw.tif
914,7990,11186,2407,547.0,2429.0,201508ddyw.tif
915,8005,1718,187,548.0,208.0,201508ddyw.tif
916,8025,3820,499,550.0,511.0,201508ddyw.tif
917,8029,3710,164,552.0,176.0,201508ddyw.tif
918,8059,3990,979,553.0,999.0,201508ddyw.tif
919,8061,11465,2987,554.0,2998.0,201508ddyw.tif
920,8075,6536,3950,555.0,3974.0,201508ddyw.tif
921,8085,9002,8338,556.0,8374.0,201508ddyw.tif
922,8098,6138,2221,557.0,2238.0,201508ddyw.tif
923,8110,5274,2385,558.0,2410.0,201508ddyw.tif
924,8118,5410,3244,559.0,3270.0,201508ddyw.tif
925,8139,7204,550,560.0,566.0,201508ddyw.tif
926,8154,7904,1876,561.0,1900.0,201508ddyw.tif
927,8163,5783,2929,562.0,2943.0,201508ddyw.tif
928,8211,5066,2583,563.0,2597.0,201508ddyw.tif
929,8218,4814,2651,564.0,2670.0,201508ddyw.tif
930,8225,9198,1072,565.0,1085.0,201508ddyw.tif
931,8237,3772,373,566.0,380.0,201508ddyw.tif
932,8245,9306,1169,567.0,1184.0,201508ddyw.tif
933,8253,4529,1154,568.0,1161.0,201508ddyw.tif
934,8266,6136,2246,569.0,2264.0,201508ddyw.tif
935,8273,4696,2734,570.0,2752.0,201508ddyw.tif
936,8317,11168,1418,572.0,1423.0,201508ddyw.tif
937,8329,10826,1029,573.0,1035.0,201508ddyw.tif
938,8335,8874,1279,574.0,1298.0,201508ddyw.tif
939,8382,6934,2711,577.0,2722.0,201508ddyw.tif
940,8387,7270,2602,578.0,2623.0,201508ddyw.tif
941,8409,9914,319,579.0,332.0,201508ddyw.tif
942,8427,9374,2392,581.0,2408.0,201508ddyw.tif
943,8439,9678,837,582.0,841.0,201508ddyw.tif
944,8442,7718,3946,583.0,3954.0,201508ddyw.tif
945,8479,9089,5948,584.0,5978.0,201508ddyw.tif
946,8480,11506,2531,585.0,2547.0,201508ddyw.tif
947,8483,10660,1176,586.0,1188.0,201508ddyw.tif
948,8509,6540,4247,587.0,4271.0,201508ddyw.tif
949,8514,10896,2264,588.0,2286.0,201508ddyw.tif
950,8534,5614,2092,591.0,2125.0,201508ddyw.tif
951,8535,6250,536,592.0,546.0,201508ddyw.tif
952,8580,9662,4861,594.0,4875.0,201508ddyw.tif
953,8607,8062,3639,595.0,3659.0,201508ddyw.tif
954,8618,7952,2016,597.0,2038.0,201508ddyw.tif
955,8622,5728,2892,598.0,2922.0,201508ddyw.tif
956,8630,5052,2093,600.0,2133.0,201508ddyw.tif
957,8630,6904,3611,601.0,3643.0,201508ddyw.tif
958,8669,10922,1845,603.0,1856.0,201508ddyw.tif
959,8695,6592,3001,605.0,3014.0,201508ddyw.tif
960,8699,8064,2789,606.0,2806.0,201508ddyw.tif
961,8717,4362,508,607.0,517.0,201508ddyw.tif
962,8721,11006,2254,608.0,2288.0,201508ddyw.tif
963,8729,5808,2514,609.0,2541.0,201508ddyw.tif
964,8736,8226,1991,611.0,1999.0,201508ddyw.tif
965,8741,7816,1440,612.0,1455.0,201508ddyw.tif
966,8745,5638,2209,613.0,2217.0,201508ddyw.tif
967,8747,7241,1938,614.0,1957.0,201508ddyw.tif
968,8761,7366,5315,616.0,5346.0,201508ddyw.tif
969,8813,6984,3455,617.0,3474.0,201508ddyw.tif
970,8822,9334,2758,618.0,2778.0,201508ddyw.tif
971,8842,8567,5740,619.0,5778.0,201508ddyw.tif
972,8857,9694,6021,620.0,6033.0,201508ddyw.tif
973,8858,5741,4839,621.0,4862.0,201508ddyw.tif
974,8890,8146,2283,622.0,2308.0,201508ddyw.tif
975,8898,7328,4516,624.0,4537.0,201508ddyw.tif
976,8901,7678,2753,625.0,2768.0,201508ddyw.tif
977,8909,9098,4685,626.0,4699.0,201508ddyw.tif
978,8954,6804,2368,628.0,2379.0,201508ddyw.tif
979,8955,9900,484,629.0,503.0,201508ddyw.tif
980,8959,7131,4681,630.0,4717.0,201508ddyw.tif
981,8977,7486,3094,632.0,3108.0,201508ddyw.tif
982,9005,6423,1896,635.0,1905.0,201508ddyw.tif
983,9041,7648,3345,636.0,3369.0,201508ddyw.tif
984,9061,8480,524,637.0,527.0,201508ddyw.tif
985,9071,4414,341,638.0,343.0,201508ddyw.tif
986,9075,7150,2364,639.0,2371.0,201508ddyw.tif
987,9106,5682,1481,640.0,1509.0,201508ddyw.tif
988,9117,10576,1786,642.0,1796.0,201508ddyw.tif
989,9173,4535,1171,645.0,1179.0,201508ddyw.tif
990,9194,6782,2169,646.0,2174.0,201508ddyw.tif
991,9198,5634,1822,647.0,1833.0,201508ddyw.tif
992,9211,4588,447,648.0,466.0,201508ddyw.tif
993,9211,10158,1875,649.0,1899.0,201508ddyw.tif
994,9225,8064,1853,650.0,1872.0,201508ddyw.tif
995,9229,7528,2958,651.0,2979.0,201508ddyw.tif
996,9234,6230,2701,653.0,2725.0,201508ddyw.tif
997,9241,5978,2842,654.0,2850.0,201508ddyw.tif
998,9305,14266,26190,657.0,26220.0,201508ddyw.tif
999,9323,5638,2507,658.0,2518.0,201508ddyw.tif
1000,9351,8960,1254,659.0,1281.0,201508ddyw.tif
1001,9361,6816,4430,660.0,4480.0,201508ddyw.tif
1002,9361,7990,1868,661.0,1873.0,201508ddyw.tif
1003,9361,8684,304,662.0,316.0,201508ddyw.tif
1004,9383,5034,108,663.0,120.0,201508ddyw.tif
1005,9383,5938,3160,664.0,3182.0,201508ddyw.tif
1006,9405,4974,181,666.0,191.0,201508ddyw.tif
1007,9455,5788,1526,668.0,1543.0,201508ddyw.tif
1008,9457,7562,240,670.0,259.0,201508ddyw.tif
1009,9484,6120,3643,671.0,3648.0,201508ddyw.tif
1010,9489,7544,1619,672.0,1627.0,201508ddyw.tif
1011,9501,5024,607,674.0,620.0,201508ddyw.tif
1012,9549,6746,3468,683.0,3496.0,201508ddyw.tif
1013,9561,9032,4411,684.0,4428.0,201508ddyw.tif
1014,9563,8872,939,685.0,950.0,201508ddyw.tif
1015,9591,4980,826,687.0,843.0,201508ddyw.tif
1016,9605,5896,2727,689.0,2739.0,201508ddyw.tif
1017,9629,6608,616,691.0,628.0,201508ddyw.tif
1018,9631,5686,2629,692.0,2638.0,201508ddyw.tif
1019,9631,5780,1791,693.0,1802.0,201508ddyw.tif
1020,9649,5416,381,697.0,387.0,201508ddyw.tif
1021,9658,5487,298,698.0,314.0,201508ddyw.tif
1022,9661,5528,936,699.0,946.0,201508ddyw.tif
1023,9697,7852,1760,702.0,1778.0,201508ddyw.tif
1024,9725,8964,509,703.0,523.0,201508ddyw.tif
1025,9777,7564,2068,707.0,2085.0,201508ddyw.tif
1026,9795,5785,1560,709.0,1575.0,201508ddyw.tif
1027,9805,7184,2154,710.0,2173.0,201508ddyw.tif
1028,9818,6430,2421,712.0,2455.0,201508ddyw.tif
1029,9831,8028,3898,713.0,3914.0,201508ddyw.tif
1030,9847,5544,478,714.0,485.0,201508ddyw.tif
1031,9849,8654,4646,715.0,4660.0,201508ddyw.tif
1032,9851,8552,362,716.0,375.0,201508ddyw.tif
1033,9897,6611,3618,719.0,3643.0,201508ddyw.tif
1034,9903,8580,314,720.0,326.0,201508ddyw.tif
1035,9913,9308,1326,721.0,1340.0,201508ddyw.tif
1036,9925,7880,668,723.0,688.0,201508ddyw.tif
1037,9997,8598,887,725.0,901.0,201508ddyw.tif
1038,10053,7886,2680,729.0,2696.0,201508ddyw.tif
1039,10077,7084,2142,731.0,2167.0,201508ddyw.tif
1040,10093,9308,1293,732.0,1299.0,201508ddyw.tif
1041,10102,6268,1954,733.0,1974.0,201508ddyw.tif
1042,10117,4828,873,734.0,896.0,201508ddyw.tif
1043,10127,7878,360,735.0,366.0,201508ddyw.tif
1044,10129,7396,576,736.0,587.0,201508ddyw.tif
1045,10143,9488,169,738.0,187.0,201508ddyw.tif
1046,10151,5706,767,739.0,785.0,201508ddyw.tif
1047,10154,9160,2848,740.0,2854.0,201508ddyw.tif
1048,10169,7565,647,742.0,664.0,201508ddyw.tif
1049,10185,5742,117,743.0,123.0,201508ddyw.tif
1050,10191,6231,642,744.0,654.0,201508ddyw.tif
1051,10219,7221,756,745.0,769.0,201508ddyw.tif
1052,10229,6732,1841,746.0,1861.0,201508ddyw.tif
1053,10249,5156,1220,747.0,1240.0,201508ddyw.tif
1054,10269,7382,2356,750.0,2377.0,201508ddyw.tif
1055,10286,6272,2826,752.0,2842.0,201508ddyw.tif
1056,10336,4889,287,755.0,294.0,201508ddyw.tif
1057,10400,3535,379,757.0,388.0,201508ddyw.tif
1058,10401,7464,1742,758.0,1756.0,201508ddyw.tif
1059,10415,4764,2400,759.0,2427.0,201508ddyw.tif
1060,10419,8256,539,760.0,553.0,201508ddyw.tif
1061,10431,5128,2657,762.0,2678.0,201508ddyw.tif
1062,10441,8476,3967,763.0,3988.0,201508ddyw.tif
1063,10475,4731,235,764.0,245.0,201508ddyw.tif
1064,10505,6351,960,766.0,971.0,201508ddyw.tif
1065,10591,7058,585,767.0,594.0,201508ddyw.tif
1066,10597,4684,861,768.0,870.0,201508ddyw.tif
1067,10597,6386,133,769.0,141.0,201508ddyw.tif
1068,10603,7114,659,770.0,681.0,201508ddyw.tif
1069,10629,9058,406,772.0,416.0,201508ddyw.tif
1070,10635,7073,341,773.0,359.0,201508ddyw.tif
1071,10649,7132,412,774.0,429.0,201508ddyw.tif
1072,10662,7208,1404,775.0,1426.0,201508ddyw.tif
1073,10670,2853,1548,776.0,1600.0,201508ddyw.tif
1074,10701,8568,508,779.0,520.0,201508ddyw.tif
1075,10715,4706,4852,780.0,4866.0,201508ddyw.tif
1076,10722,2968,1540,781.0,1562.0,201508ddyw.tif
1077,10731,9145,474,782.0,491.0,201508ddyw.tif
1078,10738,8602,1129,783.0,1164.0,201508ddyw.tif
1079,10745,8232,189,784.0,197.0,201508ddyw.tif
1080,10758,7268,2741,786.0,2763.0,201508ddyw.tif
1081,10786,8646,1366,789.0,1390.0,201508ddyw.tif
1082,10805,7438,3103,790.0,3117.0,201508ddyw.tif
1083,10849,9790,3574,793.0,3593.0,201508ddyw.tif
1084,10867,10846,282,794.0,289.0,201508ddyw.tif
1085,10873,8558,230,795.0,249.0,201508ddyw.tif
1086,10881,7750,1888,796.0,1921.0,201508ddyw.tif
1087,10899,11006,317,798.0,330.0,201508ddyw.tif
1088,10941,10804,796,799.0,829.0,201508ddyw.tif
1089,10995,7686,644,800.0,655.0,201508ddyw.tif
1090,11017,7842,245,802.0,256.0,201508ddyw.tif
1091,11037,7520,814,803.0,831.0,201508ddyw.tif
1092,11047,4344,5916,804.0,5952.0,201508ddyw.tif
1093,11073,4972,7039,805.0,7067.0,201508ddyw.tif
1094,11098,3778,205,808.0,218.0,201508ddyw.tif
1095,11114,4481,2900,809.0,2911.0,201508ddyw.tif
1096,11141,5620,2223,810.0,2252.0,201508ddyw.tif
1097,11143,4415,1120,811.0,1131.0,201508ddyw.tif
1098,11146,4882,2494,813.0,2509.0,201508ddyw.tif
1099,11167,4332,2729,814.0,2739.0,201508ddyw.tif
1100,11267,4462,2457,815.0,2484.0,201508ddyw.tif
1101,11370,5790,4227,816.0,4273.0,201508ddyw.tif
1102,11421,4166,2469,818.0,2477.0,201508ddyw.tif
1103,11458,4046,2141,822.0,2151.0,201508ddyw.tif
1104,11459,3957,2883,821.0,2911.0,201508ddyw.tif
1105,11582,7090,3160,824.0,3184.0,201508ddyw.tif
1106,11589,6200,368,825.0,375.0,201508ddyw.tif
1107,11595,5198,4977,826.0,5008.0,201508ddyw.tif
1108,11597,4910,3776,827.0,3794.0,201508ddyw.tif
1109,11606,6602,2435,828.0,2462.0,201508ddyw.tif
1110,11611,5978,2162,829.0,2179.0,201508ddyw.tif
1111,11619,5042,10646,830.0,10664.0,201508ddyw.tif
1112,11719,4484,1594,832.0,1610.0,201508ddyw.tif
1113,11747,6454,4244,833.0,4255.0,201508ddyw.tif
1114,11749,6542,5650,834.0,5690.0,201508ddyw.tif
1115,11795,3122,1377,838.0,1388.0,201508ddyw.tif
1116,11806,4512,2223,839.0,2234.0,201508ddyw.tif
1117,11825,3184,1424,840.0,1441.0,201508ddyw.tif
1118,11865,5558,5071,841.0,5105.0,201508ddyw.tif
1119,11895,3172,3739,842.0,3765.0,201508ddyw.tif
1120,11949,3408,1567,843.0,1584.0,201508ddyw.tif
1121,11967,3640,3304,845.0,3324.0,201508ddyw.tif
1122,11983,2936,3292,846.0,3310.0,201508ddyw.tif
1123,11997,5352,3920,847.0,3951.0,201508ddyw.tif
1124,12003,5138,1813,848.0,1840.0,201508ddyw.tif
1125,12039,3097,1229,851.0,1234.0,201508ddyw.tif
1126,12053,4634,2271,853.0,2279.0,201508ddyw.tif
1127,12090,6698,4880,855.0,4915.0,201508ddyw.tif
1128,12098,4296,1466,856.0,1489.0,201508ddyw.tif
1129,12117,3974,3910,857.0,3937.0,201508ddyw.tif
1130,12133,7092,5590,858.0,5621.0,201508ddyw.tif
1131,12155,3621,1191,859.0,1215.0,201508ddyw.tif
1132,12157,3190,3608,860.0,3623.0,201508ddyw.tif
1133,12177,4912,3088,861.0,3104.0,201508ddyw.tif
1134,12189,2975,2734,862.0,2754.0,201508ddyw.tif
1135,12209,5460,1014,864.0,1029.0,201508ddyw.tif
1136,12223,6766,3735,865.0,3768.0,201508ddyw.tif
1137,12238,5030,3762,866.0,3768.0,201508ddyw.tif
1138,12279,4868,2456,867.0,2480.0,201508ddyw.tif
1139,12289,8268,1270,869.0,1288.0,201508ddyw.tif
1140,12311,7186,2403,870.0,2439.0,201508ddyw.tif
1141,12321,5480,2796,871.0,2824.0,201508ddyw.tif
1142,12327,5230,2494,872.0,2520.0,201508ddyw.tif
1143,12358,4872,1737,874.0,1759.0,201508ddyw.tif
1144,12387,3056,1260,877.0,1290.0,201508ddyw.tif
1145,12391,3726,4531,878.0,4536.0,201508ddyw.tif
1146,12423,5368,1482,879.0,1495.0,201508ddyw.tif
1147,12431,5026,4504,880.0,4517.0,201508ddyw.tif
1148,12433,4638,2571,881.0,2605.0,201508ddyw.tif
1149,12451,3612,1890,882.0,1907.0,201508ddyw.tif
1150,12465,3820,913,883.0,928.0,201508ddyw.tif
1151,12490,4266,2521,885.0,2545.0,201508ddyw.tif
1152,12517,4518,1300,886.0,1318.0,201508ddyw.tif
1153,12559,5018,3127,888.0,3154.0,201508ddyw.tif
1154,12563,4558,2370,889.0,2384.0,201508ddyw.tif
1155,12615,5500,1654,891.0,1682.0,201508ddyw.tif
1156,12623,6694,900,892.0,920.0,201508ddyw.tif
1157,12637,3730,5499,893.0,5528.0,201508ddyw.tif
1158,12671,7918,3095,894.0,3117.0,201508ddyw.tif
1159,12748,7856,2493,898.0,2519.0,201508ddyw.tif
1160,12749,4611,3464,897.0,3473.0,201508ddyw.tif
1161,12753,9722,3009,899.0,3025.0,201508ddyw.tif
1162,12777,5096,1163,900.0,1187.0,201508ddyw.tif
1163,12781,3564,2993,901.0,3019.0,201508ddyw.tif
1164,12804,8303,2392,902.0,2412.0,201508ddyw.tif
1165,12829,5523,3790,903.0,3802.0,201508ddyw.tif
1166,12831,3762,4901,904.0,4915.0,201508ddyw.tif
1167,12835,4674,1064,905.0,1092.0,201508ddyw.tif
1168,12905,7988,3627,906.0,3634.0,201508ddyw.tif
1169,12925,7654,5098,909.0,5125.0,201508ddyw.tif
1170,12941,4794,1923,910.0,1933.0,201508ddyw.tif
1171,12969,4991,1480,913.0,1498.0,201508ddyw.tif
1172,12999,9371,4310,914.0,4324.0,201508ddyw.tif
1173,13007,3802,1234,915.0,1276.0,201508ddyw.tif
1174,13007,4810,1968,916.0,1995.0,201508ddyw.tif
1175,13055,5928,3593,921.0,3621.0,201508ddyw.tif
1176,13062,4288,996,923.0,1023.0,201508ddyw.tif
1177,13093,5214,2161,926.0,2174.0,201508ddyw.tif
1178,13103,4368,2672,927.0,2692.0,201508ddyw.tif
1179,13116,9689,3540,928.0,3564.0,201508ddyw.tif
1180,13203,8909,2836,930.0,2853.0,201508ddyw.tif
1181,13207,9970,1389,931.0,1403.0,201508ddyw.tif
1182,13234,9778,2661,932.0,2685.0,201508ddyw.tif
1183,13254,7582,932,933.0,947.0,201508ddyw.tif
1184,13263,4252,674,934.0,692.0,201508ddyw.tif
1185,13341,7877,3797,936.0,3819.0,201508ddyw.tif
1186,13369,5867,2884,937.0,2898.0,201508ddyw.tif
1187,13385,4774,2599,938.0,2634.0,201508ddyw.tif
1188,13391,9858,1531,939.0,1551.0,201508ddyw.tif
1189,13403,5298,2541,940.0,2567.0,201508ddyw.tif
1190,13431,7256,4694,941.0,4708.0,201508ddyw.tif
1191,13432,8707,2919,942.0,2931.0,201508ddyw.tif
1192,13467,5607,2323,943.0,2341.0,201508ddyw.tif
1193,13475,5710,3427,945.0,3459.0,201508ddyw.tif
1194,13503,7347,1399,947.0,1428.0,201508ddyw.tif
1195,13523,5519,2748,948.0,2755.0,201508ddyw.tif
1196,13543,8386,2415,949.0,2431.0,201508ddyw.tif
1197,13565,4678,4443,950.0,4464.0,201508ddyw.tif
1198,13613,9759,3584,951.0,3607.0,201508ddyw.tif
1199,13619,6766,4409,952.0,4422.0,201508ddyw.tif
1200,13681,7008,2419,954.0,2472.0,201508ddyw.tif
1201,13699,8342,12098,955.0,12115.0,201508ddyw.tif
1202,13713,4590,2815,956.0,2840.0,201508ddyw.tif
1203,13717,7192,1182,957.0,1197.0,201508ddyw.tif
1204,13751,6718,1644,961.0,1656.0,201508ddyw.tif
1205,13763,5322,1007,963.0,1016.0,201508ddyw.tif
1206,13767,6990,222,965.0,239.0,201508ddyw.tif
1207,13778,4650,2512,967.0,2540.0,201508ddyw.tif
1208,13778,5152,1209,968.0,1241.0,201508ddyw.tif
1209,13849,8504,608,971.0,622.0,201508ddyw.tif
1210,13863,7126,1851,972.0,1883.0,201508ddyw.tif
1211,13871,4740,1653,973.0,1656.0,201508ddyw.tif
1212,13919,5012,5039,974.0,5086.0,201508ddyw.tif
1213,13927,5537,2741,975.0,2769.0,201508ddyw.tif
1214,13940,5846,2264,976.0,2284.0,201508ddyw.tif
1215,13963,6561,3064,981.0,3087.0,201508ddyw.tif
1216,13963,8872,4647,982.0,4667.0,201508ddyw.tif
1217,13976,6114,2537,983.0,2567.0,201508ddyw.tif
1218,13984,9160,2526,985.0,2538.0,201508ddyw.tif
1219,13985,4712,1861,984.0,1870.0,201508ddyw.tif
1220,13999,7706,2186,986.0,2200.0,201508ddyw.tif
1221,14022,4910,3507,987.0,3529.0,201508ddyw.tif
1222,14051,6388,1683,990.0,1704.0,201508ddyw.tif
1223,14059,6999,1251,991.0,1279.0,201508ddyw.tif
1224,14115,6362,2343,994.0,2355.0,201508ddyw.tif
1225,14119,8182,570,995.0,582.0,201508ddyw.tif
1226,14143,9256,3068,997.0,3098.0,201508ddyw.tif
1227,14165,8442,2203,998.0,2232.0,201508ddyw.tif
1228,14185,5884,1462,1000.0,1474.0,201508ddyw.tif
1229,14325,9291,2844,1002.0,2880.0,201508ddyw.tif
1230,14417,7313,1387,1005.0,1405.0,201508ddyw.tif
1231,14547,6338,563,1006.0,581.0,201508ddyw.tif
1232,14599,6557,7381,1007.0,7446.0,201508ddyw.tif
1233,14629,6932,2549,1009.0,2573.0,201508ddyw.tif
1234,14667,9030,15952,1010.0,15988.0,201508ddyw.tif
1235,14693,7206,10220,1011.0,10238.0,201508ddyw.tif
1236,14891,8894,6234,1013.0,6250.0,201508ddyw.tif
1237,14929,6441,738,1015.0,756.0,201508ddyw.tif
1238,14981,6322,377,1017.0,393.0,201508ddyw.tif
1239,14989,8860,2489,1018.0,2519.0,201508ddyw.tif
1240,15027,7024,7423,1020.0,7446.0,201508ddyw.tif
1241,15047,7549,2286,1021.0,2297.0,201508ddyw.tif
1242,15063,6354,1260,1022.0,1312.0,201508ddyw.tif
1243,15331,8284,9380,1025.0,9412.0,201508ddyw.tif
1244,15335,8748,6013,1026.0,6046.0,201508ddyw.tif
1245,15338,6326,1734,1028.0,1746.0,201508ddyw.tif
1246,15395,9232,863,1029.0,877.0,201508ddyw.tif
1247,15479,8680,114,1032.0,124.0,201508ddyw.tif
1248,15495,7654,1279,1034.0,1305.0,201508ddyw.tif
1249,15513,6812,1461,1036.0,1492.0,201508ddyw.tif
1250,15660,8332,2378,1040.0,2406.0,201508ddyw.tif
1251,15721,8386,7741,1041.0,7751.0,201508ddyw.tif
1252,15839,7450,1946,1045.0,1957.0,201508ddyw.tif
1253,15955,8570,3722,1047.0,3754.0,201508ddyw.tif
1254,16119,8215,3532,1050.0,3550.0,201508ddyw.tif
1255,16201,8314,2187,1052.0,2211.0,201508ddyw.tif
1256,16239,7790,165,1053.0,192.0,201508ddyw.tif
1257,16274,7610,2197,1056.0,2233.0,201508ddyw.tif
1258,16325,9784,252,1060.0,261.0,201508ddyw.tif
1259,16347,9862,134,1061.0,142.0,201508ddyw.tif
1260,16355,7718,3283,1062.0,3310.0,201508ddyw.tif
1261,16365,7926,1445,1063.0,1460.0,201508ddyw.tif
1262,16675,11776,120,1070.0,127.0,201508ddyw.tif
1263,16995,9980,472,1071.0,490.0,201508ddyw.tif
103,3387,11115,3270,34.0,3297.0,20151017sp.tif
108,3415,3630,14646,35.0,14655.0,20151017sp.tif
111,3479,4694,6422,37.0,6467.0,20151017sp.tif
116,3611,6361,6929,44.0,6976.0,20151017sp.tif
118,3569,3188,13030,43.0,13062.0,20151017sp.tif
123,3685,12373,2759,49.0,2779.0,20151017sp.tif
124,3697,12880,17216,52.0,17244.0,20151017sp.tif
131,3813,7375,2344,55.0,2352.0,20151017sp.tif
144,3987,2918,8550,63.0,8572.0,20151017sp.tif
149,4045,2454,5541,68.0,5574.0,20151017sp.tif
151,4093,6690,4202,76.0,4240.0,20151017sp.tif
154,4081,2337,2182,74.0,2219.0,20151017sp.tif
158,4217,7153,5579,84.0,5607.0,20151017sp.tif
170,4403,4432,15953,94.0,16013.0,20151017sp.tif
172,4422,3046,7557,99.0,7581.0,20151017sp.tif
175,4463,3362,18703,102.0,18752.0,20151017sp.tif
178,4556,8679,3204,109.0,3228.0,20151017sp.tif
179,4533,3874,5500,107.0,5526.0,20151017sp.tif
180,4538,3726,6070,108.0,6098.0,20151017sp.tif
203,4969,4260,10373,126.0,10421.0,20151017sp.tif
204,5015,7262,8302,130.0,8326.0,20151017sp.tif
243,5815,7662,4886,176.0,4926.0,20151017sp.tif
253,6009,3596,17752,185.0,17804.0,20151017sp.tif
267,6301,3767,5121,194.0,5146.0,20151017sp.tif
273,6680,9520,3359,212.0,3372.0,20151017sp.tif
282,6989,3422,11811,238.0,11837.0,20151017sp.tif
285,7114,5912,18755,244.0,18774.0,20151017sp.tif
297,7507,8078,4870,257.0,4875.0,20151017sp.tif
302,7682,6591,3168,268.0,3193.0,20151017sp.tif
318,8318,7062,3663,308.0,3703.0,20151017sp.tif
333,8627,7663,5756,321.0,5794.0,20151017sp.tif
358,9157,6358,2200,345.0,2217.0,20151017sp.tif
363,9223,7509,2982,348.0,2991.0,20151017sp.tif
369,9386,9400,5327,358.0,5348.0,20151017sp.tif
384,9598,9310,4849,366.0,4904.0,20151017sp.tif
446,10803,7408,2122,391.0,2156.0,20151017sp.tif
461,11397,4742,7248,395.0,7276.0,20151017sp.tif
470,11949,2743,5657,407.0,5668.0,20151017sp.tif
476,12371,7790,20161,428.0,20211.0,20151017sp.tif
477,12367,6352,19684,427.0,19726.0,20151017sp.tif
478,12411,3706,2375,429.0,2383.0,20151017sp.tif
483,12730,7563,10513,438.0,10538.0,20151017sp.tif
484,12915,6566,13656,444.0,13692.0,20151017sp.tif
486,12963,6310,16565,446.0,16567.0,20151017sp.tif
488,13115,6800,16076,456.0,16091.0,20151017sp.tif
492,13495,5804,6826,468.0,6848.0,20151017sp.tif
497,13723,8644,7536,476.0,7576.0,20151017sp.tif
498,13737,6256,10066,477.0,10108.0,20151017sp.tif
505,13939,7786,3299,484.0,3308.0,20151017sp.tif
512,14337,6432,2390,498.0,2415.0,20151017sp.tif
517,14599,7856,5534,500.0,5560.0,20151017sp.tif
521,14991,6768,4983,506.0,5019.0,20151017sp.tif
522,14991,6768,4983,506.0,5019.0,20151017sp.tif
524,15099,7874,8500,510.0,8532.0,20151017sp.tif
540,15779,8900,14438,517.0,14432.0,20151017sp.tif
544,15908,8842,6068,518.0,6099.0,20151017sp.tif
592,2957,8902,2754,14.0,2798.0,20151017sp.tif
606,3149,7906,1028,18.0,1040.0,20151017sp.tif
607,3181,8150,4148,21.0,4184.0,20151017sp.tif
611,3225,6563,2363,23.0,2379.0,20151017sp.tif
612,3213,8275,2001,22.0,2008.0,20151017sp.tif
615,3227,8022,3954,24.0,3972.0,20151017sp.tif
616,3249,8489,3251,26.0,3269.0,20151017sp.tif
622,3323,8236,2549,30.0,2569.0,20151017sp.tif
628,3537,8042,1362,39.0,1372.0,20151017sp.tif
635,3611,6361,6929,44.0,6976.0,20151017sp.tif
636,3537,8042,1362,39.0,1372.0,20151017sp.tif
640,3611,7830,2601,45.0,2625.0,20151017sp.tif
641,3625,7588,2195,46.0,2209.0,20151017sp.tif
642,3629,7695,1765,47.0,1785.0,20151017sp.tif
646,3685,12373,2759,49.0,2779.0,20151017sp.tif
648,3695,11512,2246,50.0,2274.0,20151017sp.tif
653,3751,11458,1419,53.0,1441.0,20151017sp.tif
656,3865,11130,3340,57.0,3384.0,20151017sp.tif
662,3938,7296,3387,60.0,3393.0,20151017sp.tif
664,3969,11870,4098,61.0,4128.0,20151017sp.tif
668,3991,10672,3667,64.0,3695.0,20151017sp.tif
669,3977,11046,1645,62.0,1655.0,20151017sp.tif
672,4013,11094,2555,67.0,2564.0,20151017sp.tif
677,4079,10824,2276,73.0,2290.0,20151017sp.tif
680,4085,8637,1340,75.0,1348.0,20151017sp.tif
681,4101,7270,4102,78.0,4118.0,20151017sp.tif
684,4185,8040,955,83.0,981.0,20151017sp.tif
692,4317,6480,3965,90.0,3975.0,20151017sp.tif
693,4303,8316,2180,89.0,2213.0,20151017sp.tif
695,4349,10566,2341,91.0,2370.0,20151017sp.tif
696,4439,6563,1274,101.0,1295.0,20151017sp.tif
697,4363,8064,1875,92.0,1886.0,20151017sp.tif
698,4407,6062,6064,95.0,6087.0,20151017sp.tif
700,4413,7658,3012,97.0,3028.0,20151017sp.tif
701,4406,7934,2651,96.0,2686.0,20151017sp.tif
703,4426,10150,2630,100.0,2657.0,20151017sp.tif
704,4439,6563,1274,101.0,1295.0,20151017sp.tif
706,4486,10278,3646,105.0,3676.0,20151017sp.tif
707,4474,8052,3063,103.0,3082.0,20151017sp.tif
709,4493,8770,3934,106.0,3959.0,20151017sp.tif
714,4603,6558,926,112.0,939.0,20151017sp.tif
715,4615,8290,1732,113.0,1748.0,20151017sp.tif
717,4653,10142,2299,114.0,2318.0,20151017sp.tif
719,4742,6241,2588,120.0,2602.0,20151017sp.tif
722,4773,8336,1954,121.0,1965.0,20151017sp.tif
723,4820,5725,3296,122.0,3336.0,20151017sp.tif
727,4842,8196,1452,123.0,1497.0,20151017sp.tif
728,4943,8299,770,124.0,799.0,20151017sp.tif
731,4963,8102,2342,125.0,2357.0,20151017sp.tif
732,5005,10190,3378,128.0,3402.0,20151017sp.tif
733,5010,8360,2226,129.0,2245.0,20151017sp.tif
734,5019,9034,823,131.0,846.0,20151017sp.tif
735,5075,9096,1100,133.0,1115.0,20151017sp.tif
736,5087,10335,2172,134.0,2182.0,20151017sp.tif
737,5107,4892,1912,136.0,1932.0,20151017sp.tif
739,5097,9481,2861,135.0,2891.0,20151017sp.tif
740,5195,9124,910,142.0,928.0,20151017sp.tif
743,5191,6865,1841,140.0,1862.0,20151017sp.tif
745,5195,9124,910,142.0,928.0,20151017sp.tif
746,5222,8718,1884,144.0,1913.0,20151017sp.tif
754,5289,10302,500,152.0,520.0,20151017sp.tif
755,5305,3084,1200,153.0,1218.0,20151017sp.tif
758,5333,6357,1805,154.0,1825.0,20151017sp.tif
759,5345,9872,1354,155.0,1366.0,20151017sp.tif
766,5527,12395,2129,160.0,2146.0,20151017sp.tif
769,5561,8912,4327,161.0,4362.0,20151017sp.tif
770,5627,10202,1446,164.0,1473.0,20151017sp.tif
773,5685,9748,1313,166.0,1324.0,20151017sp.tif
774,5693,7564,1824,167.0,1847.0,20151017sp.tif
775,5721,5824,1950,169.0,1961.0,20151017sp.tif
776,5710,10538,5058,168.0,5092.0,20151017sp.tif
777,5733,5098,2335,170.0,2354.0,20151017sp.tif
779,5763,10981,1475,172.0,1503.0,20151017sp.tif
781,5787,5020,1581,174.0,1596.0,20151017sp.tif
783,5787,9018,2322,175.0,2339.0,20151017sp.tif
785,5839,10103,1078,179.0,1109.0,20151017sp.tif
786,5854,11350,1575,180.0,1579.0,20151017sp.tif
792,5954,10942,2815,183.0,2831.0,20151017sp.tif
799,6047,9488,5254,186.0,5276.0,20151017sp.tif
800,6099,12230,2675,188.0,2690.0,20151017sp.tif
802,6127,8821,1628,189.0,1657.0,20151017sp.tif
808,6350,9978,2879,198.0,2904.0,20151017sp.tif
810,6469,7983,1258,200.0,1285.0,20151017sp.tif
812,6497,7408,547,202.0,559.0,20151017sp.tif
813,6493,3674,3793,201.0,3809.0,20151017sp.tif
814,6507,8522,2376,203.0,2396.0,20151017sp.tif
815,6542,7458,5213,208.0,5217.0,20151017sp.tif
816,6537,10820,988,207.0,1004.0,20151017sp.tif
817,6533,9519,2659,206.0,2686.0,20151017sp.tif
818,6529,10150,2814,205.0,2842.0,20151017sp.tif
820,6587,10590,1719,209.0,1734.0,20151017sp.tif
825,6693,8686,3756,213.0,3783.0,20151017sp.tif
826,6697,7494,1352,214.0,1368.0,20151017sp.tif
827,6697,9115,1224,215.0,1235.0,20151017sp.tif
828,6677,10113,1323,211.0,1343.0,20151017sp.tif
830,6721,8452,1736,218.0,1753.0,20151017sp.tif
839,6781,11294,2406,221.0,2427.0,20151017sp.tif
843,6831,3470,1991,226.0,2007.0,20151017sp.tif
846,6853,7400,2426,228.0,2451.0,20151017sp.tif
849,6941,4630,1825,236.0,1845.0,20151017sp.tif
851,6994,5402,3902,239.0,3914.0,20151017sp.tif
863,7249,8500,6750,248.0,6781.0,20151017sp.tif
869,7466,4316,4299,253.0,4326.0,20151017sp.tif
870,7459,11260,845,252.0,859.0,20151017sp.tif
871,7487,5766,4376,254.0,4397.0,20151017sp.tif
872,7505,7191,918,256.0,924.0,20151017sp.tif
873,7487,9845,1657,255.0,1671.0,20151017sp.tif
874,7529,6629,2038,258.0,2060.0,20151017sp.tif
877,7531,5886,4506,259.0,4550.0,20151017sp.tif
881,7607,6494,3333,262.0,3342.0,20151017sp.tif
882,7606,7131,1751,263.0,1761.0,20151017sp.tif
885,7709,7214,1783,272.0,1797.0,20151017sp.tif
886,7705,5344,1525,270.0,1538.0,20151017sp.tif
887,7705,10381,993,271.0,1002.0,20151017sp.tif
888,7719,10454,3172,273.0,3200.0,20151017sp.tif
889,7754,8038,2524,274.0,2543.0,20151017sp.tif
890,7763,7578,2902,276.0,2921.0,20151017sp.tif
891,7757,5406,1417,275.0,1421.0,20151017sp.tif
892,7767,7282,4385,278.0,4410.0,20151017sp.tif
893,7767,11350,1437,279.0,1452.0,20151017sp.tif
895,7803,4826,2221,280.0,2243.0,20151017sp.tif
896,7831,6777,2299,282.0,2311.0,20151017sp.tif
897,7827,4396,2611,281.0,2629.0,20151017sp.tif
902,7881,11198,1945,285.0,1974.0,20151017sp.tif
903,7901,4996,3096,288.0,3133.0,20151017sp.tif
904,7902,7130,4851,289.0,4881.0,20151017sp.tif
908,7937,6609,2334,292.0,2357.0,20151017sp.tif
910,7941,10049,1571,293.0,1597.0,20151017sp.tif
912,7961,7754,5541,295.0,5567.0,20151017sp.tif
913,7986,4830,3684,298.0,3704.0,20151017sp.tif
914,7983,11148,2685,297.0,2709.0,20151017sp.tif
919,8057,11430,2320,300.0,2336.0,20151017sp.tif
920,8079,6482,3637,301.0,3658.0,20151017sp.tif
934,8268,6096,1937,305.0,1978.0,20151017sp.tif
936,8308,11145,746,307.0,750.0,20151017sp.tif
938,8345,8841,1006,309.0,1022.0,20151017sp.tif
939,8389,6878,2720,310.0,2730.0,20151017sp.tif
940,8407,7222,2354,312.0,2395.0,20151017sp.tif
945,8483,9060,4132,316.0,4160.0,20151017sp.tif
947,8473,10624,887,314.0,899.0,20151017sp.tif
950,8524,5579,1864,318.0,1880.0,20151017sp.tif
955,8623,5696,1622,320.0,1654.0,20151017sp.tif
957,8635,6846,3370,322.0,3393.0,20151017sp.tif
958,8657,10883,2025,323.0,2057.0,20151017sp.tif
969,8819,6918,3894,331.0,3927.0,20151017sp.tif
970,8819,9290,2589,332.0,2631.0,20151017sp.tif
971,8854,8526,4812,334.0,4820.0,20151017sp.tif
976,8906,7650,2952,336.0,2992.0,20151017sp.tif
978,8913,6818,2093,337.0,2110.0,20151017sp.tif
981,8979,7468,3013,339.0,3020.0,20151017sp.tif
982,9017,6374,1249,341.0,1254.0,20151017sp.tif
983,9043,7626,2926,342.0,2941.0,20151017sp.tif
987,9095,5645,1259,344.0,1285.0,20151017sp.tif
990,9204,6718,2057,346.0,2076.0,20151017sp.tif
995,9223,7509,2982,348.0,2991.0,20151017sp.tif
996,9237,6182,2430,350.0,2455.0,20151017sp.tif
998,9266,14214,20912,352.0,20930.0,20151017sp.tif
1002,9358,7975,1481,356.0,1493.0,20151017sp.tif
1007,9451,5751,1303,361.0,1311.0,20151017sp.tif
1008,9489,7529,1222,363.0,1232.0,20151017sp.tif
1010,9489,7529,1222,363.0,1232.0,20151017sp.tif
1012,9558,6677,3228,365.0,3253.0,20151017sp.tif
1018,9625,5651,1661,367.0,1672.0,20151017sp.tif
1026,9793,5749,1072,369.0,1089.0,20151017sp.tif
1028,9833,6394,1354,372.0,1361.0,20151017sp.tif
1029,9827,8006,3244,371.0,3264.0,20151017sp.tif
1033,9913,6558,2723,374.0,2741.0,20151017sp.tif
1075,10709,4666,5359,388.0,5390.0,20151017sp.tif
1080,10755,7231,2286,389.0,2303.0,20151017sp.tif
1082,10803,7408,2122,391.0,2156.0,20151017sp.tif
1096,11145,5590,1510,394.0,1530.0,20151017sp.tif
1097,11074,4354,1528,392.0,1552.0,20151017sp.tif
1108,11595,4866,4077,399.0,4105.0,20151017sp.tif
1109,11613,6550,2024,400.0,2058.0,20151017sp.tif
1112,11791,4477,2437,403.0,2466.0,20151017sp.tif
1116,11791,4477,2437,403.0,2466.0,20151017sp.tif
1118,11875,5534,3923,404.0,3941.0,20151017sp.tif
1127,12105,6634,5828,415.0,5844.0,20151017sp.tif
1128,12097,4254,851,414.0,870.0,20151017sp.tif
1129,12127,3940,4166,416.0,4187.0,20151017sp.tif
1130,12155,7036,4614,417.0,4640.0,20151017sp.tif
1133,12171,4872,3145,418.0,3158.0,20151017sp.tif
1137,12246,5002,2144,420.0,2162.0,20151017sp.tif
1140,12323,7118,3426,424.0,3460.0,20151017sp.tif
1142,12335,5196,2360,425.0,2363.0,20151017sp.tif
1145,12411,3706,2375,429.0,2383.0,20151017sp.tif
1146,12435,5332,1055,430.0,1065.0,20151017sp.tif
1151,12489,4227,1855,431.0,1873.0,20151017sp.tif
1152,12519,4476,709,432.0,719.0,20151017sp.tif
1154,12563,4512,1652,433.0,1665.0,20151017sp.tif
1155,12631,5458,1186,435.0,1220.0,20151017sp.tif
1158,12670,7899,2929,437.0,2949.0,20151017sp.tif
1159,12751,7838,1623,439.0,1633.0,20151017sp.tif
1162,12791,5057,828,440.0,837.0,20151017sp.tif
1164,12807,8297,1583,441.0,1600.0,20151017sp.tif
1165,12842,5498,2038,442.0,2058.0,20151017sp.tif
1168,12903,7966,3752,443.0,3792.0,20151017sp.tif
1169,12923,7644,3600,445.0,3612.0,20151017sp.tif
1171,12977,4954,1326,447.0,1340.0,20151017sp.tif
1175,13059,5882,3750,452.0,3796.0,20151017sp.tif
1177,13099,5184,1904,454.0,1924.0,20151017sp.tif
1179,13111,9694,2712,455.0,2736.0,20151017sp.tif
1182,13223,9774,3018,459.0,3032.0,20151017sp.tif
1185,13339,7870,3922,460.0,3972.0,20151017sp.tif
1186,13369,5817,2931,461.0,2965.0,20151017sp.tif
1187,13383,4729,2019,463.0,2048.0,20151017sp.tif
1190,13423,7230,4512,465.0,4528.0,20151017sp.tif
1192,13469,5566,2214,466.0,2235.0,20151017sp.tif
1193,13481,5662,3432,467.0,3446.0,20151017sp.tif
1195,13523,5482,2032,469.0,2043.0,20151017sp.tif
1196,13559,8374,1234,470.0,1244.0,20151017sp.tif
1199,13599,6730,5481,471.0,5509.0,20151017sp.tif
1201,13679,8328,11055,474.0,11083.0,20151017sp.tif
1204,13744,6638,1328,480.0,1333.0,20151017sp.tif
1206,13743,6910,3053,478.0,3088.0,20151017sp.tif
1216,13951,8862,4866,486.0,4896.0,20151017sp.tif
1217,13971,6062,2017,488.0,2029.0,20151017sp.tif
1218,13991,9158,1856,489.0,1864.0,20151017sp.tif
1223,14055,6998,718,491.0,727.0,20151017sp.tif
1226,14147,9256,2656,494.0,2696.0,20151017sp.tif
1227,14151,8434,2380,495.0,2416.0,20151017sp.tif
1229,14327,9280,2127,497.0,2151.0,20151017sp.tif
1232,14591,6534,7651,499.0,7693.0,20151017sp.tif
1234,14659,9026,15080,502.0,15120.0,20151017sp.tif
1235,14659,7182,10412,501.0,10436.0,20151017sp.tif
1236,14873,8898,3796,503.0,3816.0,20151017sp.tif
1240,15007,7004,8212,507.0,8252.0,20151017sp.tif
1244,15297,8736,5442,513.0,5476.0,20151017sp.tif
1248,15467,7630,1045,514.0,1066.0,20151017sp.tif
1250,15621,8302,2721,515.0,2736.0,20151017sp.tif
1251,15689,8364,7270,516.0,7316.0,20151017sp.tif
1254,16080,8191,3383,519.0,3391.0,20151017sp.tif
1264,2005,3474,6860,2.0,6875.0,20151017sp.tif
1265,2309,2094,3554,4.0,3567.0,20151017sp.tif
1266,2893,2158,15468,10.0,15485.0,20151017sp.tif
1267,2927,8606,1309,11.0,1331.0,20151017sp.tif
1268,2933,2107,1010,12.0,1016.0,20151017sp.tif
1269,3035,6586,116,16.0,128.0,20151017sp.tif
1270,3051,6598,193,17.0,204.0,20151017sp.tif
1271,3161,3201,4468,19.0,4524.0,20151017sp.tif
1272,3259,6409,621,27.0,641.0,20151017sp.tif
1273,3537,10092,1452,40.0,1476.0,20151017sp.tif
1274,3567,6480,568,42.0,594.0,20151017sp.tif
1275,3685,8858,2977,48.0,3005.0,20151017sp.tif
1276,3837,2126,5235,56.0,5261.0,20151017sp.tif
1277,3903,8374,646,58.0,656.0,20151017sp.tif
1278,3916,7370,649,59.0,669.0,20151017sp.tif
1279,3997,8534,1114,66.0,1140.0,20151017sp.tif
1280,4101,10550,109,79.0,128.0,20151017sp.tif
1281,4103,6579,1409,80.0,1426.0,20151017sp.tif
1282,4278,2901,14698,87.0,14740.0,20151017sp.tif
1283,4655,7682,1367,115.0,1383.0,20151017sp.tif
1284,4662,6604,856,117.0,867.0,20151017sp.tif
1285,4685,3382,3320,119.0,3336.0,20151017sp.tif
1286,5057,9226,2036,132.0,2046.0,20151017sp.tif
1287,5120,7423,657,137.0,667.0,20151017sp.tif
1288,5195,12318,556,143.0,562.0,20151017sp.tif
1289,5275,4876,295,148.0,308.0,20151017sp.tif
1290,5378,2708,10844,156.0,10868.0,20151017sp.tif
1291,5455,9930,1228,157.0,1272.0,20151017sp.tif
1292,5478,2478,9645,159.0,9667.0,20151017sp.tif
1293,5610,5271,6369,163.0,6397.0,20151017sp.tif
1294,5746,3658,3384,171.0,3394.0,20151017sp.tif
1295,6176,10275,571,191.0,593.0,20151017sp.tif
1296,6333,9658,626,196.0,632.0,20151017sp.tif
1297,6650,3916,546,210.0,564.0,20151017sp.tif
1298,6797,4687,1278,222.0,1304.0,20151017sp.tif
1299,6806,8802,1416,224.0,1440.0,20151017sp.tif
1300,6808,8700,1012,225.0,1030.0,20151017sp.tif
1301,6845,4586,1760,227.0,1775.0,20151017sp.tif
1302,6910,8822,2567,234.0,2596.0,20151017sp.tif
1303,6910,10982,2713,235.0,2734.0,20151017sp.tif
1304,7083,3574,21858,243.0,21908.0,20151017sp.tif
1305,7239,6174,172,247.0,176.0,20151017sp.tif
1306,7630,5490,694,266.0,728.0,20151017sp.tif
1307,7851,7455,1200,283.0,1212.0,20151017sp.tif
1308,7873,4246,4324,284.0,4336.0,20151017sp.tif
1309,7904,5558,3423,290.0,3463.0,20151017sp.tif
1310,8514,6898,1548,317.0,1584.0,20151017sp.tif
1311,8570,6899,384,319.0,399.0,20151017sp.tif
1312,8733,8054,314,329.0,336.0,20151017sp.tif
1313,8965,9084,300,338.0,316.0,20151017sp.tif
1314,9077,7818,2111,343.0,2122.0,20151017sp.tif
1315,9233,8050,780,349.0,796.0,20151017sp.tif
1316,9493,6092,1458,364.0,1468.0,20151017sp.tif
1317,9737,6692,2630,368.0,2652.0,20151017sp.tif
1318,10030,14728,2688,375.0,2707.0,20151017sp.tif
1319,10082,7082,259,376.0,267.0,20151017sp.tif
1320,10102,14819,9694,377.0,9724.0,20151017sp.tif
1321,10243,6680,259,378.0,263.0,20151017sp.tif
1322,10434,8458,312,386.0,336.0,20151017sp.tif
1323,10666,14904,4320,387.0,4341.0,20151017sp.tif
1324,11114,4458,1404,393.0,1434.0,20151017sp.tif
1325,11424,4156,1067,396.0,1070.0,20151017sp.tif
1326,11927,5348,1219,405.0,1247.0,20151017sp.tif
1327,12063,24,205,412.0,219.0,20151017sp.tif
1328,12215,4058,3347,419.0,3355.0,20151017sp.tif
1329,12289,4840,540,421.0,554.0,20151017sp.tif
1330,12363,4834,716,426.0,725.0,20151017sp.tif
1331,13403,5270,985,464.0,994.0,20151017sp.tif
1332,14031,8610,3900,490.0,3948.0,20151017sp.tif
1333,14979,8866,1195,505.0,1225.0,20151017sp.tif
1334,15123,8872,6150,511.0,6168.0,20151017sp.tif
1335,16197,8295,148,520.0,165.0,20151017sp.tif
1336,16378,9018,5054,521.0,5073.0,20151017sp.tif
1337,16893,7110,1070,522.0,1083.0,20151017sp.tif
1338,17006,7146,122,526.0,131.0,20151017sp.tif
1339,17246,7871,199,530.0,211.0,20151017sp.tif
118,3545,3193,26020,31.0,26070.0,20160907.tif
144,3955,2941,18144,41.0,18159.0,20160907.tif
149,4024,2486,11321,42.0,11343.0,20160907.tif
154,4049,2357,6091,44.0,6134.0,20160907.tif
170,4377,4450,25710,53.0,25777.0,20160907.tif
243,5782,7682,13315,91.0,13333.0,20160907.tif
282,6963,3422,24108,133.0,24134.0,20160907.tif
297,7490,8098,10467,149.0,10481.0,20160907.tif
358,9139,6372,8022,213.0,8052.0,20160907.tif
461,11382,4754,17520,308.0,17544.0,20160907.tif
476,12347,7794,37450,333.0,37532.0,20160907.tif
477,12347,6366,35138,332.0,35192.0,20160907.tif
483,12727,7582,20439,341.0,20470.0,20160907.tif
484,12907,6574,25116,350.0,25120.0,20160907.tif
486,12947,6320,31378,352.0,31444.0,20160907.tif
488,13095,6806,32178,357.0,32204.0,20160907.tif
497,13727,8664,14982,379.0,15048.0,20160907.tif
498,13727,6272,16748,378.0,16776.0,20160907.tif
517,14589,7876,14784,416.0,14798.0,20160907.tif
592,2933,8918,7999,13.0,8017.0,20160907.tif
611,3195,6577,8292,18.0,8314.0,20160907.tif
615,3205,8039,10267,19.0,10285.0,20160907.tif
628,3507,8052,7624,30.0,7648.0,20160907.tif
636,3507,8052,7624,30.0,7648.0,20160907.tif
680,4061,8649,6007,45.0,6041.0,20160907.tif
684,4149,8044,6925,49.0,6967.0,20160907.tif
693,4267,8328,7694,51.0,7710.0,20160907.tif
697,4331,8076,7903,52.0,7919.0,20160907.tif
723,4789,5734,10802,63.0,10826.0,20160907.tif
727,4799,8190,10482,65.0,10516.0,20160907.tif
728,4975,8358,11383,71.0,11186.0,20160907.tif
731,4937,8107,9771,69.0,9819.0,20160907.tif
733,4975,8358,11383,71.0,11186.0,20160907.tif
734,4998,9049,4000,72.0,4019.0,20160907.tif
746,5193,8732,6769,74.0,6820.0,20160907.tif
769,5530,8925,12198,81.0,12222.0,20160907.tif
774,5669,7586,5067,85.0,5119.0,20160907.tif
775,5702,5846,5485,87.0,5506.0,20160907.tif
783,5759,9029,8915,89.0,8933.0,20160907.tif
786,5833,11366,4950,96.0,4973.0,20160907.tif
792,5929,10954,7162,98.0,7180.0,20160907.tif
802,6097,8818,9993,104.0,10019.0,20160907.tif
808,6318,9990,9852,110.0,9890.0,20160907.tif
810,6438,8002,5801,111.0,5832.0,20160907.tif
814,6485,8542,7674,114.0,7712.0,20160907.tif
816,6505,10838,3888,116.0,3905.0,20160907.tif
817,6503,9534,8775,115.0,8788.0,20160907.tif
820,6553,10592,8310,117.0,8336.0,20160907.tif
827,6661,9121,8748,119.0,8768.0,20160907.tif
828,6647,10128,5552,118.0,5575.0,20160907.tif
839,6751,11316,5662,123.0,5670.0,20160907.tif
843,6814,3486,4207,127.0,4228.0,20160907.tif
846,6826,7410,8882,130.0,8887.0,20160907.tif
863,7233,8510,15251,140.0,15304.0,20160907.tif
870,7439,11274,4003,146.0,4047.0,20160907.tif
872,7486,7198,5322,148.0,5379.0,20160907.tif
873,7467,9862,5967,147.0,5991.0,20160907.tif
885,7689,7236,5343,154.0,5361.0,20160907.tif
889,7733,8057,6773,155.0,6803.0,20160907.tif
890,7737,7590,10479,156.0,10519.0,20160907.tif
893,7737,11354,7134,157.0,7162.0,20160907.tif
895,7779,4838,7915,158.0,7939.0,20160907.tif
903,7877,5014,8801,161.0,8834.0,20160907.tif
912,7933,7762,16248,165.0,16287.0,20160907.tif
919,8027,11438,7587,167.0,7609.0,20160907.tif
936,8310,11158,2055,185.0,2100.0,20160907.tif
938,8327,8862,3700,186.0,3744.0,20160907.tif
940,8382,7234,9338,187.0,9368.0,20160907.tif
950,8509,5597,6350,191.0,6383.0,20160907.tif
955,8594,5702,8917,193.0,8939.0,20160907.tif
958,8633,10898,6744,195.0,6755.0,20160907.tif
969,8801,6934,9763,200.0,9778.0,20160907.tif
971,8817,8530,17010,201.0,17046.0,20160907.tif
976,8879,7666,10012,205.0,10028.0,20160907.tif
981,8958,7482,9219,207.0,9242.0,20160907.tif
982,8992,6388,5804,209.0,5817.0,20160907.tif
983,9019,7638,10009,210.0,10033.0,20160907.tif
990,9187,6734,6477,215.0,6509.0,20160907.tif
1002,9341,7990,6232,225.0,6265.0,20160907.tif
1007,9427,5758,6223,230.0,6256.0,20160907.tif
1008,9445,7534,9489,232.0,9520.0,20160907.tif
1010,9445,7534,9489,232.0,9520.0,20160907.tif
1012,9536,6694,9731,235.0,9742.0,20160907.tif
1028,9806,6400,8674,246.0,8692.0,20160907.tif
1029,9801,8021,11280,245.0,11314.0,20160907.tif
1033,9877,6560,13782,248.0,13802.0,20160907.tif
1075,10685,4674,16934,282.0,16968.0,20160907.tif
1080,10730,7230,11047,286.0,11092.0,20160907.tif
1096,11121,5590,9246,304.0,9289.0,20160907.tif
1108,11584,4882,10587,310.0,10610.0,20160907.tif
1109,11598,6558,8022,311.0,8048.0,20160907.tif
1127,12090,6646,13740,319.0,13778.0,20160907.tif
1128,12077,4266,5706,317.0,5732.0,20160907.tif
1129,12112,3948,12317,320.0,12350.0,20160907.tif
1130,12127,7040,18064,321.0,18105.0,20160907.tif
1140,12329,7132,6471,331.0,6499.0,20160907.tif
1142,12323,5200,7952,330.0,7980.0,20160907.tif
1146,12415,5338,7740,334.0,7760.0,20160907.tif
1151,12476,4228,7679,335.0,7711.0,20160907.tif
1155,12620,5474,5012,338.0,5034.0,20160907.tif
1162,12783,5078,4406,343.0,4444.0,20160907.tif
1164,12795,8310,6862,344.0,6882.0,20160907.tif
1165,12823,5502,10885,345.0,10891.0,20160907.tif
1168,12883,7974,13331,347.0,13347.0,20160907.tif
1169,12909,7652,11554,351.0,11592.0,20160907.tif
1171,12961,4964,6103,353.0,6129.0,20160907.tif
1175,13049,5888,11191,354.0,11201.0,20160907.tif
1177,13079,5190,8958,356.0,9012.0,20160907.tif
1185,13323,7886,11103,361.0,11132.0,20160907.tif
1187,13365,4742,8947,363.0,8980.0,20160907.tif
1196,13527,8378,7968,368.0,8012.0,20160907.tif
1199,13591,6742,14384,373.0,14412.0,20160907.tif
1201,13691,8346,20892,375.0,20903.0,20160907.tif
1204,13733,6650,7633,380.0,7667.0,20160907.tif
1216,13935,8874,16240,389.0,16267.0,20160907.tif
1217,13963,6076,7042,390.0,7082.0,20160907.tif
1218,13975,9178,8133,393.0,8173.0,20160907.tif
1223,14045,7022,4041,399.0,4057.0,20160907.tif
1226,14135,9262,10926,405.0,10978.0,20160907.tif
1227,14141,8454,7536,406.0,7580.0,20160907.tif
1229,14313,9300,8816,410.0,8847.0,20160907.tif
1232,14579,6554,15397,415.0,15410.0,20160907.tif
1234,14643,9040,32738,417.0,32752.0,20160907.tif
1235,14647,7210,19966,418.0,20008.0,20160907.tif
1240,15015,7030,13801,423.0,13807.0,20160907.tif
1244,15307,8748,15838,427.0,15873.0,20160907.tif
1248,15479,7658,3128,429.0,3156.0,20160907.tif
1254,16077,8206,10267,435.0,10287.0,20160907.tif
1290,5342,2724,21021,77.0,21065.0,20160907.tif
1294,5686,3658,15815,86.0,15858.0,20160907.tif
1296,6302,9672,4425,108.0,4435.0,20160907.tif
1303,6879,10986,8835,132.0,8865.0,20160907.tif
1306,7578,5466,11964,150.0,12004.0,20160907.tif
1313,8879,9052,15994,206.0,16026.0,20160907.tif
1315,9208,8054,7532,216.0,7566.0,20160907.tif
1317,9714,6700,9234,243.0,9287.0,20160907.tif
1319,10047,7058,10657,254.0,10700.0,20160907.tif
1322,10409,8450,11744,279.0,11770.0,20160907.tif
1327,12045,24,454,316.0,465.0,20160907.tif
1328,12206,4062,10831,326.0,10847.0,20160907.tif
1331,13389,5270,8485,365.0,8509.0,20160907.tif
1332,14011,8626,15913,396.0,15931.0,20160907.tif
1334,15129,8896,13621,424.0,13649.0,20160907.tif
1340,351,3744,168,1.0,192.0,20160907.tif
1341,2105,3682,6616,5.0,6660.0,20160907.tif
1342,2645,6624,5473,6.0,5525.0,20160907.tif
1343,2679,6778,5674,8.0,5698.0,20160907.tif
1344,2723,6520,5757,9.0,5786.0,20160907.tif
1345,2833,7212,6716,10.0,6737.0,20160907.tif
1346,2835,6915,2083,11.0,2103.0,20160907.tif
1347,2881,6654,11318,12.0,11372.0,20160907.tif
1348,3117,4250,14244,15.0,14288.0,20160907.tif
1349,3173,9198,7335,17.0,7350.0,20160907.tif
1350,3261,7904,5553,20.0,5570.0,20160907.tif
1351,3277,7562,9456,21.0,9480.0,20160907.tif
1352,3297,4152,50248,22.0,50284.0,20160907.tif
1353,3315,7378,7776,23.0,7822.0,20160907.tif
1354,3441,4540,19816,25.0,19840.0,20160907.tif
1355,3447,7487,6807,26.0,6847.0,20160907.tif
1356,3466,7638,6557,27.0,6593.0,20160907.tif
1357,3497,6674,1478,29.0,1498.0,20160907.tif
1358,3549,7050,2250,32.0,2268.0,20160907.tif
1359,3583,6068,2073,33.0,2091.0,20160907.tif
1360,3605,7358,12061,34.0,12073.0,20160907.tif
1361,3921,3249,11904,38.0,11926.0,20160907.tif
1362,3929,10168,3929,39.0,3943.0,20160907.tif
1363,3953,5642,18826,40.0,18864.0,20160907.tif
1364,4035,3949,5366,43.0,5392.0,20160907.tif
1365,4105,1218,335,47.0,344.0,20160907.tif
1366,4105,2678,8307,48.0,8391.0,20160907.tif
1367,4179,2582,5173,50.0,5187.0,20160907.tif
1368,4462,8990,3633,55.0,3653.0,20160907.tif
1369,4570,2509,12917,56.0,12942.0,20160907.tif
1370,4610,4446,19590,57.0,19562.0,20160907.tif
1371,4618,4190,22840,58.0,22866.0,20160907.tif
1372,4630,10626,10240,61.0,10292.0,20160907.tif
1373,4631,5284,3311,60.0,3330.0,20160907.tif
1374,4719,4582,17415,62.0,17030.0,20160907.tif
1375,4789,10944,7823,64.0,7860.0,20160907.tif
1376,4843,3742,13829,66.0,13860.0,20160907.tif
1377,4956,10914,4488,70.0,4502.0,20160907.tif
1378,5122,3906,22807,73.0,22820.0,20160907.tif
1379,5510,6070,10092,80.0,10104.0,20160907.tif
1380,5538,5904,9638,82.0,9673.0,20160907.tif
1381,5659,1864,1280,83.0,1306.0,20160907.tif
1382,5663,6834,2956,84.0,2989.0,20160907.tif
1383,5759,11562,5863,90.0,5898.0,20160907.tif
1384,5811,8233,2598,94.0,2616.0,20160907.tif
1385,5937,11292,11991,99.0,12043.0,20160907.tif
1386,5949,6594,2515,101.0,2529.0,20160907.tif
1387,6103,11106,8630,105.0,8662.0,20160907.tif
1388,6138,8470,17537,106.0,17577.0,20160907.tif
1389,6286,3906,17784,107.0,17804.0,20160907.tif
1390,6462,3938,8503,113.0,8532.0,20160907.tif
1391,6463,3379,1325,112.0,1334.0,20160907.tif
1392,6663,11710,9267,120.0,9311.0,20160907.tif
1393,6706,7714,5542,121.0,5562.0,20160907.tif
1394,6734,11146,5610,122.0,5630.0,20160907.tif
1395,6765,9464,3091,124.0,3117.0,20160907.tif
1396,6766,9898,9326,125.0,9336.0,20160907.tif
1397,6774,9262,11936,126.0,11954.0,20160907.tif
1398,6822,10306,11329,129.0,11360.0,20160907.tif
1399,6830,3586,5098,131.0,5120.0,20160907.tif
1400,6977,10734,3340,134.0,3394.0,20160907.tif
1401,6988,5650,16434,135.0,16464.0,20160907.tif
1402,6992,3040,3921,136.0,3943.0,20160907.tif
1403,7090,7686,23025,137.0,23070.0,20160907.tif
1404,7150,9806,3850,138.0,3859.0,20160907.tif
1405,7182,8358,6898,139.0,6911.0,20160907.tif
1406,7291,10254,12081,141.0,12113.0,20160907.tif
1407,7322,5718,13703,142.0,13742.0,20160907.tif
1408,7357,9620,11507,143.0,11547.0,20160907.tif
1409,7411,8758,9822,144.0,9867.0,20160907.tif
1410,7585,10104,10880,151.0,10912.0,20160907.tif
1411,7588,3501,2477,152.0,2493.0,20160907.tif
1412,7858,8500,11703,160.0,11716.0,20160907.tif
1413,7878,4770,7904,162.0,7926.0,20160907.tif
1414,7921,3557,7970,164.0,8013.0,20160907.tif
1415,7989,4084,6908,166.0,6940.0,20160907.tif
1416,8030,3694,1819,168.0,1846.0,20160907.tif
1417,8078,8986,16523,169.0,16566.0,20160907.tif
1418,8094,5258,7752,170.0,7792.0,20160907.tif
1419,8098,5390,8429,172.0,8456.0,20160907.tif
1420,8107,3724,2603,173.0,2624.0,20160907.tif
1421,8123,7176,3998,174.0,4011.0,20160907.tif
1422,8137,7886,10433,175.0,10445.0,20160907.tif
1423,8189,1536,251,176.0,259.0,20160907.tif
1424,8220,3754,3531,177.0,3556.0,20160907.tif
1425,8241,3938,2555,178.0,2564.0,20160907.tif
1426,8251,4662,10617,179.0,10652.0,20160907.tif
1427,8289,10814,3566,183.0,3581.0,20160907.tif
1428,8299,3978,6609,184.0,6575.0,20160907.tif
1429,8443,11486,9119,188.0,9168.0,20160907.tif
1430,8477,10879,6239,189.0,6256.0,20160907.tif
1431,8493,3910,612,190.0,623.0,20160907.tif
1432,8530,4326,3854,192.0,3870.0,20160907.tif
1433,8622,5038,6556,194.0,6582.0,20160907.tif
1434,8683,10984,7336,196.0,7250.0,20160907.tif
1435,8701,5778,7843,197.0,7864.0,20160907.tif
1436,8718,5614,7274,198.0,7312.0,20160907.tif
1437,8727,8212,6127,199.0,6154.0,20160907.tif
1438,8821,5706,14821,202.0,14852.0,20160907.tif
1439,8867,8128,9325,204.0,9359.0,20160907.tif
1440,9029,4522,3190,211.0,3204.0,20160907.tif
1441,9174,5610,6174,214.0,6192.0,20160907.tif
1442,9273,4632,3701,218.0,3723.0,20160907.tif
1443,9298,5610,7610,219.0,7664.0,20160907.tif
1444,9309,4748,2721,220.0,2751.0,20160907.tif
1445,9319,1786,358,222.0,373.0,20160907.tif
1446,9323,8924,7434,223.0,7440.0,20160907.tif
1447,9338,6759,13141,224.0,13156.0,20160907.tif
1448,9345,8650,2571,226.0,2594.0,20160907.tif
1449,9350,5900,10410,227.0,10438.0,20160907.tif
1450,9369,8742,2523,228.0,2551.0,20160907.tif
1451,9423,8103,3547,229.0,3568.0,20160907.tif
1452,9430,4790,4063,231.0,4080.0,20160907.tif
1453,9475,8787,2775,233.0,2789.0,20160907.tif
1454,9477,8494,6475,234.0,6508.0,20160907.tif
1455,9537,8846,4783,236.0,4805.0,20160907.tif
1456,9589,8694,3612,238.0,3628.0,20160907.tif
1457,9601,5262,5358,239.0,5379.0,20160907.tif
1458,9629,6570,1859,240.0,1886.0,20160907.tif
1459,9671,7834,8569,241.0,8633.0,20160907.tif
1460,9673,2692,592,242.0,606.0,20160907.tif
1461,9752,7546,8625,244.0,8653.0,20160907.tif
1462,9846,5270,5661,247.0,5686.0,20160907.tif
1463,9882,9286,5832,249.0,5864.0,20160907.tif
1464,9965,8581,5026,251.0,5046.0,20160907.tif
1465,9997,6016,3349,252.0,3377.0,20160907.tif
1466,10045,2841,1277,253.0,1303.0,20160907.tif
1467,10051,6462,781,255.0,797.0,20160907.tif
1468,10065,9286,5602,256.0,5637.0,20160907.tif
1469,10109,9132,12600,257.0,12626.0,20160907.tif
1470,10119,6064,6419,258.0,6442.0,20160907.tif
1471,10134,5682,6826,260.0,6836.0,20160907.tif
1472,10135,3444,1839,259.0,1850.0,20160907.tif
1473,10149,6593,2072,261.0,2096.0,20160907.tif
1474,10153,7554,3836,262.0,3874.0,20160907.tif
1475,10199,7210,4835,263.0,4869.0,20160907.tif
1476,10245,7363,8625,266.0,8656.0,20160907.tif
1477,10251,9746,2816,267.0,2834.0,20160907.tif
1478,10255,5874,9121,268.0,9171.0,20160907.tif
1479,10255,9915,603,269.0,618.0,20160907.tif
1480,10258,2686,1989,271.0,1999.0,20160907.tif
1481,10259,6242,10529,272.0,10572.0,20160907.tif
1482,10369,7424,8605,274.0,8631.0,20160907.tif
1483,10387,3048,5400,275.0,5447.0,20160907.tif
1484,10394,8249,3038,276.0,3056.0,20160907.tif
1485,10401,3450,146,278.0,156.0,20160907.tif
1486,10605,9054,2737,280.0,2753.0,20160907.tif
1487,10646,2890,276,281.0,293.0,20160907.tif
1488,10699,7444,2058,283.0,2087.0,20160907.tif
1489,10705,9142,2652,284.0,2677.0,20160907.tif
1490,10713,3399,4965,285.0,4996.0,20160907.tif
1491,10782,3322,461,287.0,480.0,20160907.tif
1492,10837,10850,3441,289.0,3473.0,20160907.tif
1493,10843,8542,3015,290.0,3043.0,20160907.tif
1494,10858,7726,8266,291.0,8304.0,20160907.tif
1495,10879,11008,2756,292.0,2782.0,20160907.tif
1496,10886,7940,2499,293.0,2526.0,20160907.tif
1497,10905,8134,2466,295.0,2497.0,20160907.tif
1498,10907,10812,4578,296.0,4608.0,20160907.tif
1499,10917,3598,1534,297.0,1541.0,20160907.tif
1500,10955,10536,8383,299.0,8405.0,20160907.tif
1501,10965,7674,5246,300.0,5268.0,20160907.tif
1502,10995,7841,2134,301.0,2140.0,20160907.tif
1503,11010,7510,4932,302.0,4951.0,20160907.tif
1504,11106,4586,22924,303.0,22960.0,20160907.tif
1505,11250,4442,7724,305.0,7754.0,20160907.tif
1506,11355,5768,11570,306.0,11605.0,20160907.tif
1507,11374,6344,5118,307.0,5131.0,20160907.tif
1508,11571,7031,9911,309.0,9942.0,20160907.tif
1509,11629,6681,8073,312.0,8105.0,20160907.tif
1510,11985,5112,6922,313.0,6947.0,20160907.tif
1511,12017,3057,5393,314.0,5420.0,20160907.tif
1512,12035,4602,8672,315.0,8700.0,20160907.tif
1513,12150,3136,10325,322.0,10361.0,20160907.tif
1514,12157,120,330,323.0,340.0,20160907.tif
1515,12163,2926,10541,324.0,10589.0,20160907.tif
1516,12187,90,200,325.0,212.0,20160907.tif
1517,12214,5442,5126,327.0,5140.0,20160907.tif
1518,12273,8258,6505,328.0,6533.0,20160907.tif
1519,12317,5454,9116,329.0,9144.0,20160907.tif
1520,12547,7574,17476,336.0,17516.0,20160907.tif
1521,12625,6648,4504,339.0,4524.0,20160907.tif
1522,12877,5205,1047,346.0,1052.0,20160907.tif
1523,12901,4488,5151,349.0,5166.0,20160907.tif
1524,13063,4254,3284,355.0,3296.0,20160907.tif
1525,13183,8922,9573,358.0,9607.0,20160907.tif
1526,13247,7582,3715,359.0,3734.0,20160907.tif
1527,13303,7386,732,360.0,768.0,20160907.tif
1528,13373,9883,4948,364.0,4980.0,20160907.tif
1529,13415,8712,8682,366.0,8728.0,20160907.tif
1530,13483,7348,6457,367.0,6489.0,20160907.tif
1531,13545,4626,14944,370.0,14964.0,20160907.tif
1532,13587,9777,9168,372.0,9191.0,20160907.tif
1533,13613,7300,4965,374.0,4983.0,20160907.tif
1534,13702,7206,4566,376.0,4585.0,20160907.tif
1535,13723,5924,8401,377.0,8407.0,20160907.tif
1536,13755,5304,4255,381.0,4279.0,20160907.tif
1537,13775,5135,4260,382.0,4278.0,20160907.tif
1538,13779,5046,2028,383.0,2048.0,20160907.tif
1539,13830,7143,6123,384.0,6143.0,20160907.tif
1540,13835,8510,3396,385.0,3412.0,20160907.tif
1541,13863,4702,5902,386.0,5964.0,20160907.tif
1542,13919,5512,8606,387.0,8660.0,20160907.tif
1543,13931,5820,5766,388.0,5800.0,20160907.tif
1544,13975,4678,6198,392.0,6220.0,20160907.tif
1545,14083,5302,1572,401.0,1584.0,20160907.tif
1546,14103,5602,5630,402.0,5652.0,20160907.tif
1547,14103,8204,2074,403.0,2106.0,20160907.tif
1548,14115,4648,11460,404.0,11500.0,20160907.tif
1549,14170,5850,5269,408.0,5301.0,20160907.tif
1550,14385,7318,5120,411.0,5132.0,20160907.tif
1551,14699,6426,7184,419.0,7220.0,20160907.tif
1552,14871,7709,7212,420.0,7242.0,20160907.tif
1553,15007,7542,7919,422.0,7949.0,20160907.tif
1554,15215,7392,23112,425.0,23136.0,20160907.tif
1555,15291,8282,20404,426.0,20452.0,20160907.tif
1556,15475,6798,8436,428.0,8460.0,20160907.tif
1557,15525,16,1128,430.0,1140.0,20160907.tif
1558,15803,7422,7570,433.0,7604.0,20160907.tif
1559,16119,7186,3108,436.0,3160.0,20160907.tif
1560,16215,7769,2200,437.0,2208.0,20160907.tif
1561,16323,7686,12344,438.0,12376.0,20160907.tif
144,3917,2922,18310,64.0,18360.0,20161025.tif
149,3985,2475,10505,66.0,10518.0,20161025.tif
170,4331,4434,26051,84.0,26074.0,20161025.tif
243,5743,7666,14095,160.0,14107.0,20161025.tif
282,6918,3418,23614,217.0,23638.0,20161025.tif
297,7447,8079,10895,239.0,10910.0,20161025.tif
358,9088,6358,7067,345.0,7083.0,20161025.tif
461,11310,4742,17298,489.0,17333.0,20161025.tif
476,12286,7762,33608,533.0,33676.0,20161025.tif
477,12274,6338,35418,532.0,35514.0,20161025.tif
483,12653,7542,21094,541.0,21107.0,20161025.tif
484,12831,6542,24163,551.0,24201.0,20161025.tif
486,12875,6290,31056,553.0,31116.0,20161025.tif
488,13019,6770,32716,559.0,32736.0,20161025.tif
498,13647,6238,17390,592.0,17432.0,20161025.tif
517,14507,7824,14572,630.0,14576.0,20161025.tif
592,2893,8916,7282,11.0,7310.0,20161025.tif
611,3149,6564,8437,23.0,8464.0,20161025.tif
615,3161,8029,10502,24.0,10544.0,20161025.tif
628,3465,8042,7609,37.0,7631.0,20161025.tif
636,3465,8042,7609,37.0,7631.0,20161025.tif
680,4019,8642,6603,71.0,6643.0,20161025.tif
684,4107,8038,6741,75.0,6766.0,20161025.tif
693,4231,8320,7887,81.0,7897.0,20161025.tif
697,4292,8070,7601,83.0,7613.0,20161025.tif
723,4750,5719,11541,106.0,11549.0,20161025.tif
727,4766,8186,9392,109.0,9442.0,20161025.tif
731,4895,8098,9526,111.0,9572.0,20161025.tif
734,4957,9044,4466,121.0,4492.0,20161025.tif
746,5156,8722,7092,130.0,7152.0,20161025.tif
769,5491,8919,11771,146.0,11801.0,20161025.tif
774,5630,7571,5264,151.0,5307.0,20161025.tif
783,5721,9024,9290,159.0,9303.0,20161025.tif
786,5811,11362,5531,165.0,5550.0,20161025.tif
792,5910,10947,7614,171.0,7634.0,20161025.tif
802,6061,8808,10026,177.0,10048.0,20161025.tif
810,6397,7985,6125,191.0,6160.0,20161025.tif
814,6446,8530,7738,193.0,7776.0,20161025.tif
816,6489,10828,4095,195.0,4117.0,20161025.tif
817,6467,9520,9511,194.0,9526.0,20161025.tif
820,6531,10580,8766,196.0,8776.0,20161025.tif
827,6630,9108,8386,198.0,8398.0,20161025.tif
828,6621,10110,6069,197.0,6093.0,20161025.tif
839,6733,11306,6145,204.0,6182.0,20161025.tif
846,6786,7397,8624,210.0,8653.0,20161025.tif
863,7194,8494,16180,230.0,16212.0,20161025.tif
870,7417,11260,4400,236.0,4421.0,20161025.tif
872,7438,7186,5686,238.0,5709.0,20161025.tif
873,7434,9846,6281,237.0,6301.0,20161025.tif
885,7643,7220,5315,250.0,5325.0,20161025.tif
889,7689,8042,6810,254.0,6834.0,20161025.tif
890,7689,7574,11022,253.0,11048.0,20161025.tif
893,7719,11340,7255,257.0,7275.0,20161025.tif
895,7729,4824,7908,258.0,7924.0,20161025.tif
903,7826,5002,8674,265.0,8720.0,20161025.tif
912,7891,7748,15471,269.0,15502.0,20161025.tif
919,8007,11426,7680,278.0,7689.0,20161025.tif
938,8287,8842,3690,298.0,3715.0,20161025.tif
940,8334,7218,9244,299.0,9272.0,20161025.tif
950,8458,5582,5873,310.0,5910.0,20161025.tif
955,8541,5683,9277,311.0,9309.0,20161025.tif
958,8610,10878,6750,316.0,6760.0,20161025.tif
969,8751,6914,9923,326.0,9974.0,20161025.tif
971,8774,8506,17514,329.0,17558.0,20161025.tif
976,8830,7642,10794,333.0,10812.0,20161025.tif
981,8914,7462,8451,340.0,8479.0,20161025.tif
982,8943,6374,5443,341.0,5476.0,20161025.tif
983,8973,7616,9983,342.0,10004.0,20161025.tif
990,9134,6714,6703,347.0,6735.0,20161025.tif
1002,9289,7965,6823,357.0,6831.0,20161025.tif
1007,9373,5742,5644,365.0,5665.0,20161025.tif
1008,9402,7508,9803,367.0,9826.0,20161025.tif
1010,9402,7508,9803,367.0,9826.0,20161025.tif
1012,9481,6672,10473,371.0,10499.0,20161025.tif
1028,9749,6379,8841,388.0,8877.0,20161025.tif
1029,9758,7994,10890,389.0,10926.0,20161025.tif
1033,9819,6538,14028,391.0,14068.0,20161025.tif
1075,10613,4658,16459,450.0,16476.0,20161025.tif
1080,10669,7208,10628,456.0,10657.0,20161025.tif
1096,11050,5570,10255,483.0,10269.0,20161025.tif
1108,11514,4866,10203,499.0,10233.0,20161025.tif
1109,11533,6530,8050,500.0,8066.0,20161025.tif
1127,12019,6616,13630,515.0,13652.0,20161025.tif
1128,11999,4252,5679,514.0,5697.0,20161025.tif
1129,12031,3936,12681,516.0,12703.0,20161025.tif
1130,12059,7008,18741,517.0,18787.0,20161025.tif
1142,12246,5186,7384,531.0,7392.0,20161025.tif
1146,12333,5316,7807,534.0,7835.0,20161025.tif
1151,12395,4218,7124,535.0,7144.0,20161025.tif
1155,12542,5454,4383,539.0,4415.0,20161025.tif
1162,12700,5058,3992,542.0,4014.0,20161025.tif
1164,12739,8282,4874,545.0,4885.0,20161025.tif
1165,12741,5478,9870,546.0,9886.0,20161025.tif
1168,12827,7948,10536,550.0,10584.0,20161025.tif
1169,12851,7614,10973,552.0,11019.0,20161025.tif
1171,12879,4946,5645,554.0,5657.0,20161025.tif
1175,12971,5861,10361,556.0,10383.0,20161025.tif
1177,12995,5170,8290,557.0,8322.0,20161025.tif
1185,13251,7844,11206,568.0,11221.0,20161025.tif
1196,13463,8332,6770,582.0,6804.0,20161025.tif
1199,13507,6704,14641,584.0,14673.0,20161025.tif
1201,13618,8298,20903,589.0,20920.0,20161025.tif
1204,13651,6614,7606,593.0,7621.0,20161025.tif
1216,13867,8814,16256,605.0,16280.0,20161025.tif
1217,13877,6044,7021,606.0,7049.0,20161025.tif
1218,13927,9126,5502,611.0,5512.0,20161025.tif
1226,14075,9206,9083,621.0,9114.0,20161025.tif
1227,14065,8402,7584,620.0,7614.0,20161025.tif
1229,14256,9242,7729,625.0,7773.0,20161025.tif
1232,14491,6512,15538,629.0,15584.0,20161025.tif
1234,14571,8978,31322,633.0,31360.0,20161025.tif
1235,14563,7166,19468,632.0,19486.0,20161025.tif
1240,14923,6990,13358,638.0,13392.0,20161025.tif
1244,15219,8686,16166,643.0,16188.0,20161025.tif
1248,15383,7602,3398,644.0,3424.0,20161025.tif
1254,15983,8140,10495,651.0,10536.0,20161025.tif
1290,5306,2709,20106,140.0,20128.0,20161025.tif
1294,5641,3646,15333,152.0,15367.0,20161025.tif
1296,6270,9658,5136,187.0,5159.0,20161025.tif
1303,6861,10974,9387,215.0,9395.0,20161025.tif
1306,7531,5452,11353,243.0,11376.0,20161025.tif
1313,8841,9031,15832,336.0,15882.0,20161025.tif
1315,9162,8030,8111,350.0,8168.0,20161025.tif
1317,9655,6676,10101,381.0,10134.0,20161025.tif
1319,9990,7035,11233,403.0,11248.0,20161025.tif
1322,10362,8418,11736,432.0,11764.0,20161025.tif
1327,11967,40,487,513.0,501.0,20161025.tif
1328,12122,4054,10259,523.0,10290.0,20161025.tif
1331,13305,5248,7972,571.0,8004.0,20161025.tif
1332,13936,8574,16083,612.0,16116.0,20161025.tif
1334,15051,8834,12443,640.0,12474.0,20161025.tif
1342,2599,6610,5436,3.0,5450.0,20161025.tif
1343,2631,6762,5688,5.0,5712.0,20161025.tif
1344,2671,6506,6247,6.0,6274.0,20161025.tif
1345,2789,7200,6869,9.0,6905.0,20161025.tif
1346,2795,6909,1692,10.0,1708.0,20161025.tif
1348,3074,4234,12892,19.0,12930.0,20161025.tif
1349,3133,9198,6796,22.0,6816.0,20161025.tif
1350,3219,7893,5652,25.0,5665.0,20161025.tif
1351,3237,7552,9158,26.0,9188.0,20161025.tif
1352,3257,4130,49814,27.0,49840.0,20161025.tif
1353,3271,7366,7604,28.0,7620.0,20161025.tif
1354,3397,4522,19076,32.0,19092.0,20161025.tif
1355,3407,7481,6218,33.0,6252.0,20161025.tif
1356,3425,7628,6156,34.0,6178.0,20161025.tif
1357,3451,6664,1412,35.0,1427.0,20161025.tif
1358,3499,7031,3200,41.0,3228.0,20161025.tif
1359,3537,6056,2015,43.0,2024.0,20161025.tif
1360,3561,7346,12032,44.0,12076.0,20161025.tif
1361,3881,3229,11661,58.0,11712.0,20161025.tif
1362,3889,10167,4396,59.0,4442.0,20161025.tif
1363,3913,5626,17956,63.0,17996.0,20161025.tif
1364,3993,3934,4856,67.0,4876.0,20161025.tif
1366,4067,2664,7973,74.0,8021.0,20161025.tif
1367,4139,2561,5654,76.0,5665.0,20161025.tif
1368,4415,8982,5592,91.0,5605.0,20161025.tif
1369,4530,2493,13172,94.0,13211.0,20161025.tif
1370,4563,4430,20219,95.0,20295.0,20161025.tif
1371,4575,4174,23086,96.0,23108.0,20161025.tif
1372,4598,10622,11304,100.0,11348.0,20161025.tif
1373,4585,5266,3436,98.0,3466.0,20161025.tif
1375,4763,10945,8247,107.0,8269.0,20161025.tif
1376,4806,3726,13769,110.0,13810.0,20161025.tif
1377,4929,10914,5177,117.0,5206.0,20161025.tif
1378,5078,3890,22050,128.0,22114.0,20161025.tif
1379,5463,6058,9854,144.0,9886.0,20161025.tif
1380,5494,5888,9890,147.0,9935.0,20161025.tif
1382,5626,6828,2354,149.0,2386.0,20161025.tif
1383,5747,11566,5128,161.0,5156.0,20161025.tif
1384,5773,8225,2417,162.0,2439.0,20161025.tif
1385,5922,11290,11794,172.0,11820.0,20161025.tif
1386,5903,6578,2703,169.0,2720.0,20161025.tif
1387,6086,11099,9163,181.0,9206.0,20161025.tif
1389,6237,3894,17877,186.0,17892.0,20161025.tif
1390,6418,3934,7760,192.0,7816.0,20161025.tif
1392,6655,11704,9647,199.0,9697.0,20161025.tif
1394,6713,11134,6506,201.0,6515.0,20161025.tif
1395,6729,9448,3510,202.0,3544.0,20161025.tif
1396,6742,9882,9799,206.0,9832.0,20161025.tif
1397,6742,9246,12343,205.0,12371.0,20161025.tif
1398,6797,10290,11565,211.0,11595.0,20161025.tif
1399,6783,3576,4888,208.0,4904.0,20161025.tif
1400,6956,10726,3119,220.0,3123.0,20161025.tif
1401,6942,5634,16497,219.0,16543.0,20161025.tif
1403,7049,7678,20894,225.0,20905.0,20161025.tif
1405,7141,8345,6782,228.0,6824.0,20161025.tif
1406,7262,10238,12828,231.0,12861.0,20161025.tif
1408,7323,9598,12082,233.0,12129.0,20161025.tif
1409,7369,8740,10561,234.0,10596.0,20161025.tif
1410,7557,10086,11429,247.0,11445.0,20161025.tif
1411,7541,3494,2373,246.0,2389.0,20161025.tif
1412,7818,8484,11101,262.0,11116.0,20161025.tif
1413,7825,4754,8447,263.0,8423.0,20161025.tif
1415,7946,4074,4578,275.0,4599.0,20161025.tif
1416,8052,3716,2629,283.0,2644.0,20161025.tif
1417,8038,8970,16913,280.0,16918.0,20161025.tif
1418,8041,5245,7349,281.0,7357.0,20161025.tif
1419,8050,5374,7923,282.0,7930.0,20161025.tif
1420,8052,3716,2629,283.0,2644.0,20161025.tif
1421,8082,7161,3443,284.0,3463.0,20161025.tif
1422,8095,7869,10183,285.0,10227.0,20161025.tif
1424,8178,3754,2028,287.0,2036.0,20161025.tif
1425,8189,3925,2648,288.0,2652.0,20161025.tif
1426,8202,4654,10075,292.0,10107.0,20161025.tif
1427,8266,10790,4053,297.0,4070.0,20161025.tif
1428,8244,3968,6589,294.0,6570.0,20161025.tif
1429,8434,11464,8910,304.0,8921.0,20161025.tif
1430,8457,10862,6201,309.0,6223.0,20161025.tif
1433,8570,5030,5686,314.0,5696.0,20161025.tif
1435,8649,5762,8016,317.0,8028.0,20161025.tif
1436,8667,5596,7154,318.0,7172.0,20161025.tif
1437,8690,8190,5770,323.0,5840.0,20161025.tif
1438,8767,5689,15121,328.0,15157.0,20161025.tif
1439,8822,8106,9636,332.0,9656.0,20161025.tif
1440,8974,4514,2076,343.0,2112.0,20161025.tif
1441,9119,5598,4842,346.0,4854.0,20161025.tif
1443,9254,5606,5189,354.0,5258.0,20161025.tif
1444,9251,4740,2429,353.0,2442.0,20161025.tif
1445,9256,1773,877,355.0,904.0,20161025.tif
1446,9281,8902,7649,356.0,7681.0,20161025.tif
1447,9294,6744,12097,358.0,12123.0,20161025.tif
1448,9297,8628,3084,359.0,3109.0,20161025.tif
1449,9298,5886,10177,360.0,10204.0,20161025.tif
1450,9330,8726,2160,362.0,2184.0,20161025.tif
1451,9378,8078,3701,366.0,3724.0,20161025.tif
1453,9435,8766,2707,370.0,2725.0,20161025.tif
1454,9433,8468,6585,369.0,6637.0,20161025.tif
1455,9494,8826,4554,372.0,4578.0,20161025.tif
1456,9546,8674,3475,376.0,3495.0,20161025.tif
1457,9541,5251,5172,375.0,5196.0,20161025.tif
1458,9582,6554,1336,378.0,1360.0,20161025.tif
1459,9626,7810,8020,379.0,8054.0,20161025.tif
1461,9703,7521,8442,385.0,8452.0,20161025.tif
1462,9791,5254,4867,390.0,4876.0,20161025.tif
1463,9842,9254,6042,393.0,6074.0,20161025.tif
1464,9915,8554,5314,396.0,5357.0,20161025.tif
1465,9937,5997,3400,397.0,3420.0,20161025.tif
1467,9991,6440,866,402.0,877.0,20161025.tif
1468,10022,9254,6019,406.0,6066.0,20161025.tif
1469,10066,9100,12998,409.0,13023.0,20161025.tif
1470,10057,6045,6817,408.0,6831.0,20161025.tif
1471,10074,5666,5598,411.0,5630.0,20161025.tif
1472,10071,3438,1879,410.0,1905.0,20161025.tif
1473,10089,6573,2169,412.0,2191.0,20161025.tif
1474,10101,7532,3726,414.0,3752.0,20161025.tif
1475,10145,7185,4764,416.0,4792.0,20161025.tif
1476,10190,7342,8635,418.0,8662.0,20161025.tif
1477,10209,9714,2937,421.0,2954.0,20161025.tif
1478,10195,5854,9226,419.0,9264.0,20161025.tif
1479,10213,9880,921,422.0,931.0,20161025.tif
1481,10201,6222,10666,420.0,10694.0,20161025.tif
1482,10317,7398,8359,426.0,8368.0,20161025.tif
1484,10341,8222,3038,431.0,3074.0,20161025.tif
1486,10560,9018,2994,442.0,3008.0,20161025.tif
1488,10643,7418,1992,451.0,2008.0,20161025.tif
1489,10659,9108,2483,454.0,2515.0,20161025.tif
1492,10821,10820,1786,469.0,1816.0,20161025.tif
1493,10790,8510,3221,466.0,3256.0,20161025.tif
1496,10831,7910,2466,470.0,2486.0,20161025.tif
1497,10849,8099,3007,473.0,3050.0,20161025.tif
1499,10845,3590,1769,472.0,1795.0,20161025.tif
1501,10904,7650,5293,478.0,5309.0,20161025.tif
1502,10942,7812,1773,480.0,1801.0,20161025.tif
1503,10953,7484,4306,481.0,4315.0,20161025.tif
1504,11038,4574,23696,482.0,23718.0,20161025.tif
1508,11507,7002,9983,498.0,10014.0,20161025.tif
1509,11566,6654,7908,502.0,7919.0,20161025.tif
1510,11913,5094,6584,509.0,6618.0,20161025.tif
1511,11936,3052,5547,510.0,5562.0,20161025.tif
1512,11959,4588,7693,512.0,7721.0,20161025.tif
1513,12067,3136,10298,518.0,10308.0,20161025.tif
1514,12077,140,196,519.0,216.0,20161025.tif
1515,12082,2930,9336,520.0,9363.0,20161025.tif
1517,12139,5417,5412,525.0,5447.0,20161025.tif
1518,12209,8224,5812,529.0,5820.0,20161025.tif
1519,12239,5438,8664,530.0,8678.0,20161025.tif
1520,12483,7538,16612,536.0,16649.0,20161025.tif
1521,12554,6618,4401,540.0,4417.0,20161025.tif
1522,12799,5186,620,548.0,640.0,20161025.tif
1526,13173,7540,3936,566.0,3960.0,20161025.tif
1528,13326,9828,3983,572.0,3991.0,20161025.tif
1529,13357,8670,5409,573.0,5440.0,20161025.tif
1530,13403,7308,6548,576.0,6609.0,20161025.tif
1531,13455,4606,13853,580.0,13889.0,20161025.tif
1532,13541,9722,6777,586.0,6810.0,20161025.tif
1533,13537,7262,4690,585.0,4732.0,20161025.tif
1534,13619,7170,4366,588.0,4400.0,20161025.tif
1535,13639,5893,8178,591.0,8206.0,20161025.tif
1536,13667,5282,3408,594.0,3422.0,20161025.tif
1539,13751,7102,6287,599.0,6309.0,20161025.tif
1540,13763,8464,3010,600.0,3025.0,20161025.tif
1542,13835,5488,7902,603.0,7948.0,20161025.tif
1543,13849,5790,4582,604.0,4612.0,20161025.tif
1546,14011,5582,4644,617.0,4660.0,20161025.tif
1547,14027,8152,2128,618.0,2152.0,20161025.tif
1549,14085,5822,4016,623.0,4049.0,20161025.tif
1550,14303,7278,4677,626.0,4707.0,20161025.tif
1552,14791,7658,6952,635.0,6986.0,20161025.tif
1553,14919,7493,7907,637.0,7921.0,20161025.tif
1554,15127,7344,21740,641.0,21784.0,20161025.tif
1555,15205,8222,20226,642.0,20244.0,20161025.tif
1558,15707,7369,6905,648.0,6918.0,20161025.tif
1559,16015,7134,1886,652.0,1896.0,20161025.tif
1560,16107,7710,1848,653.0,1888.0,20161025.tif
1561,16219,7624,11384,655.0,11447.0,20161025.tif
1562,2603,7372,1616,4.0,1630.0,20161025.tif
1563,3089,3450,13577,20.0,13631.0,20161025.tif
1564,3349,11134,8624,29.0,8684.0,20161025.tif
1565,3513,6494,588,42.0,608.0,20161025.tif
1566,3601,6912,15198,45.0,15234.0,20161025.tif
1567,3641,12890,34988,46.0,35056.0,20161025.tif
1568,3645,12642,5314,47.0,5338.0,20161025.tif
1569,3911,13193,2706,62.0,2731.0,20161025.tif
1570,3921,11342,3312,65.0,3352.0,20161025.tif
1571,4013,2361,2637,68.0,2712.0,20161025.tif
1572,4015,10840,8626,69.0,8660.0,20161025.tif
1573,4027,10526,14202,72.0,14248.0,20161025.tif
1574,4029,7265,14883,73.0,14813.0,20161025.tif
1575,4141,7142,18849,77.0,18579.0,20161025.tif
1576,4165,10011,5320,78.0,5362.0,20161025.tif
1577,4185,9723,4745,79.0,4776.0,20161025.tif
1578,4197,10312,13415,80.0,13428.0,20161025.tif
1579,4287,10574,9050,82.0,9077.0,20161025.tif
1580,4333,6056,16192,85.0,16230.0,20161025.tif
1581,4365,11824,6569,88.0,6594.0,20161025.tif
1582,4366,10166,7730,89.0,7772.0,20161025.tif
1583,4403,8054,8353,90.0,8388.0,20161025.tif
1584,4426,10290,10510,92.0,10538.0,20161025.tif
1585,4581,7678,12384,97.0,12398.0,20161025.tif
1586,4588,10142,9584,99.0,9616.0,20161025.tif
1587,4665,6236,9771,101.0,9787.0,20161025.tif
1588,4762,12764,6136,108.0,6176.0,20161025.tif
1589,4943,7254,18894,118.0,18910.0,20161025.tif
1590,4943,10198,11152,119.0,11162.0,20161025.tif
1591,4950,10450,11169,120.0,11212.0,20161025.tif
1592,5029,9718,7960,123.0,7986.0,20161025.tif
1593,5034,9486,9763,125.0,9780.0,20161025.tif
1594,5135,12324,6204,129.0,6226.0,20161025.tif
1595,5173,9576,8538,131.0,8583.0,20161025.tif
1596,5219,4358,319,133.0,330.0,20161025.tif
1597,5239,6480,3288,134.0,3318.0,20161025.tif
1598,5245,9294,204,135.0,212.0,20161025.tif
1599,5279,7244,2350,137.0,2377.0,20161025.tif
1600,5298,9546,3366,139.0,3414.0,20161025.tif
1601,5394,9250,5117,142.0,5142.0,20161025.tif
1602,5483,12410,6684,145.0,6698.0,20161025.tif
1603,5577,10210,5161,148.0,5176.0,20161025.tif
1604,5650,10546,12546,153.0,12574.0,20161025.tif
1605,5715,5896,126,158.0,140.0,20161025.tif
1606,5778,10104,5689,163.0,5718.0,20161025.tif
1607,5845,9234,10157,166.0,10178.0,20161025.tif
1608,5862,13240,10834,168.0,10852.0,20161025.tif
1609,5903,10700,4226,170.0,4260.0,20161025.tif
1610,5974,9488,14998,174.0,15023.0,20161025.tif
1611,6060,12243,7633,178.0,7652.0,20161025.tif
1612,6075,8426,347,180.0,357.0,20161025.tif
1613,6114,10270,6761,183.0,6766.0,20161025.tif
1614,6141,8432,120,184.0,130.0,20161025.tif
1615,6282,10886,11589,188.0,11605.0,20161025.tif
1616,6778,6886,36327,207.0,36352.0,20161025.tif
1617,6782,7622,181,209.0,208.0,20161025.tif
1618,6913,9162,125,216.0,139.0,20161025.tif
1619,6981,3816,4931,222.0,4983.0,20161025.tif
1620,7142,6430,17373,229.0,17388.0,20161025.tif
1621,7385,4304,15050,235.0,14932.0,20161025.tif
1622,7458,6634,7143,240.0,7157.0,20161025.tif
1623,7465,4434,6299,241.0,6243.0,20161025.tif
1624,7481,10473,266,242.0,279.0,20161025.tif
1625,7535,6492,10815,244.0,10788.0,20161025.tif
1626,7539,7122,7597,245.0,7626.0,20161025.tif
1627,7623,6606,5898,249.0,5922.0,20161025.tif
1628,7650,5948,16538,251.0,16586.0,20161025.tif
1629,7761,6778,7649,259.0,7691.0,20161025.tif
1630,7825,11188,8645,264.0,8601.0,20161025.tif
1631,7874,6612,6241,267.0,6264.0,20161025.tif
1632,7882,10042,5842,268.0,5874.0,20161025.tif
1633,7915,4839,8123,270.0,8121.0,20161025.tif
1634,7926,11140,9302,273.0,9175.0,20161025.tif
1635,8006,6482,11110,277.0,11142.0,20161025.tif
1636,8038,6098,5198,279.0,5224.0,20161025.tif
1637,8169,9147,6683,286.0,6693.0,20161025.tif
1638,8197,9264,3806,289.0,3823.0,20161025.tif
1639,8198,6090,7479,290.0,7507.0,20161025.tif
1640,8202,4494,3258,291.0,3280.0,20161025.tif
1641,8222,14264,5036,293.0,5054.0,20161025.tif
1642,8258,7070,6436,296.0,6460.0,20161025.tif
1643,8382,9620,5196,301.0,5232.0,20161025.tif
1644,8417,14242,5714,302.0,5730.0,20161025.tif
1645,8425,10618,4186,303.0,4195.0,20161025.tif
1646,8727,14246,207,325.0,219.0,20161025.tif
1647,8759,9284,8039,327.0,8059.0,20161025.tif
1648,8839,7298,11602,335.0,11610.0,20161025.tif
1649,8906,9858,1342,339.0,1370.0,20161025.tif
1650,9034,5650,3719,344.0,3732.0,20161025.tif
1651,9145,10104,8224,348.0,8240.0,20161025.tif
1652,9234,4630,1472,351.0,1488.0,20161025.tif
1653,9318,9391,12610,361.0,12627.0,20161025.tif
1654,9523,9280,18353,373.0,18380.0,20161025.tif
1655,9651,1902,351,380.0,358.0,20161025.tif
1656,9683,1864,230,382.0,250.0,20161025.tif
1657,9689,1784,124,383.0,136.0,20161025.tif
1658,9691,2636,278,384.0,290.0,20161025.tif
1659,9733,2034,451,386.0,463.0,20161025.tif
1660,9746,9814,7971,387.0,8011.0,20161025.tif
1661,10027,14728,5040,407.0,5080.0,20161025.tif
1662,10094,14798,22069,413.0,22082.0,20161025.tif
1663,10143,2664,429,415.0,438.0,20161025.tif
1664,10181,2214,401,417.0,411.0,20161025.tif
1665,10224,6444,10810,424.0,10836.0,20161025.tif
1666,10317,2720,316,425.0,327.0,20161025.tif
1667,10386,2121,236,433.0,256.0,20161025.tif
1668,10417,2080,102,434.0,112.0,20161025.tif
1669,10423,6298,6264,435.0,6278.0,20161025.tif
1670,10437,2086,360,436.0,370.0,20161025.tif
1671,10489,6918,2601,438.0,2621.0,20161025.tif
1672,10509,2160,139,439.0,160.0,20161025.tif
1673,10518,6338,2527,441.0,2533.0,20161025.tif
1674,10567,6518,3153,444.0,3167.0,20161025.tif
1675,10575,3440,237,446.0,249.0,20161025.tif
1676,10609,3389,388,449.0,401.0,20161025.tif
1677,10651,14886,11349,453.0,11448.0,20161025.tif
1678,10661,2558,226,455.0,242.0,20161025.tif
1679,10715,6749,1678,461.0,1693.0,20161025.tif
1680,10741,2626,158,463.0,178.0,20161025.tif
1681,10773,2632,152,465.0,165.0,20161025.tif
1682,10797,2662,345,467.0,354.0,20161025.tif
1683,10871,5295,458,475.0,467.0,20161025.tif
1684,10879,5246,883,476.0,905.0,20161025.tif
1685,10921,5132,577,479.0,591.0,20161025.tif
1686,11245,6008,174,486.0,188.0,20161025.tif
1687,11318,5846,225,491.0,244.0,20161025.tif
1688,11335,5998,353,493.0,363.0,20161025.tif
1689,11639,4464,3163,504.0,3136.0,20161025.tif
1690,11705,4480,7506,505.0,7435.0,20161025.tif
1691,11705,6678,114,506.0,117.0,20161025.tif
1692,11753,6628,236,507.0,244.0,20161025.tif
1693,12154,4914,404,527.0,432.0,20161025.tif
1694,12703,9696,7315,543.0,7333.0,20161025.tif
1695,12941,9340,10864,555.0,10880.0,20161025.tif
1696,13055,9662,6984,560.0,7008.0,20161025.tif
1697,13165,9746,8013,564.0,8036.0,20161025.tif
1698,13165,9952,1609,565.0,1623.0,20161025.tif
1699,13383,5650,9749,574.0,9766.0,20161025.tif
1700,13489,8300,144,583.0,156.0,20161025.tif
1701,13707,5122,1742,597.0,1772.0,20161025.tif
1702,15031,7840,16602,639.0,16615.0,20161025.tif
1703,15491,9723,574,647.0,588.0,20161025.tif
1704,15925,8775,207,649.0,221.0,20161025.tif
1705,16191,9750,808,654.0,840.0,20161025.tif
170,4402,4534,34414,49.0,34450.0,20170714.tif
297,7487,8134,17102,160.0,17138.0,20170714.tif
358,9153,6406,11636,231.0,11662.0,20170714.tif
477,12351,6384,48152,368.0,48204.0,20170714.tif
484,12921,6606,29850,385.0,29900.0,20170714.tif
486,12951,6342,43632,387.0,43672.0,20170714.tif
488,13083,6818,48334,391.0,48368.0,20170714.tif
498,13731,6288,30770,408.0,30792.0,20170714.tif
517,14555,7898,22457,430.0,22495.0,20170714.tif
684,4158,8126,13368,40.0,13442.0,20170714.tif
723,4810,5810,18108,59.0,18128.0,20170714.tif
727,4814,8270,15001,60.0,14952.0,20170714.tif
731,4943,8178,16116,62.0,16148.0,20170714.tif
746,5198,8795,12713,71.0,12737.0,20170714.tif
769,5529,8982,20624,78.0,20648.0,20170714.tif
783,5751,9085,17312,98.0,17336.0,20170714.tif
792,5922,10984,14290,106.0,14330.0,20170714.tif
802,6085,8860,18689,111.0,18711.0,20170714.tif
810,6437,8050,10566,121.0,10620.0,20170714.tif
814,6487,8590,12554,122.0,12575.0,20170714.tif
816,6497,10872,6549,123.0,6581.0,20170714.tif
820,6514,10614,17368,124.0,17434.0,20170714.tif
828,6630,10158,11250,126.0,11277.0,20170714.tif
839,6731,11340,10419,131.0,10467.0,20170714.tif
863,7238,8546,22337,149.0,22344.0,20170714.tif
870,7407,11291,7650,157.0,7670.0,20170714.tif
872,7502,7250,7582,163.0,7476.0,20170714.tif
889,7726,8098,11022,174.0,11032.0,20170714.tif
890,7727,7620,20525,173.0,20540.0,20170714.tif
893,7699,11371,13401,172.0,13432.0,20170714.tif
895,7807,4870,13705,176.0,13749.0,20170714.tif
903,7910,5054,13350,184.0,13382.0,20170714.tif
912,7923,7798,25448,185.0,25496.0,20170714.tif
919,7990,11454,12121,187.0,12163.0,20170714.tif
938,8317,8894,5994,200.0,6007.0,20170714.tif
940,8378,7262,16594,201.0,16631.0,20170714.tif
950,8537,5624,10894,210.0,10904.0,20170714.tif
969,8805,6963,15137,222.0,15150.0,20170714.tif
971,8786,8542,32217,219.0,32245.0,20170714.tif
982,9001,6425,10103,225.0,10129.0,20170714.tif
990,9193,6759,11150,235.0,11174.0,20170714.tif
1002,9327,8010,12735,240.0,12752.0,20170714.tif
1012,9543,6714,15851,254.0,15859.0,20170714.tif
1028,9813,6418,16634,284.0,16664.0,20170714.tif
1029,9791,8033,18477,279.0,18509.0,20170714.tif
1033,9874,6574,25950,287.0,25989.0,20170714.tif
1096,11137,5598,20136,332.0,20175.0,20170714.tif
1155,12650,5494,7644,376.0,7650.0,20170714.tif
1165,12843,5512,17508,381.0,17370.0,20170714.tif
1169,12899,7666,15550,383.0,15588.0,20170714.tif
1175,13063,5902,20241,390.0,20283.0,20170714.tif
1204,13735,6670,13550,410.0,13567.0,20170714.tif
1216,13875,8870,30216,416.0,30264.0,20170714.tif
1217,13977,6098,12477,419.0,12529.0,20170714.tif
1227,14093,8458,13644,423.0,13668.0,20170714.tif
1229,14247,9318,14877,424.0,14919.0,20170714.tif
1234,14567,9056,50012,432.0,50064.0,20170714.tif
1235,14635,7238,26228,434.0,26252.0,20170714.tif
1248,15447,7690,6057,463.0,6071.0,20170714.tif
1296,6289,9708,11226,120.0,11237.0,20170714.tif
1306,7593,5500,20461,167.0,20485.0,20170714.tif
1313,8850,9062,28451,223.0,28483.0,20170714.tif
1319,10035,7070,22469,292.0,22504.0,20170714.tif
1322,10375,8457,21550,305.0,21612.0,20170714.tif
1331,13413,5286,16415,400.0,16429.0,20170714.tif
1332,13947,8638,29830,418.0,29880.0,20170714.tif
1334,15071,8918,17882,451.0,17912.0,20170714.tif
1355,3465,7588,11722,27.0,11766.0,20170714.tif
1372,4626,10686,17371,53.0,17389.0,20170714.tif
1375,4782,11002,13168,58.0,13179.0,20170714.tif
1377,4955,10970,8296,63.0,8312.0,20170714.tif
1380,5558,5970,16388,80.0,16410.0,20170714.tif
1383,5741,11598,9720,96.0,9722.0,20170714.tif
1384,5822,8300,3923,101.0,3948.0,20170714.tif
1392,6635,11722,20052,127.0,20102.0,20170714.tif
1395,6759,9512,4891,133.0,4899.0,20170714.tif
1399,6877,3637,6352,138.0,6387.0,20170714.tif
1400,6951,10756,9203,139.0,9229.0,20170714.tif
1403,7091,7734,30850,144.0,30887.0,20170714.tif
1406,7257,10266,23784,150.0,23834.0,20170714.tif
1408,7338,9642,19245,155.0,19260.0,20170714.tif
1409,7407,8786,17105,156.0,17120.0,20170714.tif
1410,7549,10117,20349,166.0,20367.0,20170714.tif
1412,7838,8522,21417,178.0,21452.0,20170714.tif
1417,8062,9014,25565,189.0,25608.0,20170714.tif
1427,8255,10824,7246,194.0,7288.0,20170714.tif
1429,8382,11482,18832,202.0,18871.0,20170714.tif
1430,8433,10886,12057,205.0,12066.0,20170714.tif
1433,8654,5070,9277,215.0,9314.0,20170714.tif
1446,9289,8937,16964,238.0,17002.0,20170714.tif
1447,9350,6786,20305,241.0,20326.0,20170714.tif
1448,9325,8678,5251,239.0,5261.0,20170714.tif
1450,9421,8725,1651,249.0,1673.0,20170714.tif
1451,9419,8136,5418,248.0,5457.0,20170714.tif
1454,9451,8514,13807,250.0,13857.0,20170714.tif
1456,9561,8704,10330,256.0,10341.0,20170714.tif
1457,9631,5294,9133,261.0,9168.0,20170714.tif
1458,9647,6618,2025,264.0,2048.0,20170714.tif
1459,9658,7854,14236,265.0,14314.0,20170714.tif
1461,9743,7566,15487,275.0,15497.0,20170714.tif
1463,9851,9305,9880,285.0,9903.0,20170714.tif
1467,10061,6491,2386,293.0,2390.0,20170714.tif
1470,10130,6088,11976,295.0,12014.0,20170714.tif
1471,10149,5698,11642,296.0,11648.0,20170714.tif
1473,10163,6626,2996,299.0,3012.0,20170714.tif
1474,10151,7586,5671,297.0,5705.0,20170714.tif
1475,10193,7228,10014,300.0,10061.0,20170714.tif
1477,10205,9756,5801,301.0,5839.0,20170714.tif
1479,10218,9934,940,302.0,976.0,20170714.tif
1484,10375,8272,5543,304.0,5563.0,20170714.tif
1486,10574,9070,5890,312.0,5893.0,20170714.tif
1496,10877,7966,3843,325.0,3864.0,20170714.tif
1497,10886,8146,6134,326.0,6178.0,20170714.tif
1508,11558,7044,19172,342.0,19190.0,20170714.tif
1510,12019,5132,12055,353.0,12069.0,20170714.tif
1521,12631,6665,8872,375.0,8891.0,20170714.tif
1526,13227,7600,7876,396.0,7895.0,20170714.tif
1528,13305,9886,8580,398.0,8615.0,20170714.tif
1529,13375,8727,11392,399.0,11416.0,20170714.tif
1532,13513,9778,15426,403.0,15460.0,20170714.tif
1535,13735,5942,15290,409.0,15332.0,20170714.tif
1542,13943,5530,13074,417.0,13140.0,20170714.tif
1547,14068,8226,3939,421.0,3965.0,20170714.tif
1550,14371,7346,8007,425.0,8047.0,20170714.tif
1552,14841,7742,11404,443.0,11444.0,20170714.tif
1553,14975,7566,15295,447.0,15317.0,20170714.tif
1558,15775,7450,14218,466.0,14240.0,20170714.tif
1570,3960,11406,5798,34.0,5830.0,20170714.tif
1571,4082,2448,6653,38.0,6673.0,20170714.tif
1572,4057,10908,13104,36.0,13148.0,20170714.tif
1576,4203,10078,11348,41.0,11381.0,20170714.tif
1577,4225,9799,9743,42.0,9795.0,20170714.tif
1578,4243,10382,18845,43.0,18884.0,20170714.tif
1579,4322,10632,15761,45.0,15771.0,20170714.tif
1580,4395,6156,23746,47.0,23766.0,20170714.tif
1581,4382,11872,12785,46.0,12815.0,20170714.tif
1585,4635,7770,20401,54.0,20430.0,20170714.tif
1586,4617,10206,16738,52.0,16762.0,20170714.tif
1587,4722,6326,17586,56.0,17642.0,20170714.tif
1588,4773,12790,9243,57.0,9273.0,20170714.tif
1590,4962,10250,20635,64.0,20680.0,20170714.tif
1591,4967,10512,17610,65.0,17662.0,20170714.tif
1592,5070,9786,10964,68.0,10986.0,20170714.tif
1593,5079,9552,15105,69.0,15133.0,20170714.tif
1594,5137,12352,11324,70.0,11359.0,20170714.tif
1595,5209,9640,14646,72.0,14662.0,20170714.tif
1598,5269,9356,3626,73.0,3639.0,20170714.tif
1599,5337,7330,4398,76.0,4424.0,20170714.tif
1602,5479,12430,12494,77.0,12532.0,20170714.tif
1603,5606,10264,8201,83.0,8222.0,20170714.tif
1604,5666,10588,21798,89.0,21819.0,20170714.tif
1605,5725,5910,9285,93.0,9307.0,20170714.tif
1606,5793,10154,11854,100.0,11890.0,20170714.tif
1607,5878,9298,16630,104.0,16664.0,20170714.tif
1609,5921,10750,6922,105.0,6950.0,20170714.tif
1611,6041,12266,15498,110.0,15531.0,20170714.tif
1613,6126,10314,13782,114.0,13808.0,20170714.tif
1615,6277,10918,22661,119.0,22682.0,20170714.tif
1622,7514,6688,12741,164.0,12761.0,20170714.tif
1624,7473,10498,3837,158.0,3867.0,20170714.tif
1629,7818,6834,11612,177.0,11638.0,20170714.tif
1631,7931,6666,11274,186.0,11321.0,20170714.tif
1642,8302,7130,9774,199.0,9824.0,20170714.tif
1645,8415,10650,8037,204.0,8052.0,20170714.tif
1647,8765,9324,15371,217.0,15393.0,20170714.tif
1651,9137,10138,15744,229.0,15770.0,20170714.tif
1658,9735,2704,3337,271.0,3350.0,20170714.tif
1660,9739,9858,11383,273.0,11388.0,20170714.tif
1671,10547,6966,5399,311.0,5430.0,20170714.tif
1674,10637,6558,7044,314.0,7073.0,20170714.tif
1679,10777,6794,4434,319.0,4450.0,20170714.tif
1686,11193,6070,2534,334.0,2539.0,20170714.tif
1694,12685,9746,13471,377.0,13502.0,20170714.tif
1698,13147,10018,3025,394.0,3046.0,20170714.tif
1706,69,5174,544,1.0,562.0,20170714.tif
1707,551,7154,1014,2.0,1024.0,20170714.tif
1708,751,7210,2210,3.0,2221.0,20170714.tif
1709,811,7116,2561,4.0,2581.0,20170714.tif
1710,813,7046,1391,5.0,1402.0,20170714.tif
1711,977,1836,1035,7.0,1044.0,20170714.tif
1712,1183,7886,695,8.0,708.0,20170714.tif
1713,1355,8578,728,10.0,745.0,20170714.tif
1714,2451,9882,167,14.0,177.0,20170714.tif
1715,2787,694,668,15.0,685.0,20170714.tif
1716,3101,936,176,17.0,186.0,20170714.tif
1717,3149,3564,20654,19.0,20708.0,20170714.tif
1718,3281,8006,9021,20.0,9065.0,20170714.tif
1719,4047,12866,1059,35.0,1078.0,20170714.tif
1720,4663,5378,3670,55.0,3696.0,20170714.tif
1721,5307,7634,38021,74.0,38064.0,20170714.tif
1722,5321,9861,1999,75.0,2028.0,20170714.tif
1723,5618,11954,1427,85.0,1468.0,20170714.tif
1724,5632,9474,2833,86.0,2844.0,20170714.tif
1725,5745,6246,126,97.0,136.0,20170714.tif
1726,5773,732,113,99.0,120.0,20170714.tif
1727,6013,7618,2074,109.0,2102.0,20170714.tif
1728,6131,9700,546,115.0,556.0,20170714.tif
1729,6135,11158,277,116.0,296.0,20170714.tif
1730,6549,8390,1266,125.0,1282.0,20170714.tif
1731,6722,3161,1010,130.0,1022.0,20170714.tif
1732,6753,7794,3474,132.0,3512.0,20170714.tif
1733,6847,9845,1574,136.0,1593.0,20170714.tif
1734,7131,9834,9159,145.0,9197.0,20170714.tif
1735,7328,3256,344,154.0,366.0,20170714.tif
1736,7485,3346,447,159.0,456.0,20170714.tif
1737,7487,13992,699,161.0,716.0,20170714.tif
1738,7673,10828,2995,170.0,3017.0,20170714.tif
1739,7765,11237,842,175.0,861.0,20170714.tif
1740,7861,5048,351,182.0,356.0,20170714.tif
1741,8103,14222,694,190.0,724.0,20170714.tif
1742,8115,3690,703,191.0,717.0,20170714.tif
1743,8399,14047,2174,203.0,2200.0,20170714.tif
1744,8467,14300,1178,207.0,1184.0,20170714.tif
1745,8503,1828,1544,209.0,1567.0,20170714.tif
1746,8549,14278,1575,211.0,1597.0,20170714.tif
1747,8565,14172,1784,212.0,1793.0,20170714.tif
1748,8591,14362,2320,213.0,2347.0,20170714.tif
1749,8639,14068,2294,214.0,2312.0,20170714.tif
1750,8749,14049,1378,216.0,1394.0,20170714.tif
1751,8779,11123,909,218.0,921.0,20170714.tif
1752,8787,14082,2300,220.0,2313.0,20170714.tif
1753,8787,14160,1041,221.0,1052.0,20170714.tif
1754,8863,14146,944,224.0,960.0,20170714.tif
1755,9035,10570,9309,226.0,9343.0,20170714.tif
1756,9035,14128,1095,227.0,1102.0,20170714.tif
1757,9067,14249,352,228.0,361.0,20170714.tif
1758,9139,6852,2158,230.0,2169.0,20170714.tif
1759,9175,7370,1937,232.0,1964.0,20170714.tif
1760,9189,3018,192,234.0,204.0,20170714.tif
1761,9409,2007,2026,245.0,2031.0,20170714.tif
1762,9417,14303,695,247.0,721.0,20170714.tif
1763,9517,2724,4827,252.0,4838.0,20170714.tif
1764,9543,1562,679,253.0,702.0,20170714.tif
1765,9590,1473,1564,259.0,1616.0,20170714.tif
1766,9631,2037,1497,260.0,1519.0,20170714.tif
1767,9641,2142,2944,263.0,2958.0,20170714.tif
1768,9682,1438,1184,266.0,1192.0,20170714.tif
1769,9687,8506,2853,267.0,2891.0,20170714.tif
1770,9705,1725,2490,268.0,2517.0,20170714.tif
1771,9783,7110,2138,278.0,2147.0,20170714.tif
1772,9803,7018,3254,281.0,3276.0,20170714.tif
1773,9806,2553,220,282.0,240.0,20170714.tif
1774,9813,6310,3097,283.0,3122.0,20170714.tif
1775,9858,2031,4247,286.0,4259.0,20170714.tif
1776,9879,1968,2337,288.0,2355.0,20170714.tif
1777,9885,7864,9582,289.0,9594.0,20170714.tif
1778,10101,2390,919,294.0,930.0,20170714.tif
1779,10161,1522,2457,298.0,2471.0,20170714.tif
1780,10375,7361,2237,303.0,2258.0,20170714.tif
1781,10382,1733,840,306.0,861.0,20170714.tif
1782,10393,8069,3576,307.0,3599.0,20170714.tif
1783,10505,14872,15318,309.0,15437.0,20170714.tif
1784,10629,2451,4499,313.0,4525.0,20170714.tif
1785,10639,2150,4104,315.0,4138.0,20170714.tif
1786,10651,9806,2929,316.0,2940.0,20170714.tif
1787,10793,5632,744,320.0,773.0,20170714.tif
1788,10807,2897,2141,322.0,2148.0,20170714.tif
1789,10809,10510,2416,323.0,2430.0,20170714.tif
1790,10813,11002,5606,324.0,5628.0,20170714.tif
1791,11093,6061,2484,331.0,2506.0,20170714.tif
1792,11145,1704,2012,333.0,2044.0,20170714.tif
1793,11198,14786,5117,335.0,5152.0,20170714.tif
1794,11377,6558,1023,338.0,1035.0,20170714.tif
1795,11405,5632,2664,339.0,2706.0,20170714.tif
1796,11433,6813,1805,340.0,1816.0,20170714.tif
1797,11567,2395,3485,343.0,3501.0,20170714.tif
1798,11577,6984,2194,344.0,2214.0,20170714.tif
1799,11601,6542,833,345.0,841.0,20170714.tif
1800,11707,6150,754,346.0,762.0,20170714.tif
1801,11707,7466,1006,347.0,1017.0,20170714.tif
1802,11723,6213,1618,348.0,1647.0,20170714.tif
1803,11739,6280,1421,349.0,1451.0,20170714.tif
1804,11778,6098,1462,350.0,1483.0,20170714.tif
1805,11791,6326,840,351.0,859.0,20170714.tif
1806,11850,6098,1073,352.0,1080.0,20170714.tif
1807,12081,4616,13228,354.0,13295.0,20170714.tif
1808,12085,7232,1729,355.0,1752.0,20170714.tif
1809,12111,6850,1595,356.0,1615.0,20170714.tif
1810,12115,8243,1302,357.0,1328.0,20170714.tif
1811,12118,8309,761,358.0,780.0,20170714.tif
1812,12130,4286,9946,359.0,9966.0,20170714.tif
1813,12191,14,706,361.0,720.0,20170714.tif
1814,12218,3154,18483,362.0,18555.0,20170714.tif
1815,12242,2937,16254,364.0,16274.0,20170714.tif
1816,12301,112,598,365.0,607.0,20170714.tif
1817,12317,7722,944,366.0,968.0,20170714.tif
1818,12331,78,685,367.0,701.0,20170714.tif
1819,12379,7024,780,369.0,801.0,20170714.tif
1820,12761,7528,1544,378.0,1573.0,20170714.tif
1821,12821,5098,6205,379.0,6245.0,20170714.tif
1822,12841,9257,908,380.0,918.0,20170714.tif
1823,12919,5234,1386,384.0,1404.0,20170714.tif
1824,12931,8298,1991,386.0,2025.0,20170714.tif
1825,12983,8660,3679,388.0,3700.0,20170714.tif
1826,12999,4994,7540,389.0,7592.0,20170714.tif
1827,13105,5202,16839,392.0,16863.0,20170714.tif
1828,13141,8934,14443,393.0,14463.0,20170714.tif
1829,13275,7814,2494,397.0,2517.0,20170714.tif
1830,13451,8200,2905,401.0,2912.0,20170714.tif
1831,13559,8118,2935,404.0,2951.0,20170714.tif
1832,13787,5322,7578,411.0,7604.0,20170714.tif
1833,13821,5074,3280,412.0,3308.0,20170714.tif
1834,13821,5166,6166,413.0,6186.0,20170714.tif
1835,13871,6838,1040,415.0,1064.0,20170714.tif
1836,14079,8842,739,422.0,769.0,20170714.tif
1837,14555,8946,4232,431.0,4245.0,20170714.tif
1838,14587,11686,473,433.0,491.0,20170714.tif
1839,14673,11902,889,435.0,911.0,20170714.tif
1840,14709,11714,557,436.0,571.0,20170714.tif
1841,14719,11378,1428,437.0,1440.0,20170714.tif
1842,14731,11954,356,438.0,371.0,20170714.tif
1843,14743,12008,416,439.0,428.0,20170714.tif
1844,14779,12054,1503,440.0,1515.0,20170714.tif
1845,14785,12124,531,441.0,547.0,20170714.tif
1846,14847,11916,920,444.0,943.0,20170714.tif
1847,14923,11548,566,445.0,578.0,20170714.tif
1848,14967,11830,786,446.0,791.0,20170714.tif
1849,15017,11893,1282,449.0,1287.0,20170714.tif
1850,15191,11946,109,453.0,128.0,20170714.tif
1851,15237,11890,668,455.0,684.0,20170714.tif
1852,15345,11872,757,459.0,770.0,20170714.tif
1853,15695,8896,2058,464.0,2076.0,20170714.tif
1854,15939,8492,4951,467.0,4986.0,20170714.tif
1855,16719,9764,818,470.0,839.0,20170714.tif
1856,16735,9936,4066,471.0,4069.0,20170714.tif
1857,16833,13022,338,472.0,351.0,20170714.tif
1858,17495,8056,2788,473.0,2808.0,20170714.tif
170,4350,4530,36446,57.0,36506.0,20170728.tif
297,7469,8148,17846,171.0,17861.0,20170728.tif
358,9107,6440,11790,236.0,11830.0,20170728.tif
477,12286,6446,47496,376.0,47560.0,20170728.tif
486,12877,6410,44446,393.0,44504.0,20170728.tif
488,13025,6886,42492,404.0,42532.0,20170728.tif
517,14487,7960,21780,443.0,21824.0,20170728.tif
684,4143,8113,14045,48.0,14059.0,20170728.tif
723,4774,5810,18772,69.0,18784.0,20170728.tif
727,4814,8278,11782,71.0,11828.0,20170728.tif
731,4929,8170,17148,74.0,17170.0,20170728.tif
746,5193,8790,13026,88.0,13043.0,20170728.tif
769,5523,8978,20801,93.0,20820.0,20170728.tif
783,5749,9080,17722,105.0,17762.0,20170728.tif
792,5942,10982,14905,116.0,14935.0,20170728.tif
802,6082,8866,18772,122.0,18786.0,20170728.tif
810,6421,8058,11271,130.0,11305.0,20170728.tif
814,6478,8594,12651,132.0,12683.0,20170728.tif
816,6515,10870,7194,133.0,7246.0,20170728.tif
820,6529,10614,18718,134.0,18773.0,20170728.tif
828,6646,10158,10957,138.0,10970.0,20170728.tif
839,6759,11342,10436,146.0,10483.0,20170728.tif
870,7430,11292,8385,169.0,8400.0,20170728.tif
889,7706,8114,11723,180.0,11739.0,20170728.tif
890,7702,7644,21170,179.0,21222.0,20170728.tif
893,7726,11372,13838,181.0,13879.0,20170728.tif
903,7851,5090,15123,186.0,15134.0,20170728.tif
912,7902,7824,23287,190.0,23318.0,20170728.tif
919,8014,11454,13016,192.0,13028.0,20170728.tif
938,8307,8910,6091,201.0,6104.0,20170728.tif
940,8343,7286,17844,203.0,17870.0,20170728.tif
950,8481,5662,11854,212.0,11908.0,20170728.tif
971,8771,8562,31546,222.0,31580.0,20170728.tif
982,8955,6458,10657,230.0,10680.0,20170728.tif
990,9153,6794,11505,243.0,11483.0,20170728.tif
1012,9514,6754,12853,265.0,12878.0,20170728.tif
1028,9766,6460,16639,282.0,16680.0,20170728.tif
1029,9762,8066,18795,281.0,18825.0,20170728.tif
1033,9827,6616,26825,283.0,26902.0,20170728.tif
1096,11070,5660,20361,330.0,20408.0,20170728.tif
1204,13663,6740,11606,422.0,11624.0,20170728.tif
1216,13825,8918,30132,428.0,30148.0,20170728.tif
1227,14037,8510,13822,436.0,13846.0,20170728.tif
1229,14201,9358,15421,440.0,15464.0,20170728.tif
1234,14515,9102,49050,445.0,49036.0,20170728.tif
1235,14559,7304,25786,447.0,25828.0,20170728.tif
1296,6293,9702,11995,128.0,12017.0,20170728.tif
1306,7546,5526,21932,174.0,21966.0,20170728.tif
1313,8839,9082,28058,225.0,28124.0,20170728.tif
1319,9993,7110,23146,290.0,23212.0,20170728.tif
1322,10351,8490,21365,305.0,21416.0,20170728.tif
1334,15013,8974,18042,462.0,18082.0,20170728.tif
1355,3445,7568,12510,35.0,12572.0,20170728.tif
1372,4642,10674,18740,67.0,18757.0,20170728.tif
1375,4803,10990,14203,70.0,14229.0,20170728.tif
1377,4973,10963,9070,75.0,9101.0,20170728.tif
1383,5773,11590,10681,106.0,10719.0,20170728.tif
1384,5805,8298,4767,108.0,4815.0,20170728.tif
1392,6667,11714,20351,144.0,20368.0,20170728.tif
1395,6763,9512,5083,147.0,5098.0,20170728.tif
1399,6818,3674,7120,150.0,7124.0,20170728.tif
1400,6969,10758,10099,157.0,10136.0,20170728.tif
1403,7070,7746,32290,158.0,32346.0,20170728.tif
1406,7269,10274,24201,165.0,24215.0,20170728.tif
1408,7338,9646,20242,166.0,20257.0,20170728.tif
1409,7395,8798,17356,167.0,17396.0,20170728.tif
1410,7558,10122,21286,175.0,21324.0,20170728.tif
1412,7822,8538,21555,185.0,21598.0,20170728.tif
1417,8058,9026,24996,193.0,25010.0,20170728.tif
1427,8273,10831,7572,200.0,7593.0,20170728.tif
1429,8406,11482,19705,204.0,19734.0,20170728.tif
1430,8450,10896,12411,209.0,12447.0,20170728.tif
1433,8598,5110,10550,216.0,10572.0,20170728.tif
1446,9274,8962,16830,248.0,16854.0,20170728.tif
1447,9306,6822,21150,251.0,21184.0,20170728.tif
1448,9308,8704,5333,252.0,5338.0,20170728.tif
1450,9403,8746,1798,258.0,1806.0,20170728.tif
1451,9394,8170,5149,257.0,5184.0,20170728.tif
1454,9432,8540,13580,259.0,13612.0,20170728.tif
1456,9543,8732,9382,267.0,9420.0,20170728.tif
1457,9569,5342,9851,269.0,9870.0,20170728.tif
1459,9626,7888,15644,271.0,15672.0,20170728.tif
1461,9709,7600,15848,276.0,15882.0,20170728.tif
1463,9842,9330,9717,285.0,9770.0,20170728.tif
1467,10014,6535,2152,292.0,2167.0,20170728.tif
1470,10075,6134,12383,295.0,12405.0,20170728.tif
1471,10087,5750,13662,297.0,13683.0,20170728.tif
1474,10115,7623,5838,298.0,5864.0,20170728.tif
1475,10153,7269,10258,300.0,10284.0,20170728.tif
1477,10201,9779,5775,301.0,5799.0,20170728.tif
1479,10206,9942,2211,302.0,2233.0,20170728.tif
1484,10347,8306,5510,304.0,5536.0,20170728.tif
1497,10849,8180,6551,324.0,6567.0,20170728.tif
1508,11505,7094,19051,340.0,19099.0,20170728.tif
1521,12563,6730,8924,381.0,8968.0,20170728.tif
1528,13283,9922,8232,411.0,8253.0,20170728.tif
1529,13331,8774,11762,413.0,11768.0,20170728.tif
1532,13487,9814,15215,415.0,15244.0,20170728.tif
1547,14011,8282,3944,434.0,3969.0,20170728.tif
1550,14299,7407,8434,441.0,8453.0,20170728.tif
1552,14783,7810,7906,457.0,7936.0,20170728.tif
1553,14898,7628,15132,460.0,15170.0,20170728.tif
1570,3985,11390,6019,41.0,6072.0,20170728.tif
1571,4023,2449,7460,44.0,7486.0,20170728.tif
1572,4075,10894,13748,46.0,13792.0,20170728.tif
1576,4211,10062,11812,53.0,11858.0,20170728.tif
1579,4337,10618,16905,56.0,16928.0,20170728.tif
1580,4397,6162,18400,58.0,18418.0,20170728.tif
1585,4617,7758,20702,64.0,20710.0,20170728.tif
1586,4628,10194,17476,66.0,17488.0,20170728.tif
1587,4690,6318,18813,68.0,18849.0,20170728.tif
1588,4821,12778,9202,72.0,9222.0,20170728.tif
1590,4974,10238,21634,76.0,21677.0,20170728.tif
1594,5181,12338,11608,87.0,11620.0,20170728.tif
1598,5269,9346,3791,89.0,3814.0,20170728.tif
1599,5313,7330,4568,90.0,4596.0,20170728.tif
1602,5525,12418,12294,94.0,12319.0,20170728.tif
1603,5619,10258,8918,95.0,8926.0,20170728.tif
1604,5682,10582,22996,100.0,23038.0,20170728.tif
1605,5686,5918,10236,101.0,10250.0,20170728.tif
1606,5805,10148,12562,109.0,12593.0,20170728.tif
1607,5879,9289,17545,112.0,17563.0,20170728.tif
1609,5939,10748,7608,114.0,7629.0,20170728.tif
1611,6086,12258,15286,123.0,15320.0,20170728.tif
1613,6138,10312,14402,126.0,14422.0,20170728.tif
1615,6298,10916,23694,129.0,23717.0,20170728.tif
1622,7478,6710,13545,172.0,13574.0,20170728.tif
1624,7485,10505,3980,173.0,4002.0,20170728.tif
1629,7783,6856,12634,183.0,12654.0,20170728.tif
1631,7894,6688,11997,189.0,12018.0,20170728.tif
1645,8426,10662,8488,208.0,8530.0,20170728.tif
1647,8761,9339,15271,221.0,15309.0,20170728.tif
1651,9139,10154,15474,241.0,15522.0,20170728.tif
1660,9737,9878,11269,277.0,11292.0,20170728.tif
1671,10501,7010,5554,307.0,5582.0,20170728.tif
1674,10586,6612,6864,312.0,6882.0,20170728.tif
1679,10726,6844,4861,319.0,4883.0,20170728.tif
1686,11129,6126,2718,331.0,2742.0,20170728.tif
1694,12663,9780,13735,384.0,13785.0,20170728.tif
1698,13123,10046,3357,407.0,3383.0,20170728.tif
1707,521,7108,1069,3.0,1091.0,20170728.tif
1708,721,7164,2543,5.0,2577.0,20170728.tif
1709,783,7068,2903,6.0,2915.0,20170728.tif
1710,783,7068,2903,6.0,2915.0,20170728.tif
1713,1341,8542,688,11.0,702.0,20170728.tif
1715,2717,679,854,25.0,861.0,20170728.tif
1717,3093,3550,22194,30.0,22236.0,20170728.tif
1718,3263,7988,9242,33.0,9288.0,20170728.tif
1719,4097,12854,580,47.0,600.0,20170728.tif
1720,4622,5374,4579,65.0,4591.0,20170728.tif
1722,5327,9854,2042,91.0,2053.0,20170728.tif
1723,5654,11940,1671,98.0,1702.0,20170728.tif
1724,5635,9466,3202,96.0,3214.0,20170728.tif
1726,5699,764,114,102.0,129.0,20170728.tif
1730,6537,8396,1488,135.0,1506.0,20170728.tif
1731,6641,3184,4671,137.0,4693.0,20170728.tif
1733,6853,9844,1825,152.0,1840.0,20170728.tif
1734,7134,9838,9966,159.0,9994.0,20170728.tif
1736,7417,3386,643,168.0,661.0,20170728.tif
1738,7691,10832,3483,178.0,3498.0,20170728.tif
1739,7787,11238,1055,184.0,1063.0,20170728.tif
1740,7851,5090,15123,186.0,15134.0,20170728.tif
1745,8417,1885,2319,207.0,2329.0,20170728.tif
1746,8545,14292,1145,214.0,1160.0,20170728.tif
1750,8711,14058,2554,220.0,2573.0,20170728.tif
1751,8801,11132,1033,223.0,1049.0,20170728.tif
1752,8711,14058,2554,220.0,2573.0,20170728.tif
1754,8859,14148,1178,227.0,1195.0,20170728.tif
1755,9045,10582,9568,232.0,9611.0,20170728.tif
1756,8937,14138,1017,229.0,1025.0,20170728.tif
1758,9099,6886,2420,235.0,2442.0,20170728.tif
1759,9139,7402,2236,240.0,2270.0,20170728.tif
1769,9665,8534,3062,272.0,3083.0,20170728.tif
1771,9742,7148,2134,278.0,2158.0,20170728.tif
1772,9763,7057,3351,280.0,3383.0,20170728.tif
1774,9761,6348,3486,279.0,3494.0,20170728.tif
1777,9852,7898,10050,286.0,10078.0,20170728.tif
1780,10333,7401,2358,303.0,2368.0,20170728.tif
1782,10361,8105,3747,306.0,3758.0,20170728.tif
1786,10642,9832,3032,314.0,3047.0,20170728.tif
1787,10729,5686,900,320.0,914.0,20170728.tif
1789,10809,10528,2593,321.0,2617.0,20170728.tif
1790,10821,11014,5985,322.0,6027.0,20170728.tif
1791,11030,6114,2745,328.0,2753.0,20170728.tif
1794,11319,6610,1145,335.0,1153.0,20170728.tif
1795,11338,5694,2965,336.0,2986.0,20170728.tif
1796,11377,6866,1931,337.0,1952.0,20170728.tif
1798,11523,7037,2313,341.0,2324.0,20170728.tif
1800,11709,6158,1356,348.0,1396.0,20170728.tif
1801,11659,7514,1036,345.0,1044.0,20170728.tif
1802,11663,6282,995,346.0,1017.0,20170728.tif
1803,11663,6282,995,346.0,1017.0,20170728.tif
1804,11787,6158,1159,350.0,1176.0,20170728.tif
1805,11727,6386,884,349.0,904.0,20170728.tif
1806,11787,6158,1159,350.0,1176.0,20170728.tif
1808,12034,7286,1381,357.0,1406.0,20170728.tif
1810,12075,8288,1277,365.0,1304.0,20170728.tif
1811,12073,8352,1013,364.0,1026.0,20170728.tif
1817,12267,7773,951,375.0,969.0,20170728.tif
1819,12315,7078,1131,378.0,1144.0,20170728.tif
1820,12707,7584,1440,385.0,1455.0,20170728.tif
1822,12809,9294,1082,388.0,1105.0,20170728.tif
1824,12885,8345,1913,394.0,1935.0,20170728.tif
1825,12941,8705,3899,398.0,3949.0,20170728.tif
1828,13102,8976,14817,406.0,14837.0,20170728.tif
1829,13217,7868,2658,410.0,2678.0,20170728.tif
1830,13399,8253,2735,414.0,2762.0,20170728.tif
1831,13503,8170,2975,416.0,3003.0,20170728.tif
1836,14026,8886,1139,435.0,1183.0,20170728.tif
1837,14503,8994,4413,444.0,4443.0,20170728.tif
1838,14581,11700,501,448.0,519.0,20170728.tif
1839,14669,11914,937,450.0,949.0,20170728.tif
1841,14703,11402,1166,452.0,1188.0,20170728.tif
1842,14725,11965,395,454.0,406.0,20170728.tif
1843,14740,12022,339,455.0,347.0,20170728.tif
1844,14773,12065,1656,456.0,1684.0,20170728.tif
1845,14783,12134,557,458.0,569.0,20170728.tif
1850,15225,11904,674,468.0,685.0,20170728.tif
1851,15225,11904,674,468.0,685.0,20170728.tif
1853,15628,8950,2305,472.0,2332.0,20170728.tif
1854,15861,8554,4943,475.0,4954.0,20170728.tif
1856,16673,9977,4262,480.0,4280.0,20170728.tif
1859,21,5114,636,1.0,646.0,20170728.tif
1860,443,794,344,2.0,364.0,20170728.tif
1861,785,7000,1611,7.0,1635.0,20170728.tif
1862,1163,7850,345,9.0,362.0,20170728.tif
1863,1297,8112,950,10.0,972.0,20170728.tif
1864,1403,1300,716,12.0,733.0,20170728.tif
1865,1467,1077,702,13.0,720.0,20170728.tif
1866,1551,1176,536,14.0,545.0,20170728.tif
1867,2121,8847,342,18.0,360.0,20170728.tif
1868,2169,8897,445,21.0,459.0,20170728.tif
1869,2299,9246,171,22.0,179.0,20170728.tif
1870,2638,6722,8176,23.0,8198.0,20170728.tif
1871,2685,6878,7424,24.0,7452.0,20170728.tif
1872,2965,9010,8610,27.0,8620.0,20170728.tif
1873,3657,12726,4039,37.0,4035.0,20170728.tif
1874,4538,2585,20194,63.0,20214.0,20170728.tif
1875,4883,8990,2671,73.0,2691.0,20170728.tif
1876,5486,6134,18172,92.0,18182.0,20170728.tif
1877,6067,6708,183,120.0,194.0,20170728.tif
1878,6709,2958,776,145.0,783.0,20170728.tif
1879,6798,6962,50518,148.0,50556.0,20170728.tif
1880,6806,3582,4459,149.0,4496.0,20170728.tif
1881,6878,10998,16947,155.0,16971.0,20170728.tif
1882,6961,5718,27594,156.0,27640.0,20170728.tif
1883,7433,3436,947,170.0,966.0,20170728.tif
1884,7586,3594,2246,176.0,2261.0,20170728.tif
1885,7652,3438,1038,177.0,1050.0,20170728.tif
1886,8003,6174,282,191.0,293.0,20170728.tif
1887,8177,14210,909,195.0,927.0,20170728.tif
1888,8186,9210,8138,196.0,8190.0,20170728.tif
1889,8210,14242,8722,198.0,8782.0,20170728.tif
1890,8409,3890,317,205.0,339.0,20170728.tif
1891,8413,2000,804,206.0,814.0,20170728.tif
1892,8467,2308,296,210.0,318.0,20170728.tif
1893,8471,14038,2181,211.0,2206.0,20170728.tif
1894,8625,14269,1604,217.0,1622.0,20170728.tif
1895,8637,14162,1901,218.0,1925.0,20170728.tif
1896,8667,14352,2442,219.0,2462.0,20170728.tif
1897,8819,14040,1522,224.0,1550.0,20170728.tif
1898,8859,14070,2604,226.0,2589.0,20170728.tif
1899,9011,5665,2030,231.0,2047.0,20170728.tif
1900,9090,6382,1255,234.0,1264.0,20170728.tif
1901,9109,14120,1067,237.0,1078.0,20170728.tif
1902,9141,14242,363,242.0,387.0,20170728.tif
1903,9298,4834,3394,250.0,3438.0,20170728.tif
1904,9435,2796,5040,260.0,5079.0,20170728.tif
1905,9467,840,255,261.0,273.0,20170728.tif
1906,9493,14296,661,263.0,686.0,20170728.tif
1907,9543,2114,1582,266.0,1607.0,20170728.tif
1908,9613,1805,2723,270.0,2747.0,20170728.tif
1909,10062,1610,2885,294.0,2895.0,20170728.tif
1910,10079,2410,300,296.0,322.0,20170728.tif
1911,10527,2940,4555,308.0,4590.0,20170728.tif
1912,10537,2537,5041,309.0,5057.0,20170728.tif
1913,10541,2238,4617,310.0,4627.0,20170728.tif
1914,10590,14862,16373,313.0,16456.0,20170728.tif
1915,10671,6850,837,316.0,851.0,20170728.tif
1916,10717,2981,1965,318.0,1975.0,20170728.tif
1917,10899,3632,660,325.0,671.0,20170728.tif
1918,11041,1805,2196,329.0,2213.0,20170728.tif
1919,11265,2523,1608,333.0,1615.0,20170728.tif
1920,11465,2490,4042,339.0,4076.0,20170728.tif
1921,11675,6340,1535,347.0,1539.0,20170728.tif
1922,11939,5203,12388,353.0,12405.0,20170728.tif
1923,11995,4695,14498,354.0,14532.0,20170728.tif
1924,12039,4366,10816,358.0,10842.0,20170728.tif
1925,12058,7112,28620,360.0,28170.0,20170728.tif
1926,12067,148,573,363.0,583.0,20170728.tif
1927,12101,116,446,367.0,450.0,20170728.tif
1928,12126,3281,13032,368.0,13066.0,20170728.tif
1929,12139,3025,17253,369.0,17274.0,20170728.tif
1930,12177,245,429,370.0,447.0,20170728.tif
1931,12207,214,458,373.0,462.0,20170728.tif
1932,12435,4332,13285,380.0,13326.0,20170728.tif
1933,12569,5569,7838,382.0,7869.0,20170728.tif
1934,12733,5180,6636,386.0,6649.0,20170728.tif
1935,12763,5588,17530,387.0,17400.0,20170728.tif
1936,12817,5720,810,389.0,816.0,20170728.tif
1937,12915,6977,332,395.0,350.0,20170728.tif
1938,12983,5974,20733,400.0,20745.0,20170728.tif
1939,13015,5286,17232,403.0,17277.0,20170728.tif
1940,13323,5370,16500,412.0,16534.0,20170728.tif
1941,13647,6362,30920,420.0,30968.0,20170728.tif
1942,13651,6020,15595,421.0,15619.0,20170728.tif
1943,13693,5410,7799,423.0,7813.0,20170728.tif
1944,13721,5159,4488,424.0,4530.0,20170728.tif
1945,13723,5252,6443,425.0,6461.0,20170728.tif
1946,13789,6902,1745,427.0,1750.0,20170728.tif
1947,13843,7894,14994,430.0,15006.0,20170728.tif
1948,13845,5616,17230,431.0,17288.0,20170728.tif
1949,13891,6176,12709,432.0,12731.0,20170728.tif
1950,14043,5726,6176,437.0,6212.0,20170728.tif
1951,14107,5956,8812,439.0,8864.0,20170728.tif
1952,14439,8374,22357,442.0,22401.0,20170728.tif
1953,14531,6698,11772,446.0,11840.0,20170728.tif
1954,14925,7146,17464,461.0,17492.0,20170728.tif
1955,15013,11916,372,463.0,396.0,20170728.tif
1956,15035,8286,250,465.0,272.0,20170728.tif
1957,15103,7506,33864,467.0,33876.0,20170728.tif
1958,15365,7756,6141,470.0,6161.0,20170728.tif
1959,15399,6922,11723,471.0,11731.0,20170728.tif
1960,15631,7860,324,473.0,356.0,20170728.tif
1961,15683,7522,14361,474.0,14399.0,20170728.tif
1962,16065,8128,1446,477.0,1484.0,20170728.tif
1963,16974,10714,652,483.0,668.0,20170728.tif
1964,17393,8134,2658,484.0,2680.0,20170728.tif
170,4322,4554,37230,31.0,37286.0,20171002.tif
297,7431,8174,19061,97.0,19095.0,20171002.tif
358,9082,6474,11448,137.0,11544.0,20171002.tif
477,12231,6466,53222,228.0,53278.0,20171002.tif
486,12835,6434,46308,243.0,46248.0,20171002.tif
517,14431,7982,23992,291.0,24040.0,20171002.tif
684,4109,8142,16219,24.0,16280.0,20171002.tif
746,5155,8816,14966,49.0,15008.0,20171002.tif
769,5486,9006,23473,54.0,23523.0,20171002.tif
783,5711,9106,19867,62.0,19878.0,20171002.tif
792,5914,11010,15166,72.0,15202.0,20171002.tif
810,6385,8086,11530,79.0,11558.0,20171002.tif
814,6442,8618,14128,80.0,14148.0,20171002.tif
816,6482,10898,7689,81.0,7706.0,20171002.tif
820,6497,10644,18134,82.0,18162.0,20171002.tif
870,7393,11318,9310,96.0,9316.0,20171002.tif
889,7670,8138,12658,106.0,12693.0,20171002.tif
890,7662,7664,24425,105.0,24473.0,20171002.tif
893,7694,11400,13546,107.0,13560.0,20171002.tif
919,7982,11490,13203,116.0,13246.0,20171002.tif
938,8266,8938,7426,121.0,7448.0,20171002.tif
940,8307,7320,18234,122.0,18270.0,20171002.tif
982,8918,6482,12664,134.0,12690.0,20171002.tif
1028,9722,6490,16196,165.0,16214.0,20171002.tif
1029,9719,8088,21029,164.0,21072.0,20171002.tif
1033,9782,6642,30650,167.0,30676.0,20171002.tif
1216,13773,8944,32756,271.0,32828.0,20171002.tif
1227,13983,8534,15438,280.0,15458.0,20171002.tif
1229,14147,9379,16623,284.0,16639.0,20171002.tif
1234,14475,9118,51986,293.0,52032.0,20171002.tif
1296,6250,9728,14378,77.0,14400.0,20171002.tif
1313,8795,9110,30684,133.0,30722.0,20171002.tif
1319,9950,7130,27266,171.0,27190.0,20171002.tif
1355,3413,7600,13716,17.0,13751.0,20171002.tif
1372,4599,10702,20766,36.0,20790.0,20171002.tif
1375,4771,11018,15770,38.0,15816.0,20171002.tif
1377,4942,10996,8765,41.0,8819.0,20171002.tif
1383,5738,11626,10844,63.0,10880.0,20171002.tif
1384,5773,8326,5283,65.0,5316.0,20171002.tif
1392,6629,11744,22645,84.0,22683.0,20171002.tif
1406,7230,10302,26180,94.0,26206.0,20171002.tif
1408,7295,9672,22732,95.0,22762.0,20171002.tif
1410,7522,10148,23012,103.0,23060.0,20171002.tif
1427,8235,10858,7710,120.0,7766.0,20171002.tif
1430,8414,10925,11907,125.0,11955.0,20171002.tif
1446,9229,8981,19582,142.0,19603.0,20171002.tif
1451,9350,8194,5443,143.0,5516.0,20171002.tif
1454,9385,8568,15396,144.0,15420.0,20171002.tif
1456,9506,8760,10234,149.0,10274.0,20171002.tif
1459,9590,7916,14640,156.0,14712.0,20171002.tif
1461,9666,7622,18394,162.0,18428.0,20171002.tif
1463,9798,9358,9885,168.0,9916.0,20171002.tif
1467,9978,6566,2336,173.0,2370.0,20171002.tif
1475,10110,7290,12131,175.0,12177.0,20171002.tif
1477,10154,9806,5803,176.0,5809.0,20171002.tif
1479,10161,9966,2655,177.0,2691.0,20171002.tif
1484,10301,8330,6844,179.0,6868.0,20171002.tif
1521,12517,6754,9380,236.0,9424.0,20171002.tif
1528,13231,9946,8750,263.0,8772.0,20171002.tif
1529,13279,8800,12554,265.0,12624.0,20171002.tif
1532,13435,9836,16200,266.0,16258.0,20171002.tif
1547,13961,8306,4264,278.0,4282.0,20171002.tif
1552,14719,7830,11710,304.0,11740.0,20171002.tif
1553,14845,7652,17511,309.0,17533.0,20171002.tif
1570,3953,11424,7139,20.0,7187.0,20171002.tif
1576,4179,10104,11128,26.0,11166.0,20171002.tif
1579,4301,10646,18644,30.0,18680.0,20171002.tif
1586,4590,10222,20122,35.0,20154.0,20171002.tif
1587,4655,6342,22006,37.0,22054.0,20171002.tif
1588,4786,12810,9524,39.0,9545.0,20171002.tif
1594,5141,12367,14665,48.0,14699.0,20171002.tif
1598,5236,9378,4403,52.0,4417.0,20171002.tif
1602,5494,12446,12114,55.0,12132.0,20171002.tif
1603,5587,10292,8809,56.0,8824.0,20171002.tif
1604,5643,10610,25603,61.0,25657.0,20171002.tif
1606,5769,10178,13578,64.0,13616.0,20171002.tif
1609,5906,10778,8234,71.0,8246.0,20171002.tif
1611,6047,12284,18099,75.0,18118.0,20171002.tif
1613,6099,10342,16112,76.0,16176.0,20171002.tif
1615,6258,10942,24701,78.0,24736.0,20171002.tif
1624,7445,10530,5031,100.0,5057.0,20171002.tif
1629,7750,6896,11830,108.0,11846.0,20171002.tif
1645,8386,10690,8480,124.0,8502.0,20171002.tif
1647,8719,9362,17048,131.0,17102.0,20171002.tif
1651,9095,10177,17458,138.0,17487.0,20171002.tif
1660,9695,9904,12433,163.0,12484.0,20171002.tif
1694,12611,9802,13779,238.0,13807.0,20171002.tif
1698,13075,10074,3348,255.0,3368.0,20171002.tif
1708,687,7185,3656,4.0,3676.0,20171002.tif
1709,751,7095,3401,5.0,3415.0,20171002.tif
1710,751,7095,3401,5.0,3415.0,20171002.tif
1718,3233,8018,10556,15.0,10594.0,20171002.tif
1719,4065,12882,1402,23.0,1416.0,20171002.tif
1723,5614,11968,2593,59.0,2633.0,20171002.tif
1724,5595,9493,4319,57.0,4329.0,20171002.tif
1730,6498,8421,2055,83.0,2079.0,20171002.tif
1733,6812,9871,2536,87.0,2567.0,20171002.tif
1734,7102,9866,9736,93.0,9752.0,20171002.tif
1738,7649,10859,4221,104.0,4247.0,20171002.tif
1746,8583,14292,2399,128.0,2409.0,20171002.tif
1750,8690,14086,2132,130.0,2149.0,20171002.tif
1752,8690,14086,2132,130.0,2149.0,20171002.tif
1755,9002,10606,11357,135.0,11391.0,20171002.tif
1759,9125,7440,1183,139.0,1200.0,20171002.tif
1769,9621,8556,4181,158.0,4195.0,20171002.tif
1777,9810,7925,10965,170.0,10991.0,20171002.tif
1782,10311,8124,5661,181.0,5703.0,20171002.tif
1786,10598,9856,3574,187.0,3601.0,20171002.tif
1789,10761,10547,3650,189.0,3662.0,20171002.tif
1790,10777,11042,6229,191.0,6256.0,20171002.tif
1791,10991,6138,3208,194.0,3230.0,20171002.tif
1795,11302,5722,2772,205.0,2794.0,20171002.tif
1796,11330,6887,2601,207.0,2636.0,20171002.tif
1802,11630,6362,2299,212.0,2317.0,20171002.tif
1803,11630,6362,2299,212.0,2317.0,20171002.tif
1805,11683,6408,1327,213.0,1345.0,20171002.tif
1810,12029,8312,1336,219.0,1358.0,20171002.tif
1811,12029,8312,1336,219.0,1358.0,20171002.tif
1817,12226,7796,1243,226.0,1261.0,20171002.tif
1822,12757,9314,1677,241.0,1689.0,20171002.tif
1825,12889,8726,4946,245.0,4982.0,20171002.tif
1828,13051,8994,16584,254.0,16639.0,20171002.tif
1829,13167,7890,3934,258.0,3956.0,20171002.tif
1831,13449,8190,4236,267.0,4262.0,20171002.tif
1837,14449,9016,5560,292.0,5568.0,20171002.tif
1839,14609,11934,1390,298.0,1412.0,20171002.tif
1842,14665,11982,791,300.0,808.0,20171002.tif
1843,14681,12038,728,301.0,739.0,20171002.tif
1844,14709,12078,2862,303.0,2889.0,20171002.tif
1845,14721,12153,952,305.0,966.0,20171002.tif
1850,15167,11920,1073,319.0,1094.0,20171002.tif
1851,15167,11920,1073,319.0,1094.0,20171002.tif
1853,15567,8970,3194,327.0,3226.0,20171002.tif
1854,15807,8576,6189,330.0,6206.0,20171002.tif
1856,16611,10000,3783,331.0,3811.0,20171002.tif
1861,753,7028,2121,6.0,2136.0,20171002.tif
1869,2259,9274,904,7.0,922.0,20171002.tif
1871,2648,6897,10209,8.0,10221.0,20171002.tif
1872,2929,9036,11640,11.0,11668.0,20171002.tif
1881,6845,11026,17029,89.0,17080.0,20171002.tif
1894,8583,14292,2399,128.0,2409.0,20171002.tif
1900,9082,6474,11448,137.0,11544.0,20171002.tif
1920,11433,2520,4539,208.0,4556.0,20171002.tif
1921,11630,6362,2299,212.0,2317.0,20171002.tif
1922,11895,5230,13042,216.0,13064.0,20171002.tif
1923,11954,4718,14889,217.0,14917.0,20171002.tif
1924,11999,4388,11764,218.0,11776.0,20171002.tif
1926,12041,171,530,220.0,548.0,20171002.tif
1927,12041,171,530,220.0,548.0,20171002.tif
1930,12147,268,369,222.0,392.0,20171002.tif
1931,12147,268,369,222.0,392.0,20171002.tif
1932,12387,4354,15788,232.0,15824.0,20171002.tif
1933,12527,5592,9044,237.0,9094.0,20171002.tif
1934,12691,5212,6336,239.0,6368.0,20171002.tif
1935,12715,5614,19588,240.0,19601.0,20171002.tif
1939,12967,5310,19330,247.0,19360.0,20171002.tif
1940,13279,5400,16234,264.0,16272.0,20171002.tif
1943,13645,5442,8728,270.0,8740.0,20171002.tif
1948,13805,5646,15910,275.0,15956.0,20171002.tif
1949,13841,6202,13283,277.0,13319.0,20171002.tif
1951,14059,5982,10090,283.0,10116.0,20171002.tif
1955,14943,11924,2081,313.0,2120.0,20171002.tif
1958,15313,7782,5472,321.0,5512.0,20171002.tif
1961,15627,7550,15676,328.0,15692.0,20171002.tif
1965,2935,9162,382,12.0,392.0,20171002.tif
1966,3161,9320,10278,14.0,10328.0,20171002.tif
1967,3285,7494,11660,16.0,11720.0,20171002.tif
1968,3509,7794,374,18.0,400.0,20171002.tif
1969,3537,7818,180,19.0,192.0,20171002.tif
1970,3959,12950,256,21.0,271.0,20171002.tif
1971,4373,10250,10919,32.0,11028.0,20171002.tif
1972,4379,11884,14910,33.0,14922.0,20171002.tif
1973,5229,12942,106,50.0,116.0,20171002.tif
1974,5870,13266,15681,66.0,15694.0,20171002.tif
1975,8581,9552,248,127.0,265.0,20171002.tif
1976,9550,6674,4094,152.0,4118.0,20171002.tif
1977,9638,7538,3501,160.0,3526.0,20171002.tif
1978,9951,9453,193,172.0,204.0,20171002.tif
1979,10261,9702,315,178.0,329.0,20171002.tif
1980,10421,9096,283,183.0,299.0,20171002.tif
1981,10763,10926,1471,190.0,1486.0,20171002.tif
1982,11027,7844,162,195.0,180.0,20171002.tif
1983,11213,5223,400,203.0,408.0,20171002.tif
1984,11537,7254,140,209.0,154.0,20171002.tif
1985,11733,6974,168,214.0,180.0,20171002.tif
1986,12141,7826,367,221.0,377.0,20171002.tif
1987,12275,8561,325,230.0,335.0,20171002.tif
1988,12358,7190,477,231.0,494.0,20171002.tif
1989,12475,8590,778,233.0,796.0,20171002.tif
1990,13007,8928,309,250.0,323.0,20171002.tif
1991,13029,9999,211,252.0,221.0,20171002.tif
1992,13537,8105,369,269.0,375.0,20171002.tif
1993,13837,5976,6336,276.0,6344.0,20171002.tif
1994,14427,11452,276,290.0,281.0,20171002.tif
1995,14535,11730,142,294.0,152.0,20171002.tif
1996,14639,11746,1235,299.0,1255.0,20171002.tif
1997,14697,11951,333,302.0,355.0,20171002.tif
1998,14745,11474,2620,306.0,2635.0,20171002.tif
1999,14778,11944,1878,307.0,1898.0,20171002.tif
2000,14845,8610,683,310.0,698.0,20171002.tif
2001,14896,11858,1544,312.0,1574.0,20171002.tif
2002,14965,11789,180,314.0,196.0,20171002.tif
2003,15015,12068,340,315.0,352.0,20171002.tif
2004,15019,11973,288,316.0,294.0,20171002.tif
2005,15021,12306,209,317.0,213.0,20171002.tif
2006,15123,11962,1296,318.0,1325.0,20171002.tif
2007,15301,9159,101,320.0,110.0,20171002.tif
2008,15373,8989,156,322.0,177.0,20171002.tif
2009,15377,12111,212,324.0,220.0,20171002.tif
2010,15443,9008,186,325.0,190.0,20171002.tif
2011,15501,9156,645,326.0,654.0,20171002.tif
1709,747,7042,8197,4.0,8225.0,20180729.tif
1710,747,7042,8197,4.0,8225.0,20180729.tif
1759,9142,7466,1340,212.0,1348.0,20180729.tif
1822,12743,9314,1247,326.0,1263.0,20180729.tif
1853,15633,9016,6464,429.0,6478.0,20180729.tif
1861,747,7042,8197,4.0,8225.0,20180729.tif
1955,14953,11870,3875,415.0,3881.0,20180729.tif
1979,10250,9729,8119,228.0,8155.0,20180729.tif
1986,12107,7862,1426,282.0,1451.0,20180729.tif
1990,13079,8898,838,349.0,860.0,20180729.tif
1991,12977,10016,565,342.0,580.0,20180729.tif
1992,13561,8068,10319,374.0,10373.0,20180729.tif
1999,14783,11868,2205,411.0,2237.0,20180729.tif
2001,14953,11870,3875,415.0,3881.0,20180729.tif
2008,15439,9026,3470,425.0,3509.0,20180729.tif
2010,15439,9026,3470,425.0,3509.0,20180729.tif
2012,89,5004,2626,1.0,2648.0,20180729.tif
2013,113,4008,2926,2.0,2972.0,20180729.tif
2014,561,6990,3512,3.0,3528.0,20180729.tif
2015,2849,6757,655,5.0,664.0,20180729.tif
2016,2925,7002,812,6.0,832.0,20180729.tif
2017,3137,14068,944,7.0,956.0,20180729.tif
2018,3169,5982,551,8.0,566.0,20180729.tif
2019,3333,5860,933,11.0,943.0,20180729.tif
2020,3381,5874,2138,12.0,2154.0,20180729.tif
2021,3413,5949,1173,13.0,1184.0,20180729.tif
2022,3543,14886,3680,14.0,3718.0,20180729.tif
2023,3555,3498,788,15.0,794.0,20180729.tif
2024,3633,12848,2851,17.0,2886.0,20180729.tif
2025,3693,11346,1798,19.0,1824.0,20180729.tif
2026,3751,6618,1098,20.0,1104.0,20180729.tif
2027,3789,3504,725,21.0,735.0,20180729.tif
2028,3807,6766,4247,22.0,4265.0,20180729.tif
2029,3875,3534,1974,24.0,1993.0,20180729.tif
2030,3877,3724,1187,25.0,1209.0,20180729.tif
2031,3897,11630,499,26.0,510.0,20180729.tif
2032,3941,6053,893,27.0,920.0,20180729.tif
2033,3973,3578,956,29.0,980.0,20180729.tif
2034,3989,11333,7960,30.0,7986.0,20180729.tif
2035,4075,12786,5072,32.0,5098.0,20180729.tif
2036,4105,6275,821,33.0,830.0,20180729.tif
2037,4237,5682,1144,36.0,1172.0,20180729.tif
2038,4345,10538,27981,37.0,28016.0,20180729.tif
2039,4431,5130,2874,39.0,2906.0,20180729.tif
2040,4435,4972,666,40.0,690.0,20180729.tif
2041,4449,11794,17849,41.0,17886.0,20180729.tif
2042,4551,6981,843,42.0,864.0,20180729.tif
2043,4555,6294,1886,43.0,1910.0,20180729.tif
2044,4634,10118,29992,44.0,30006.0,20180729.tif
2045,4641,9146,2014,45.0,2047.0,20180729.tif
2046,4671,6986,1133,46.0,1161.0,20180729.tif
2047,4675,6081,264,47.0,282.0,20180729.tif
2048,4749,5502,763,50.0,783.0,20180729.tif
2049,4770,8986,2620,52.0,2633.0,20180729.tif
2050,4791,8162,1345,53.0,1371.0,20180729.tif
2051,4805,5048,804,,,20180729.tif
2052,4941,6404,918,64.0,933.0,20180729.tif
2053,4946,10714,1870,65.0,1888.0,20180729.tif
2054,4977,9562,1152,66.0,1163.0,20180729.tif
2055,5007,13194,1215,68.0,1230.0,20180729.tif
2056,5017,8742,1270,69.0,1285.0,20180729.tif
2057,5025,12933,751,70.0,777.0,20180729.tif
2058,5106,7756,3849,72.0,3898.0,20180729.tif
2059,5110,6132,1043,73.0,1056.0,20180729.tif
2060,5178,12282,21218,74.0,21236.0,20180729.tif
2061,5185,8541,2052,75.0,2084.0,20180729.tif
2062,5193,12809,545,76.0,563.0,20180729.tif
2063,5237,12718,1245,79.0,1271.0,20180729.tif
2064,5247,10214,981,80.0,997.0,20180729.tif
2065,5249,12856,2829,81.0,2870.0,20180729.tif
2066,5285,13084,869,82.0,878.0,20180729.tif
2067,5473,12722,331,92.0,340.0,20180729.tif
2068,5529,12364,17951,93.0,17968.0,20180729.tif
2069,5538,10884,126,95.0,142.0,20180729.tif
2070,5539,9753,411,94.0,419.0,20180729.tif
2071,5589,10501,369,97.0,386.0,20180729.tif
2072,5635,10628,240,98.0,262.0,20180729.tif
2073,5650,10210,13239,99.0,13289.0,20180729.tif
2074,5653,9392,8327,100.0,8365.0,20180729.tif
2075,5691,10518,36714,103.0,36740.0,20180729.tif
2076,5705,9744,20304,104.0,20326.0,20180729.tif
2077,5727,11992,885,105.0,902.0,20180729.tif
2078,5773,9006,28211,106.0,28239.0,20180729.tif
2079,5778,11538,15858,107.0,15910.0,20180729.tif
2080,5830,10082,22432,108.0,22464.0,20180729.tif
2081,5845,13168,1901,109.0,1923.0,20180729.tif
2082,5874,8058,1161,110.0,1166.0,20180729.tif
2083,5898,9208,29450,111.0,29472.0,20180729.tif
2084,5963,10690,11780,113.0,11824.0,20180729.tif
2085,5995,8946,40357,114.0,37398.0,20180729.tif
2086,6018,9476,38567,115.0,38584.0,20180729.tif
2087,6081,12498,1545,116.0,1561.0,20180729.tif
2088,6091,12208,26747,117.0,26768.0,20180729.tif
2089,6102,8780,35365,118.0,33986.0,20180729.tif
2090,6150,10252,24586,119.0,24622.0,20180729.tif
2091,6168,5538,1079,120.0,1093.0,20180729.tif
2092,6183,7639,522,122.0,544.0,20180729.tif
2093,6187,5842,966,123.0,987.0,20180729.tif
2094,6225,7682,1371,124.0,1397.0,20180729.tif
2095,6269,5766,2150,125.0,2180.0,20180729.tif
2096,6303,10854,38016,126.0,38054.0,20180729.tif
2097,6310,9630,22688,127.0,22721.0,20180729.tif
2098,6435,9462,1960,128.0,1978.0,20180729.tif
2099,6454,5796,2875,129.0,2920.0,20180729.tif
2100,6468,8501,178,130.0,184.0,20180729.tif
2101,6538,10814,12459,133.0,12492.0,20180729.tif
2102,6549,10568,25231,135.0,25264.0,20180729.tif
2103,6638,8296,156,137.0,168.0,20180729.tif
2104,6661,4946,2629,138.0,2656.0,20180729.tif
2105,6682,11662,36162,139.0,36203.0,20180729.tif
2106,6691,9824,1751,140.0,1770.0,20180729.tif
2107,6706,10774,718,141.0,744.0,20180729.tif
2108,6793,5198,2310,142.0,2330.0,20180729.tif
2109,6818,5276,2847,143.0,2862.0,20180729.tif
2110,6825,10942,1230,144.0,1235.0,20180729.tif
2111,6867,7834,1587,146.0,1593.0,20180729.tif
2112,6877,6740,1255,147.0,1264.0,20180729.tif
2113,6883,9781,4421,148.0,4444.0,20180729.tif
2114,6906,5178,863,149.0,870.0,20180729.tif
2115,6929,5378,2090,150.0,2126.0,20180729.tif
2116,6941,7936,652,151.0,657.0,20180729.tif
2117,6975,5314,3004,152.0,3015.0,20180729.tif
2118,7171,9784,14606,153.0,14630.0,20180729.tif
2119,7219,6330,2887,154.0,2891.0,20180729.tif
2120,7295,8116,1019,155.0,1032.0,20180729.tif
2121,7358,9580,33331,156.0,33370.0,20180729.tif
2122,7358,11860,3911,157.0,3951.0,20180729.tif
2123,7454,11250,13889,160.0,13914.0,20180729.tif
2124,7491,10047,1376,162.0,1395.0,20180729.tif
2125,7502,8074,28736,163.0,28766.0,20180729.tif
2126,7574,6198,1188,165.0,1228.0,20180729.tif
2127,7581,10064,33786,166.0,33870.0,20180729.tif
2128,7581,11392,1131,167.0,1142.0,20180729.tif
2129,7586,6922,3496,168.0,3522.0,20180729.tif
2130,7622,3376,134,169.0,141.0,20180729.tif
2131,7633,11120,1751,170.0,1759.0,20180729.tif
2132,7659,10748,2408,171.0,2425.0,20180729.tif
2133,7710,10772,10307,172.0,10311.0,20180729.tif
2134,7719,11596,2327,173.0,2351.0,20180729.tif
2135,7739,11106,796,174.0,804.0,20180729.tif
2136,7799,11114,1224,176.0,1255.0,20180729.tif
2137,7841,10758,740,177.0,747.0,20180729.tif
2138,7846,8458,35730,178.0,35802.0,20180729.tif
2139,7965,9602,1840,180.0,1852.0,20180729.tif
2140,8201,10712,2761,185.0,2783.0,20180729.tif
2141,8227,11641,490,186.0,501.0,20180729.tif
2142,8237,1574,146,187.0,151.0,20180729.tif
2143,8277,11636,494,188.0,507.0,20180729.tif
2144,8381,11430,371,190.0,378.0,20180729.tif
2145,8470,10616,12292,193.0,12332.0,20180729.tif
2146,8477,11791,306,194.0,320.0,20180729.tif
2147,8661,9458,1682,196.0,1714.0,20180729.tif
2148,8699,13983,968,197.0,977.0,20180729.tif
2149,8705,4226,1593,198.0,1614.0,20180729.tif
2150,8705,14086,553,199.0,569.0,20180729.tif
2151,8798,9274,25445,200.0,25496.0,20180729.tif
2152,8847,13986,690,201.0,703.0,20180729.tif
2153,8866,11242,2017,203.0,2040.0,20180729.tif
2154,8874,9008,44542,204.0,44564.0,20180729.tif
2155,9055,11789,838,209.0,856.0,20180729.tif
2156,9090,10542,14335,210.0,14366.0,20180729.tif
2157,9111,8703,2241,211.0,2264.0,20180729.tif
2158,9175,10096,27291,213.0,27353.0,20180729.tif
2159,9219,13997,322,214.0,331.0,20180729.tif
2160,9295,13904,406,215.0,418.0,20180729.tif
2161,9311,8888,29877,216.0,29902.0,20180729.tif
2162,9567,4765,128,217.0,130.0,20180729.tif
2163,9779,9822,20122,218.0,20157.0,20180729.tif
2164,9867,8418,1934,219.0,1957.0,20180729.tif
2165,9924,6854,2154,220.0,2174.0,20180729.tif
2166,10013,7326,2174,221.0,2187.0,20180729.tif
2167,10035,6956,766,222.0,780.0,20180729.tif
2168,10115,8791,1836,223.0,1860.0,20180729.tif
2169,10149,8694,2286,225.0,2298.0,20180729.tif
2170,10234,8710,1842,226.0,1866.0,20180729.tif
2171,10234,14702,948,227.0,972.0,20180729.tif
2172,10262,9888,3874,229.0,3881.0,20180729.tif
2173,10305,8946,2375,230.0,2392.0,20180729.tif
2174,10345,9606,3218,231.0,3240.0,20180729.tif
2175,10397,8236,10429,232.0,10457.0,20180729.tif
2176,10398,8024,11390,233.0,11433.0,20180729.tif
2177,10419,9748,1603,234.0,1627.0,20180729.tif
2178,10535,7594,2403,236.0,2426.0,20180729.tif
2179,10697,9772,6946,238.0,6971.0,20180729.tif
2180,10877,5738,1113,239.0,1133.0,20180729.tif
2181,11061,10024,189,245.0,203.0,20180729.tif
2182,11065,8202,883,246.0,893.0,20180729.tif
2183,11119,8164,1455,248.0,1477.0,20180729.tif
2184,11152,6290,533,249.0,549.0,20180729.tif
2185,11219,8022,522,254.0,531.0,20180729.tif
2186,11293,5098,2692,255.0,2706.0,20180729.tif
2187,11351,4970,1277,256.0,1290.0,20180729.tif
2188,11360,6752,3078,257.0,3107.0,20180729.tif
2189,11363,5022,1054,258.0,1073.0,20180729.tif
2190,11367,9180,541,259.0,555.0,20180729.tif
2191,11371,3193,104,260.0,108.0,20180729.tif
2192,11499,6850,1043,262.0,1069.0,20180729.tif
2193,11523,5672,1666,266.0,1695.0,20180729.tif
2194,11585,3633,122,268.0,133.0,20180729.tif
2195,11783,7364,1081,270.0,1094.0,20180729.tif
2196,11853,7630,714,271.0,722.0,20180729.tif
2197,12034,4594,20423,276.0,20460.0,20180729.tif
2198,12067,7608,1819,278.0,1838.0,20180729.tif
2199,12075,74,574,279.0,591.0,20180729.tif
2200,12075,4270,15870,280.0,15896.0,20180729.tif
2201,12107,40,516,281.0,534.0,20180729.tif
2202,12183,168,477,283.0,484.0,20180729.tif
2203,12185,8082,1192,284.0,1208.0,20180729.tif
2204,12213,137,407,285.0,419.0,20180729.tif
2205,12215,7336,2105,286.0,2127.0,20180729.tif
2206,12225,8670,945,287.0,955.0,20180729.tif
2207,12229,7708,3920,288.0,3937.0,20180729.tif
2208,12290,7395,2712,290.0,2735.0,20180729.tif
2209,12309,8966,180,291.0,192.0,20180729.tif
2210,12327,7320,1863,292.0,1871.0,20180729.tif
2211,12339,8986,1331,294.0,1350.0,20180729.tif
2212,12345,6123,4301,295.0,4327.0,20180729.tif
2213,12351,9254,142,296.0,161.0,20180729.tif
2214,12351,9306,854,297.0,878.0,20180729.tif
2215,12355,9120,1633,298.0,1661.0,20180729.tif
2216,12369,8723,2006,299.0,2035.0,20180729.tif
2217,12377,8454,2632,300.0,2662.0,20180729.tif
2218,12383,4470,3535,301.0,3567.0,20180729.tif
2219,12385,9436,840,302.0,853.0,20180729.tif
2220,12387,6282,2286,303.0,2305.0,20180729.tif
2221,12391,9342,844,304.0,865.0,20180729.tif
2222,12399,8852,653,306.0,663.0,20180729.tif
2223,12431,9478,772,308.0,786.0,20180729.tif
2224,12445,9058,916,309.0,933.0,20180729.tif
2225,12463,8898,1375,310.0,1393.0,20180729.tif
2226,12525,8432,757,311.0,765.0,20180729.tif
2227,12539,9096,226,312.0,246.0,20180729.tif
2228,12553,8850,2584,313.0,2614.0,20180729.tif
2229,12615,6634,15222,316.0,15236.0,20180729.tif
2230,12623,8610,1108,317.0,1132.0,20180729.tif
2231,12699,9448,1439,322.0,1457.0,20180729.tif
2232,12701,8353,524,323.0,533.0,20180729.tif
2233,12733,8618,1086,324.0,1117.0,20180729.tif
2234,12781,9390,818,327.0,831.0,20180729.tif
2235,12783,8654,817,328.0,833.0,20180729.tif
2236,12801,10012,161,329.0,171.0,20180729.tif
2237,12827,9034,916,330.0,921.0,20180729.tif
2238,12841,8663,682,331.0,704.0,20180729.tif
2239,12845,9620,191,332.0,201.0,20180729.tif
2240,12869,6158,2984,333.0,2999.0,20180729.tif
2241,12869,9924,803,334.0,815.0,20180729.tif
2242,12881,5896,4938,335.0,4954.0,20180729.tif
2243,12895,8823,2394,337.0,2439.0,20180729.tif
2244,12903,6846,1408,338.0,1428.0,20180729.tif
2245,12904,7159,822,339.0,836.0,20180729.tif
2246,12937,9536,424,341.0,433.0,20180729.tif
2247,12998,8610,12130,343.0,12158.0,20180729.tif
2248,13015,5860,36664,344.0,36684.0,20180729.tif
2249,13023,9932,1736,345.0,1747.0,20180729.tif
2250,13057,7814,428,346.0,447.0,20180729.tif
2251,13059,3980,110,347.0,126.0,20180729.tif
2252,13091,9927,1301,350.0,1323.0,20180729.tif
2253,13097,8078,2082,351.0,2095.0,20180729.tif
2254,13117,8822,3304,353.0,3328.0,20180729.tif
2255,13155,7840,1893,354.0,1923.0,20180729.tif
2256,13199,9146,3084,355.0,3094.0,20180729.tif
2257,13223,9465,840,356.0,857.0,20180729.tif
2258,13233,9638,666,357.0,685.0,20180729.tif
2259,13259,6314,4981,359.0,5014.0,20180729.tif
2260,13291,7170,124,361.0,136.0,20180729.tif
2261,13331,7712,1279,362.0,1299.0,20180729.tif
2262,13387,6926,1567,363.0,1589.0,20180729.tif
2263,13417,9408,652,364.0,664.0,20180729.tif
2264,13441,7589,1702,365.0,1718.0,20180729.tif
2265,13497,7624,620,368.0,630.0,20180729.tif
2266,13518,6394,2690,369.0,2702.0,20180729.tif
2267,13529,9686,1811,370.0,1827.0,20180729.tif
2268,13531,7526,817,371.0,853.0,20180729.tif
2269,13559,6588,1826,372.0,1852.0,20180729.tif
2270,13559,9734,26534,373.0,26576.0,20180729.tif
2271,13585,8730,1932,375.0,1956.0,20180729.tif
2272,13591,7586,551,376.0,565.0,20180729.tif
2273,13645,7978,3426,377.0,3456.0,20180729.tif
2274,13681,8226,1073,378.0,1102.0,20180729.tif
2275,13695,8154,2716,379.0,2746.0,20180729.tif
2276,13699,6174,4062,380.0,4108.0,20180729.tif
2277,13863,7672,1567,381.0,1593.0,20180729.tif
2278,13915,7626,370,382.0,383.0,20180729.tif
2279,13969,8366,918,384.0,926.0,20180729.tif
2280,14077,7480,1418,385.0,1458.0,20180729.tif
2281,14079,8392,1932,386.0,1954.0,20180729.tif
2282,14087,8196,5016,387.0,5048.0,20180729.tif
2283,14151,9130,172,390.0,192.0,20180729.tif
2284,14201,8122,1750,391.0,1774.0,20180729.tif
2285,14251,7022,914,392.0,936.0,20180729.tif
2286,14283,7716,3443,393.0,3471.0,20180729.tif
2287,14291,8230,977,394.0,1001.0,20180729.tif
2288,14307,7182,3023,396.0,3054.0,20180729.tif
2289,14319,9206,1072,397.0,1116.0,20180729.tif
2290,14407,6738,3002,398.0,3040.0,20180729.tif
2291,14423,8492,1605,399.0,1618.0,20180729.tif
2292,14507,8034,2396,400.0,2421.0,20180729.tif
2293,14521,9398,432,401.0,443.0,20180729.tif
2294,14547,8094,1104,402.0,1120.0,20180729.tif
2295,14567,7422,1307,403.0,1319.0,20180729.tif
2296,14605,7506,2829,404.0,2845.0,20180729.tif
2297,14699,11654,988,405.0,1008.0,20180729.tif
2298,14707,8103,2074,406.0,2097.0,20180729.tif
2299,14767,8542,2658,408.0,2692.0,20180729.tif
2300,14773,8796,2083,409.0,2107.0,20180729.tif
2301,14775,7041,918,410.0,934.0,20180729.tif
2302,14803,11662,3881,412.0,3924.0,20180729.tif
2303,14953,8255,1419,414.0,1437.0,20180729.tif
2304,14981,11706,941,416.0,952.0,20180729.tif
2305,15073,11790,2811,419.0,2825.0,20180729.tif
2306,15119,9146,1558,420.0,1564.0,20180729.tif
2307,15119,9239,172,421.0,181.0,20180729.tif
2308,15129,11704,2185,422.0,2219.0,20180729.tif
2309,15515,8864,1478,428.0,1508.0,20180729.tif
2310,15697,7742,3766,430.0,3792.0,20180729.tif
2311,15719,8836,6964,431.0,6988.0,20180729.tif
2312,15727,8632,520,432.0,544.0,20180729.tif
2313,16116,11342,575,434.0,587.0,20180729.tif
2314,16155,11246,1892,435.0,1928.0,20180729.tif
2315,16231,11226,1300,436.0,1316.0,20180729.tif
2316,16233,11844,633,437.0,643.0,20180729.tif
2317,16399,11698,392,442.0,404.0,20180729.tif
2318,16413,11790,2219,443.0,2262.0,20180729.tif
2319,16537,12417,1040,444.0,1062.0,20180729.tif
2320,16705,14316,1003,445.0,1023.0,20180729.tif
2321,16715,12682,191,446.0,202.0,20180729.tif
1709,759,6994,8463,4.0,8499.0,20180828.tif
1710,759,6994,8463,4.0,8499.0,20180828.tif
1759,9142,7442,896,280.0,928.0,20180828.tif
1822,12727,9290,1478,401.0,1498.0,20180828.tif
1853,15609,9000,6551,535.0,6562.0,20180828.tif
1861,759,6994,8463,4.0,8499.0,20180828.tif
1955,14928,11842,4217,516.0,4243.0,20180828.tif
1979,10237,9698,8552,305.0,8566.0,20180828.tif
1986,12095,7844,1453,353.0,1480.0,20180828.tif
1990,13067,8883,614,425.0,625.0,20180828.tif
1991,12961,9992,667,419.0,671.0,20180828.tif
1992,13542,8050,11354,459.0,11371.0,20180828.tif
1999,14760,11838,2339,510.0,2377.0,20180828.tif
2001,14928,11842,4217,516.0,4243.0,20180828.tif
2008,15418,9008,3613,531.0,3633.0,20180828.tif
2010,15418,9008,3613,531.0,3633.0,20180828.tif
2012,107,4962,2872,1.0,2892.0,20180828.tif
2013,131,3966,3120,2.0,3160.0,20180828.tif
2014,573,6946,3556,3.0,3584.0,20180828.tif
2015,2859,6724,678,18.0,699.0,20180828.tif
2019,3339,5829,1005,25.0,1031.0,20180828.tif
2020,3397,5854,1376,27.0,1420.0,20180828.tif
2021,3421,5918,1152,28.0,1169.0,20180828.tif
2023,3569,3467,974,33.0,997.0,20180828.tif
2024,3626,12806,3055,34.0,3081.0,20180828.tif
2025,3689,11298,2664,36.0,2684.0,20180828.tif
2026,3757,6583,1307,38.0,1317.0,20180828.tif
2027,3807,3478,577,39.0,586.0,20180828.tif
2028,3815,6738,4018,40.0,4028.0,20180828.tif
2029,3897,3510,1404,43.0,1428.0,20180828.tif
2030,3893,3694,1197,42.0,1217.0,20180828.tif
2031,3899,11590,359,44.0,374.0,20180828.tif
2032,3947,6028,833,45.0,843.0,20180828.tif
2033,3987,3546,1254,46.0,1272.0,20180828.tif
2034,3987,11293,8169,47.0,8217.0,20180828.tif
2035,4071,12748,4783,50.0,4821.0,20180828.tif
2036,4109,6241,1048,51.0,1059.0,20180828.tif
2037,4241,5649,1554,55.0,1571.0,20180828.tif
2038,4342,10506,27429,57.0,27445.0,20180828.tif
2039,4441,5102,2917,62.0,2939.0,20180828.tif
2041,4402,11752,24556,58.0,24591.0,20180828.tif
2042,4555,6948,1142,64.0,1153.0,20180828.tif
2043,4561,6266,1786,65.0,1798.0,20180828.tif
2044,4634,10078,30444,71.0,30484.0,20180828.tif
2045,4641,9110,2201,72.0,2222.0,20180828.tif
2046,4675,6954,1250,75.0,1260.0,20180828.tif
2047,4681,6054,301,76.0,312.0,20180828.tif
2048,4757,5472,876,80.0,885.0,20180828.tif
2049,4771,8958,2376,81.0,2395.0,20180828.tif
2052,4947,6372,1067,90.0,1078.0,20180828.tif
2053,4941,10680,2056,89.0,2077.0,20180828.tif
2055,5001,13150,1337,93.0,1353.0,20180828.tif
2056,5017,8706,1420,94.0,1436.0,20180828.tif
2057,5017,12894,767,95.0,775.0,20180828.tif
2058,5110,7724,3916,102.0,3954.0,20180828.tif
2060,5169,12242,22592,104.0,22619.0,20180828.tif
2061,5185,8509,2311,105.0,2322.0,20180828.tif
2062,5187,12767,713,107.0,721.0,20180828.tif
2063,5229,12678,1482,109.0,1508.0,20180828.tif
2064,5245,10178,924,111.0,936.0,20180828.tif
2065,5241,12816,3241,110.0,3267.0,20180828.tif
2066,5279,13042,1029,112.0,1043.0,20180828.tif
2067,5461,12674,970,123.0,994.0,20180828.tif
2068,5523,12328,17757,126.0,17776.0,20180828.tif
2069,5538,10838,1173,128.0,1204.0,20180828.tif
2070,5539,9724,257,127.0,264.0,20180828.tif
2071,5589,10466,304,131.0,316.0,20180828.tif
2072,5633,10588,292,132.0,311.0,20180828.tif
2073,5642,10166,15894,133.0,15920.0,20180828.tif
2074,5649,9360,8694,134.0,8739.0,20180828.tif
2075,5685,10480,38211,138.0,38288.0,20180828.tif
2077,5721,11954,960,139.0,975.0,20180828.tif
2078,5771,8972,28602,142.0,28636.0,20180828.tif
2079,5771,11502,15702,143.0,15719.0,20180828.tif
2080,5826,10046,22103,145.0,22126.0,20180828.tif
2081,5837,13130,1958,146.0,1978.0,20180828.tif
2082,5878,8030,933,147.0,978.0,20180828.tif
2083,5898,9178,29845,149.0,29870.0,20180828.tif
2084,5959,10658,11924,152.0,11945.0,20180828.tif
2085,5995,8910,41997,154.0,38438.0,20180828.tif
2086,6018,9434,42394,156.0,42444.0,20180828.tif
2087,6075,12462,1632,158.0,1646.0,20180828.tif
2089,6099,8750,36230,162.0,34510.0,20180828.tif
2090,6146,10214,25668,167.0,25681.0,20180828.tif
2091,6173,5512,1179,169.0,1189.0,20180828.tif
2092,6183,7612,546,171.0,554.0,20180828.tif
2093,6188,5813,1480,172.0,1484.0,20180828.tif
2094,6225,7656,1480,174.0,1491.0,20180828.tif
2095,6273,5746,2154,176.0,2164.0,20180828.tif
2096,6294,10814,39417,177.0,39442.0,20180828.tif
2097,6303,9596,22806,179.0,22848.0,20180828.tif
2098,6431,9434,1996,182.0,2012.0,20180828.tif
2099,6457,5770,3012,183.0,3050.0,20180828.tif
2101,6534,10778,12269,185.0,12300.0,20180828.tif
2102,6534,10526,29147,184.0,29160.0,20180828.tif
2103,6589,8248,208,187.0,220.0,20180828.tif
2104,6665,4922,2896,189.0,2909.0,20180828.tif
2105,6674,11626,36737,193.0,36794.0,20180828.tif
2106,6687,9795,1796,194.0,1812.0,20180828.tif
2107,6697,10736,1168,195.0,1184.0,20180828.tif
2108,6797,5178,2360,200.0,2368.0,20180828.tif
2109,6822,5258,2942,202.0,2975.0,20180828.tif
2110,6815,10898,1859,201.0,1884.0,20180828.tif
2111,6865,7810,1587,206.0,1619.0,20180828.tif
2113,6877,9752,4721,207.0,4747.0,20180828.tif
2114,6899,5154,1283,211.0,1297.0,20180828.tif
2115,6925,5352,2862,212.0,2884.0,20180828.tif
2116,6937,7907,927,214.0,948.0,20180828.tif
2117,6979,5295,2953,215.0,2971.0,20180828.tif
2118,7167,9746,15099,221.0,15119.0,20180828.tif
2119,7219,6308,2969,224.0,2998.0,20180828.tif
2120,7291,8088,1221,225.0,1240.0,20180828.tif
2121,7354,9550,33818,228.0,33882.0,20180828.tif
2122,7349,11824,4345,227.0,4377.0,20180828.tif
2123,7446,11210,14890,229.0,14902.0,20180828.tif
2124,7485,10019,1439,231.0,1461.0,20180828.tif
2125,7499,8046,28562,232.0,28580.0,20180828.tif
2126,7565,6171,2172,233.0,2193.0,20180828.tif
2127,7574,10024,35801,235.0,35856.0,20180828.tif
2128,7575,11358,1160,236.0,1184.0,20180828.tif
2129,7585,6898,3578,237.0,3613.0,20180828.tif
2131,7625,11090,1845,239.0,1865.0,20180828.tif
2132,7653,10720,2498,240.0,2514.0,20180828.tif
2133,7703,10742,10702,241.0,10683.0,20180828.tif
2134,7709,11564,2407,242.0,2431.0,20180828.tif
2135,7733,11074,884,244.0,898.0,20180828.tif
2136,7793,11078,1528,247.0,1552.0,20180828.tif
2137,7835,10720,985,248.0,1008.0,20180828.tif
2139,7959,9569,2079,253.0,2099.0,20180828.tif
2140,8193,10684,2830,258.0,2866.0,20180828.tif
2141,8219,11610,457,259.0,468.0,20180828.tif
2142,8245,1559,274,260.0,285.0,20180828.tif
2143,8269,11604,475,261.0,490.0,20180828.tif
2145,8461,10586,12913,266.0,12929.0,20180828.tif
2146,8469,11756,395,267.0,407.0,20180828.tif
2147,8655,9430,1809,269.0,1822.0,20180828.tif
2149,8707,4216,1477,270.0,1494.0,20180828.tif
2151,8790,9246,26099,271.0,26119.0,20180828.tif
2152,8835,13947,941,273.0,953.0,20180828.tif
2153,8853,11210,2419,274.0,2454.0,20180828.tif
2155,9043,11756,919,276.0,933.0,20180828.tif
2156,9086,10510,14434,277.0,14480.0,20180828.tif
2157,9105,8682,2141,279.0,2162.0,20180828.tif
2158,9166,10062,28777,281.0,28839.0,20180828.tif
2159,9205,13950,812,282.0,826.0,20180828.tif
2160,9283,13864,642,283.0,654.0,20180828.tif
2161,9303,8860,30030,284.0,30070.0,20180828.tif
2163,9769,9789,21164,290.0,21178.0,20180828.tif
2164,9858,8402,1779,291.0,1787.0,20180828.tif
2165,9919,6846,1891,292.0,1921.0,20180828.tif
2166,10007,7302,2417,295.0,2430.0,20180828.tif
2167,10031,6936,883,297.0,903.0,20180828.tif
2168,10105,8770,1937,301.0,1959.0,20180828.tif
2169,10139,8667,2605,302.0,2617.0,20180828.tif
2170,10226,8686,1826,304.0,1850.0,20180828.tif
2171,10207,14661,1951,303.0,1977.0,20180828.tif
2172,10251,9860,4230,306.0,4258.0,20180828.tif
2173,10295,8925,2493,307.0,2510.0,20180828.tif
2174,10335,9582,3220,308.0,3258.0,20180828.tif
2175,10387,8214,10558,310.0,10576.0,20180828.tif
2176,10387,8000,12225,309.0,12251.0,20180828.tif
2177,10409,9722,1608,311.0,1636.0,20180828.tif
2178,10527,7576,2480,313.0,2498.0,20180828.tif
2179,10685,9746,7024,318.0,7090.0,20180828.tif
2180,10871,5724,1221,321.0,1240.0,20180828.tif
2182,11055,8175,1119,324.0,1130.0,20180828.tif
2183,11109,8142,1572,325.0,1601.0,20180828.tif
2184,11145,6266,975,328.0,990.0,20180828.tif
2185,11209,7998,630,334.0,637.0,20180828.tif
2186,11285,5092,2603,335.0,2625.0,20180828.tif
2187,11345,4956,1502,336.0,1512.0,20180828.tif
2189,11357,5012,994,338.0,1011.0,20180828.tif
2190,11355,9154,698,337.0,715.0,20180828.tif
2193,11515,5654,1986,341.0,2006.0,20180828.tif
2195,11769,7348,1221,345.0,1229.0,20180828.tif
2196,11843,7612,759,346.0,769.0,20180828.tif
2197,12027,4582,21504,349.0,21532.0,20180828.tif
2198,12053,7589,1968,350.0,1997.0,20180828.tif
2199,12081,77,603,352.0,617.0,20180828.tif
2200,12070,4262,16249,351.0,16289.0,20180828.tif
2201,12109,44,561,354.0,570.0,20180828.tif
2202,12187,171,457,356.0,466.0,20180828.tif
2203,12173,8063,1308,355.0,1334.0,20180828.tif
2204,12217,139,505,360.0,516.0,20180828.tif
2205,12202,7318,2254,357.0,2263.0,20180828.tif
2206,12211,8650,1003,358.0,1018.0,20180828.tif
2207,12215,7685,4484,359.0,4502.0,20180828.tif
2208,12277,7381,2871,362.0,2901.0,20180828.tif
2209,12293,8942,249,363.0,257.0,20180828.tif
2210,12313,7300,2168,364.0,2174.0,20180828.tif
2211,12319,8965,1861,366.0,1871.0,20180828.tif
2212,12333,6114,4194,368.0,4232.0,20180828.tif
2213,12337,9230,169,369.0,177.0,20180828.tif
2214,12337,9281,1001,370.0,1025.0,20180828.tif
2215,12341,9097,1893,371.0,1916.0,20180828.tif
2216,12355,8700,2264,372.0,2290.0,20180828.tif
2217,12363,8438,2733,374.0,2769.0,20180828.tif
2218,12377,4464,3749,377.0,3765.0,20180828.tif
2219,12371,9414,829,376.0,848.0,20180828.tif
2220,12377,6268,2602,378.0,2631.0,20180828.tif
2221,12383,9318,632,380.0,660.0,20180828.tif
2222,12387,8835,535,381.0,551.0,20180828.tif
2223,12415,9454,1020,383.0,1037.0,20180828.tif
2224,12431,9035,1015,384.0,1034.0,20180828.tif
2225,12447,8878,1321,385.0,1338.0,20180828.tif
2226,12511,8414,793,386.0,806.0,20180828.tif
2227,12525,9076,239,387.0,251.0,20180828.tif
2228,12537,8828,2850,388.0,2858.0,20180828.tif
2229,12603,6616,16042,391.0,16092.0,20180828.tif
2231,12683,9428,1499,396.0,1521.0,20180828.tif
2232,12685,8328,702,397.0,709.0,20180828.tif
2233,12717,8600,1070,399.0,1086.0,20180828.tif
2234,12767,9368,869,402.0,880.0,20180828.tif
2235,12769,8632,915,403.0,929.0,20180828.tif
2236,12785,9987,224,406.0,235.0,20180828.tif
2237,12809,9015,996,408.0,1014.0,20180828.tif
2238,12827,8644,707,409.0,725.0,20180828.tif
2240,12855,6146,3291,411.0,3313.0,20180828.tif
2241,12853,9898,867,410.0,884.0,20180828.tif
2242,12868,5886,5138,412.0,5181.0,20180828.tif
2243,12879,8808,2274,414.0,2285.0,20180828.tif
2244,12883,6826,2006,415.0,2026.0,20180828.tif
2245,12891,7142,998,416.0,1018.0,20180828.tif
2247,12983,8594,12504,420.0,12536.0,20180828.tif
2248,13003,5846,37744,421.0,37780.0,20180828.tif
2249,13007,9914,1594,422.0,1609.0,20180828.tif
2250,13041,7791,776,423.0,788.0,20180828.tif
2252,13077,9903,1251,427.0,1264.0,20180828.tif
2253,13083,8062,2181,428.0,2198.0,20180828.tif
2254,13099,8802,3578,430.0,3602.0,20180828.tif
2255,13139,7822,2209,433.0,2236.0,20180828.tif
2256,13181,9122,3389,436.0,3435.0,20180828.tif
2257,13207,9444,939,441.0,963.0,20180828.tif
2258,13221,9623,416,442.0,433.0,20180828.tif
2259,13245,6302,4949,445.0,4999.0,20180828.tif
2260,13343,7108,966,449.0,986.0,20180828.tif
2262,13371,6914,1781,450.0,1810.0,20180828.tif
2263,13397,9372,1634,451.0,1664.0,20180828.tif
2264,13429,7572,1850,453.0,1858.0,20180828.tif
2265,13479,7610,596,454.0,620.0,20180828.tif
2266,13503,6380,3037,455.0,3067.0,20180828.tif
2267,13515,9658,2028,457.0,2048.0,20180828.tif
2269,13545,6582,1835,460.0,1841.0,20180828.tif
2270,13539,9710,27292,458.0,27316.0,20180828.tif
2271,13567,8712,2116,461.0,2148.0,20180828.tif
2272,13573,7574,552,462.0,557.0,20180828.tif
2273,13629,7962,3575,463.0,3617.0,20180828.tif
2274,13667,8210,1010,464.0,1017.0,20180828.tif
2275,13677,8138,2872,465.0,2906.0,20180828.tif
2276,13681,6165,4931,466.0,4973.0,20180828.tif
2277,13847,7658,1582,470.0,1614.0,20180828.tif
2279,13949,8346,1256,477.0,1282.0,20180828.tif
2280,14059,7464,1610,483.0,1638.0,20180828.tif
2281,14063,8374,1947,484.0,1967.0,20180828.tif
2283,14121,9100,858,487.0,869.0,20180828.tif
2284,14181,8105,2003,489.0,2024.0,20180828.tif
2285,14227,6998,1799,490.0,1805.0,20180828.tif
2286,14263,7702,3703,491.0,3716.0,20180828.tif
2287,14271,8210,1190,492.0,1208.0,20180828.tif
2288,14293,7170,3085,494.0,3099.0,20180828.tif
2289,14291,9182,1680,493.0,1697.0,20180828.tif
2290,14389,6730,2862,496.0,2892.0,20180828.tif
2291,14404,8474,1804,497.0,1817.0,20180828.tif
2292,14487,8019,2456,498.0,2470.0,20180828.tif
2293,14499,9374,656,499.0,667.0,20180828.tif
2294,14487,8019,2456,498.0,2470.0,20180828.tif
2295,14549,7406,1589,502.0,1599.0,20180828.tif
2296,14587,7494,2897,504.0,2924.0,20180828.tif
2297,14679,11624,872,507.0,883.0,20180828.tif
2298,14687,8086,2209,508.0,2237.0,20180828.tif
2299,14743,8522,3408,509.0,3430.0,20180828.tif
2302,14779,11634,4301,511.0,4325.0,20180828.tif
2303,14933,8238,1474,517.0,1487.0,20180828.tif
2304,14955,11676,1272,518.0,1300.0,20180828.tif
2305,15049,11758,3017,522.0,3057.0,20180828.tif
2306,15095,9124,1848,523.0,1877.0,20180828.tif
2307,15101,9216,181,524.0,195.0,20180828.tif
2308,15105,11678,2342,525.0,2359.0,20180828.tif
2309,15493,8850,1576,533.0,1600.0,20180828.tif
2310,15679,7728,3754,536.0,3784.0,20180828.tif
2311,15695,8818,7569,538.0,7608.0,20180828.tif
2313,16091,11314,721,540.0,731.0,20180828.tif
2314,16127,11222,2173,541.0,2199.0,20180828.tif
2315,16203,11200,1391,542.0,1410.0,20180828.tif
2316,16207,11814,749,543.0,766.0,20180828.tif
2317,16367,11668,751,549.0,762.0,20180828.tif
2318,16389,11760,2370,550.0,2408.0,20180828.tif
2319,16511,12388,983,552.0,1008.0,20180828.tif
2320,16675,14278,1294,558.0,1318.0,20180828.tif
2321,16687,12650,242,560.0,250.0,20180828.tif
2322,1003,1862,215,5.0,220.0,20180828.tif
2323,1032,4824,102,6.0,112.0,20180828.tif
2324,1207,5464,133,8.0,137.0,20180828.tif
2325,1323,4833,412,9.0,429.0,20180828.tif
2326,2155,8718,512,13.0,536.0,20180828.tif
2327,2157,8804,151,14.0,161.0,20180828.tif
2328,2201,8767,698,15.0,720.0,20180828.tif
2329,3034,5980,819,21.0,829.0,20180828.tif
2330,3207,5886,2387,24.0,2412.0,20180828.tif
2331,3389,5558,207,26.0,221.0,20180828.tif
2332,3479,7442,20023,30.0,20047.0,20180828.tif
2333,3563,6130,738,32.0,756.0,20180828.tif
2334,3679,3598,699,35.0,723.0,20180828.tif
2335,3711,6686,742,37.0,760.0,20180828.tif
2336,4049,3574,4305,48.0,4349.0,20180828.tif
2337,4157,4075,644,52.0,653.0,20180828.tif
2338,4319,3866,1278,56.0,1304.0,20180828.tif
2339,4409,7578,1082,59.0,1103.0,20180828.tif
2340,4423,12094,102,61.0,112.0,20180828.tif
2341,4575,5945,171,66.0,179.0,20180828.tif
2342,4595,5898,110,68.0,120.0,20180828.tif
2343,4731,6782,1047,77.0,1060.0,20180828.tif
2344,4742,6124,2230,79.0,2280.0,20180828.tif
2345,4802,10882,24908,82.0,24918.0,20180828.tif
2346,4827,4858,757,84.0,770.0,20180828.tif
2347,4873,4952,837,86.0,852.0,20180828.tif
2348,4923,10778,144,87.0,164.0,20180828.tif
2349,4979,10756,981,91.0,998.0,20180828.tif
2350,5021,4896,116,96.0,124.0,20180828.tif
2351,5039,4944,293,99.0,311.0,20180828.tif
2352,5187,8876,1427,106.0,1439.0,20180828.tif
2353,5439,11054,1282,119.0,1300.0,20180828.tif
2354,5445,10698,1301,120.0,1314.0,20180828.tif
2355,5453,10642,1598,121.0,1613.0,20180828.tif
2356,5547,10774,230,129.0,253.0,20180828.tif
2357,5551,5620,163,130.0,177.0,20180828.tif
2358,5739,6122,244,140.0,249.0,20180828.tif
2359,5771,6158,171,141.0,181.0,20180828.tif
2360,5813,6470,307,144.0,313.0,20180828.tif
2361,6047,5904,3236,157.0,3264.0,20180828.tif
2362,6109,5882,391,164.0,398.0,20180828.tif
2363,6175,5871,802,170.0,819.0,20180828.tif
2364,6417,7854,106,181.0,116.0,20180828.tif
2365,6557,8184,662,186.0,689.0,20180828.tif
2366,6665,5744,426,190.0,442.0,20180828.tif
2367,6710,8350,144,196.0,160.0,20180828.tif
2368,6795,6319,1259,199.0,1282.0,20180828.tif
2369,6879,6527,139,208.0,156.0,20180828.tif
2370,6990,10672,16308,216.0,16354.0,20180828.tif
2371,7029,11100,1192,217.0,1221.0,20180828.tif
2372,7157,6288,137,220.0,153.0,20180828.tif
2373,7569,6816,445,234.0,460.0,20180828.tif
2374,7729,7470,1025,243.0,1053.0,20180828.tif
2375,7734,6788,2144,245.0,2170.0,20180828.tif
2376,7737,6904,2224,246.0,2244.0,20180828.tif
2377,8070,6914,3650,254.0,3676.0,20180828.tif
2378,8085,11552,807,255.0,815.0,20180828.tif
2379,8105,11640,541,257.0,562.0,20180828.tif
2380,8389,14870,742,263.0,758.0,20180828.tif
2381,8437,11063,763,264.0,773.0,20180828.tif
2382,8443,10882,843,265.0,867.0,20180828.tif
2383,8605,11026,140,268.0,152.0,20180828.tif
2384,9095,7342,136,278.0,142.0,20180828.tif
2385,9459,8444,24920,285.0,24978.0,20180828.tif
2386,9495,10474,673,286.0,692.0,20180828.tif
2387,9765,9080,333,289.0,347.0,20180828.tif
2388,9920,6227,1187,293.0,1208.0,20180828.tif
2389,9987,2136,1840,294.0,1865.0,20180828.tif
2390,10019,6329,1781,296.0,1801.0,20180828.tif
2391,10095,2236,2273,299.0,2300.0,20180828.tif
2392,10871,5826,598,322.0,620.0,20180828.tif
2393,10977,5722,1446,323.0,1455.0,20180828.tif
2394,11168,7882,166,330.0,180.0,20180828.tif
2395,11189,7960,240,331.0,251.0,20180828.tif
2396,11193,6293,1036,332.0,1050.0,20180828.tif
2397,11391,7004,164,339.0,176.0,20180828.tif
2398,11477,5322,2983,340.0,3020.0,20180828.tif
2399,11956,7042,1042,347.0,1064.0,20180828.tif
2400,12379,7394,1554,379.0,1570.0,20180828.tif
2401,12395,7466,694,382.0,716.0,20180828.tif
2402,12539,8234,886,389.0,904.0,20180828.tif
2403,12607,8394,929,392.0,935.0,20180828.tif
2404,12645,8386,821,393.0,843.0,20180828.tif
2405,12669,8124,1369,395.0,1383.0,20180828.tif
2406,12695,8390,3494,398.0,3522.0,20180828.tif
2407,12727,5189,1686,400.0,1707.0,20180828.tif
2408,12771,5074,8628,404.0,8692.0,20180828.tif
2409,12777,5356,440,405.0,449.0,20180828.tif
2410,12803,8520,2060,407.0,2072.0,20180828.tif
2411,12879,5214,1498,413.0,1516.0,20180828.tif
2412,12909,10137,762,417.0,771.0,20180828.tif
2413,13047,9986,125,424.0,136.0,20180828.tif
2414,13069,7182,688,426.0,696.0,20180828.tif
2415,13095,7730,3968,429.0,4000.0,20180828.tif
2416,13143,5120,596,434.0,612.0,20180828.tif
2417,13229,5639,2011,443.0,2027.0,20180828.tif
2418,13263,9058,941,446.0,963.0,20180828.tif
2419,13417,4934,4576,452.0,4592.0,20180828.tif
2420,13689,5898,24056,467.0,24072.0,20180828.tif
2421,13727,6078,3368,468.0,3416.0,20180828.tif
2422,13897,6424,178,472.0,196.0,20180828.tif
2423,13907,5810,13351,474.0,13300.0,20180828.tif
2424,13927,6052,20864,475.0,20932.0,20180828.tif
2425,14051,8502,484,482.0,496.0,20180828.tif
2426,14093,8097,951,486.0,965.0,20180828.tif
2427,14143,5834,14560,488.0,14588.0,20180828.tif
2428,14619,6824,1436,505.0,1455.0,20180828.tif
2429,14671,8722,1209,506.0,1226.0,20180828.tif
2430,14831,7690,16584,513.0,16632.0,20180828.tif
2431,14833,8752,915,514.0,931.0,20180828.tif
2432,14925,8636,769,515.0,776.0,20180828.tif
2433,15171,11976,576,526.0,600.0,20180828.tif
2434,15181,9056,563,527.0,579.0,20180828.tif
2435,15199,8437,706,528.0,726.0,20180828.tif
2436,15431,7634,10274,532.0,10320.0,20180828.tif
2437,15897,12869,677,539.0,695.0,20180828.tif
2438,16227,11960,908,545.0,925.0,20180828.tif
2439,16291,11129,1011,546.0,1019.0,20180828.tif
2440,16473,11823,366,551.0,375.0,20180828.tif
2441,16718,12636,885,561.0,900.0,20180828.tif
2442,16957,10416,244,564.0,272.0,20180828.tif
2443,16963,10182,114,565.0,128.0,20180828.tif
2444,17031,10210,312,566.0,336.0,20180828.tif
2445,17147,9259,533,567.0,543.0,20180828.tif
1709,769,7066,8521,6.0,8541.0,20180926.tif
1710,769,7066,8521,6.0,8541.0,20180926.tif
1853,15679,9046,6628,431.0,6656.0,20180926.tif
1861,769,7066,8521,6.0,8541.0,20180926.tif
1955,14993,11902,4869,420.0,4888.0,20180926.tif
1979,10276,9754,8605,239.0,8639.0,20180926.tif
1986,12137,7890,1585,286.0,1610.0,20180926.tif
1991,13013,10046,931,342.0,944.0,20180926.tif
1992,13589,8092,12893,369.0,12947.0,20180926.tif
1999,14825,11898,2765,410.0,2792.0,20180926.tif
2001,14993,11902,4869,420.0,4888.0,20180926.tif
2008,15483,9054,3999,429.0,4007.0,20180926.tif
2010,15483,9054,3999,429.0,4007.0,20180926.tif
2012,113,5034,2510,1.0,2532.0,20180926.tif
2013,127,4038,2816,2.0,2847.0,20180926.tif
2014,597,7018,2650,5.0,2680.0,20180926.tif
2015,2871,6789,647,21.0,668.0,20180926.tif
2019,3349,5891,1117,25.0,1129.0,20180926.tif
2020,3399,5913,1841,26.0,1852.0,20180926.tif
2021,3429,5981,1246,27.0,1261.0,20180926.tif
2023,3567,3526,1052,29.0,1057.0,20180926.tif
2026,3773,6648,1388,33.0,1403.0,20180926.tif
2027,3901,3566,1535,37.0,1565.0,20180926.tif
2028,3827,6802,4469,34.0,4492.0,20180926.tif
2029,3901,3566,1535,37.0,1565.0,20180926.tif
2030,3895,3754,1328,36.0,1356.0,20180926.tif
2032,3959,6090,924,38.0,935.0,20180926.tif
2033,3989,3604,1329,39.0,1336.0,20180926.tif
2036,4123,6302,1050,41.0,1067.0,20180926.tif
2038,4370,10574,28148,47.0,28182.0,20180926.tif
2039,4447,5158,2996,48.0,3007.0,20180926.tif
2042,4577,7020,658,51.0,672.0,20180926.tif
2043,4575,6329,1627,50.0,1643.0,20180926.tif
2044,4654,10144,31778,54.0,31840.0,20180926.tif
2045,4667,9176,2242,55.0,2266.0,20180926.tif
2046,4691,7013,1414,56.0,1424.0,20180926.tif
2049,4793,9024,2522,61.0,2548.0,20180926.tif
2052,4965,6434,808,70.0,836.0,20180926.tif
2053,4971,10748,1941,71.0,1955.0,20180926.tif
2056,5043,8774,1176,74.0,1206.0,20180926.tif
2061,5207,8572,2355,80.0,2377.0,20180926.tif
2064,5275,10247,852,81.0,869.0,20180926.tif
2069,5566,10906,1625,90.0,1668.0,20180926.tif
2071,5615,10532,532,93.0,545.0,20180926.tif
2072,5663,10656,416,94.0,436.0,20180926.tif
2073,5670,10228,16442,95.0,16462.0,20180926.tif
2074,5675,9422,9263,97.0,9292.0,20180926.tif
2075,5737,10546,33836,100.0,33866.0,20180926.tif
2077,5751,12026,1272,101.0,1291.0,20180926.tif
2079,5799,11576,15502,102.0,15539.0,20180926.tif
2080,5854,10112,23189,104.0,23207.0,20180926.tif
2082,5901,8089,1076,106.0,1096.0,20180926.tif
2083,5929,9242,29344,107.0,29380.0,20180926.tif
2084,5994,10726,11815,109.0,11882.0,20180926.tif
2085,6022,8970,43705,112.0,39496.0,20180926.tif
2089,6123,8810,37064,117.0,35132.0,20180926.tif
2090,6174,10282,26536,118.0,26552.0,20180926.tif
2091,6187,5562,1605,120.0,1632.0,20180926.tif
2092,6205,7671,569,122.0,582.0,20180926.tif
2093,6205,5870,1335,121.0,1352.0,20180926.tif
2094,6247,7713,1538,123.0,1553.0,20180926.tif
2095,6285,5798,2456,124.0,2480.0,20180926.tif
2096,6323,10878,41798,125.0,41890.0,20180926.tif
2097,6332,9658,24031,126.0,24055.0,20180926.tif
2098,6461,9498,2162,129.0,2178.0,20180926.tif
2099,6475,5826,3116,130.0,3154.0,20180926.tif
2101,6563,10845,13290,133.0,13325.0,20180926.tif
2102,6566,10590,30693,134.0,30734.0,20180926.tif
2103,6582,8244,636,135.0,666.0,20180926.tif
2105,6711,11694,37624,138.0,37656.0,20180926.tif
2106,6715,9858,2179,139.0,2202.0,20180926.tif
2107,6729,10802,1339,140.0,1347.0,20180926.tif
2108,6811,5230,2538,142.0,2554.0,20180926.tif
2109,6835,5309,3216,144.0,3222.0,20180926.tif
2110,6849,10966,2060,145.0,2077.0,20180926.tif
2111,6889,7865,1969,148.0,1973.0,20180926.tif
2113,6908,9814,4910,151.0,4932.0,20180926.tif
2116,6965,7965,967,152.0,986.0,20180926.tif
2118,7202,9810,15277,162.0,15280.0,20180926.tif
2119,7239,6359,3299,163.0,3305.0,20180926.tif
2121,7383,9610,34941,167.0,34964.0,20180926.tif
2122,7385,11894,4675,168.0,4699.0,20180926.tif
2123,7481,11278,15829,170.0,15838.0,20180926.tif
2124,7517,10082,1649,171.0,1675.0,20180926.tif
2125,7527,8102,29411,172.0,29441.0,20180926.tif
2127,7610,10086,37041,176.0,37092.0,20180926.tif
2128,7614,11430,1183,177.0,1202.0,20180926.tif
2129,7609,6948,3873,175.0,3888.0,20180926.tif
2131,7661,11156,2098,178.0,2126.0,20180926.tif
2132,7688,10786,2633,179.0,2661.0,20180926.tif
2133,7739,10806,11268,181.0,11240.0,20180926.tif
2134,7745,11630,2869,182.0,2890.0,20180926.tif
2135,7768,11140,1027,186.0,1046.0,20180926.tif
2136,7829,11146,1688,187.0,1709.0,20180926.tif
2137,7875,10788,821,188.0,843.0,20180926.tif
2139,7991,9626,2452,190.0,2477.0,20180926.tif
2140,8231,10746,3091,193.0,3132.0,20180926.tif
2141,8261,11678,464,195.0,486.0,20180926.tif
2142,8245,1595,315,194.0,329.0,20180926.tif
2143,8311,11671,612,196.0,625.0,20180926.tif
2145,8501,10652,13351,198.0,13369.0,20180926.tif
2146,8511,11823,508,199.0,519.0,20180926.tif
2147,8691,9491,1995,203.0,2022.0,20180926.tif
2149,8725,4260,1138,204.0,1151.0,20180926.tif
2151,8823,9304,26580,208.0,26636.0,20180926.tif
2155,9089,11818,1052,211.0,1066.0,20180926.tif
2156,9125,10574,14949,212.0,15013.0,20180926.tif
2157,9141,8740,2087,214.0,2110.0,20180926.tif
2158,9206,10122,30119,217.0,30149.0,20180926.tif
2160,9333,13978,860,219.0,868.0,20180926.tif
2161,9341,8916,30712,220.0,30748.0,20180926.tif
2163,9809,9845,21775,226.0,21821.0,20180926.tif
2164,9895,8455,1765,228.0,1772.0,20180926.tif
2165,9949,6892,1945,230.0,1954.0,20180926.tif
2167,10061,6986,879,232.0,894.0,20180926.tif
2168,10143,8822,2260,236.0,2276.0,20180926.tif
2169,10178,8721,2499,237.0,2513.0,20180926.tif
2170,10257,8739,2388,238.0,2412.0,20180926.tif
2172,10293,9918,4379,240.0,4395.0,20180926.tif
2173,10335,8978,2744,241.0,2766.0,20180926.tif
2174,10377,9640,3525,242.0,3596.0,20180926.tif
2175,10427,8266,10764,244.0,10779.0,20180926.tif
2176,10426,8050,12738,243.0,12773.0,20180926.tif
2177,10453,9778,1767,245.0,1803.0,20180926.tif
2178,10565,7624,2642,248.0,2650.0,20180926.tif
2179,10729,9802,7779,253.0,7824.0,20180926.tif
2182,11099,8225,1096,262.0,1110.0,20180926.tif
2183,11151,8193,1386,263.0,1412.0,20180926.tif
2184,11177,6308,1128,264.0,1151.0,20180926.tif
2185,11247,8048,777,267.0,794.0,20180926.tif
2186,11315,5126,2920,268.0,2946.0,20180926.tif
2187,11387,5046,1220,271.0,1233.0,20180926.tif
2189,11387,5046,1220,271.0,1233.0,20180926.tif
2190,11397,9205,953,273.0,964.0,20180926.tif
2193,11549,5695,1838,275.0,1879.0,20180926.tif
2195,11809,7392,1444,278.0,1459.0,20180926.tif
2196,11883,7659,914,279.0,929.0,20180926.tif
2197,12055,4614,22999,281.0,23035.0,20180926.tif
2198,12097,7634,2275,284.0,2296.0,20180926.tif
2200,12098,4290,17070,285.0,17098.0,20180926.tif
2203,12217,8110,1444,287.0,1463.0,20180926.tif
2205,12250,7366,1614,288.0,1632.0,20180926.tif
2206,12257,8700,1188,290.0,1202.0,20180926.tif
2207,12257,7731,4356,289.0,4369.0,20180926.tif
2208,12317,7423,3363,292.0,3375.0,20180926.tif
2209,12343,8996,256,293.0,262.0,20180926.tif
2211,12365,9015,2149,294.0,2163.0,20180926.tif
2212,12371,6154,4796,296.0,4828.0,20180926.tif
2213,12383,9282,294,298.0,312.0,20180926.tif
2214,12385,9332,1226,300.0,1252.0,20180926.tif
2215,12385,9149,2022,299.0,2057.0,20180926.tif
2216,12401,8750,2608,301.0,2620.0,20180926.tif
2217,12409,8486,3074,303.0,3095.0,20180926.tif
2218,12407,4494,4241,302.0,4267.0,20180926.tif
2219,12419,9467,875,305.0,902.0,20180926.tif
2221,12385,9332,1226,300.0,1252.0,20180926.tif
2222,12433,8887,633,308.0,656.0,20180926.tif
2223,12461,9506,1465,310.0,1483.0,20180926.tif
2224,12477,9086,1264,311.0,1277.0,20180926.tif
2225,12495,8928,1495,312.0,1511.0,20180926.tif
2226,12561,8464,500,313.0,512.0,20180926.tif
2228,12583,8874,3360,314.0,3392.0,20180926.tif
2229,12643,6658,16764,317.0,16832.0,20180926.tif
2231,12733,9480,1835,320.0,1857.0,20180926.tif
2232,12739,8376,540,321.0,562.0,20180926.tif
2233,12765,8648,1256,322.0,1274.0,20180926.tif
2234,12817,9418,1150,327.0,1170.0,20180926.tif
2235,12817,8680,1191,326.0,1207.0,20180926.tif
2236,12835,10044,346,328.0,358.0,20180926.tif
2237,12859,9066,1106,329.0,1125.0,20180926.tif
2238,12876,8692,853,330.0,867.0,20180926.tif
2240,12895,6182,3733,331.0,3769.0,20180926.tif
2241,12905,9953,971,333.0,988.0,20180926.tif
2242,12908,5920,5804,335.0,5812.0,20180926.tif
2243,12927,8858,2533,338.0,2563.0,20180926.tif
2244,12927,6867,2231,337.0,2249.0,20180926.tif
2247,13031,8642,13095,343.0,13115.0,20180926.tif
2248,13047,5882,38822,344.0,38844.0,20180926.tif
2249,13059,9968,1876,345.0,1897.0,20180926.tif
2250,13087,7838,610,347.0,638.0,20180926.tif
2252,13125,9956,1634,350.0,1652.0,20180926.tif
2253,13129,8106,2583,351.0,2618.0,20180926.tif
2254,13149,8849,4097,353.0,4120.0,20180926.tif
2256,13231,9172,3703,354.0,3723.0,20180926.tif
2257,13257,9494,1225,355.0,1251.0,20180926.tif
2259,13289,6338,5539,359.0,5595.0,20180926.tif
2260,13387,7148,1295,361.0,1311.0,20180926.tif
2262,13417,6956,1919,362.0,1942.0,20180926.tif
2263,13459,9430,1252,365.0,1259.0,20180926.tif
2266,13543,6415,3621,366.0,3657.0,20180926.tif
2269,13587,6622,1855,368.0,1881.0,20180926.tif
2272,13625,7618,518,371.0,539.0,20180926.tif
2273,13679,8006,3970,372.0,3992.0,20180926.tif
2274,13717,8254,1257,373.0,1297.0,20180926.tif
2275,13731,8182,3062,375.0,3100.0,20180926.tif
2276,13727,6206,4920,374.0,4948.0,20180926.tif
2277,13897,7700,1939,376.0,1950.0,20180926.tif
2279,14003,8394,1415,380.0,1430.0,20180926.tif
2280,14109,7505,2040,382.0,2066.0,20180926.tif
2281,14115,8417,2531,383.0,2545.0,20180926.tif
2284,14235,8148,2313,386.0,2317.0,20180926.tif
2285,14279,7038,1604,387.0,1640.0,20180926.tif
2286,14315,7742,4343,389.0,4386.0,20180926.tif
2287,14329,8254,1279,390.0,1290.0,20180926.tif
2288,14343,7206,3553,392.0,3559.0,20180926.tif
2289,14349,9229,2115,393.0,2139.0,20180926.tif
2290,14441,6762,3472,395.0,3500.0,20180926.tif
2291,14458,8521,2064,396.0,2079.0,20180926.tif
2293,14557,9422,957,398.0,983.0,20180926.tif
2295,14603,7448,1750,401.0,1758.0,20180926.tif
2296,14641,7532,3400,403.0,3423.0,20180926.tif
2298,14745,8129,2474,404.0,2487.0,20180926.tif
2299,14777,8640,2097,406.0,2157.0,20180926.tif
2302,14841,11692,5105,412.0,5141.0,20180926.tif
2303,14991,8284,1519,419.0,1537.0,20180926.tif
2304,15019,11736,1531,421.0,1571.0,20180926.tif
2305,15115,11822,3015,422.0,3031.0,20180926.tif
2306,15159,9172,2033,423.0,2048.0,20180926.tif
2307,15165,9266,160,424.0,172.0,20180926.tif
2308,15169,11738,2826,425.0,2871.0,20180926.tif
2310,15739,7770,3688,432.0,3716.0,20180926.tif
2311,15759,8862,8248,433.0,8260.0,20180926.tif
2313,16163,11374,936,435.0,957.0,20180926.tif
2314,16198,11278,2834,436.0,2856.0,20180926.tif
2315,16275,11258,1782,437.0,1800.0,20180926.tif
2317,16441,11728,1043,442.0,1051.0,20180926.tif
2318,16471,11826,2433,443.0,2467.0,20180926.tif
2329,3041,6048,860,22.0,878.0,20180926.tif
2330,3219,5954,2131,24.0,2152.0,20180926.tif
2332,3505,7526,13400,28.0,13444.0,20180926.tif
2335,3725,6752,604,32.0,618.0,20180926.tif
2337,4161,4135,532,42.0,554.0,20180926.tif
2343,4745,6842,1176,58.0,1193.0,20180926.tif
2344,4749,6184,2491,59.0,2507.0,20180926.tif
2345,4830,10950,25902,63.0,25912.0,20180926.tif
2346,4837,4914,771,64.0,787.0,20180926.tif
2348,4953,10848,138,69.0,148.0,20180926.tif
2349,5007,10825,960,72.0,964.0,20180926.tif
2350,5027,4948,311,73.0,318.0,20180926.tif
2351,5047,4998,256,75.0,268.0,20180926.tif
2353,5469,11123,1498,82.0,1506.0,20180926.tif
2354,5477,10769,1123,84.0,1145.0,20180926.tif
2355,5485,10712,1276,85.0,1283.0,20180926.tif
2356,5579,10842,279,92.0,283.0,20180926.tif
2360,5831,6530,217,103.0,231.0,20180926.tif
2361,6062,5962,3673,115.0,3690.0,20180926.tif
2362,6062,5962,3673,115.0,3690.0,20180926.tif
2363,6205,5870,1335,121.0,1352.0,20180926.tif
2365,6582,8244,636,135.0,666.0,20180926.tif
2368,6815,6374,1284,143.0,1301.0,20180926.tif
2370,7022,10742,16198,156.0,16245.0,20180926.tif
2372,7239,6359,3299,163.0,3305.0,20180926.tif
2373,7595,6872,430,173.0,440.0,20180926.tif
2374,7757,7526,913,183.0,937.0,20180926.tif
2376,7763,6958,2002,185.0,2026.0,20180926.tif
2377,8094,6962,3857,191.0,3880.0,20180926.tif
2378,8125,11620,899,192.0,911.0,20180926.tif
2379,8125,11620,899,192.0,911.0,20180926.tif
2381,8474,11128,985,197.0,1004.0,20180926.tif
2383,8645,11089,210,201.0,218.0,20180926.tif
2386,9537,10538,663,224.0,677.0,20180926.tif
2388,9949,6272,1079,229.0,1103.0,20180926.tif
2391,10103,2258,3138,234.0,3150.0,20180926.tif
2395,11229,8010,240,265.0,254.0,20180926.tif
2396,11231,6330,1260,266.0,1286.0,20180926.tif
2399,12001,7089,657,280.0,661.0,20180926.tif
2400,12423,7439,1141,306.0,1159.0,20180926.tif
2402,12585,8278,1004,315.0,1024.0,20180926.tif
2403,12561,8464,500,313.0,512.0,20180926.tif
2405,12721,8172,1129,319.0,1139.0,20180926.tif
2408,12815,5114,6346,325.0,6444.0,20180926.tif
2411,12915,5246,1822,336.0,1836.0,20180926.tif
2412,12961,10192,966,339.0,979.0,20180926.tif
2413,13099,10040,311,348.0,321.0,20180926.tif
2415,13147,7770,3108,352.0,3136.0,20180926.tif
2419,13459,4960,5350,364.0,5404.0,20180926.tif
2424,13971,6086,22120,377.0,22156.0,20180926.tif
2427,14187,5864,15568,385.0,15600.0,20180926.tif
2430,14887,7730,17056,414.0,17112.0,20180926.tif
2432,14985,8683,659,418.0,677.0,20180926.tif
2433,15237,12038,1343,426.0,1366.0,20180926.tif
2434,15243,9107,585,427.0,600.0,20180926.tif
2436,15497,7678,8482,430.0,8516.0,20180926.tif
2438,16299,12023,1337,438.0,1358.0,20180926.tif
2439,16365,11184,1203,440.0,1230.0,20180926.tif
2440,16551,11888,417,444.0,431.0,20180926.tif
2446,1479,1263,102,8.0,112.0,20180926.tif
2447,1491,1130,536,10.0,544.0,20180926.tif
2448,1513,1996,242,11.0,251.0,20180926.tif
2449,1533,2217,2036,12.0,2054.0,20180926.tif
2450,1561,1219,443,13.0,452.0,20180926.tif
2451,1583,1064,226,14.0,242.0,20180926.tif
2452,1601,1132,458,16.0,472.0,20180926.tif
2453,1635,1064,291,17.0,295.0,20180926.tif
2454,1657,1142,829,18.0,843.0,20180926.tif
2455,3189,6019,399,23.0,412.0,20180926.tif
2456,4449,4998,917,49.0,925.0,20180926.tif
2457,4821,5078,1050,62.0,1054.0,20180926.tif
2458,4943,4888,235,67.0,249.0,20180926.tif
2459,4953,6206,835,68.0,854.0,20180926.tif
2460,5130,6162,1299,76.0,1318.0,20180926.tif
2461,5544,10776,845,87.0,857.0,20180926.tif
2462,5570,8930,34246,91.0,34260.0,20180926.tif
2463,6027,210,234,113.0,248.0,20180926.tif
2464,6119,12250,27791,116.0,27809.0,20180926.tif
2465,6493,8524,917,131.0,942.0,20180926.tif
2466,6861,6820,118,147.0,128.0,20180926.tif
2467,6901,6773,1220,150.0,1230.0,20180926.tif
2468,7461,6898,2952,169.0,2972.0,20180926.tif
2469,8615,11422,128,200.0,140.0,20180926.tif
2470,8661,11226,541,202.0,549.0,20180926.tif
2471,8814,8486,274,206.0,286.0,20180926.tif
2472,9007,11171,734,209.0,741.0,20180926.tif
2473,9027,11528,162,210.0,184.0,20180926.tif
2474,9255,14072,632,218.0,641.0,20180926.tif
2475,9355,1378,123,221.0,139.0,20180926.tif
2476,9537,6614,208,223.0,219.0,20180926.tif
2477,10478,8442,348,246.0,368.0,20180926.tif
2478,10699,9467,1219,252.0,1246.0,20180926.tif
2479,10731,5601,1044,254.0,1060.0,20180926.tif
2480,10869,2383,190,255.0,197.0,20180926.tif
2481,10906,10516,1005,256.0,1026.0,20180926.tif
2482,11441,2831,286,274.0,292.0,20180926.tif
2483,12063,8478,1097,282.0,1120.0,20180926.tif
2484,12261,10434,208,291.0,218.0,20180926.tif
2485,12369,8794,275,295.0,285.0,20180926.tif
2486,12907,1192,203,334.0,215.0,20180926.tif
2487,13553,7553,1366,367.0,1384.0,20180926.tif
2488,13993,5844,2769,379.0,2820.0,20180926.tif
2489,14091,9562,3219,381.0,3248.0,20180926.tif
2490,14125,8222,6564,384.0,6583.0,20180926.tif
2491,14315,5590,206,388.0,221.0,20180926.tif
2492,14339,6794,444,391.0,452.0,20180926.tif
2493,14631,11414,871,402.0,897.0,20180926.tif
2494,14861,8670,3390,413.0,3405.0,20180926.tif
2495,14925,11921,416,417.0,419.0,20180926.tif
2496,15407,12034,473,428.0,493.0,20180926.tif
2497,16420,12236,243,441.0,252.0,20180926.tif
2498,16677,11077,119,448.0,123.0,20180926.tif
2499,17037,10472,116,449.0,124.0,20180926.tif
1955,14929,11870,7879,431.0,7897.0,20190828.tif
1991,12975,10066,1564,335.0,1574.0,20190828.tif
2001,14929,11870,7879,431.0,7897.0,20190828.tif
2012,73,4996,5977,4.0,5992.0,20190828.tif
2014,543,6988,4300,5.0,4330.0,20190828.tif
2030,3850,3718,4226,20.0,4252.0,20190828.tif
2032,3911,6056,3318,21.0,3346.0,20190828.tif
2069,5507,10886,2828,73.0,2862.0,20190828.tif
2074,5618,9390,16916,80.0,16982.0,20190828.tif
2079,5727,11550,18767,84.0,18810.0,20190828.tif
2082,5835,8051,5572,89.0,5590.0,20190828.tif
2091,6138,5554,3705,103.0,3724.0,20190828.tif
2095,6225,5760,9046,106.0,9068.0,20190828.tif
2097,6263,9618,38120,109.0,38152.0,20190828.tif
2099,6410,5782,11432,116.0,11466.0,20190828.tif
2122,7309,11850,12601,162.0,12679.0,20190828.tif
2124,7446,10050,5837,170.0,5870.0,20190828.tif
2131,7593,11124,5706,173.0,5745.0,20190828.tif
2134,7670,11594,8233,174.0,8260.0,20190828.tif
2140,8149,10706,11949,191.0,12003.0,20190828.tif
2145,8434,10622,19608,201.0,19648.0,20190828.tif
2146,8443,11796,2262,202.0,2280.0,20190828.tif
2155,9013,11788,4262,212.0,4284.0,20190828.tif
2156,9078,10564,17954,217.0,17976.0,20190828.tif
2157,9071,8710,7214,214.0,7241.0,20190828.tif
2160,9267,13918,1771,223.0,1798.0,20190828.tif
2161,9262,8874,46742,222.0,46800.0,20190828.tif
2173,10267,8944,7234,257.0,7290.0,20190828.tif
2177,10390,9748,4790,265.0,4816.0,20190828.tif
2206,12205,8686,1638,301.0,1648.0,20190828.tif
2217,12335,8450,9755,305.0,9767.0,20190828.tif
2252,13073,9881,1181,338.0,1198.0,20190828.tif
2280,14035,7466,7063,383.0,7093.0,20190828.tif
2284,14163,8110,5700,392.0,5744.0,20190828.tif
2287,14253,8222,5210,394.0,5220.0,20190828.tif
2291,14395,8490,4544,403.0,4576.0,20190828.tif
2293,14475,9378,5674,407.0,5716.0,20190828.tif
2302,14767,11650,11374,422.0,11414.0,20190828.tif
2304,14943,11694,5225,432.0,5243.0,20190828.tif
2307,15091,9236,1632,441.0,1642.0,20190828.tif
2348,4899,10828,425,51.0,433.0,20190828.tif
2350,4993,4932,475,54.0,490.0,20190828.tif
2351,5017,4982,284,55.0,296.0,20190828.tif
2353,5458,11042,958,69.0,990.0,20190828.tif
2356,5507,10886,2828,73.0,2862.0,20190828.tif
2368,6749,6336,6213,139.0,6230.0,20190828.tif
2381,8402,11102,3668,200.0,3680.0,20190828.tif
2386,9467,10502,3101,230.0,3104.0,20190828.tif
2412,12891,10160,2592,330.0,2623.0,20190828.tif
2456,4414,4982,1276,35.0,1314.0,20190828.tif
2460,5086,6146,1988,57.0,2009.0,20190828.tif
2470,8591,11198,2447,204.0,2481.0,20190828.tif
2473,8941,11494,2989,211.0,3018.0,20190828.tif
2474,9193,13998,2177,219.0,2192.0,20190828.tif
2476,9491,6599,513,231.0,520.0,20190828.tif
2492,14279,6782,1498,395.0,1528.0,20190828.tif
2493,14551,11374,4705,412.0,4729.0,20190828.tif
2495,14929,11870,7879,431.0,7897.0,20190828.tif
2496,15325,11991,3429,452.0,3464.0,20190828.tif
2497,16399,12154,1224,468.0,1256.0,20190828.tif
2499,16939,10412,5264,479.0,5290.0,20190828.tif
2500,563,6286,274,6.0,290.0,20190828.tif
2501,681,7057,347,7.0,353.0,20190828.tif
2502,1065,7756,143,8.0,151.0,20190828.tif
2503,1273,6026,3405,11.0,3424.0,20190828.tif
2504,3145,9164,500,16.0,509.0,20190828.tif
2505,3545,3514,160,18.0,176.0,20190828.tif
2506,3931,6948,1152,22.0,1165.0,20190828.tif
2507,3943,6328,468,23.0,476.0,20190828.tif
2508,4335,6252,1366,30.0,1396.0,20190828.tif
2509,4362,11794,37158,31.0,37198.0,20190828.tif
2510,4367,12086,6430,32.0,6444.0,20190828.tif
2511,4407,6280,2422,33.0,2438.0,20190828.tif
2512,4411,5090,200,34.0,210.0,20190828.tif
2513,4571,5938,360,36.0,372.0,20190828.tif
2514,4649,14172,585,39.0,589.0,20190828.tif
2515,4777,4973,464,44.0,471.0,20190828.tif
2516,4791,7176,1916,45.0,1952.0,20190828.tif
2517,4829,9076,2234,46.0,2260.0,20190828.tif
2518,4859,7080,253,47.0,266.0,20190828.tif
2519,4875,9199,940,49.0,961.0,20190828.tif
2520,4879,10474,2434,50.0,2461.0,20190828.tif
2521,4965,13196,4265,52.0,4281.0,20190828.tif
2522,4981,12938,3708,53.0,3754.0,20190828.tif
2523,5085,9953,388,56.0,395.0,20190828.tif
2524,5097,10066,399,58.0,412.0,20190828.tif
2525,5130,12276,36412,59.0,36454.0,20190828.tif
2526,5194,12722,3641,61.0,3675.0,20190828.tif
2527,5239,13090,4325,62.0,4359.0,20190828.tif
2528,5326,11116,726,63.0,735.0,20190828.tif
2529,5387,10192,106,64.0,112.0,20190828.tif
2530,5502,9762,2338,71.0,2360.0,20190828.tif
2531,5502,12358,23855,72.0,23878.0,20190828.tif
2532,5529,5658,355,76.0,364.0,20190828.tif
2533,5630,9732,41432,81.0,41458.0,20190828.tif
2534,5711,11230,247,83.0,260.0,20190828.tif
2535,5767,8160,3238,85.0,3259.0,20190828.tif
2536,5819,6276,201,87.0,213.0,20190828.tif
2537,5835,6374,636,88.0,653.0,20190828.tif
2538,5859,6340,336,90.0,350.0,20190828.tif
2539,5891,6462,293,91.0,310.0,20190828.tif
2540,5895,6042,154,92.0,170.0,20190828.tif
2541,5991,6508,325,96.0,336.0,20190828.tif
2542,6007,10208,1894,97.0,1933.0,20190828.tif
2543,6043,12501,5191,98.0,5217.0,20190828.tif
2544,6055,6448,192,99.0,201.0,20190828.tif
2545,6127,10841,381,102.0,400.0,20190828.tif
2546,6169,10020,1558,104.0,1573.0,20190828.tif
2547,6173,10940,716,105.0,733.0,20190828.tif
2548,6247,9962,1787,107.0,1804.0,20190828.tif
2549,6251,6590,166,108.0,178.0,20190828.tif
2550,6321,6776,224,112.0,234.0,20190828.tif
2551,6327,5980,1243,113.0,1251.0,20190828.tif
2552,6369,11248,1387,114.0,1394.0,20190828.tif
2553,6383,7883,1509,115.0,1519.0,20190828.tif
2554,6421,6180,168,117.0,178.0,20190828.tif
2555,6425,10628,211,118.0,221.0,20190828.tif
2556,6457,11404,2732,120.0,2754.0,20190828.tif
2557,6517,11223,330,125.0,343.0,20190828.tif
2558,6541,9053,2838,126.0,2864.0,20190828.tif
2559,6567,11446,1957,127.0,1968.0,20190828.tif
2560,6593,6290,343,129.0,354.0,20190828.tif
2561,6595,6794,204,130.0,218.0,20190828.tif
2562,6601,11826,390,131.0,403.0,20190828.tif
2563,6607,6224,2159,132.0,2171.0,20190828.tif
2564,6607,6720,279,133.0,287.0,20190828.tif
2565,6655,6854,253,134.0,262.0,20190828.tif
2566,6825,7304,244,143.0,255.0,20190828.tif
2567,6991,11433,1621,145.0,1641.0,20190828.tif
2568,7109,10235,979,149.0,1000.0,20190828.tif
2569,7127,10149,3240,150.0,3272.0,20190828.tif
2570,7187,6992,378,152.0,388.0,20190828.tif
2571,7188,10226,1793,153.0,1805.0,20190828.tif
2572,7225,10909,194,156.0,203.0,20190828.tif
2573,7241,6830,203,157.0,219.0,20190828.tif
2574,7277,6812,167,160.0,188.0,20190828.tif
2575,7311,5702,360,163.0,372.0,20190828.tif
2576,7319,11656,3148,164.0,3176.0,20190828.tif
2577,7351,10577,652,165.0,658.0,20190828.tif
2578,7535,10832,1777,171.0,1796.0,20190828.tif
2579,7691,6908,118,175.0,124.0,20190828.tif
2580,7779,12660,289,179.0,292.0,20190828.tif
2581,7863,12818,1648,184.0,1673.0,20190828.tif
2582,7873,12890,128,185.0,137.0,20190828.tif
2583,7895,11970,619,186.0,636.0,20190828.tif
2584,7966,8302,636,188.0,682.0,20190828.tif
2585,8051,9742,1811,189.0,1822.0,20190828.tif
2586,8151,12610,1423,192.0,1459.0,20190828.tif
2587,8181,7090,262,193.0,275.0,20190828.tif
2588,8187,11126,844,195.0,855.0,20190828.tif
2589,8298,12586,1303,197.0,1330.0,20190828.tif
2590,8366,12666,369,198.0,378.0,20190828.tif
2591,8369,12358,330,199.0,342.0,20190828.tif
2592,8575,11725,2974,203.0,2986.0,20190828.tif
2593,8649,11710,314,205.0,331.0,20190828.tif
2594,8791,11658,281,206.0,288.0,20190828.tif
2595,8881,11704,11628,208.0,11659.0,20190828.tif
2596,8893,12582,1332,209.0,1354.0,20190828.tif
2597,9070,11148,1364,215.0,1383.0,20190828.tif
2598,9075,11592,1313,216.0,1334.0,20190828.tif
2599,9081,9988,3907,218.0,3928.0,20190828.tif
2600,9251,11330,839,220.0,851.0,20190828.tif
2601,9259,11980,1354,221.0,1373.0,20190828.tif
2602,9275,11919,485,224.0,496.0,20190828.tif
2603,9323,12244,1765,227.0,1780.0,20190828.tif
2604,9451,11535,311,229.0,326.0,20190828.tif
2605,9513,11519,198,232.0,202.0,20190828.tif
2606,9614,10592,122,235.0,131.0,20190828.tif
2607,9781,9928,321,238.0,3712.0,20190828.tif
2608,9973,9030,1503,241.0,1518.0,20190828.tif
2609,9993,9778,1553,242.0,1572.0,20190828.tif
2610,10061,9012,1920,244.0,1946.0,20190828.tif
2611,10071,11148,3288,245.0,3312.0,20190828.tif
2612,10077,10220,1572,246.0,1581.0,20190828.tif
2613,10087,1013,2476,248.0,2491.0,20190828.tif
2614,10105,10528,2217,249.0,2240.0,20190828.tif
2615,10107,1120,3957,250.0,3967.0,20190828.tif
2616,10133,9698,3955,251.0,3982.0,20190828.tif
2617,10214,8246,828,253.0,848.0,20190828.tif
2618,10230,1120,1945,255.0,1960.0,20190828.tif
2619,10247,14606,1218,256.0,1255.0,20190828.tif
2620,10291,8022,2496,258.0,2518.0,20190828.tif
2621,10326,9450,1378,259.0,1387.0,20190828.tif
2622,10338,8394,704,260.0,726.0,20190828.tif
2623,10366,9305,2840,262.0,2852.0,20190828.tif
2624,10433,9392,5347,266.0,5379.0,20190828.tif
2625,10437,5492,2306,267.0,2333.0,20190828.tif
2626,10469,14646,1643,268.0,1657.0,20190828.tif
2627,10505,1376,227,269.0,244.0,20190828.tif
2628,10507,9938,4084,270.0,4146.0,20190828.tif
2629,10559,7821,2307,271.0,2335.0,20190828.tif
2630,10571,8078,1594,272.0,1614.0,20190828.tif
2631,10585,14802,1799,273.0,1819.0,20190828.tif
2632,10657,7715,1702,274.0,1719.0,20190828.tif
2633,10750,7938,512,276.0,528.0,20190828.tif
2634,10963,8296,824,277.0,844.0,20190828.tif
2635,10973,2424,245,278.0,255.0,20190828.tif
2636,11373,5414,176,280.0,190.0,20190828.tif
2637,11394,5270,2128,281.0,2150.0,20190828.tif
2638,11775,7836,1012,286.0,1039.0,20190828.tif
2639,11793,7042,396,287.0,414.0,20190828.tif
2640,11795,7556,2291,288.0,2301.0,20190828.tif
2641,11817,7482,2100,289.0,2120.0,20190828.tif
2642,11825,4892,2146,290.0,2168.0,20190828.tif
2643,11877,7922,568,291.0,579.0,20190828.tif
2644,11927,7886,276,292.0,288.0,20190828.tif
2645,11955,8122,2803,293.0,2830.0,20190828.tif
2646,11958,8060,1242,294.0,1257.0,20190828.tif
2647,12019,8374,242,296.0,256.0,20190828.tif
2648,12059,8544,712,297.0,720.0,20190828.tif
2649,12169,8814,472,299.0,489.0,20190828.tif
2650,12185,8518,1818,300.0,1827.0,20190828.tif
2651,12219,8568,2169,302.0,2199.0,20190828.tif
2652,12231,8776,706,303.0,718.0,20190828.tif
2653,12507,5778,6010,309.0,6029.0,20190828.tif
2654,12533,7140,1333,311.0,1359.0,20190828.tif
2655,12535,8974,1474,312.0,1498.0,20190828.tif
2656,12541,8674,214,313.0,227.0,20190828.tif
2657,12567,9756,1307,315.0,1312.0,20190828.tif
2658,12573,7195,1514,317.0,1530.0,20190828.tif
2659,12595,5686,1369,318.0,1390.0,20190828.tif
2660,12599,5920,2077,319.0,2099.0,20190828.tif
2661,12643,6444,1917,321.0,1932.0,20190828.tif
2662,12669,6518,201,322.0,217.0,20190828.tif
2663,12715,6378,2152,323.0,2172.0,20190828.tif
2664,12731,8742,2052,324.0,2086.0,20190828.tif
2665,12741,5362,4228,325.0,4251.0,20190828.tif
2666,12741,5829,2373,326.0,2390.0,20190828.tif
2667,12765,6012,852,327.0,878.0,20190828.tif
2668,12811,9622,1825,328.0,1847.0,20190828.tif
2669,12975,8950,1025,334.0,1035.0,20190828.tif
2670,12991,9826,1006,336.0,1022.0,20190828.tif
2671,13045,9096,3164,337.0,3182.0,20190828.tif
2672,13087,6154,445,339.0,466.0,20190828.tif
2673,13123,9086,1452,340.0,1456.0,20190828.tif
2674,13135,1306,284,342.0,296.0,20190828.tif
2675,13143,8264,1093,343.0,1102.0,20190828.tif
2676,13215,5650,4952,345.0,4976.0,20190828.tif
2677,13231,8790,2146,346.0,2153.0,20190828.tif
2678,13279,9418,1218,347.0,1232.0,20190828.tif
2679,13280,6269,198,348.0,208.0,20190828.tif
2680,13287,6108,3770,349.0,3793.0,20190828.tif
2681,13311,9290,1045,350.0,1062.0,20190828.tif
2682,13319,10686,358,351.0,368.0,20190828.tif
2683,13335,9598,368,352.0,374.0,20190828.tif
2684,13349,8360,1208,353.0,1227.0,20190828.tif
2685,13403,9310,1603,355.0,1617.0,20190828.tif
2686,13415,9176,2764,356.0,2788.0,20190828.tif
2687,13427,9762,880,357.0,888.0,20190828.tif
2688,13431,6734,978,358.0,1004.0,20190828.tif
2689,13431,10042,925,359.0,943.0,20190828.tif
2690,13437,9245,3536,360.0,3572.0,20190828.tif
2691,13535,10662,730,363.0,754.0,20190828.tif
2692,13565,9290,1477,366.0,1483.0,20190828.tif
2693,13599,6452,3549,368.0,3569.0,20190828.tif
2694,13607,9389,487,369.0,495.0,20190828.tif
2695,13611,9977,1507,370.0,1517.0,20190828.tif
2696,13613,7850,1060,371.0,1086.0,20190828.tif
2697,13713,7553,1978,374.0,2000.0,20190828.tif
2698,13721,6538,1037,375.0,1052.0,20190828.tif
2699,13915,9715,2407,379.0,2413.0,20190828.tif
2700,13928,7480,3515,380.0,3537.0,20190828.tif
2701,13931,8110,1708,381.0,1716.0,20190828.tif
2702,13941,9392,470,382.0,475.0,20190828.tif
2703,14139,8030,3085,389.0,3093.0,20190828.tif
2704,14155,7294,2814,391.0,2824.0,20190828.tif
2705,14215,7268,151,393.0,163.0,20190828.tif
2706,14305,6914,1871,398.0,1881.0,20190828.tif
2707,14337,10756,1125,400.0,1146.0,20190828.tif
2708,14439,6762,121,406.0,144.0,20190828.tif
2709,14497,8792,111,410.0,131.0,20190828.tif
2710,14629,9378,1164,416.0,1176.0,20190828.tif
2711,14735,6768,269,418.0,284.0,20190828.tif
2712,14735,8400,2749,419.0,2761.0,20190828.tif
2713,14760,9436,3028,421.0,3050.0,20190828.tif
2714,14775,6670,162,423.0,184.0,20190828.tif
2715,14829,6930,158,426.0,164.0,20190828.tif
2716,14897,9468,1979,429.0,1995.0,20190828.tif
2717,14977,9356,885,436.0,916.0,20190828.tif
2718,15015,7298,445,438.0,454.0,20190828.tif
2719,15151,6943,213,444.0,227.0,20190828.tif
2720,15251,7754,200,447.0,211.0,20190828.tif
2721,15291,7116,225,450.0,240.0,20190828.tif
2722,15339,7788,197,453.0,211.0,20190828.tif
2723,15405,7047,189,456.0,194.0,20190828.tif
2724,15507,13626,590,459.0,605.0,20190828.tif
2725,15710,12274,218,461.0,237.0,20190828.tif
2726,15713,7956,200,462.0,208.0,20190828.tif
2727,15895,12896,2516,463.0,2542.0,20190828.tif
2728,16293,10040,266,466.0,280.0,20190828.tif
2729,16539,9970,5022,469.0,5042.0,20190828.tif
2730,16553,13994,247,470.0,258.0,20190828.tif
2731,16675,10010,2191,473.0,2213.0,20190828.tif
2732,16677,10120,555,474.0,560.0,20190828.tif
2733,17097,10814,216,480.0,227.0,20190828.tif
2734,17495,8028,3060,481.0,3076.0,20190828.tif
1955,14957,11882,7837,460.0,7865.0,20190923.tif
2001,14957,11882,7837,460.0,7865.0,20190923.tif
2012,87,5004,5865,1.0,5873.0,20190923.tif
2014,563,6992,4396,3.0,4424.0,20190923.tif
2030,3863,3720,4331,65.0,4349.0,20190923.tif
2032,3925,6056,3403,66.0,3413.0,20190923.tif
2069,5534,10886,2406,134.0,2440.0,20190923.tif
2074,5638,9390,17452,139.0,17490.0,20190923.tif
2079,5779,11554,15920,142.0,15946.0,20190923.tif
2082,5853,8052,5574,146.0,5597.0,20190923.tif
2091,6122,5506,9625,161.0,9648.0,20190923.tif
2095,6237,5758,9862,163.0,9878.0,20190923.tif
2099,6419,5780,12620,174.0,12652.0,20190923.tif
2122,7331,11854,13207,218.0,13276.0,20190923.tif
2131,7615,11127,5988,232.0,6026.0,20190923.tif
2134,7694,11600,8354,233.0,8382.0,20190923.tif
2140,8169,10709,12457,251.0,12468.0,20190923.tif
2145,8458,10626,20372,263.0,20429.0,20190923.tif
2146,8467,11802,2163,264.0,2184.0,20190923.tif
2155,9038,11796,4004,279.0,4029.0,20190923.tif
2156,9098,10566,18949,284.0,18987.0,20190923.tif
2157,9091,8712,7486,280.0,7500.0,20190923.tif
2160,9291,13928,1352,290.0,1368.0,20190923.tif
2161,9282,8874,52940,288.0,52966.0,20190923.tif
2177,10410,9750,5314,330.0,5336.0,20190923.tif
2206,12230,8688,1608,365.0,1620.0,20190923.tif
2217,12359,8451,10295,370.0,10339.0,20190923.tif
2252,13101,9886,1121,399.0,1133.0,20190923.tif
2280,14061,7468,7373,439.0,7411.0,20190923.tif
2287,14287,8222,5180,443.0,5228.0,20190923.tif
2291,14435,8502,2912,448.0,2944.0,20190923.tif
2302,14795,11662,11080,458.0,11104.0,20190923.tif
2304,14970,11707,5587,461.0,5602.0,20190923.tif
2348,4921,10832,410,99.0,414.0,20190923.tif
2350,5001,4930,589,102.0,598.0,20190923.tif
2351,5023,4982,530,105.0,539.0,20190923.tif
2353,5486,11046,666,131.0,682.0,20190923.tif
2356,5534,10886,2406,134.0,2440.0,20190923.tif
2368,6763,6334,4712,195.0,4748.0,20190923.tif
2381,8426,11106,3545,262.0,3556.0,20190923.tif
2460,5106,6146,2111,111.0,2140.0,20190923.tif
2470,8613,11204,2458,267.0,2488.0,20190923.tif
2473,8967,11500,2799,278.0,2815.0,20190923.tif
2493,14580,11387,4929,451.0,4940.0,20190923.tif
2495,14957,11882,7837,460.0,7865.0,20190923.tif
2496,15355,12004,3515,471.0,3538.0,20190923.tif
2499,16969,10422,5264,499.0,5289.0,20190923.tif
2508,4349,6252,1523,74.0,1545.0,20190923.tif
2511,4349,6252,1523,74.0,1545.0,20190923.tif
2512,4421,5091,182,80.0,199.0,20190923.tif
2513,4581,5936,415,83.0,438.0,20190923.tif
2514,4669,14171,858,87.0,874.0,20190923.tif
2515,4715,4996,396,88.0,400.0,20190923.tif
2516,4811,7178,1953,92.0,1988.0,20190923.tif
2517,4847,9076,2313,94.0,2324.0,20190923.tif
2518,4873,7078,399,95.0,417.0,20190923.tif
2519,4898,9194,1262,96.0,1276.0,20190923.tif
2520,4901,10484,2031,97.0,2035.0,20190923.tif
2521,4989,13202,4106,101.0,4139.0,20190923.tif
2522,5002,12942,3982,104.0,4016.0,20190923.tif
2524,5119,10070,522,112.0,527.0,20190923.tif
2525,5154,12278,37936,113.0,37990.0,20190923.tif
2527,5261,13090,4687,118.0,4704.0,20190923.tif
2529,5411,10193,127,123.0,133.0,20190923.tif
2530,5523,9763,2325,132.0,2335.0,20190923.tif
2531,5526,12362,23965,133.0,23998.0,20190923.tif
2532,5539,5660,384,135.0,389.0,20190923.tif
2535,5785,8160,3563,143.0,3589.0,20190923.tif
2536,5875,6340,281,147.0,291.0,20190923.tif
2538,5875,6340,281,147.0,291.0,20190923.tif
2539,5905,6460,286,148.0,300.0,20190923.tif
2540,5909,6042,213,149.0,221.0,20190923.tif
2541,6007,6508,350,155.0,354.0,20190923.tif
2543,6070,12506,4598,159.0,4623.0,20190923.tif
2544,6069,6448,217,158.0,232.0,20190923.tif
2546,6189,10022,1778,162.0,1797.0,20190923.tif
2548,6269,9963,1847,165.0,1866.0,20190923.tif
2549,6265,6592,182,164.0,200.0,20190923.tif
2550,6335,6776,242,167.0,257.0,20190923.tif
2551,6342,5978,1324,168.0,1334.0,20190923.tif
2552,6391,11252,1403,171.0,1420.0,20190923.tif
2553,6399,7884,1650,173.0,1664.0,20190923.tif
2555,6447,10629,298,176.0,307.0,20190923.tif
2556,6479,11406,2843,180.0,2884.0,20190923.tif
2558,6561,9053,3024,183.0,3074.0,20190923.tif
2559,6589,11450,1752,185.0,1760.0,20190923.tif
2561,6611,6793,218,186.0,228.0,20190923.tif
2564,6611,6793,218,186.0,228.0,20190923.tif
2566,6839,7302,316,200.0,334.0,20190923.tif
2567,7011,11437,1797,203.0,1820.0,20190923.tif
2568,7129,10237,1075,207.0,1110.0,20190923.tif
2569,7149,10150,3590,208.0,3609.0,20190923.tif
2570,7205,6993,267,211.0,285.0,20190923.tif
2571,7214,10230,1264,213.0,1296.0,20190923.tif
2573,7259,6828,172,215.0,187.0,20190923.tif
2574,7259,6828,172,215.0,187.0,20190923.tif
2576,7343,11660,3289,220.0,3308.0,20190923.tif
2577,7373,10578,721,223.0,741.0,20190923.tif
2578,7562,10834,1865,230.0,1882.0,20190923.tif
2580,7803,12666,254,237.0,262.0,20190923.tif
2581,7885,12823,1663,240.0,1686.0,20190923.tif
2582,7899,12896,148,241.0,165.0,20190923.tif
2585,8075,9745,1698,247.0,1713.0,20190923.tif
2586,8175,12617,1406,252.0,1430.0,20190923.tif
2588,8213,11130,849,256.0,861.0,20190923.tif
2589,8322,12594,886,260.0,914.0,20190923.tif
2593,8669,11716,371,270.0,387.0,20190923.tif
2595,8905,11710,11775,275.0,11806.0,20190923.tif
2596,8915,12588,1444,277.0,1461.0,20190923.tif
2597,9093,11152,1429,281.0,1453.0,20190923.tif
2598,9097,11598,1296,282.0,1309.0,20190923.tif
2599,9103,9989,4310,285.0,4326.0,20190923.tif
2600,9275,11337,788,287.0,797.0,20190923.tif
2601,9283,11984,1460,289.0,1480.0,20190923.tif
2602,9283,11984,1460,289.0,1480.0,20190923.tif
2603,9346,12250,1767,293.0,1783.0,20190923.tif
2604,9473,11540,374,297.0,396.0,20190923.tif
2605,9473,11540,374,297.0,396.0,20190923.tif
2608,10002,9034,1117,309.0,1130.0,20190923.tif
2609,10014,9782,1742,310.0,1749.0,20190923.tif
2610,10081,9018,1886,314.0,1916.0,20190923.tif
2611,10098,11152,3376,316.0,3402.0,20190923.tif
2612,10102,10222,1537,317.0,1554.0,20190923.tif
2613,10095,1001,2772,315.0,2803.0,20190923.tif
2614,10129,10534,2138,319.0,2157.0,20190923.tif
2615,10115,1108,4188,318.0,4192.0,20190923.tif
2616,10155,9700,4189,320.0,4221.0,20190923.tif
2618,10237,1110,2131,322.0,2149.0,20190923.tif
2619,10267,14613,1409,324.0,1435.0,20190923.tif
2620,10313,8024,2654,325.0,2680.0,20190923.tif
2621,10348,9452,1513,326.0,1529.0,20190923.tif
2623,10387,9306,3085,329.0,3103.0,20190923.tif
2624,10453,9394,5875,331.0,5919.0,20190923.tif
2626,10493,14656,1873,332.0,1881.0,20190923.tif
2628,10529,9938,4690,336.0,4706.0,20190923.tif
2629,10581,7822,2616,337.0,2633.0,20190923.tif
2631,10603,14810,2076,338.0,2083.0,20190923.tif
2632,10678,7714,2036,340.0,2051.0,20190923.tif
2634,10983,8298,1021,342.0,1032.0,20190923.tif
2636,11391,5408,259,345.0,273.0,20190923.tif
2637,11409,5266,2596,346.0,2630.0,20190923.tif
2641,11841,7484,2155,351.0,2181.0,20190923.tif
2642,11845,4890,2536,352.0,2544.0,20190923.tif
2643,11901,7922,676,354.0,695.0,20190923.tif
2644,11949,7886,311,355.0,320.0,20190923.tif
2646,11983,8063,1248,356.0,1281.0,20190923.tif
2647,12043,8374,340,358.0,347.0,20190923.tif
2648,12083,8544,852,360.0,860.0,20190923.tif
2649,12263,8778,544,367.0,572.0,20190923.tif
2650,12211,8518,1958,364.0,1977.0,20190923.tif
2651,12243,8570,2348,366.0,2380.0,20190923.tif
2652,12263,8778,544,367.0,572.0,20190923.tif
2653,12528,5774,6379,374.0,6398.0,20190923.tif
2655,12565,8976,1491,376.0,1516.0,20190923.tif
2657,12595,9762,1287,377.0,1300.0,20190923.tif
2659,12615,5683,1647,378.0,1662.0,20190923.tif
2660,12620,5918,2268,379.0,2276.0,20190923.tif
2661,12683,6446,1030,380.0,1044.0,20190923.tif
2663,12739,6378,2650,382.0,2688.0,20190923.tif
2664,12757,8744,2161,383.0,2196.0,20190923.tif
2665,12771,5362,3543,385.0,3581.0,20190923.tif
2666,12767,5828,2346,384.0,2370.0,20190923.tif
2667,12787,6010,877,386.0,904.0,20190923.tif
2669,13009,8957,658,397.0,681.0,20190923.tif
2674,13153,1296,236,400.0,260.0,20190923.tif
2675,13167,8266,1174,401.0,1197.0,20190923.tif
2677,13257,8794,2449,402.0,2459.0,20190923.tif
2678,13305,9422,1401,405.0,1423.0,20190923.tif
2680,13309,6105,4377,406.0,4404.0,20190923.tif
2683,13361,9605,395,412.0,411.0,20190923.tif
2684,13383,8374,748,413.0,784.0,20190923.tif
2685,13429,9314,1597,414.0,1612.0,20190923.tif
2686,13443,9182,2898,415.0,2909.0,20190923.tif
2687,13457,9772,659,416.0,672.0,20190923.tif
2689,13459,10046,1058,417.0,1088.0,20190923.tif
2690,13465,9254,2950,418.0,2998.0,20190923.tif
2691,13563,10672,586,419.0,618.0,20190923.tif
2692,13595,9300,930,421.0,941.0,20190923.tif
2694,13633,9396,567,422.0,583.0,20190923.tif
2695,13641,9984,1392,425.0,1396.0,20190923.tif
2696,13639,7852,1265,424.0,1279.0,20190923.tif
2699,13947,9726,2075,435.0,2109.0,20190923.tif
2700,13957,7482,3638,436.0,3646.0,20190923.tif
2701,13958,8106,2188,437.0,2203.0,20190923.tif
2702,13967,9398,437,438.0,451.0,20190923.tif
2703,14167,8034,3362,441.0,3389.0,20190923.tif
2704,14183,7294,3120,442.0,3144.0,20190923.tif
2705,14183,7294,3120,442.0,3144.0,20190923.tif
2706,14331,6914,2025,445.0,2049.0,20190923.tif
2707,14379,10770,665,447.0,679.0,20190923.tif
2710,14659,9382,1288,453.0,1304.0,20190923.tif
2713,14789,9442,3246,457.0,3278.0,20190923.tif
2716,14925,9474,2284,459.0,2306.0,20190923.tif
2720,15279,7760,157,468.0,166.0,20190923.tif
2725,15739,12288,300,476.0,307.0,20190923.tif
2727,15923,12914,2472,479.0,2478.0,20190923.tif
2729,16571,9978,5770,489.0,5800.0,20190923.tif
2730,16585,14018,186,490.0,206.0,20190923.tif
2731,16715,10022,2064,493.0,2104.0,20190923.tif
2732,16709,10130,570,492.0,582.0,20190923.tif
2733,17133,10830,130,500.0,140.0,20190923.tif
2734,17527,8048,2120,501.0,2160.0,20190923.tif
2735,561,752,128,2.0,144.0,20190923.tif
2736,613,720,784,6.0,794.0,20190923.tif
2737,627,672,471,7.0,491.0,20190923.tif
2738,705,5571,763,8.0,778.0,20190923.tif
2739,717,730,577,10.0,590.0,20190923.tif
2740,759,710,495,11.0,503.0,20190923.tif
2741,875,5022,269,13.0,274.0,20190923.tif
2742,1015,4870,256,16.0,275.0,20190923.tif
2743,1525,2201,1044,19.0,1072.0,20190923.tif
2744,1559,994,122,21.0,133.0,20190923.tif
2745,1587,1110,412,22.0,422.0,20190923.tif
2746,1647,1136,260,24.0,267.0,20190923.tif
2747,1753,5820,403,27.0,417.0,20190923.tif
2748,1803,892,407,28.0,427.0,20190923.tif
2749,1825,1080,186,29.0,194.0,20190923.tif
2750,2147,8862,308,31.0,323.0,20190923.tif
2751,2151,8780,438,32.0,448.0,20190923.tif
2752,2369,9495,216,36.0,222.0,20190923.tif
2753,2477,9798,154,38.0,164.0,20190923.tif
2754,2965,9492,176,43.0,188.0,20190923.tif
2755,3015,190,284,44.0,288.0,20190923.tif
2756,3037,908,164,45.0,180.0,20190923.tif
2757,3049,149,590,46.0,605.0,20190923.tif
2758,3091,183,240,49.0,252.0,20190923.tif
2759,3265,218,643,52.0,650.0,20190923.tif
2760,3323,925,536,53.0,548.0,20190923.tif
2761,3405,887,273,55.0,290.0,20190923.tif
2762,3517,6134,336,57.0,352.0,20190923.tif
2763,3829,3206,134,64.0,147.0,20190923.tif
2764,3965,6958,466,68.0,480.0,20190923.tif
2765,4041,4246,230,69.0,243.0,20190923.tif
2766,4077,12814,112,72.0,128.0,20190923.tif
2767,4179,5620,125,73.0,135.0,20190923.tif
2768,4379,13348,212,75.0,224.0,20190923.tif
2769,4414,13468,358,79.0,377.0,20190923.tif
2770,4531,13258,146,81.0,150.0,20190923.tif
2771,4533,13475,159,82.0,163.0,20190923.tif
2772,4747,6468,823,90.0,834.0,20190923.tif
2773,4749,8990,6297,91.0,6312.0,20190923.tif
2774,4835,13482,285,93.0,300.0,20190923.tif
2775,4921,4871,373,98.0,385.0,20190923.tif
2776,5002,10810,280,103.0,298.0,20190923.tif
2777,5073,13488,367,108.0,384.0,20190923.tif
2778,5423,13430,283,126.0,289.0,20190923.tif
2779,5627,11038,776,138.0,784.0,20190923.tif
2780,5711,1908,1247,140.0,1270.0,20190923.tif
2781,5935,620,424,152.0,441.0,20190923.tif
2782,5963,14354,277,153.0,295.0,20190923.tif
2783,5985,6362,366,154.0,381.0,20190923.tif
2784,6119,6586,330,160.0,353.0,20190923.tif
2785,6393,9802,302,172.0,316.0,20190923.tif
2786,6453,6838,109,177.0,116.0,20190923.tif
2787,6489,6288,246,181.0,262.0,20190923.tif
2788,6525,6779,133,182.0,144.0,20190923.tif
2789,6669,6964,307,191.0,325.0,20190923.tif
2790,6729,5180,162,193.0,172.0,20190923.tif
2791,6769,7187,241,196.0,257.0,20190923.tif
2792,6829,6635,318,198.0,326.0,20190923.tif
2793,6942,7946,1719,202.0,1734.0,20190923.tif
2794,7043,5244,106,205.0,116.0,20190923.tif
2795,7197,7594,141,210.0,151.0,20190923.tif
2796,7219,4196,108,214.0,116.0,20190923.tif
2797,7261,6778,195,216.0,204.0,20190923.tif
2798,7413,14086,132,224.0,138.0,20190923.tif
2799,7493,6604,112,227.0,124.0,20190923.tif
2800,7759,8380,299,235.0,313.0,20190923.tif
2801,7825,13994,275,238.0,286.0,20190923.tif
2802,8167,14797,559,250.0,576.0,20190923.tif
2803,8221,11668,836,257.0,851.0,20190923.tif
2804,8233,1578,297,258.0,302.0,20190923.tif
2805,8267,14736,288,259.0,304.0,20190923.tif
2806,8615,7540,154,268.0,167.0,20190923.tif
2807,8841,2430,262,273.0,272.0,20190923.tif
2808,8851,12656,333,274.0,344.0,20190923.tif
2809,9099,7378,261,283.0,273.0,20190923.tif
2810,9387,7046,139,294.0,153.0,20190923.tif
2811,9395,2362,124,295.0,131.0,20190923.tif
2812,9543,7066,136,300.0,144.0,20190923.tif
2813,9585,7014,196,301.0,209.0,20190923.tif
2814,9874,11750,371,305.0,388.0,20190923.tif
2815,9903,6862,6659,306.0,6672.0,20190923.tif
2816,10382,8750,4374,328.0,4398.0,20190923.tif
2817,11810,7850,353,348.0,384.0,20190923.tif
2818,11831,7562,912,350.0,924.0,20190923.tif
2819,12069,74,590,359.0,614.0,20190923.tif
2820,12107,48,266,361.0,292.0,20190923.tif
2821,12351,4455,13450,368.0,13450.0,20190923.tif
2822,12377,4423,619,371.0,626.0,20190923.tif
2823,12541,9646,867,375.0,880.0,20190923.tif
2824,13031,9838,436,398.0,468.0,20190923.tif
2825,13361,1510,455,411.0,476.0,20190923.tif
2826,13635,10644,610,423.0,623.0,20190923.tif
2827,13775,5786,190,430.0,212.0,20190923.tif
2828,13887,5430,289,432.0,303.0,20190923.tif
2829,14439,8390,748,449.0,768.0,20190923.tif
2830,15015,7408,312,463.0,320.0,20190923.tif
2831,15180,11746,128,466.0,132.0,20190923.tif
2832,15321,7120,111,469.0,117.0,20190923.tif
2833,15639,7871,188,474.0,205.0,20190923.tif
2834,15704,7625,438,475.0,450.0,20190923.tif
2835,15767,8725,244,478.0,259.0,20190923.tif
2836,15939,8388,162,480.0,168.0,20190923.tif
2837,15983,8342,298,483.0,306.0,20190923.tif
2838,16785,11028,412,497.0,436.0,20190923.tif
2839,16963,9056,235,498.0,251.0,20190923.tif
2030,3825,3682,6004,65.0,6036.0,20200727.tif
2079,5690,11530,23705,131.0,23712.0,20200727.tif
2099,6373,5750,16447,158.0,16465.0,20200727.tif
2134,7643,11566,14484,215.0,14524.0,20200727.tif
2145,8413,10598,22950,235.0,23028.0,20200727.tif
2304,14947,11686,7796,468.0,7768.0,20200727.tif
2350,4971,4900,586,103.0,596.0,20200727.tif
2351,4993,4950,495,106.0,506.0,20200727.tif
2381,8375,11072,6782,233.0,6800.0,20200727.tif
2460,5065,6116,2179,110.0,2204.0,20200727.tif
2470,8561,11174,5531,236.0,5562.0,20200727.tif
2473,8920,11470,5933,250.0,5979.0,20200727.tif
2493,14533,11352,11196,445.0,11236.0,20200727.tif
2512,4379,5048,344,82.0,364.0,20200727.tif
2513,4547,5906,387,84.0,398.0,20200727.tif
2515,4683,4965,320,92.0,336.0,20200727.tif
2516,4757,7134,5096,94.0,5116.0,20200727.tif
2518,4807,7033,3533,96.0,3563.0,20200727.tif
2519,4832,9145,5419,97.0,5432.0,20200727.tif
2522,4953,12918,6195,102.0,6213.0,20200727.tif
2525,5094,12251,43791,112.0,43834.0,20200727.tif
2527,5201,13056,8615,118.0,8647.0,20200727.tif
2530,5471,9730,4256,126.0,4272.0,20200727.tif
2531,5474,12330,27349,127.0,27408.0,20200727.tif
2536,5817,6346,696,132.0,718.0,20200727.tif
2538,5817,6346,696,132.0,718.0,20200727.tif
2540,5877,6012,197,134.0,215.0,20200727.tif
2541,5973,6478,401,137.0,413.0,20200727.tif
2543,6022,12486,6343,140.0,6372.0,20200727.tif
2546,6129,9976,6522,142.0,6530.0,20200727.tif
2549,6231,6562,247,149.0,270.0,20200727.tif
2550,6301,6748,296,152.0,312.0,20200727.tif
2553,6361,7848,2821,156.0,2844.0,20200727.tif
2556,6413,11362,8979,165.0,9005.0,20200727.tif
2558,6502,9010,7957,170.0,8001.0,20200727.tif
2561,6575,6766,328,173.0,337.0,20200727.tif
2564,6575,6766,328,173.0,337.0,20200727.tif
2566,6805,7278,357,183.0,367.0,20200727.tif
2567,7029,11468,1317,188.0,1345.0,20200727.tif
2570,7175,6968,313,195.0,327.0,20200727.tif
2573,7261,6788,112,202.0,116.0,20200727.tif
2574,7261,6788,112,202.0,116.0,20200727.tif
2577,7315,10542,3477,205.0,3492.0,20200727.tif
2578,7510,10814,1709,212.0,1738.0,20200727.tif
2580,7741,12627,3239,216.0,3251.0,20200727.tif
2586,8119,12590,3769,225.0,3787.0,20200727.tif
2589,8263,12570,3301,231.0,3325.0,20200727.tif
2596,8858,12550,5403,248.0,5426.0,20200727.tif
2597,9049,11118,3842,257.0,3852.0,20200727.tif
2598,9051,11570,3055,258.0,3067.0,20200727.tif
2600,9226,11306,2789,270.0,2802.0,20200727.tif
2601,9253,11896,1410,273.0,1430.0,20200727.tif
2602,9253,11896,1410,273.0,1430.0,20200727.tif
2603,9293,12215,4896,278.0,4903.0,20200727.tif
2611,10049,11122,7080,322.0,7098.0,20200727.tif
2614,10094,10522,2161,326.0,2194.0,20200727.tif
2643,11919,7863,361,364.0,367.0,20200727.tif
2644,11919,7863,361,364.0,367.0,20200727.tif
2648,12042,8522,2694,368.0,2715.0,20200727.tif
2649,12157,8784,1960,372.0,1969.0,20200727.tif
2652,12157,8784,1960,372.0,1969.0,20200727.tif
2657,12567,9733,2550,383.0,2569.0,20200727.tif
2669,12941,9000,3028,392.0,3048.0,20200727.tif
2678,13273,9392,2760,411.0,2778.0,20200727.tif
2694,13609,9376,643,422.0,664.0,20200727.tif
2702,13941,9372,885,432.0,897.0,20200727.tif
2716,14845,9489,2181,461.0,2195.0,20200727.tif
2725,15707,12264,1864,487.0,1888.0,20200727.tif
2727,15881,12882,7432,489.0,7439.0,20200727.tif
2729,16529,9934,15028,503.0,15047.0,20200727.tif
2730,16547,13992,2040,504.0,2055.0,20200727.tif
2731,16689,9987,5025,509.0,5037.0,20200727.tif
2732,16681,10094,2920,508.0,2950.0,20200727.tif
2733,17113,10805,696,515.0,713.0,20200727.tif
2734,17519,8007,2055,516.0,2075.0,20200727.tif
2754,2953,9474,214,31.0,227.0,20200727.tif
2755,3019,113,779,35.0,788.0,20200727.tif
2756,3007,870,403,33.0,420.0,20200727.tif
2757,3019,113,779,35.0,788.0,20200727.tif
2758,3063,150,330,38.0,348.0,20200727.tif
2759,3237,181,777,45.0,801.0,20200727.tif
2760,3293,881,1258,46.0,1276.0,20200727.tif
2761,3373,890,565,48.0,578.0,20200727.tif
2762,3419,6079,578,51.0,598.0,20200727.tif
2772,4709,6440,481,93.0,493.0,20200727.tif
2775,4891,4839,368,99.0,384.0,20200727.tif
2779,5583,11016,797,129.0,800.0,20200727.tif
2783,5949,6332,457,136.0,476.0,20200727.tif
2786,6417,6814,219,166.0,234.0,20200727.tif
2787,6437,6208,3622,167.0,3643.0,20200727.tif
2788,6491,6754,178,169.0,185.0,20200727.tif
2789,6635,6937,297,177.0,313.0,20200727.tif
2792,6797,6608,310,182.0,319.0,20200727.tif
2796,7189,4162,235,197.0,250.0,20200727.tif
2797,7231,6752,186,201.0,196.0,20200727.tif
2808,8805,12639,606,246.0,630.0,20200727.tif
2810,9357,7022,228,281.0,242.0,20200727.tif
2812,9555,6988,279,290.0,287.0,20200727.tif
2813,9555,6988,279,290.0,287.0,20200727.tif
2816,10358,8710,5821,335.0,5836.0,20200727.tif
2819,12051,44,676,369.0,688.0,20200727.tif
2820,12081,12,570,370.0,579.0,20200727.tif
2835,15753,8704,203,488.0,213.0,20200727.tif
2840,525,6918,459,2.0,469.0,20200727.tif
2841,913,4170,136,4.0,155.0,20200727.tif
2842,961,7808,550,5.0,574.0,20200727.tif
2843,1023,7714,1341,6.0,1352.0,20200727.tif
2844,1645,3524,118,9.0,136.0,20200727.tif
2845,1647,3142,389,10.0,398.0,20200727.tif
2846,1653,4848,302,11.0,317.0,20200727.tif
2847,1671,4800,466,12.0,477.0,20200727.tif
2848,1705,3660,179,13.0,199.0,20200727.tif
2849,1733,4768,194,14.0,203.0,20200727.tif
2850,1759,4750,187,17.0,194.0,20200727.tif
2851,1835,5818,120,18.0,136.0,20200727.tif
2852,1897,5626,335,19.0,338.0,20200727.tif
2853,2021,5078,235,22.0,242.0,20200727.tif
2854,2035,3092,271,23.0,277.0,20200727.tif
2855,2091,3774,173,24.0,181.0,20200727.tif
2856,2667,6730,312,26.0,315.0,20200727.tif
2857,3015,830,317,34.0,333.0,20200727.tif
2858,3029,724,698,36.0,720.0,20200727.tif
2859,3041,844,228,37.0,239.0,20200727.tif
2860,3085,776,1106,39.0,1134.0,20200727.tif
2861,3085,846,682,40.0,695.0,20200727.tif
2862,3153,134,1030,42.0,1044.0,20200727.tif
2863,3189,842,1503,43.0,1518.0,20200727.tif
2864,3421,2102,159,52.0,168.0,20200727.tif
2865,3479,5352,130,55.0,137.0,20200727.tif
2866,3643,1921,165,59.0,173.0,20200727.tif
2867,3685,1096,618,62.0,633.0,20200727.tif
2868,4047,2940,270,71.0,280.0,20200727.tif
2869,4251,3586,168,74.0,184.0,20200727.tif
2870,4259,2336,174,75.0,179.0,20200727.tif
2871,4330,11766,45009,78.0,45060.0,20200727.tif
2872,4330,12054,12305,79.0,12320.0,20200727.tif
2873,4913,9376,1512,100.0,1531.0,20200727.tif
2874,4917,4641,344,101.0,362.0,20200727.tif
2875,4975,7934,613,104.0,620.0,20200727.tif
2876,4990,87,251,105.0,259.0,20200727.tif
2877,5043,4902,348,108.0,365.0,20200727.tif
2878,5102,4856,277,113.0,291.0,20200727.tif
2879,5170,12698,4437,117.0,4460.0,20200727.tif
2880,5311,11102,440,119.0,453.0,20200727.tif
2881,5329,5833,426,120.0,439.0,20200727.tif
2882,5639,11096,400,130.0,417.0,20200727.tif
2883,6163,13296,628,144.0,635.0,20200727.tif
2884,6165,13480,1791,145.0,1814.0,20200727.tif
2885,6169,11562,1007,146.0,1017.0,20200727.tif
2886,6185,5642,1028,147.0,1042.0,20200727.tif
2887,6211,11604,1450,148.0,1482.0,20200727.tif
2888,6255,6572,1571,150.0,1587.0,20200727.tif
2889,6312,11634,1413,154.0,1424.0,20200727.tif
2890,6363,5689,1586,157.0,1608.0,20200727.tif
2891,6451,11501,1031,168.0,1051.0,20200727.tif
2892,6547,5774,744,171.0,758.0,20200727.tif
2893,6555,6940,110,172.0,121.0,20200727.tif
2894,6589,6694,263,175.0,269.0,20200727.tif
2895,6637,6827,321,178.0,337.0,20200727.tif
2896,6723,6456,4754,180.0,4764.0,20200727.tif
2897,6782,13450,460,181.0,476.0,20200727.tif
2898,6839,6596,325,184.0,333.0,20200727.tif
2899,6981,8036,373,185.0,393.0,20200727.tif
2900,6985,11664,1456,186.0,1470.0,20200727.tif
2901,7021,11530,1485,187.0,1497.0,20200727.tif
2902,7030,6646,9517,189.0,9564.0,20200727.tif
2903,7063,13386,3378,190.0,3402.0,20200727.tif
2904,7075,11878,562,191.0,579.0,20200727.tif
2905,7119,11768,1923,193.0,1941.0,20200727.tif
2906,7123,11883,1317,194.0,1328.0,20200727.tif
2907,7182,11850,1062,196.0,1074.0,20200727.tif
2908,7223,6941,4448,199.0,4470.0,20200727.tif
2909,7283,3984,116,203.0,122.0,20200727.tif
2910,7315,6839,1330,204.0,1347.0,20200727.tif
2911,7317,10046,1654,206.0,1667.0,20200727.tif
2912,7341,7942,2097,207.0,2125.0,20200727.tif
2913,7341,11236,936,208.0,958.0,20200727.tif
2914,7510,13222,2422,213.0,2450.0,20200727.tif
2915,7586,12890,1267,214.0,1283.0,20200727.tif
2916,7773,10296,806,217.0,821.0,20200727.tif
2917,7861,11942,2857,218.0,2879.0,20200727.tif
2918,7867,6536,294,220.0,312.0,20200727.tif
2919,7935,10296,1462,221.0,1474.0,20200727.tif
2920,7989,6980,136,223.0,148.0,20200727.tif
2921,8165,7062,298,227.0,304.0,20200727.tif
2922,8229,6560,431,229.0,449.0,20200727.tif
2923,8341,12656,532,232.0,537.0,20200727.tif
2924,8397,12754,947,234.0,962.0,20200727.tif
2925,8603,11804,923,239.0,942.0,20200727.tif
2926,8671,11844,771,240.0,788.0,20200727.tif
2927,8691,11286,1671,241.0,1691.0,20200727.tif
2928,8723,11364,1046,242.0,1059.0,20200727.tif
2929,8773,11552,1618,244.0,1631.0,20200727.tif
2930,8773,11644,694,245.0,705.0,20200727.tif
2931,8941,11341,586,251.0,611.0,20200727.tif
2932,9123,10354,607,260.0,621.0,20200727.tif
2933,9177,13998,1752,266.0,1774.0,20200727.tif
2934,9195,8862,1011,268.0,1022.0,20200727.tif
2935,9195,11928,658,269.0,678.0,20200727.tif
2936,9251,12045,1839,272.0,1860.0,20200727.tif
2937,9263,10676,2077,276.0,2085.0,20200727.tif
2938,9343,12032,1198,279.0,1208.0,20200727.tif
2939,9353,11592,540,280.0,552.0,20200727.tif
2940,9359,11414,298,282.0,310.0,20200727.tif
2941,9379,11458,1628,283.0,1644.0,20200727.tif
2942,9385,9160,544,284.0,568.0,20200727.tif
2943,9453,10476,5626,286.0,5645.0,20200727.tif
2944,9513,6486,158,288.0,172.0,20200727.tif
2945,9525,11804,672,289.0,691.0,20200727.tif
2946,9571,9943,1959,292.0,1980.0,20200727.tif
2947,9637,11954,1502,295.0,1524.0,20200727.tif
2948,9655,9793,2315,298.0,2319.0,20200727.tif
2949,9663,14341,294,299.0,300.0,20200727.tif
2950,9683,9981,1119,301.0,1130.0,20200727.tif
2951,9687,11840,1359,302.0,1376.0,20200727.tif
2952,9703,14338,869,303.0,886.0,20200727.tif
2953,9713,8162,1962,304.0,1987.0,20200727.tif
2954,9723,11958,607,305.0,617.0,20200727.tif
2955,9735,14296,571,306.0,582.0,20200727.tif
2956,9845,14467,988,310.0,1019.0,20200727.tif
2957,9852,9515,2027,312.0,2055.0,20200727.tif
2958,9889,8254,627,314.0,639.0,20200727.tif
2959,9911,9681,1782,315.0,1813.0,20200727.tif
2960,9942,11742,301,316.0,320.0,20200727.tif
2961,9975,11770,161,317.0,171.0,20200727.tif
2962,10017,8274,1403,320.0,1413.0,20200727.tif
2963,10101,8450,730,327.0,748.0,20200727.tif
2964,10103,11240,974,328.0,997.0,20200727.tif
2965,10105,9848,2519,329.0,2536.0,20200727.tif
2966,10334,10290,1305,334.0,1316.0,20200727.tif
2967,10375,7876,570,336.0,583.0,20200727.tif
2968,10414,7666,1155,337.0,1182.0,20200727.tif
2969,10419,3740,156,338.0,170.0,20200727.tif
2970,10423,9190,1499,339.0,1508.0,20200727.tif
2971,10445,7782,1899,340.0,1916.0,20200727.tif
2972,10457,10321,1577,341.0,1602.0,20200727.tif
2973,10461,9860,1205,342.0,1229.0,20200727.tif
2974,10477,10938,711,343.0,717.0,20200727.tif
2975,10530,9678,1444,344.0,1457.0,20200727.tif
2976,10539,9760,832,345.0,847.0,20200727.tif
2977,10583,9648,1728,346.0,1758.0,20200727.tif
2978,10617,10567,1073,347.0,1091.0,20200727.tif
2979,10775,10551,857,351.0,871.0,20200727.tif
2980,10857,11010,1591,353.0,1618.0,20200727.tif
2981,10890,10850,1325,354.0,1351.0,20200727.tif
2982,10893,11079,568,355.0,584.0,20200727.tif
2983,10995,2328,115,356.0,135.0,20200727.tif
2984,11053,8295,1054,357.0,1076.0,20200727.tif
2985,11535,7406,500,360.0,518.0,20200727.tif
2986,11771,5462,1269,362.0,1285.0,20200727.tif
2987,11997,4988,672,366.0,694.0,20200727.tif
2988,12090,8002,256,371.0,272.0,20200727.tif
2989,12161,140,571,373.0,582.0,20200727.tif
2990,12189,108,606,375.0,613.0,20200727.tif
2991,12209,3766,214,376.0,222.0,20200727.tif
2992,12419,5828,1109,377.0,1127.0,20200727.tif
2993,12691,6098,1950,384.0,1980.0,20200727.tif
2994,12851,6060,1480,387.0,1508.0,20200727.tif
2995,13009,4666,258,394.0,273.0,20200727.tif
2996,13025,5426,2449,395.0,2462.0,20200727.tif
2997,13067,10256,1172,397.0,1178.0,20200727.tif
2998,13116,10321,347,400.0,356.0,20200727.tif
2999,13137,10242,310,401.0,322.0,20200727.tif
3000,13167,11526,1965,403.0,1972.0,20200727.tif
3001,13189,10426,196,404.0,212.0,20200727.tif
3002,13195,8388,1042,405.0,1048.0,20200727.tif
3003,13197,10346,387,406.0,396.0,20200727.tif
3004,13239,5526,226,408.0,231.0,20200727.tif
3005,13249,10520,2117,409.0,2145.0,20200727.tif
3006,13373,10417,272,412.0,282.0,20200727.tif
3007,13387,10244,805,413.0,822.0,20200727.tif
3008,13391,10464,595,414.0,603.0,20200727.tif
3009,13415,10173,604,415.0,614.0,20200727.tif
3010,13425,10410,1204,416.0,1222.0,20200727.tif
3011,13551,10235,710,419.0,731.0,20200727.tif
3012,13573,10428,1133,420.0,1151.0,20200727.tif
3013,13593,10526,864,421.0,872.0,20200727.tif
3014,13635,9978,436,423.0,452.0,20200727.tif
3015,13787,9019,642,427.0,651.0,20200727.tif
3016,13787,9066,898,428.0,913.0,20200727.tif
3017,13859,7446,217,430.0,226.0,20200727.tif
3018,13891,9820,305,431.0,315.0,20200727.tif
3019,14232,10449,963,433.0,986.0,20200727.tif
3020,14287,9518,234,435.0,252.0,20200727.tif
3021,14317,8962,260,438.0,272.0,20200727.tif
3022,14321,8458,168,439.0,184.0,20200727.tif
3023,14381,7566,1204,442.0,1222.0,20200727.tif
3024,14432,10711,548,443.0,576.0,20200727.tif
3025,14599,7662,958,448.0,982.0,20200727.tif
3026,14667,10294,976,450.0,986.0,20200727.tif
3027,14699,11944,330,451.0,335.0,20200727.tif
3028,14725,7609,1475,452.0,1482.0,20200727.tif
3029,14799,8214,817,455.0,828.0,20200727.tif
3030,14809,9622,1278,456.0,1284.0,20200727.tif
3031,14813,10212,1963,457.0,1981.0,20200727.tif
3032,14876,7896,130,462.0,137.0,20200727.tif
3033,14917,11650,1574,467.0,1590.0,20200727.tif
3034,15055,11766,344,470.0,360.0,20200727.tif
3035,15113,7282,122,471.0,136.0,20200727.tif
3036,15264,12071,1198,473.0,1211.0,20200727.tif
3037,15369,12358,176,475.0,188.0,20200727.tif
3038,15445,10998,1700,478.0,1716.0,20200727.tif
3039,15551,12192,476,482.0,488.0,20200727.tif
3040,15707,10050,71574,486.0,71640.0,20200727.tif
3041,15889,12703,735,490.0,739.0,20200727.tif
3042,15931,11530,2048,491.0,2065.0,20200727.tif
3043,15969,7722,104,493.0,112.0,20200727.tif
3044,16039,11360,1132,494.0,1156.0,20200727.tif
3045,16097,8748,159,495.0,167.0,20200727.tif
3046,16225,13172,347,497.0,359.0,20200727.tif
3047,16311,14046,800,499.0,808.0,20200727.tif
3048,16357,8382,226,500.0,240.0,20200727.tif
3049,16451,13616,737,502.0,748.0,20200727.tif
3050,16569,9014,571,505.0,595.0,20200727.tif
3051,16695,14186,1150,510.0,1159.0,20200727.tif
3052,16849,14265,651,512.0,663.0,20200727.tif
3053,16881,10898,173,513.0,188.0,20200727.tif
3054,16935,10966,303,514.0,324.0,20200727.tif
3055,17869,14112,136,517.0,142.0,20200727.tif
2030,3807,3662,12660,68.0,12680.0,20210717.tif
2079,5675,11522,25317,145.0,25322.0,20210717.tif
2350,4969,4900,711,110.0,721.0,20210717.tif
2351,4989,4950,741,111.0,752.0,20210717.tif
2460,5065,6121,1891,119.0,1917.0,20210717.tif
2473,8911,11462,8903,287.0,8909.0,20210717.tif
2515,4682,4966,443,98.0,452.0,20210717.tif
2518,4790,7014,8975,103.0,9000.0,20210717.tif
2522,4942,12904,10914,108.0,10934.0,20210717.tif
2525,5082,12242,48042,121.0,48060.0,20210717.tif
2536,5837,6310,462,150.0,474.0,20210717.tif
2538,5837,6310,462,150.0,474.0,20210717.tif
2540,5879,6078,369,155.0,381.0,20210717.tif
2541,5971,6480,431,159.0,451.0,20210717.tif
2543,6026,12486,7069,165.0,7096.0,20210717.tif
2561,6573,6765,428,184.0,447.0,20210717.tif
2564,6573,6765,428,184.0,447.0,20210717.tif
2566,6803,7276,514,194.0,530.0,20210717.tif
2570,7173,6965,483,206.0,495.0,20210717.tif
2580,7725,12606,8151,226.0,8200.0,20210717.tif
2586,8105,12574,7505,246.0,7513.0,20210717.tif
2596,8839,12526,9984,284.0,9996.0,20210717.tif
2598,9038,11567,4821,292.0,4843.0,20210717.tif
2600,9213,11298,5282,302.0,5309.0,20210717.tif
2694,13607,9371,819,410.0,847.0,20210717.tif
2727,15852,12848,19080,497.0,19124.0,20210717.tif
2730,16529,13970,5999,513.0,6015.0,20210717.tif
2756,3041,842,306,37.0,320.0,20210717.tif
2760,3291,878,1592,47.0,1621.0,20210717.tif
2761,3291,878,1592,47.0,1621.0,20210717.tif
2783,6011,6307,236,162.0,246.0,20210717.tif
2789,6637,6946,222,189.0,232.0,20210717.tif
2808,8810,12642,415,282.0,438.0,20210717.tif
2812,9553,6988,466,325.0,474.0,20210717.tif
2813,9553,6988,466,325.0,474.0,20210717.tif
2819,12050,46,669,379.0,680.0,20210717.tif
2820,12083,16,455,380.0,467.0,20210717.tif
2835,15747,8700,395,493.0,411.0,20210717.tif
2842,953,7802,2188,6.0,2204.0,20210717.tif
2856,2665,6732,397,26.0,410.0,20210717.tif
2857,3041,842,306,37.0,320.0,20210717.tif
2859,3041,842,306,37.0,320.0,20210717.tif
2860,3089,772,1100,39.0,1130.0,20210717.tif
2861,3083,848,832,38.0,838.0,20210717.tif
2863,3187,842,1824,41.0,1846.0,20210717.tif
2865,3479,5352,189,51.0,202.0,20210717.tif
2870,4317,2330,334,93.0,354.0,20210717.tif
2872,4313,12041,18921,92.0,18925.0,20210717.tif
2874,4921,4644,335,107.0,356.0,20210717.tif
2877,5043,4908,307,116.0,325.0,20210717.tif
2878,5101,4856,430,123.0,449.0,20210717.tif
2880,5313,11104,392,131.0,407.0,20210717.tif
2881,5327,5834,562,132.0,572.0,20210717.tif
2884,6150,13463,5202,172.0,5244.0,20210717.tif
2893,6547,6938,357,183.0,367.0,20210717.tif
2894,6587,6690,498,186.0,515.0,20210717.tif
2895,6635,6826,466,188.0,479.0,20210717.tif
2900,6965,11642,4777,197.0,4809.0,20210717.tif
2903,7063,13366,4160,199.0,4176.0,20210717.tif
2904,7071,11872,1188,201.0,1196.0,20210717.tif
2906,7071,11872,1188,201.0,1196.0,20210717.tif
2914,7502,13214,4657,220.0,4718.0,20210717.tif
2915,7573,12886,3150,222.0,3153.0,20210717.tif
2918,7861,6534,648,231.0,660.0,20210717.tif
2919,7911,10282,5646,235.0,5692.0,20210717.tif
2920,7986,6979,333,238.0,340.0,20210717.tif
2921,8161,7062,538,251.0,548.0,20210717.tif
2925,8663,11837,1825,273.0,1846.0,20210717.tif
2926,8663,11837,1825,273.0,1846.0,20210717.tif
2938,9342,12026,1977,311.0,1994.0,20210717.tif
2939,9333,11576,3261,309.0,3276.0,20210717.tif
2943,9446,10472,7337,316.0,7384.0,20210717.tif
2945,9505,11786,2504,320.0,2514.0,20210717.tif
2946,9545,9920,6996,323.0,7016.0,20210717.tif
2947,9625,11948,3251,328.0,3269.0,20210717.tif
2949,9671,14286,331,330.0,355.0,20210717.tif
2950,9665,9964,4152,329.0,4173.0,20210717.tif
2951,9673,11818,4624,331.0,4644.0,20210717.tif
2955,9671,14286,331,330.0,355.0,20210717.tif
2958,9887,8254,500,338.0,509.0,20210717.tif
2959,9888,9655,6255,340.0,6272.0,20210717.tif
2973,10465,9854,940,360.0,954.0,20210717.tif
2974,10454,10922,2826,359.0,2843.0,20210717.tif
2979,10770,10618,2474,366.0,2496.0,20210717.tif
2981,10869,10826,5306,368.0,5320.0,20210717.tif
2984,11058,8312,1035,373.0,1060.0,20210717.tif
2989,12159,144,525,382.0,540.0,20210717.tif
2990,12191,114,434,385.0,448.0,20210717.tif
2993,12671,6080,5259,390.0,5273.0,20210717.tif
2998,13175,10328,2858,396.0,2876.0,20210717.tif
3003,13175,10328,2858,396.0,2876.0,20210717.tif
3004,13241,5530,182,398.0,200.0,20210717.tif
3007,13363,10223,4195,400.0,4201.0,20210717.tif
3009,13405,10162,1895,402.0,1901.0,20210717.tif
3011,13525,10214,4249,407.0,4263.0,20210717.tif
3012,13551,10408,4167,409.0,4174.0,20210717.tif
3017,13857,7442,389,417.0,403.0,20210717.tif
3018,13893,9820,168,419.0,184.0,20210717.tif
3019,14215,10432,3412,425.0,3442.0,20210717.tif
3022,14315,8452,437,430.0,441.0,20210717.tif
3026,14659,10286,2259,445.0,2282.0,20210717.tif
3027,14683,11926,1894,447.0,1911.0,20210717.tif
3035,15113,7282,190,472.0,201.0,20210717.tif
3037,15346,12280,8705,484.0,8738.0,20210717.tif
3045,16089,8746,310,506.0,332.0,20210717.tif
3046,16207,13154,2100,509.0,2124.0,20210717.tif
3056,795,7262,528,1.0,546.0,20210717.tif
3057,797,7338,1253,2.0,1262.0,20210717.tif
3058,849,7424,639,4.0,651.0,20210717.tif
3059,1181,8322,676,10.0,692.0,20210717.tif
3060,1285,3069,184,11.0,193.0,20210717.tif
3061,1477,6631,2666,12.0,2691.0,20210717.tif
3062,2175,3301,255,16.0,265.0,20210717.tif
3063,2303,2342,267,17.0,292.0,20210717.tif
3064,2431,9766,239,20.0,256.0,20210717.tif
3065,2587,6973,252,23.0,259.0,20210717.tif
3066,2655,1458,141,25.0,155.0,20210717.tif
3067,2747,1458,857,28.0,879.0,20210717.tif
3068,2759,1252,393,29.0,411.0,20210717.tif
3069,2801,1028,173,30.0,188.0,20210717.tif
3070,3029,8428,610,35.0,626.0,20210717.tif
3071,3227,4346,316,43.0,325.0,20210717.tif
3072,3231,1108,142,44.0,160.0,20210717.tif
3073,3249,4524,292,46.0,308.0,20210717.tif
3074,3553,1776,126,54.0,136.0,20210717.tif
3075,3563,6202,345,56.0,353.0,20210717.tif
3076,3583,4324,118,59.0,123.0,20210717.tif
3077,3653,5026,440,61.0,459.0,20210717.tif
3078,3745,5690,165,64.0,183.0,20210717.tif
3079,3787,1528,321,67.0,334.0,20210717.tif
3080,3829,6662,137,69.0,160.0,20210717.tif
3081,3859,1510,240,71.0,246.0,20210717.tif
3082,3929,11504,1006,73.0,1014.0,20210717.tif
3083,4045,2728,130,77.0,148.0,20210717.tif
3084,4151,13302,146,85.0,156.0,20210717.tif
3085,4175,13258,222,86.0,228.0,20210717.tif
3086,4273,5014,245,89.0,256.0,20210717.tif
3087,4535,5964,174,95.0,185.0,20210717.tif
3088,4607,2352,202,96.0,224.0,20210717.tif
3089,4647,2386,126,97.0,144.0,20210717.tif
3090,4717,6137,440,100.0,448.0,20210717.tif
3091,4777,9538,1237,102.0,1254.0,20210717.tif
3092,4798,10790,676,104.0,688.0,20210717.tif
3093,4891,4364,334,106.0,344.0,20210717.tif
3094,4955,10794,122,109.0,142.0,20210717.tif
3095,5027,10867,392,114.0,396.0,20210717.tif
3096,5055,5734,222,117.0,232.0,20210717.tif
3097,5061,4964,188,118.0,196.0,20210717.tif
3098,5119,4969,218,124.0,231.0,20210717.tif
3099,5123,5018,139,125.0,145.0,20210717.tif
3100,5135,4884,325,126.0,343.0,20210717.tif
3101,5249,4356,294,129.0,308.0,20210717.tif
3102,5359,3204,360,134.0,378.0,20210717.tif
3103,5453,6201,350,136.0,359.0,20210717.tif
3104,5459,10518,381,137.0,391.0,20210717.tif
3105,5533,6006,547,139.0,557.0,20210717.tif
3106,5639,6402,453,142.0,467.0,20210717.tif
3107,5647,5930,307,143.0,317.0,20210717.tif
3108,5794,6245,414,147.0,420.0,20210717.tif
3109,5934,4810,137,157.0,144.0,20210717.tif
3110,5939,6468,156,158.0,164.0,20210717.tif
3111,5973,6102,250,160.0,259.0,20210717.tif
3112,6007,6190,198,161.0,209.0,20210717.tif
3113,6015,12002,914,163.0,925.0,20210717.tif
3114,6029,6238,382,166.0,393.0,20210717.tif
3115,6055,7252,1249,167.0,1254.0,20210717.tif
3116,6068,6381,340,168.0,348.0,20210717.tif
3117,6143,13376,1243,171.0,1263.0,20210717.tif
3118,6255,3292,266,174.0,276.0,20210717.tif
3119,6337,11504,1840,175.0,1865.0,20210717.tif
3120,6385,9262,1459,177.0,1479.0,20210717.tif
3121,6441,9234,569,178.0,601.0,20210717.tif
3122,6482,12386,3631,182.0,3651.0,20210717.tif
3123,6733,7161,346,190.0,352.0,20210717.tif
3124,7009,5214,296,198.0,305.0,20210717.tif
3125,7067,6240,263,200.0,276.0,20210717.tif
3126,7093,6264,184,202.0,200.0,20210717.tif
3127,7123,7570,117,204.0,127.0,20210717.tif
3128,7161,7568,264,205.0,268.0,20210717.tif
3129,7173,7502,212,207.0,217.0,20210717.tif
3130,7237,7164,253,209.0,264.0,20210717.tif
3131,7328,6360,197,213.0,205.0,20210717.tif
3132,7413,11098,1444,217.0,1454.0,20210717.tif
3133,7633,12875,257,223.0,270.0,20210717.tif
3134,7697,6984,143,225.0,164.0,20210717.tif
3135,7775,11740,902,229.0,910.0,20210717.tif
3136,7943,8699,102,236.0,111.0,20210717.tif
3137,8001,6942,164,239.0,176.0,20210717.tif
3138,8033,6962,258,240.0,271.0,20210717.tif
3139,8045,6995,198,242.0,213.0,20210717.tif
3140,8049,6874,114,243.0,120.0,20210717.tif
3141,8113,7160,126,247.0,144.0,20210717.tif
3142,8125,7104,188,248.0,211.0,20210717.tif
3143,8193,7014,182,253.0,192.0,20210717.tif
3144,8223,6900,154,255.0,160.0,20210717.tif
3145,8393,7080,241,264.0,251.0,20210717.tif
3146,8511,7094,254,267.0,268.0,20210717.tif
3147,8609,7602,364,272.0,373.0,20210717.tif
3148,8745,1011,1031,278.0,1048.0,20210717.tif
3149,8795,6170,353,281.0,369.0,20210717.tif
3150,8875,6209,285,285.0,293.0,20210717.tif
3151,9065,7352,599,294.0,612.0,20210717.tif
3152,9074,12486,1072,295.0,1088.0,20210717.tif
3153,9079,7242,228,296.0,239.0,20210717.tif
3154,9157,7322,159,299.0,176.0,20210717.tif
3155,9189,6644,154,301.0,164.0,20210717.tif
3156,9218,12162,1406,303.0,1436.0,20210717.tif
3157,9275,7138,166,306.0,179.0,20210717.tif
3158,9378,10386,3473,313.0,3528.0,20210717.tif
3159,9487,6582,256,317.0,274.0,20210717.tif
3160,9493,1874,203,318.0,221.0,20210717.tif
3161,9493,6335,307,319.0,322.0,20210717.tif
3162,9515,7442,174,321.0,188.0,20210717.tif
3163,9553,6560,345,324.0,356.0,20210717.tif
3164,9569,11810,1158,327.0,1167.0,20210717.tif
3165,9741,11516,8374,333.0,8397.0,20210717.tif
3166,9835,14336,203,336.0,212.0,20210717.tif
3167,9875,2864,248,337.0,251.0,20210717.tif
3168,9889,2082,178,339.0,186.0,20210717.tif
3169,9915,2144,324,341.0,340.0,20210717.tif
3170,10003,14390,656,343.0,679.0,20210717.tif
3171,10174,10408,704,349.0,709.0,20210717.tif
3172,10209,7760,176,350.0,192.0,20210717.tif
3173,10427,8720,424,357.0,442.0,20210717.tif
3174,10427,9788,126,358.0,144.0,20210717.tif
3175,10547,14628,1655,362.0,1675.0,20210717.tif
3176,10635,10769,3064,363.0,3072.0,20210717.tif
3177,10671,14794,685,364.0,691.0,20210717.tif
3178,10799,14876,930,367.0,942.0,20210717.tif
3179,10913,1906,270,369.0,281.0,20210717.tif
3180,11039,14970,227,372.0,238.0,20210717.tif
3181,11123,1979,148,375.0,170.0,20210717.tif
3182,11915,5338,180,377.0,188.0,20210717.tif
3183,11915,7804,166,378.0,178.0,20210717.tif
3184,12107,8809,776,381.0,784.0,20210717.tif
3185,12165,6364,186,383.0,197.0,20210717.tif
3186,12183,4760,323,384.0,332.0,20210717.tif
3187,12543,6711,158,388.0,170.0,20210717.tif
3188,12803,6772,202,391.0,221.0,20210717.tif
3189,13105,5504,210,394.0,220.0,20210717.tif
3190,13119,5730,318,395.0,325.0,20210717.tif
3191,13365,5198,291,401.0,305.0,20210717.tif
3192,13429,10582,701,405.0,719.0,20210717.tif
3193,13495,6552,228,406.0,235.0,20210717.tif
3194,14417,8096,121,434.0,133.0,20210717.tif
3195,14439,6610,259,436.0,273.0,20210717.tif
3196,14491,8658,118,439.0,128.0,20210717.tif
3197,14493,8132,260,440.0,276.0,20210717.tif
3198,14727,8346,152,449.0,160.0,20210717.tif
3199,14771,7092,162,451.0,180.0,20210717.tif
3200,14783,8312,134,454.0,144.0,20210717.tif
3201,14821,10106,1123,455.0,1125.0,20210717.tif
3202,14835,8288,120,456.0,132.0,20210717.tif
3203,14873,10790,2819,458.0,2854.0,20210717.tif
3204,14925,7385,239,459.0,250.0,20210717.tif
3205,14943,7161,234,460.0,253.0,20210717.tif
3206,14981,7148,169,463.0,178.0,20210717.tif
3207,14995,10031,2697,465.0,2728.0,20210717.tif
3208,15007,9696,695,466.0,714.0,20210717.tif
3209,15033,10614,2522,469.0,2534.0,20210717.tif
3210,15125,10716,1278,473.0,1300.0,20210717.tif
3211,15163,10799,698,474.0,712.0,20210717.tif
3212,15173,7222,224,475.0,236.0,20210717.tif
3213,15251,7222,118,476.0,126.0,20210717.tif
3214,15257,12302,355,477.0,359.0,20210717.tif
3215,15265,8210,335,478.0,342.0,20210717.tif
3216,15303,7094,196,480.0,212.0,20210717.tif
3217,15349,7096,216,485.0,230.0,20210717.tif
3218,15365,7200,187,486.0,202.0,20210717.tif
3219,15413,9981,1155,487.0,1175.0,20210717.tif
3220,15507,10218,2242,489.0,2265.0,20210717.tif
3221,15591,8248,230,491.0,236.0,20210717.tif
3222,15765,9698,1288,494.0,1306.0,20210717.tif
3223,15805,9583,1841,495.0,1853.0,20210717.tif
3224,15839,10925,2063,496.0,2084.0,20210717.tif
3225,15907,10822,2449,498.0,2483.0,20210717.tif
3226,15915,11374,1612,499.0,1637.0,20210717.tif
3227,15921,8363,328,501.0,348.0,20210717.tif
3228,15931,8927,199,502.0,206.0,20210717.tif
3229,15969,11170,2927,505.0,2956.0,20210717.tif
3230,16099,9734,1647,507.0,1673.0,20210717.tif
3231,16119,10102,2631,508.0,2644.0,20210717.tif
3232,16381,13830,3763,510.0,3783.0,20210717.tif
3233,16421,5696,118,511.0,130.0,20210717.tif
3234,16445,5722,102,512.0,116.0,20210717.tif
3235,16753,14510,2261,515.0,2269.0,20210717.tif
3236,16913,14450,2980,517.0,2989.0,20210717.tif
