Unnamed: 0,beta_pac2_min-max标准化,beta_pac3_min-max标准化,beta_pac4_min-max标准化,beta_pac1_min-max标准化,year,size,X,Y,growth_rate,growth,beta_pac3,beta_pac1,beta_pac2,beta_pac4,class,class_pca,growth_area_1,growth_area_2,growth_area_3,growth_area_4,growth_area_5,dst_xy,dst_x,dst_y,model_row,candidate_pair_count,annual_source_row,end_year,end_size,relative_gain,size_ratio,start_X,start_Y,first_pair_in_row,pair_index,recomputed_relative_gain,endpoint_difference,endpoint_disagrees
0,0.660551797229019,0.433954120785066,0.625454831834546,0.288113664896502,2014,1419,4884,2067,1.03312191684285,1466,-0.0577540706923553,-0.0008300014018659,0.0003205686208743,-0.294184107474709,2,2,41.9094280430042,117.263929270142,145.20853135592,163.511476019515,177.964722458632,"(117.41989514560001, 23.931837406499998)",117.4198951456,23.9318374065,0,1,19,2015,2885,1.0331219168428472,2.033121916842847,4844,2131,True,0,1.0331219168428472,2.886579864025407e-15,False
1,0.750125166435928,0.429468761996233,0.6638656596665,0.282936539809827,2014,1767,4418,2249,0.44878324844369,793,-0.0051734249108546,-0.0091744262918149,0.049700328103534,-0.29649423613123,2,2,121.831140421478,135.000584915168,141.754387909478,147.333078152328,151.523292644624,"(117.41941901786667, 23.931652888833334)",117.4194190178667,23.93165288883333,1,1,28,2015,2560,0.4487832484436899,1.4487832484436898,4382,2303,True,1,0.4487832484436899,1.1102230246251565e-16,False
2,0.825261497288581,0.42696800373583,0.679529913269874,0.277642500469814,2014,940,3978,2409,1.36063829787234,1279,0.038932505600245,-0.0138267607993235,0.0698378028487803,-0.298856534082962,2,2,21.2563710496665,34.252960634764,38.6965084383331,51.0147310606613,59.8312764871602,"(117.4189694552, 23.9314906755)",117.4189694552,23.9314906755,2,1,42,2015,2219,1.3606382978723404,2.3606382978723404,3942,2466,True,2,1.3606382978723404,-4.440892098500626e-16,False
3,0.8463717914772,0.426686536598467,0.67691939120588,0.27165632194293,2014,2904,3934,2761,1.11707988980716,3244,0.0513245023611468,-0.0143503936896423,0.0664817972920089,-0.301527677299802,2,2,54.0344438900257,71.856073340533,85.5108917492239,98.326315663994,106.365695919422,"(117.41892449893334, 23.931133806166667)",117.4189244989333,23.93113380616667,3,1,70,2015,6148,1.1170798898071626,2.1170798898071626,3904,2843,True,3,1.1170798898071626,-2.4424906541753444e-15,False
4,0.906526768841411,0.419733155935958,0.680550943306435,0.267368843054869,2014,2682,3466,2955,1.16703952274422,3130,0.086636198066993,-0.0272862513102129,0.0711504071449046,-0.303440829421436,2,2,118.486696470516,150.924858198164,163.478549142802,172.648556087457,181.399846628156,"(117.41844632773334, 23.930937122499998)",117.4184463277333,23.9309371225,4,1,82,2015,5812,1.1670395227442207,2.1670395227442207,3460,3027,True,4,1.1670395227442207,-6.661338147750939e-16,False
5,0.845844541807893,0.427612362514974,0.667181157950121,0.268113680845308,2014,5682,4040,3009,1.49771207321366,8510,0.0510150004595689,-0.0126280153504343,0.0539626290496792,-0.303108469067892,2,2,81.1886480467537,86.0953491796709,111.53633034809,125.57641254086,135.666578475306,"(117.41903280266668, 23.9308823755)",117.4190328026667,23.9308823755,5,1,88,2015,14192,1.497712073213657,2.4977120732136573,4026,3083,True,5,1.497712073213657,2.886579864025407e-15,False
6,0.816153745679733,0.433100461553008,0.656096012685506,0.266100474822594,2014,4431,4290,3117,0.819905213270142,3633,0.0335861457898364,-0.0024181230391486,0.0397119128351835,-0.304006798709669,2,2,40.2583958196768,63.4608030747023,82.4024279062547,94.5500970637274,104.380213945965,"(117.419288236, 23.9307728815)",117.419288236,23.9307728815,6,1,95,2015,8064,0.8199052132701422,1.819905213270142,4252,3173,True,6,0.8199052132701422,-2.220446049250313e-16,False
7,0.821952148086059,0.431959300246305,0.661813756448236,0.266802393549254,2015,8064,4234,3074,0.598710317460317,4828,0.0369898777888119,-0.0045411047802748,0.047062465471599,-0.303693589633617,2,2,35.965491109963,38.3893969402915,45.1592747119812,49.8377240899452,59.7605228543232,"(117.41923101893333, 23.930816476333334)",117.4192310189333,23.93081647633333,7,1,95,2016,12892,0.5987103174603174,1.5987103174603174,4290,3117,False,7,0.5987103174603174,-4.440892098500626e-16,False
8,0.916582352831954,0.417538875983346,0.670384157431232,0.263992863462763,2014,2858,3494,3169,1.26592022393282,3618,0.0925389468930588,-0.0313684229076509,0.0580803050521937,-0.304947253753278,2,2,35.3760121568613,100.074473234856,125.648651437877,141.99455806872,158.107743662243,"(117.41847493626668, 23.930720162166665)",117.4184749362667,23.93072016216666,8,1,97,2015,6476,1.2659202239328202,2.26592022393282,3486,3229,True,8,1.2659202239328202,-2.220446049250313e-16,False
9,0.916577040053198,0.417874529801201,0.681211136792402,0.265421244560538,2015,6476,3450,3089,1.09651019147622,7101,0.0925358282279876,-0.0307439827671899,0.0719991312518597,-0.304309883774542,2,2,15.3025472913547,38.0599451340401,72.8653212941293,97.6145811081177,114.135137690931,"(117.41842998, 23.93080126883333)",117.41842998,23.93080126883333,9,1,97,2016,13577,1.0965101914762199,2.09651019147622,3494,3169,False,9,1.0965101914762199,2.220446049250313e-16,False
10,0.907917510881704,0.419624164117041,0.669964610126857,0.265253327526247,2016,13577,3550,3093,1.07112628397116,8617,0.0874525803828702,-0.0274890163708003,0.0575409481533458,-0.304384811450877,2,2,5.48012605889345,47.8375768914094,67.2250435093802,82.2828798649447,93.2193990501327,"(117.41853215333335, 23.9307972135)",117.4185321533333,23.9307972135,10,1,97,2017,22194,0.6346762907858879,1.6346762907858878,3450,3089,False,10,0.6346762907858879,0.436449993185272,True
11,0.409582239320927,0.434005340526639,0.53068280167395,0.124671028899625,2015,4852,11134,3349,0.777411376751855,3772,-0.205076221719442,-0.0007347137545323,-0.121515390642684,-0.367115224801874,2,2,83.4061964995413,107.778086430261,117.02095444213,128.430410464972,138.021481042659,"(117.42628097893333, 23.930537672166665)",117.4262809789333,23.93053767216666,11,1,103,2016,8624,0.7774113767518549,1.777411376751855,11126,3411,False,12,0.7774113767518549,1.1102230246251565e-16,False
12,0.32113730689538,0.562733702669418,0.602959715660666,0.207394062098752,2014,839,7218,3439,6.12038140643623,5135,-0.256994461529022,0.238747610776721,-0.0285984495023585,-0.330202682348632,0,2,64.0094992634764,74.7784754126234,85.1661446616454,113.645485937112,130.849731117817,"(117.4222798712, 23.930446427166665)",117.4222798712,23.93044642716666,12,1,104,2015,5974,6.120381406436233,7.120381406436233,7246,3435,True,13,6.120381406436233,-3.552713678800501e-15,False
13,0.909624955878528,0.419447646158856,0.656004390177241,0.259637949588078,2014,10417,3682,3429,0.219256983776519,2284,0.0884548711458986,-0.0278174050043843,0.03959412580281,-0.306890496609141,2,2,23.0750670159047,48.2258246992171,69.2173299285525,92.4553637964303,116.760432723187,"(117.41866702213333, 23.9304565655)",117.4186670221333,23.9304565655,13,1,108,2015,12701,0.21925698377651914,1.2192569837765193,3662,3483,True,15,0.21925698377651914,-1.3877787807814457e-16,False
14,0.783884571664074,0.443345630690029,0.619228776945295,0.259240934148399,2014,4919,4594,3459,1.11547062411059,5487,0.0146437522681678,0.0166416776085769,-0.0076834529092546,-0.3070676522175,2,2,1.54262348306174,25.9398834397118,53.9660975394831,70.6833687320304,82.4295526281569,"(117.41959884293334, 23.9304261505)",117.4195988429333,23.9304261505,14,1,110,2015,10406,1.1154706241105916,2.1154706241105914,4554,3522,True,16,1.1154706241105916,-1.5543122344752192e-15,False
15,0.792300451716811,0.439831563788885,0.627014850305659,0.260680936526489,2015,10406,4522,3397,0.833173169325389,8670,0.0195839751481445,0.0101042145659663,0.0023260795989005,-0.306425096609245,2,2,22.0376841926831,49.1286916672466,58.5753635603026,64.770376426548,73.3133053627974,"(117.41952527813334, 23.930489008166667)",117.4195252781333,23.93048900816667,15,1,110,2016,19076,0.8331731693253892,1.8331731693253892,4594,3459,False,17,0.8331731693253892,-2.220446049250313e-16,False
16,0.742738670443856,0.447403961236063,0.609826745489914,0.258382845674319,2014,2272,4770,3469,1.70158450704225,3866,-0.0095093869581059,0.0241916721606899,-0.0197704106271734,-0.307450547113918,2,2,2.1359948828726,24.0737129439349,36.8937138330676,45.6950431091219,52.5293510720045,"(117.419778668, 23.930416012166667)",117.419778668,23.93041601216667,16,1,111,2015,6138,1.7015845070422535,2.7015845070422535,4734,3523,True,18,1.7015845070422535,-3.552713678800501e-15,False
17,0.975821675453344,0.402801503231285,0.663328520514485,0.256519197915595,2014,3428,2126,3509,0.926487747957993,3176,0.12731314224454,-0.0587853823515427,0.0490097988014514,-0.308282141101123,2,2,32.2693361554969,56.1320713590407,66.2816002463568,73.5212680863125,98.0932086651765,"(117.41707720506668, 23.930375458833332)",117.4170772050667,23.93037545883333,17,1,115,2015,6604,0.926487747957993,1.926487747957993,2128,3597,True,20,0.926487747957993,0.0,False
18,0.40766867495507,0.496437143653539,0.559387085724746,0.229029148800821,2014,2324,6412,3625,2.30507745266781,5357,-0.206199507032834,0.115411511433389,-0.0846140604044673,-0.320548707808708,2,2,9.45459311136131,23.4830308700549,34.555911665369,44.7514889326313,54.0874382156945,"(117.42145635413334, 23.930257854166666)",117.4214563541333,23.93025785416667,18,1,116,2015,7681,2.305077452667814,3.305077452667814,6410,3627,True,21,2.305077452667814,-3.9968028886505635e-15,False
19,0.946778982621691,0.406609219658173,0.678567045395987,0.256166841979906,2014,7217,3222,3570,1.01510322848829,7326,0.11026473201008,-0.0517016226742804,0.0685999700107555,-0.308439368815483,2,2,54.8537639027332,60.9741671386444,90.2752677144997,107.006406901274,117.714645112038,"(117.41819702480001, 23.930313615)",117.4181970248,23.930313615,19,1,118,2015,14543,1.0151032284882915,2.0151032284882917,3235,3653,True,22,1.0151032284882915,-1.5543122344752192e-15,False
20,0.436526525317876,0.322509611225956,0.614926707157943,0.139601442479493,2014,1522,12477,3718,1.43363994743758,2182,-0.189259601552253,-0.20815797296309,-0.0132140593389435,-0.360452999013022,2,2,47.2424101107703,146.443823290121,209.123324354885,260.752770316256,298.855271559323,"(117.4276531668, 23.930163567666668)",117.4276531668,23.93016356766667,20,1,123,2015,3704,1.433639947437582,2.433639947437582,12480,3721,True,23,1.433639947437582,-1.9984014443252818e-15,False
21,0.439984881615558,0.29875604772565,0.625157646770176,0.147247156793478,2014,11336,12890,3717,0.667784050811574,7570,-0.187229504782591,-0.252348379088545,-6.14832074445001e-05,-0.357041340333619,2,0,129.430562435079,165.683079627055,179.741767834293,203.245770414609,220.259398912189,"(117.42807514266667, 23.930164581499998)",117.4280751426667,23.9301645815,21,1,124,2015,18906,0.6677840508115738,1.6677840508115738,12907,3725,True,24,0.6677840508115738,2.220446049250313e-16,False
22,0.439968716327026,0.301687344608884,0.626464056753327,0.148509237726519,2015,18906,12890,3641,0.850629429810642,16082,-0.187238994001517,-0.246895083639097,0.0016179966266267,-0.356478176554213,2,0,20.8497269605885,32.6374567246082,60.5019291207828,75.2988579863688,88.0314718011239,"(117.42807514266667, 23.930241632833333)",117.4280751426667,23.93024163283333,22,1,124,2016,34988,0.8506294298106422,1.850629429810642,12890,3717,False,25,0.8506294298106422,-1.1102230246251565e-16,False
23,0.428710250727746,0.377540701604614,0.581135076129566,0.127286215771417,2014,14376,11842,3733,1.12423483583751,16162,-0.193847848809149,-0.105779808384619,-0.056655523813704,-0.365948280207425,2,2,56.5533437136859,83.9880249449775,102.315361637175,126.459286772018,155.551982288305,"(117.42700436613335, 23.930148360166665)",117.4270043661333,23.93014836016667,23,1,125,2015,30538,1.124234835837507,2.124234835837507,11849,3733,True,26,1.124234835837507,3.1086244689504383e-15,False
24,0.980563310907539,0.40229497661657,0.658870954294164,0.253838242191876,2014,472,1588,3723,1.11864406779661,528,0.130096539323934,-0.059727709039381,0.0432792910185814,-0.309478432969784,2,2,156.572274717772,199.901397274261,222.982283213532,241.552591359544,263.591472739981,"(117.41652751253334, 23.9301584985)",117.4165275125333,23.9301584985,24,1,127,2015,1000,1.11864406779661,2.1186440677966103,1594,3805,True,27,1.11864406779661,0.0,False
25,0.971275189970352,0.405754047543521,0.66581261119542,0.253464538153122,2014,4521,2614,3749,1.0539703605397,4765,0.124644300546962,-0.0532925588322663,0.0522032681245894,-0.309645186601293,2,2,18.4687354385215,21.0559583253338,28.7190166796735,35.3011804837934,44.1082848248979,"(117.41757581093334, 23.930132138833333)",117.4175758109333,23.93013213883333,25,1,128,2015,9286,1.0539703605397035,2.0539703605397035,2605,3809,True,28,1.0539703605397035,-3.552713678800501e-15,False
26,0.975079209188894,0.405205347873791,0.663389281064369,0.252672743175865,2014,2102,2421,3829,1.04852521408183,2204,0.126877305611382,-0.0543133429872819,0.0490879106649192,-0.309998500117275,2,2,29.240451679062,44.1388665445354,52.3137274208041,59.3300050639858,63.9643264151574,"(117.4173786164, 23.930051032166666)",117.4173786164,23.93005103216667,26,1,133,2015,4306,1.0485252140818269,2.0485252140818266,2412,3879,True,30,1.0485252140818269,3.1086244689504383e-15,False
27,0.969572763406583,0.408557341791748,0.668489710339239,0.252063591607517,2014,3019,2778,3829,1.53395163961577,4631,0.123644955664536,-0.0480773955866878,0.0556448630938866,-0.310270314777081,2,2,0.681323825370933,3.81329791633082,14.5439697367105,23.3064728629711,28.7727865182819,"(117.4177433752, 23.930051032166666)",117.4177433752,23.93005103216667,27,1,135,2015,7650,1.5339516396157669,2.5339516396157666,2784,3893,True,31,1.5339516396157669,3.1086244689504383e-15,False
28,0.954664441765461,0.411649559358085,0.654202843702404,0.250166055759837,2014,2252,3278,3941,1.47202486678508,3315,0.114893591432632,-0.0423247281992061,0.0372781139737119,-0.311117030254322,2,2,57.396328970158,59.3797588138395,74.5062570590019,86.0251392737937,93.1427500552489,"(117.41825424186668, 23.92993748283333)",117.4182542418667,23.92993748283333,28,1,141,2015,5567,1.47202486678508,2.47202486678508,3291,4005,True,33,1.47202486678508,0.0,False
29,0.955307139598447,0.409504523983972,0.660615938303819,0.251036405472684,2015,5567,3229,3881,1.09466499012035,6094,0.115270862795761,-0.0463152866825384,0.0455225879106663,-0.310728664167125,2,2,44.3090511926774,54.554790945105,59.4070305401047,62.5458475323306,66.3439595604616,"(117.41820417693334, 23.929998312833334)",117.4182041769333,23.92999831283333,29,1,141,2016,11661,1.094664990120352,2.0946649901203522,3278,3941,False,34,1.094664990120352,-1.9984014443252818e-15,False
30,0.966485004804357,0.412236117110569,0.67146570337208,0.25000918884806,2014,3053,2979,3983,1.6573861775303,5060,0.121832404202422,-0.0412335140199956,0.0594707067030549,-0.311187027162276,2,2,7.37303427977205,13.5847396288003,20.9880893756125,24.6929234356787,36.7263906892452,"(117.41794874360001, 23.929894901833332)",117.4179487436,23.92989490183333,30,1,144,2015,8113,1.657386177530298,2.6573861775302983,3001,4045,True,35,1.657386177530298,1.9984014443252818e-15,False
31,0.968018328482194,0.410577403537302,0.670263182342963,0.25098780519306,2015,8113,2922,3917,1.25687168741526,10197,0.122732483655574,-0.0443193342358767,0.0579247832605717,-0.310750350507863,2,2,13.7869862530231,16.6847952751587,19.1656196895887,22.1012543404209,31.1624668118708,"(117.4178905048, 23.929961814833334)",117.4178905048,23.92996181483333,31,1,144,2016,18310,1.2568716874152595,2.2568716874152597,2979,3983,False,36,1.2568716874152595,4.440892098500626e-16,False
32,0.758771510832968,0.478592323858238,0.569864116104617,0.244158009261419,2014,2770,4842,4025,0.903249097472924,2502,-9.79166870265086e-05,0.0822135521469969,-0.0711451176752473,-0.313797931363207,2,2,77.3095803035421,80.358991920247,89.4629782721563,97.2504129773957,102.373024383001,"(117.41985223280001, 23.929852320833334)",117.4198522328,23.92985232083333,32,1,146,2015,5272,0.9032490974729241,1.9032490974729241,4790,4067,True,37,0.9032490974729241,-1.1102230246251565e-16,False
33,0.966470721943136,0.409917474578796,0.662603604261746,0.250517268372978,2014,3148,2514,4035,1.13278271918678,3566,0.121824019990984,-0.0455470459722633,0.0480778691288608,-0.310960312711561,2,2,15.623714672057,22.5768786276034,27.281840403885,36.092483963672,50.0859229165654,"(117.41747363760001, 23.9298421825)",117.4174736376,23.9298421825,33,1,149,2015,6714,1.1327827191867852,2.1327827191867854,2501,4105,True,38,1.1327827191867852,-5.10702591327572e-15,False
34,0.969296164011813,0.407201259767386,0.66244515249531,0.251198442063934,2015,6714,2475,3985,0.564641048555258,3791,0.123482588490804,-0.050600209285576,0.0478741684913627,-0.310656360452885,2,2,5.03187019057984,11.05838114902,23.2477049920423,31.2970808119801,41.4700400516087,"(117.41743379, 23.929892874166665)",117.41743379,23.92989287416666,34,1,149,2016,10505,0.5646410485552577,1.5646410485552578,2514,4035,False,39,0.5646410485552577,3.3306690738754696e-16,False
35,0.899212264260804,0.447628105421229,0.624701454783265,0.247735024205066,2014,1520,3990,4055,0.268421052631579,408,0.0823424958447214,0.0246086631765023,-0.0006479493645942,-0.312201801351323,2,2,48.856031127759,97.7553993898182,116.602365812086,148.942523098563,171.467031993827,"(117.418981716, 23.929821905833332)",117.418981716,23.92982190583333,35,1,150,2015,1928,0.26842105263157895,1.268421052631579,3950,4109,True,41,0.26842105263157895,5.551115123125783e-17,False
36,0.901666137952113,0.440769077893975,0.629806738409066,0.248942378839826,2015,1928,3934,3993,1.51867219917012,2928,0.0837829492350276,0.0118483372552509,0.0059152436661754,-0.311663057455116,2,2,26.1744535671816,41.6609029015163,88.2735941816008,114.39720644239,136.305482250867,"(117.41892449893334, 23.9298847635)",117.4189244989333,23.9298847635,36,1,150,2016,4856,1.5186721991701244,2.5186721991701244,3990,4055,False,42,1.5186721991701244,-4.440892098500626e-15,False
37,0.311158919325515,0.393506911508911,0.980341240027099,0.105289831575199,2014,1326,8574,4025,1.01734539969834,1349,-0.262851895127056,-0.0760767577267231,0.456551440730187,-0.375763472349936,2,2,204.498851519626,256.237959503192,312.344697249259,348.999564688212,373.919093362621,"(117.4236653416, 23.929852320833334)",117.4236653416,23.92985232083333,37,1,152,2015,2675,1.0173453996983408,2.017345399698341,8548,4125,True,44,1.0173453996983408,-8.881784197001252e-16,False
38,0.966980326435704,0.408388167274903,0.660191490697122,0.24980092108563,2014,2673,2390,4065,0.41638608305275,1113,0.122123163961448,-0.0483921227056458,0.0449769313363436,-0.31127996007739,2,2,37.7912198010437,45.4829236115631,48.917592855217,55.6139964196243,61.0413695755729,"(117.41734694266667, 23.9298117675)",117.4173469426667,23.9298117675,38,1,154,2015,3786,0.4163860830527497,1.4163860830527497,2374,4129,True,46,0.4163860830527497,2.7755575615628914e-16,False
39,0.966801205359064,0.407712968391285,0.661567726965062,0.250705247500508,2016,2637,2449,4023,3.63278705820746,4823,0.122018017733655,-0.0496482421456678,0.0467461776592682,-0.31087643295937,2,2,7.05544356291247,16.1775296223528,28.3823519118628,38.0507508716314,47.3226855031836,"(117.41740722493334, 23.9298543485)",117.4174072249333,23.9298543485,39,1,154,2017,7460,1.8289723170269245,2.8289723170269245,2361,4013,False,48,1.8289723170269245,1.8038147411805356,True
40,0.3605853653974,0.539452234928808,0.542070130333345,0.180047824927638,2015,5910,7142,4141,2.18934010152284,12939,-0.233837976412655,0.195435477225012,-0.10687619690255,-0.342405077515712,0,2,95.0705721335433,101.876730858416,107.167742494626,114.476733580543,119.477325855295,"(117.42220221946667, 23.929734716166667)",117.4222022194667,23.92973471616667,40,1,158,2016,18849,2.1893401015228426,3.1893401015228426,7206,4242,False,50,2.1893401015228426,-2.6645352591003757e-15,False
41,0.953770532612482,0.416889232094069,0.663399519645243,0.248192501190863,2014,1174,2614,4197,1.25042589437819,1468,0.114368856001221,-0.0325770006144729,0.0491010730644173,-0.311997666686447,2,2,37.6544347700471,59.6560981231144,70.0549270216647,78.0630605317519,83.5456592317989,"(117.41757581093334, 23.9296779415)",117.4175758109333,23.9296779415,41,1,159,2015,2642,1.2504258943781943,2.250425894378194,2612,4251,True,51,1.2504258943781943,-4.218847493575595e-15,False
42,0.956372283627968,0.413902501408376,0.662634601838867,0.249053866447311,2015,2642,2561,4139,1.14004542013626,3012,0.115896115160592,-0.0381334234217889,0.0481177186449792,-0.311613309629328,2,2,0.283552419820623,35.0742959277935,47.2881818016447,54.2170554763267,59.855253859208,"(117.41752165906667, 23.92973674383333)",117.4175216590667,23.92973674383333,42,1,159,2016,5654,1.1400454201362604,2.14004542013626,2614,4197,False,52,1.1400454201362604,-4.440892098500626e-16,False
43,0.350549744564836,0.559648989686274,0.820268053657533,0.0496370696469003,2014,1838,9312,4453,3.71871599564744,6835,-0.239729006624722,0.233008904687259,0.250766356453081,-0.400596760708373,2,2,114.358889661977,208.442767250129,241.022066702456,261.647688144773,281.485083274489,"(117.4244193808, 23.929418400166668)",117.4244193808,23.92941840016667,43,1,167,2015,8673,3.7187159956474427,4.718715995647443,9330,4423,True,53,3.7187159956474427,-2.6645352591003757e-15,False
44,0.324225412161124,0.406720287047826,0.898678238376107,0.11346828852527,2014,1145,8266,4357,0.737117903930131,844,-0.255181706571251,-0.0514949962851079,0.351568038711359,-0.372114094084939,2,2,71.722835457062,152.306816881555,203.115608356825,240.703127625636,271.401681879954,"(117.42335064773334, 23.929515728166667)",117.4233506477333,23.92951572816667,44,1,168,2015,1989,0.737117903930131,1.737117903930131,8312,4429,True,54,0.737117903930131,0.0,False
45,0.829758012337841,0.49872057956215,0.569597042988651,0.238847230979495,2014,9060,4498,4393,0.812251655629139,7359,0.0415720140518051,0.119659546056139,-0.0714884585240404,-0.316167698539411,2,2,42.0463048858435,50.170615337154,54.1156770863153,56.4383724153655,68.347280045257,"(117.41950075653334, 23.929479230166667)",117.4195007565333,23.92947923016667,45,1,170,2015,16419,0.812251655629139,1.812251655629139,4470,4445,True,55,0.812251655629139,0.0,False
46,0.839380421877044,0.492940229854977,0.577812106854959,0.240498298725569,2015,16419,4434,4331,0.586637432243133,9632,0.047220484261479,0.108905959500427,-0.0609274292323074,-0.315430961672867,2,2,3.67137889593365,9.992778736838,18.7963072048548,28.4042383813404,36.5007175354576,"(117.41943536560001, 23.929542087833333)",117.4194353656,23.92954208783333,46,1,170,2016,26051,0.5866374322431329,1.586637432243133,4498,4393,False,56,0.5866374322431329,1.1102230246251565e-16,False
47,0.825518877200489,0.497037795674106,0.569974010652511,0.239433978123152,2016,26051,4530,4350,1.70407420394159,10395,0.0390835907062216,0.116528946159703,-0.071003840679937,-0.315905881146939,2,2,3.00322004266198,5.66914192602258,11.8597672501753,16.5521031277176,27.9409563141436,"(117.41953345200001, 23.929522825)",117.419533452,23.929522825,47,1,170,2017,36446,0.39902498944378334,1.3990249894437834,4434,4331,False,57,0.39902498944378334,1.3050492144978065,True
48,0.937914964856447,0.440093837296753,0.651055979455283,0.244595131149803,2014,2811,3101,4434,0.794734969761651,2234,0.105061446899317,0.0105921402125119,0.0332326036731466,-0.313602879518053,2,2,18.2774640684581,18.9484066208092,27.8253152921403,34.0115116474661,49.8560896903488,"(117.41807339506667, 23.929437662999998)",117.4180733950667,23.929437663,48,1,172,2015,5045,0.7947349697616507,1.7947349697616506,3118,4467,True,58,0.7947349697616507,3.3306690738754696e-16,False
49,0.931366252134532,0.459961866853637,0.643459397337493,0.242738244096427,2014,11632,3402,4459,0.81292984869326,9456,0.101217273714757,0.0475540173228633,0.0234666751826725,-0.314431456753896,2,2,2.81036464363614,24.6703149716968,43.6591772814074,53.4558901683829,61.8651558794352,"(117.4183809368, 23.929412317166666)",117.4183809368,23.92941231716667,49,1,175,2015,21088,0.81292984869326,1.81292984869326,3443,4503,True,59,0.81292984869326,0.0,False
50,0.907963387477686,0.495420000358543,0.606517979649185,0.239340468341089,2014,2045,3929,4539,2.1838630806846,4466,0.0874795104968576,0.113519249024296,-0.0240240565552031,-0.315947606935594,2,2,62.1117819747772,83.9338997105651,101.167925418359,116.185299501035,130.776245381125,"(117.41891939026667, 23.9293312105)",117.4189193902667,23.9293312105,50,1,179,2015,6511,2.1838630806845964,3.1838630806845964,3928,4565,True,61,2.1838630806845964,3.552713678800501e-15,False
51,0.91649322283567,0.490260572675036,0.617269582982353,0.240635255615421,2014,3620,3766,4542,1.39640883977901,5055,0.0924866265125194,0.103920806891343,-0.0102021314207726,-0.315369848983747,2,2,55.6575934693518,63.9659639013031,79.7494102541005,95.9903303464383,106.806134436349,"(117.41875284773334, 23.929328168999998)",117.4187528477333,23.929328169,51,1,180,2015,8675,1.3964088397790055,2.3964088397790055,3782,4567,True,62,1.3964088397790055,4.440892098500626e-15,False
52,0.940084047247114,0.433237282783736,0.658376380731238,0.244140504901001,2014,2370,2549,4586,1.70632911392405,4044,0.106334724368551,-0.0021635849883687,0.0426434827071695,-0.313805742131528,2,2,76.883686985046,83.7919610218493,90.5797554153807,98.831843122123,109.796298409956,"(117.41750939826667, 23.92928356033333)",117.4175093982667,23.92928356033333,52,1,183,2015,6414,1.7063291139240506,2.706329113924051,2550,4650,True,63,1.7063291139240506,-6.661338147750939e-16,False
53,0.946293585852839,0.429383864145083,0.656547055944238,0.244632109026598,2015,6414,2493,4530,1.05363267851575,6758,0.109979798264789,-0.0093323676685445,0.0402917599483438,-0.313586379307722,2,2,50.8445242216133,56.7527278976241,60.6735896632735,65.4847560602256,72.1530264814514,"(117.4174521812, 23.929340335)",117.4174521812,23.929340335,53,1,183,2016,13172,1.0536326785157468,2.0536326785157466,2549,4586,False,64,1.0536326785157468,3.1086244689504383e-15,False
54,0.941344707401932,0.431447075358212,0.659798587934791,0.244125292239714,2016,13172,2585,4538,1.91331334981106,7022,0.107074747052058,-0.0054940323623663,0.0444718278278,-0.313812530301447,2,2,13.8405998930171,27.866521263784,39.1959332194178,52.3696655112964,63.2420415732856,"(117.41754618066668, 23.929332224333333)",117.4175461806667,23.92933222433333,54,1,183,2017,20194,0.5331005162465836,1.5331005162465836,2493,4530,False,65,0.5331005162465836,1.3802128335644763,True
55,0.364041751292008,0.514344717385844,0.702837371589236,0.141249409193148,2015,5181,7678,4581,1.39027214823393,7203,-0.231809036293313,0.148726216233025,0.0998011426392533,-0.359717645884312,2,2,41.9860930312906,47.0385138703925,54.2179803189035,62.4542844070035,67.5107185530539,"(117.42274986853334, 23.9292886295)",117.4227498685333,23.9292886295,55,1,184,2016,12384,1.3902721482339317,2.3902721482339317,7722,4675,False,67,1.3902721482339317,-1.7763568394002505e-15,False
56,0.363346389687762,0.5079623941475,0.754695864799309,0.137189523731108,2016,12384,7758,4617,1.93954079685385,8318,-0.232217221924005,0.136852736452919,0.166468800338528,-0.361529241623459,2,2,7.46667914403405,15.6217732233769,18.7444168165929,20.5457026233716,24.9520767612755,"(117.42283160720001, 23.9292521315)",117.4228316072,23.9292521315,56,1,184,2017,20702,0.6716731266149871,1.6716731266149871,7678,4581,False,68,0.6716731266149871,1.267867670238863,True
57,0.822579923660816,0.5128071995335,0.555719731650204,0.234204288497822,2014,2434,4502,4625,2.96220213640099,7210,0.0373583896067648,0.145865864845355,-0.0893286961558989,-0.318239465069661,2,2,31.0486877919608,52.280227819651,66.7714803508639,92.0817158161539,109.082673881145,"(117.41950484346667, 23.929244020833334)",117.4195048434667,23.92924402083333,57,1,185,2015,9644,2.962202136400986,3.962202136400986,4490,4681,True,69,2.962202136400986,3.9968028886505635e-15,False
58,0.832632694894617,0.509113826311282,0.563657770703059,0.235909546243524,2015,9644,4430,4563,1.09653670676068,10575,0.0432594873107707,0.138994825783758,-0.0791238013041446,-0.317478547626264,2,2,25.3474298342409,46.5123462444348,59.1674888016582,69.2279620554513,77.3722731294596,"(117.41943127866668, 23.9293068785)",117.4194312786667,23.9293068785,58,1,185,2016,20219,1.0965367067606802,2.09653670676068,4502,4625,False,70,1.0965367067606802,-2.220446049250313e-16,False
59,0.915192203847739,0.482115246132405,0.635069755629978,0.240888020745537,2014,2984,3406,4659,1.25770777479893,3753,0.0917229127082371,0.088767489455891,0.0126812140758404,-0.31525706052284,2,2,28.7248091228437,29.9269678073034,56.2885324739206,77.4086810627001,96.5432399053857,"(117.41838502373334, 23.929209550499998)",117.4183850237333,23.9292095505,59,1,186,2015,6737,1.2577077747989276,2.2577077747989276,3434,4695,True,71,1.2577077747989276,2.4424906541753444e-15,False
60,0.862436229922613,0.508202591255981,0.575012378911582,0.236115594239706,2014,5174,4242,4638,1.31812910707383,6820,0.0607545210715721,0.137299591838377,-0.0645266719527637,-0.317386605211771,2,2,65.0816866894649,67.0047043781236,90.3838157743675,102.330744901855,112.390847751593,"(117.4192391928, 23.929230841)",117.4192391928,23.929230841,60,1,187,2015,11994,1.3181291070738308,2.3181291070738306,4226,4697,True,72,1.3181291070738308,-8.881784197001252e-16,False
61,0.875723363934911,0.5051821187584,0.584436364871758,0.237838667880633,2015,11994,4174,4575,0.924795731198933,11092,0.0685542286536116,0.131680396791825,-0.0524114902098088,-0.316617737987479,2,2,25.1566916086784,37.8122764164123,46.4411460251112,54.2394662143035,62.6941195507443,"(117.41916971493333, 23.9292947125)",117.4191697149333,23.9292947125,61,1,187,2016,23086,0.9247957311989328,1.9247957311989328,4242,4638,False,73,0.9247957311989328,2.220446049250313e-16,False
62,0.800145519145292,0.518363360441578,0.544084195923509,0.230505513752808,2014,4572,4646,4742,1.13013998250219,5167,0.0241891241476883,0.15620237738686,-0.104286977142442,-0.319889926549617,2,2,36.763310213051,58.1218296549258,74.8939685311849,94.2003395873936,116.39076322389,"(117.41965197306668, 23.929125402333334)",117.4196519730667,23.92912540233333,62,1,190,2015,9739,1.1301399825021872,2.1301399825021874,4624,4781,True,74,1.1301399825021872,2.886579864025407e-15,False
63,0.443889806094346,0.450104904156204,0.493122737140596,0.186750470607534,2014,1620,6648,4681,0.508024691358025,823,-0.184937267115966,0.0292164241125889,-0.169801435424756,-0.339414233446773,2,2,42.573475119669,78.4235444127902,96.6376174855272,112.114606662159,123.617998406935,"(117.4216974832, 23.929187246166666)",117.4216974832,23.92918724616667,63,1,191,2015,2443,0.5080246913580246,1.5080246913580246,6649,4783,True,75,0.5080246913580246,3.3306690738754696e-16,False
64,0.889535066029716,0.513007311908806,0.603511584377477,0.236340744283252,2014,2451,3766,4869,1.80538555691555,4425,0.0766618640135032,0.146238147813988,-0.0278889843322412,-0.317286139111589,2,2,29.3980171525237,42.7650542505763,62.1059095248134,75.5776352679727,91.3981947755997,"(117.41875284773334, 23.9289966455)",117.4187528477333,23.9289966455,64,1,196,2015,6876,1.8053855569155446,2.8053855569155446,3785,4902,True,76,1.8053855569155446,5.329070518200751e-15,False
65,0.893644990988312,0.508782513773973,0.609825420826155,0.236947016803881,2015,6876,3726,4806,1.00247236765561,6893,0.0790744394290524,0.138378462029412,-0.0197721135734917,-0.317015609135953,2,2,28.5405840640435,36.3255760701816,41.8119665604194,47.9058050922458,56.0508847859654,"(117.41871197840001, 23.929060517)",117.4187119784,23.929060517,65,1,196,2016,13769,1.0024723676556138,2.0024723676556135,3766,4869,False,77,1.0024723676556138,-3.774758283725532e-15,False
66,0.409624424530861,0.713672655512232,0.638137557706382,0.0409005121203457,2015,3675,10450,4950,2.03918367346939,7494,-0.205051458493492,0.519549841826763,0.01662508452133,-0.404495173739456,0,1,29.556029233509,29.8668850036697,34.7946316344758,38.7204795324726,46.0913324236231,"(117.42558211333333, 23.928914525)",117.4255821133333,23.928914525,66,1,202,2016,11169,2.039183673469388,3.039183673469388,10498,5014,False,79,2.039183673469388,2.220446049250313e-15,False
67,0.831817996728176,0.524258539468451,0.560177127815286,0.230027598240166,2014,3826,4310,4959,1.87271301620491,7165,0.0427812496817994,0.167169588911834,-0.0835984069907294,-0.320103181261966,2,2,102.216961764396,111.069154609362,139.333217988857,159.437767134495,175.347366180701,"(117.41930867066667, 23.9289054005)",117.4193086706667,23.9289054005,67,1,203,2015,10991,1.8727130162049137,2.872713016204914,4307,5011,True,80,1.8727130162049137,-3.774758283725532e-15,False
68,0.43077229852991,0.585825124701733,0.58055374259888,0.159140460893182,2014,1783,7310,5027,3.8681996634885,6897,-0.192637401931577,0.281706189080524,-0.0574028680274269,-0.351734328785422,0,2,14.7924830059141,77.9872311446189,116.497483203448,147.528680423385,189.601644643638,"(117.42237387066668, 23.928836459833335)",117.4223738706667,23.92883645983333,68,1,204,2015,8680,3.8681996634885025,4.868199663488502,7326,5015,True,81,3.8681996634885025,-2.6645352591003757e-15,False
69,0.423301479589219,0.576951487049826,0.560830336927022,0.161057034553249,2015,8680,7254,4943,1.17672811059908,10214,-0.197022862564534,0.265197943837958,-0.0827586617769442,-0.350879118285322,0,2,82.9774334969324,94.9325076214312,111.819963059547,125.741872829134,134.582003381462,"(117.4223166536, 23.928921621833332)",117.4223166536,23.92892162183333,69,1,204,2016,18894,1.1767281105990783,2.1767281105990786,7310,5027,False,82,1.1767281105990783,1.5543122344752192e-15,False
70,0.889427299209377,0.511657223897521,0.621256703505515,0.235590602452526,2014,2616,3560,4987,1.95642201834862,5118,0.0765986035929403,0.143726485194481,-0.0050764139193571,-0.317620866225693,2,2,88.8225870684271,108.874621750151,127.503982461558,137.225378800248,144.174062196517,"(117.41854237066667, 23.928877013166666)",117.4185423706667,23.92887701316667,70,1,205,2015,7734,1.9564220183486238,2.956422018348624,3590,5022,True,83,1.9564220183486238,-3.774758283725532e-15,False
71,0.893876303669127,0.501025035778942,0.641642380332388,0.23594414769686,2014,3939,3189,5110,1.01929423711602,4015,0.079210222756646,0.123946686220058,0.0211307749234923,-0.317463107819891,2,2,137.895882968761,150.953867897289,169.513045564846,179.551568034195,191.664752626773,"(117.41816330760001, 23.928752311666667)",117.4181633076,23.92875231166667,71,1,210,2015,7954,1.0192942371160192,2.019294237116019,3234,5147,True,84,1.0192942371160192,8.881784197001252e-16,False
72,0.781274218866865,0.532042457268483,0.552629607607758,0.223185854677039,2014,3804,4598,5111,1.1850683491062,4508,0.0131114437593995,0.181650552529194,-0.0933012630231153,-0.32315609337074,2,2,210.206603123758,237.380162906168,247.754090112678,253.767417051156,258.173855508907,"(117.41960292986667, 23.928751297833333)",117.4196029298667,23.92875129783333,72,1,211,2015,8312,1.185068349106204,2.185068349106204,4574,5153,True,85,1.185068349106204,-3.9968028886505635e-15,False
73,0.84174548239144,0.526316202032721,0.581711705742454,0.230120377392591,2014,3750,3946,5158,2.01866666666667,7570,0.0486088032480301,0.170997601680657,-0.0559142268096526,-0.320061781493724,2,2,48.1750762022424,75.0481900618208,99.4394140105077,121.671742742408,148.415736097083,"(117.41893675973334, 23.928703647666666)",117.4189367597333,23.92870364766667,73,1,212,2015,11320,2.018666666666667,3.018666666666667,3968,5170,True,86,2.018666666666667,3.1086244689504383e-15,False
74,0.855817916820372,0.524029094366494,0.586653945564438,0.231668145207673,2015,11320,3890,5078,0.947879858657244,10730,0.0568694916260883,0.166742736231862,-0.0495606377960841,-0.319371138960774,2,2,62.2566542780495,70.6953440828268,80.7879186009275,87.6054960253383,94.2834679353179,"(117.41887954266667, 23.928784754333332)",117.4188795426667,23.92878475433333,74,1,212,2016,22050,0.9478798586572438,1.947879858657244,3946,5158,False,87,0.9478798586572438,2.220446049250313e-16,False
75,0.772832530521841,0.532695133217402,0.561604154415825,0.221881173639927,2014,4225,4506,5238,1.68686390532544,7127,0.0081560711012356,0.182864770987433,-0.0817638662039936,-0.323738266101935,2,2,255.189098254933,260.728230991604,268.754303858658,273.776529237117,279.206507314665,"(117.4195089304, 23.928622541)",117.4195089304,23.928622541,75,1,216,2015,11352,1.6868639053254437,2.6868639053254437,4508,5283,True,88,1.6868639053254437,-3.774758283725532e-15,False
76,0.868659493978496,0.514205727831223,0.626548926164186,0.231896110809022,2014,2259,3322,5265,1.56042496679947,3525,0.064407651972245,0.148467644298509,0.0017271020880861,-0.319269416506794,2,2,72.5468518405157,152.51249898717,180.579673434905,197.102402866037,208.945968004615,"(117.41829919813334, 23.9285951675)",117.4182991981333,23.9285951675,76,1,217,2015,5784,1.5604249667994687,2.5604249667994687,3366,5287,True,89,1.5604249667994687,1.3322676295501878e-15,False
77,0.695639539910396,0.518596166743997,0.550253801316775,0.212619060263934,2014,5224,4994,5277,1.84035222052067,9614,-0.0371571434411289,0.156635483141804,-0.0963555253196587,-0.327871191841917,2,2,70.3964673489896,70.8855911483581,101.258512747104,126.965847398918,146.207192640743,"(117.42000753626667, 23.928583001499998)",117.4200075362667,23.9285830015,77,1,218,2015,14838,1.8403522205206737,2.840352220520674,4974,5309,True,90,1.8403522205206737,-3.774758283725532e-15,False
78,0.829033583902693,0.527792035608583,0.595598484858689,0.227487485886632,2014,2684,3748,5373,0.785022354694486,2107,0.0411467658415409,0.173743197518944,-0.0380618176986458,-0.321236626222333,2,2,10.7599755349115,95.1492113699171,151.894821743375,183.640397770186,203.970407172003,"(117.41873445653334, 23.9284856735)",117.4187344565333,23.9284856735,78,1,221,2015,4791,0.7850223546944859,1.785022354694486,3768,5393,True,91,0.7850223546944859,1.1102230246251565e-16,False
79,0.829584423075059,0.527481721555327,0.603630969898448,0.227379934460236,2014,5505,3642,5442,2.30735694822888,12702,0.0414701150653249,0.173165898704826,-0.0277355060386459,-0.321284617651554,2,2,52.6143297393406,137.770840468069,171.507690568994,194.357837511503,214.173724869063,"(117.4186261528, 23.928415719)",117.4186261528,23.928415719,79,1,225,2015,18207,2.307356948228883,3.307356948228883,3690,5489,True,92,2.307356948228883,-3.1086244689504383e-15,False
80,0.802528725302224,0.526836803175957,0.612534873660951,0.221182755306762,2014,5355,3494,5666,1.65210084033613,8847,0.0255880948447987,0.17196611219272,-0.0162889257104967,-0.324049913237879,2,2,171.75890501684,221.124029234289,237.596462431561,246.199461063025,251.585822692758,"(117.41847493626668, 23.928188620333334)",117.4184749362667,23.92818862033333,80,1,234,2015,14202,1.6521008403361344,2.6521008403361344,3546,5695,True,93,1.6521008403361344,-4.440892098500626e-15,False
81,0.773577037379228,0.528376942903401,0.609017156540591,0.218920588005718,2014,3062,3662,5718,2.08099281515349,6372,0.0085931055870075,0.174831341236978,-0.0208111928715002,-0.325059333991771,2,2,147.356844075011,169.422872915095,192.989207608239,213.474739909364,231.814184584927,"(117.41864658746667, 23.928135901)",117.4186465874667,23.928135901,81,1,238,2015,9434,2.0809928151534947,3.0809928151534947,3710,5742,True,95,2.0809928151534947,-4.440892098500626e-15,False
82,0.791295053412367,0.528220071927841,0.607192900976367,0.221082498697841,2015,9434,3646,5641,0.625291498834005,5899,0.018993794243001,0.174539503251522,-0.0231563987959958,-0.324094649585059,2,2,30.0811078584706,61.3359276656306,72.7800491479157,79.0227336384396,91.4552170909067,"(117.41863023973333, 23.928213966166666)",117.4186302397333,23.92821396616667,82,1,238,2016,15333,0.6252914988340047,1.6252914988340046,3662,5718,False,96,0.6252914988340047,3.3306690738754696e-16,False
83,0.475584591526694,0.625267002224757,0.608196558040438,0.146620229705441,2015,5237,7666,5743,1.6914263891541,8858,-0.166332046605733,0.355082656829054,-0.0218661286502,-0.35732108675801,0,1,42.8458705990816,54.9858206468709,59.5791835843908,63.9051847404314,72.1634982414635,"(117.42273760773334, 23.928110555166665)",117.4227376077333,23.92811055516666,83,1,243,2016,14095,1.691426389154096,2.691426389154096,7710,5834,False,98,1.691426389154096,3.9968028886505635e-15,False
84,0.718059555138435,0.525264701200834,0.624950350712373,0.210216403457274,2014,12906,3618,6011,0.492406632573997,6355,-0.0239963246669876,0.169041421556284,-0.0003279765389804,-0.328943301603209,2,2,129.145815557258,157.215141633049,176.235287709241,191.730774214677,202.173837900909,"(117.4186016312, 23.927838847833332)",117.4186016312,23.92783884783333,84,1,253,2015,19261,0.4924066325739966,1.4924066325739966,3659,6029,True,99,0.4924066325739966,4.440892098500626e-16,False
85,0.413301462716687,0.807013619439469,0.627544475098532,0.0968821749350162,2014,805,8510,6182,8.0944099378882,6516,-0.202892992823551,0.693198528434684,0.0030069486757802,-0.37951512374207,0,1,161.678919317222,177.984662395583,229.459038990884,264.869997093676,294.000254329453,"(117.42359995066667, 23.92766548233333)",117.4235999506667,23.92766548233333,85,1,259,2015,7321,8.094409937888198,9.094409937888198,8537,6181,True,100,8.094409937888198,1.7763568394002505e-15,False
86,0.625649149892463,0.522175748463554,0.643213950474089,0.196952254277999,2014,2004,3788,6305,2.17065868263473,4350,-0.0782423447484632,0.163294827957351,0.0231511363681056,-0.334862009498113,2,2,60.1210410563462,81.5778512124236,118.483406448154,140.624513879358,160.886059877606,"(117.41877532586668, 23.927540780833333)",117.4187753258667,23.92754078083333,86,1,267,2015,6354,2.1706586826347305,3.1706586826347305,3834,6331,True,101,2.1706586826347305,-4.440892098500626e-16,False
87,0.607191973676976,0.524363464112594,0.651750169283793,0.194564544544067,2014,2953,3924,6312,2.23874026413816,6611,-0.0890769293276304,0.167364787524336,0.0341250324152988,-0.335927449599997,2,2,70.6675248352217,93.1347385171956,104.239029306124,117.086292103678,134.514712590173,"(117.41891428160001, 23.927533684)",117.4189142816,23.927533684,87,1,268,2015,9564,2.2387402641381646,3.2387402641381646,3978,6337,True,102,2.2387402641381646,-4.440892098500626e-15,False
88,0.630373279424653,0.525857886222194,0.645641150445903,0.19815737091594,2015,9564,3894,6237,0.869196988707654,8313,-0.0754692238559772,0.170144964904679,0.0262714687740837,-0.334324264237347,2,2,78.6774482975874,82.753663722505,84.5766916885176,87.575865843852,97.0322636354174,"(117.4188836296, 23.927609721499998)",117.4188836296,23.9276097215,88,1,268,2016,17877,0.8691969887076537,1.8691969887076536,3924,6312,False,103,0.8691969887076537,3.3306690738754696e-16,False
89,0.532859285315639,0.584149530636716,0.685860069933688,0.180315891078994,2014,4668,4802,6357,1.83269065981148,8555,-0.132711112024118,0.278588964911884,0.0779756543659157,-0.342285461457045,2,2,100.790391713604,160.138544996625,181.154254294848,195.751565917283,208.040051273319,"(117.41981136346668, 23.9274880615)",117.4198113634667,23.9274880615,89,1,269,2015,13223,1.8326906598114825,2.8326906598114823,4826,6377,True,104,1.8326906598114825,-2.4424906541753444e-15,False
90,0.497255647421506,0.410906274036707,0.493147810036936,0.149450715978695,2014,5459,7138,6442,1.03755266532332,5664,-0.153610875974269,-0.043707513574476,-0.169769202493037,-0.356058071601478,2,2,133.620665119524,153.755293374083,176.247667111461,193.180564074274,213.999403503355,"(117.42219813253334, 23.927401885666665)",117.4221981325333,23.92740188566667,90,1,270,2015,11123,1.0375526653233194,2.0375526653233194,7162,6425,True,105,1.0375526653233194,6.661338147750939e-16,False
91,0.494978227186537,0.667564605664326,0.626001767338483,0.158129834168221,2014,184,5540,6619,4.91304347826087,904,-0.154947749062005,0.433771830102104,0.0010236918067404,-0.3521852890615,0,1,16.7160471837819,39.0613250756145,48.327293862492,65.2493315547184,99.6210798274017,"(117.42056540266667, 23.927222437166666)",117.4205654026667,23.92722243716667,91,1,274,2015,1088,4.913043478260869,5.913043478260869,5606,6693,True,108,4.913043478260869,8.881784197001252e-16,False
92,0.475647847706078,0.458232933108793,0.483597453883759,0.130624398105132,2014,6796,7566,6791,1.62875220718069,11069,-0.166294914467118,0.0443375616383221,-0.182046841805597,-0.364458721709088,2,2,44.8116594421862,105.838999592308,162.409682496333,194.263889671999,225.373561490101,"(117.42263543440001, 23.927048057833332)",117.4226354344,23.92704805783333,92,1,276,2015,17865,1.6287522071806946,2.6287522071806944,7592,6801,True,109,1.6287522071806946,-4.6629367034256575e-15,False
93,0.497060837738426,0.688033534816656,0.58545993874233,0.148689884824798,2014,2407,5802,6822,5.46157041960947,13146,-0.153725231602862,0.471851602519535,-0.0510956156402037,-0.356397568488644,0,1,65.1919324292234,105.932564886817,135.030545760464,156.208064377485,174.300049871904,"(117.42083309680001, 23.927016629)",117.4208330968,23.927016629,93,1,277,2015,15553,5.4615704196094725,6.4615704196094725,5806,6855,True,110,5.4615704196094725,-2.6645352591003757e-15,False
94,0.509430968598214,0.437567064933532,0.460398669072054,0.143229811404477,2014,10488,6902,6841,0.95976353928299,10066,-0.146463815907904,0.0058914098603739,-0.211870474331917,-0.358833953907929,2,2,215.422745719026,237.94645605906,260.102281699256,274.873486824305,288.371400793658,"(117.42195700346667, 23.926997366166667)",117.4219570034667,23.92699736616667,94,1,278,2015,20554,0.9597635392829901,1.9597635392829902,6946,6863,True,111,0.9597635392829901,-1.1102230246251565e-16,False
95,0.508211478131855,0.429457323873565,0.469216985586424,0.145403566755876,2015,20554,6886,6778,0.76739320813467,15773,-0.14717967148879,-0.0091957054268802,-0.200533922294388,-0.357863984195886,2,2,184.361947022364,195.910580177604,209.344069940147,216.392809289179,222.322880966321,"(117.42194065573334, 23.927061237666667)",117.4219406557333,23.92706123766667,95,1,278,2016,36327,0.7673932081346696,1.7673932081346697,6902,6841,False,112,0.7673932081346696,4.440892098500626e-16,False
96,0.507663239162417,0.431673159266012,0.461435060993045,0.143441699271413,2016,36327,6962,6798,1.32126951728975,14191,-0.147501494362161,-0.0050734327456413,-0.210538121277404,-0.358739405635445,2,2,72.3420166207278,107.200527746121,130.394717799778,144.192894570832,153.449386813854,"(117.42201830746667, 23.927040961)",117.4220183074667,23.927040961,96,1,278,2017,50518,0.3906460759214909,1.390646075921491,6886,6778,False,113,0.3906460759214909,0.930623441368259,True
97,0.515046261170976,0.497285399914562,0.597245084136286,0.165068211760494,2014,5131,3437,6993,1.54784642369908,7942,-0.143167571585042,0.116989581547905,-0.0359450011424443,-0.349089257067425,2,2,82.5153653384086,85.9291580659997,109.447598817331,143.343680035254,166.109257813492,"(117.41841669746667, 23.9268432635)",117.4184166974667,23.9268432635,97,1,282,2015,13073,1.547846423699084,2.547846423699084,3496,7029,True,115,1.547846423699084,-3.9968028886505635e-15,False
98,0.529053914108233,0.49968542618427,0.598320847925697,0.170493246597144,2015,13073,3418,6918,0.806318366098065,10541,-0.134944910722272,0.121454517327701,-0.034562032844712,-0.346668506510127,2,2,27.7344975242496,31.2786483693436,37.3225522467223,42.2242577997213,48.0572739106451,"(117.41839728453334, 23.926919300999998)",117.4183972845333,23.926919301,98,1,282,2016,23614,0.8063183660980647,1.8063183660980646,3437,6993,False,116,0.8063183660980647,2.220446049250313e-16,False
99,0.469359873018795,0.497865917048586,0.450041138411546,0.119617561022441,2014,5659,7716,7105,1.42109913412264,8042,-0.169986031287244,0.118069557944498,-0.22518579195766,-0.369370175331839,0,2,118.937653508108,152.569381915301,164.097625311448,187.514202123145,202.674909920429,"(117.42278869440001, 23.926729714166665)",117.4227886944,23.92672971416667,99,1,283,2015,13701,1.4210991341226364,2.4210991341226364,7748,7102,True,117,1.4210991341226364,3.552713678800501e-15,False
100,0.472153679138519,0.487524745245232,0.455160276083254,0.121748619546347,2015,13701,7678,7049,0.52499817531567,7193,-0.168346033470214,0.0988311568600701,-0.218604788598568,-0.36841925773136,2,2,0.627473953334428,18.961923415499,30.0068918984705,35.6398789044966,39.3379438195358,"(117.42274986853334, 23.926786488833333)",117.4227498685333,23.92678648883333,100,1,283,2016,20894,0.5249981753156704,1.5249981753156703,7716,7105,False,118,0.5249981753156704,-4.440892098500626e-16,False
101,0.466771426283612,0.499411908613096,0.458552853904063,0.11939862332094,2016,20894,7746,7070,2.05930428018248,11396,-0.171505480673954,0.120945673568217,-0.214243396609032,-0.369467869370473,0,2,1.95361701113582,3.11782942821982,5.3612611383624,7.5723974411874,12.0358503450838,"(117.4228193464, 23.92676519833333)",117.4228193464,23.92676519833333,101,1,283,2017,32290,0.5454197377237484,1.5454197377237484,7678,7049,False,119,0.5454197377237484,1.5138845424587315,True
102,0.513124725875691,0.688653713557066,0.55587079497579,0.13847844917614,2014,5111,5982,7121,2.48327137546468,12692,-0.144295535929943,0.47300536416076,-0.0891344938669848,-0.360954099327912,0,1,114.041315127438,139.947218525006,169.171784808814,197.874697332886,217.388836888443,"(117.4210170088, 23.926713492833333)",117.4210170088,23.92671349283333,102,1,285,2015,17803,2.483271375464684,3.483271375464684,5980,7141,True,120,2.483271375464684,-3.9968028886505635e-15,False
103,0.452270906434009,0.487461164042169,0.602329654203717,0.142045432473108,2014,1811,3642,7285,1.40750966316952,2549,-0.180017460346154,0.0987128723262459,-0.0294084368147784,-0.359362445621713,2,2,75.8699275273779,80.4932148969001,138.902609252703,173.143495074451,196.253292313248,"(117.4186261528, 23.926547224166665)",117.4186261528,23.92654722416667,103,1,290,2015,4360,1.4075096631695196,2.4075096631695194,3687,7311,True,121,1.4075096631695196,4.440892098500626e-16,False
104,0.41063578854957,0.594200748719428,0.439824203459004,0.104032410259256,2014,1380,8104,7494,2.78550724637681,3844,-0.204457775642274,0.297287944924917,-0.238320364136465,-0.37632455692229,0,2,18.6763214011274,19.7544712841254,31.1675173569804,42.2911243183985,50.2363317721629,"(117.42318512693333, 23.926335333)",117.4231851269333,23.926335333,104,1,297,2015,5224,2.785507246376812,3.785507246376812,8147,7513,True,122,2.785507246376812,-1.7763568394002505e-15,False
105,0.417531220059563,0.58288379970355,0.441934686707448,0.103466322389049,2015,5224,8079,7447,1.08556661562021,5671,-0.200410074356192,0.27623423763143,-0.235607192849029,-0.376577155766085,0,2,26.1190508675957,31.9974507976866,40.6454203117818,47.4661920056844,54.4515340921084,"(117.42315958360001, 23.926382983166665)",117.4231595836,23.92638298316666,105,1,297,2016,10895,1.0855666156202144,2.0855666156202144,8104,7494,False,123,1.0855666156202144,-4.440892098500626e-15,False
106,0.407860502070623,0.593681695350204,0.445935539475507,0.101716403085622,2016,10895,8148,7469,1.69424357017049,6951,-0.206086902207276,0.296322313844491,-0.230463821602863,-0.377358002019896,0,2,0.254375820790075,3.67535465473197,18.8676207386318,27.4960036308835,36.750692477651,"(117.42323008320001, 23.926360678833333)",117.4232300832,23.92636067883333,106,1,297,2017,17846,0.6379990821477742,1.6379990821477741,8079,7447,False,124,0.6379990821477742,1.056244488022716,True
107,0.412363003497808,0.59254093058515,0.437689489265361,0.104660814786535,2017,17846,8074,7502,0.610220777765325,10890,-0.203443879679826,0.294200069817371,-0.241064685969556,-0.376044151237271,0,2,18.8473429344329,22.9076643299822,25.9574772427223,28.0624899931983,32.732025529502,"(117.42315447493334, 23.92632722233333)",117.4231544749333,23.92632722233333,107,1,297,2018,28736,0.6102207777653256,1.6102207777653255,8148,7469,False,125,0.6102207777653256,-5.551115123125783e-16,False
108,0.521722438380424,0.561068566603505,0.376474696771086,0.120887460052698,2014,701,6654,7675,3.2753209700428,2296,-0.139248575212207,0.235649842351115,-0.319760509537136,-0.368803522973325,0,2,47.9073643785318,120.198558496236,162.402310366333,195.665413423128,220.192206368489,"(117.4217036136, 23.926151829166667)",117.4217036136,23.92615182916667,108,1,302,2015,2997,3.275320970042796,4.275320970042796,6642,7679,True,126,3.275320970042796,3.9968028886505635e-15,False
109,0.522306198599659,0.565534006009664,0.383017699953843,0.122534030600198,2015,2997,6606,7623,0.967967967967968,2901,-0.138905900937691,0.243957209828178,-0.311349029189138,-0.368068792839693,0,2,23.6348593198623,24.9380191503554,27.1934211282373,31.6501972463934,34.938306949849,"(117.42165457040001, 23.9262045485)",117.4216545704,23.9262045485,109,1,302,2016,5898,0.9679679679679679,1.967967967967968,6654,7675,False,127,0.9679679679679679,1.1102230246251565e-16,False
110,0.432225096487934,0.613542011369892,0.345641301670854,0.118121074706153,2014,1288,7114,8305,1.84472049689441,2376,-0.19178459204512,0.333269840925157,-0.359398958381414,-0.370037935114628,0,1,37.9849736083909,58.3326509986839,69.6594578637145,98.7810625846409,126.903636141879,"(117.42217361093334, 23.925513114166666)",117.4221736109333,23.92551311416667,110,1,318,2015,3664,1.84472049689441,2.8447204968944098,7102,8327,True,128,1.84472049689441,0.0,False
111,0.447095764261698,0.608080381448995,0.346090099811725,0.117072820610115,2015,3664,7070,8258,0.756550218340611,2772,-0.183055331086536,0.323109190953279,-0.35882199752159,-0.37050568541736,0,1,40.3649439916358,47.1346289300743,62.1639509508981,73.7808263945991,81.757437663732,"(117.42212865466668, 23.925560764333333)",117.4221286546667,23.92556076433333,111,1,318,2016,6436,0.7565502183406113,1.7565502183406114,7114,8305,False,129,0.7565502183406113,-3.3306690738754696e-16,False
112,0.311907682721065,0.663134658079665,0.360209326462651,0.173031946137145,2014,2684,9266,8342,2.6456780923994,7101,-0.262412362002153,0.42553049052886,-0.340670761126631,-0.345535691973205,0,1,41.2364821328159,53.41475516548,63.1911870173428,69.5487778052148,76.6350614699623,"(117.42437238106668, 23.925475602333332)",117.4243723810667,23.92547560233333,112,1,320,2015,9785,2.645678092399404,3.645678092399404,9286,8349,True,130,2.645678092399404,-3.9968028886505635e-15,False
113,0.299471912643213,0.786405533260017,0.409708182858103,0.137364520736724,2014,354,7770,8530,7.11299435028249,2518,-0.269712308708113,0.654859872522,-0.277036578750568,-0.361451154733398,0,1,62.4264585025029,84.0330269290369,120.065728041624,142.731343871447,158.425752608101,"(117.422843868, 23.925285001666666)",117.422843868,23.92528500166667,113,1,329,2015,2872,7.112994350282486,8.112994350282486,7812,8531,True,131,7.112994350282486,3.552713678800501e-15,False
114,0.332119541186422,0.723544479379418,0.284893087102411,0.227226834096124,2014,136,9730,8685,4.27941176470588,582,-0.250547757823897,0.537915082304651,-0.437494963953447,-0.321352933856501,0,1,97.9041272160764,138.996052448526,166.181776000827,192.836829363175,215.03582295438,"(117.42484646533335, 23.925127857499998)",117.4248464653333,23.9251278575,114,1,337,2015,718,4.279411764705882,5.279411764705882,9808,8723,True,134,4.279411764705882,-2.6645352591003757e-15,False
115,0.374169441890483,0.817231142674582,0.567413816046515,0.0977192959281635,2015,3042,6358,9088,1.32314266929651,4025,-0.225863960020554,0.712206897488453,-0.0742951468300154,-0.37914158492219,0,1,109.583645569763,114.768855245578,120.739247316215,124.215454552695,136.87794380315,"(117.42140118053334, 23.924719282666665)",117.4214011805333,23.92471928266666,115,1,358,2016,7067,1.3231426692965154,2.3231426692965154,6409,9147,False,136,1.3231426692965154,-5.329070518200751e-15,False
116,0.364888319608388,0.806131838723965,0.558839218685581,0.100245585395666,2016,7067,6440,9107,1.61325330860596,4723,-0.231312090502756,0.691558090446035,-0.0853183811429014,-0.378014307988402,0,1,27.1291794652989,51.681685645533,65.4029120411738,83.340511826609,94.1504091483838,"(117.42148496266667, 23.92470001983333)",117.4214849626667,23.92470001983333,116,1,358,2017,11790,0.6683175321918777,1.6683175321918777,6358,9088,False,137,0.6683175321918777,0.9449357764140822,True
117,0.389754925070705,0.302168301125861,0.228111142074684,0.069079313222171,2014,1545,2542,9235,1.55275080906149,2399,-0.216715093815245,-0.246000326782358,-0.510492057395264,-0.391921273197767,2,2,276.850902769149,311.654304882351,384.219090031867,437.150136487057,470.73641948707,"(117.41750224613334, 23.924570249166667)",117.4175022461333,23.92457024916667,117,1,364,2015,3944,1.5527508090614888,2.5527508090614885,2601,9286,True,139,1.5527508090614888,1.3322676295501878e-15,False
118,0.216836559705883,0.755451770800698,0.26835781838547,0.26280984975214,2014,785,9453,9386,6.24713375796178,4904,-0.318220255437127,0.597274435533965,-0.458752188499502,-0.305475136280397,0,1,31.2854741083365,41.0618534541685,112.757570242771,152.594015599647,202.935175202449,"(117.42456344520001, 23.924417160333334)",117.4245634452,23.92441716033333,118,1,369,2015,5689,6.247133757961784,7.247133757961784,9471,9389,True,140,6.247133757961784,-3.552713678800501e-15,False
119,0.214668602166709,0.771992097206678,0.274622953113166,0.255414924579261,2015,5689,9391,9318,1.21655827034628,6921,-0.319492872604997,0.628045555046977,-0.450697927150759,-0.308774888221618,0,1,8.55102573101739,19.71956865143,27.4175916302972,36.0288742993781,50.803526272066,"(117.42450009773334, 23.924486101)",117.4245000977333,23.924486101,119,1,369,2016,12610,1.2165582703462823,2.2165582703462823,9453,9386,False,141,1.2165582703462823,-2.220446049250313e-15,False
120,0.10534960661341,0.810149308546185,0.39316556024312,0.181863767071955,2014,271,8260,9489,7.0590405904059,1913,-0.3836644386996,0.69903206895197,-0.298303257238052,-0.341594770653131,0,1,12.3014691915028,50.1392929405771,69.0754977054419,88.676103257311,113.991069520408,"(117.42334451733333, 23.9243127355)",117.4233445173333,23.9243127355,120,1,376,2015,2184,7.059040590405904,8.059040590405903,8292,9487,True,142,7.059040590405904,-4.440892098500626e-15,False
121,0.386495738711266,0.304281517120479,0.247411809233328,0.0698278094876014,2014,1862,2712,9457,0.981203007518797,1827,-0.218628275434055,-0.242068964103585,-0.485679723062916,-0.391587280365236,2,2,184.051047205173,312.166628021911,362.575582059083,412.455632964892,445.192395436775,"(117.41767594080001, 23.924345178166664)",117.4176759408,23.92434517816666,121,1,377,2015,3689,0.981203007518797,1.981203007518797,2757,9499,True,143,0.981203007518797,0.0,False
122,0.167780213732034,0.745854455347806,0.283168694585989,0.261698457085087,2015,6743,9280,9523,1.72178555539078,11610,-0.347016920939654,0.579419882149925,-0.439711789065552,-0.305971060177507,0,1,1.17336731351792,6.29698693436936,43.6276349597805,64.39246015041,84.5490966162453,"(117.42438668533335, 23.924278265166667)",117.4243866853333,23.92427826516667,122,1,384,2016,18353,1.7217855553907757,2.7217855553907757,9342,9597,False,145,1.7217855553907757,4.218847493575595e-15,False
123,0.23561988136923,0.665106852064253,0.271788220542993,0.308965022849184,2014,1065,9852,9815,2.74366197183099,2922,-0.307194219554754,0.429199500154975,-0.454342170725129,-0.284879847151186,0,1,28.7631007621388,131.180998246557,175.51402113804,241.702958185995,292.531357078948,"(117.42497111680001, 23.92398222583333)",117.4249711168,23.92398222583333,123,1,393,2015,3987,2.743661971830986,3.743661971830986,9885,9769,True,146,2.743661971830986,3.9968028886505635e-15,False
124,0.235662807679578,0.679066444068719,0.266221880324839,0.299748969919676,2015,3987,9814,9746,0.999247554552295,3984,-0.307169021293942,0.455169499983212,-0.461498083697732,-0.288992219870799,0,1,3.6142683810066,17.9429806476913,69.8982968921551,96.0620882289975,112.645246626481,"(117.42493229093334, 23.924052180333334)",117.4249322909333,23.92405218033333,124,1,393,2016,7971,0.999247554552295,1.999247554552295,9852,9815,False,147,0.999247554552295,0.0,False
125,0.245903109561448,0.677969595702831,0.269011977905676,0.30073980931236,2016,7971,9878,9737,1.30514336269032,3298,-0.301157840842502,0.453128956687634,-0.457911221470298,-0.288550089067173,0,1,3.10597607127335,4.8411255832984,15.9123978450423,38.4260704994318,56.5246173501241,"(117.42499768186667, 23.924061304833334)",117.4249976818667,23.92406130483333,125,1,393,2017,11269,0.4137498431815331,1.413749843181533,9814,9746,False,148,0.4137498431815331,0.8913935195087869,True
126,0.234009146167046,0.673596122023891,0.268924675532275,0.303682032964538,2017,11269,9822,9779,0.785606531191765,8853,-0.308139740504381,0.44499267944869,-0.458023454672345,-0.287237214632231,0,1,114.979442688534,121.410133566017,127.698792573163,131.333076005412,133.832527224825,"(117.4249404648, 23.92401872383333)",117.4249404648,23.92401872383333,126,1,393,2018,20122,0.785606531191765,1.785606531191765,9878,9737,False,149,0.785606531191765,0.0,False
127,0.382512103475605,0.322096489900129,0.23987886032615,0.0793563161232608,2014,2424,2717,9778,0.641914191419142,1556,-0.220966717262286,-0.208926531296123,-0.495363846687094,-0.387335485041699,2,2,250.127893269199,298.108572425006,348.991566147508,403.695660996086,442.452815969336,"(117.41768104946667, 23.924019737666665)",117.4176810494667,23.92401973766667,127,1,397,2015,3980,0.641914191419142,1.641914191419142,2766,9803,True,150,0.641914191419142,0.0,False
128,0.402329416492537,0.385929473332887,0.208385741990937,0.109926106849815,2014,2899,2825,10502,1.0489824077268,3041,-0.209333716010793,-0.090173592939879,-0.535850415098359,-0.373694680850388,0,2,227.639333747467,243.534165697618,297.137284011077,356.417572079124,413.980738571715,"(117.41779139666667, 23.923285722333333)",117.4177913966667,23.92328572233333,128,1,432,2015,5940,1.0489824077268024,2.048982407726802,2849,10542,True,152,1.0489824077268024,-2.4424906541753444e-15,False
129,0.417196577474711,0.796406986434744,0.199991759298116,0.186014368984904,2015,8377,4574,11038,1.82869762444789,15319,-0.200606513581079,0.6734662714158,-0.546641456840195,-0.339742695561186,0,1,67.0556670950495,109.501468588806,131.096492736376,147.421973397683,160.536360853386,"(117.41957840826667, 23.922742307666667)",117.4195784082667,23.92274230766667,129,1,454,2016,23696,1.828697624447893,2.828697624447893,4612,11142,False,156,1.828697624447893,-2.886579864025407e-15,False
130,0.439482965050989,0.837775543431232,0.196021277191616,0.225848846207152,2014,1423,4782,11401,4.28531271960647,6098,-0.187524135846792,0.750427074980085,-0.551745784513291,-0.321967817456445,0,1,433.777553468503,475.70721761901,521.024499251708,554.135751165523,578.277516931311,"(117.41979092880001, 23.922374286166665)",117.4197909288,23.92237428616667,130,1,461,2015,7521,4.285312719606465,5.285312719606465,4810,11425,True,157,4.285312719606465,4.440892098500626e-15,False
131,0.43300954969674,0.841510491955039,0.19273098246063,0.215618131239168,2015,7521,4742,11310,1.29996011168727,9777,-0.191324108570293,0.757375459466588,-0.555975684560069,-0.32653295108342,0,1,112.262434920853,139.668577759288,175.598876725946,208.38860576527,231.824955712587,"(117.41975005946666, 23.922466545)",117.4197500594667,23.922466545,131,1,461,2016,17298,1.2999601116872757,2.2999601116872754,4782,11401,False,158,1.2999601116872757,-5.551115123125783e-15,False
132,0.355417705915776,0.589931146291368,0.193748532874396,0.268574905357466,2014,828,6263,11527,3.88043478260869,3213,-0.236871454723548,0.289344906597731,-0.554667553558231,-0.302902662187666,0,2,650.20217238795,720.895936800512,804.395185722022,851.772854764792,888.647182494057,"(117.42130411586668, 23.922246543166665)",117.4213041158667,23.92224654316666,132,1,466,2015,4041,3.880434782608696,4.880434782608695,6271,11543,True,160,3.880434782608696,-5.773159728050814e-15,False
133,0.317538955088187,0.551327977585239,0.28157094257098,0.289103748763718,2015,2799,6654,11566,1.82529474812433,5109,-0.259106737347678,0.217528747189425,-0.441765809108005,-0.293742313800474,0,2,63.1224390721806,77.6874890233607,90.0607348599431,102.244545908926,114.605989711774,"(117.4217036136, 23.922207003666667)",117.4217036136,23.92220700366667,133,1,467,2016,7908,1.82529474812433,2.82529474812433,6732,11637,False,162,1.82529474812433,0.0,False
134,0.498047968459435,0.50129016075586,0.1565989084031,0.200410948913681,2014,2647,2792,11953,1.1318473743861,2996,-0.153145773989054,0.124439916652782,-0.60242594942747,-0.333318676188936,0,2,262.825141495206,329.761884158501,355.12609491592,369.796717339287,390.683696751356,"(117.41775767946667, 23.921814650166667)",117.4177576794667,23.92181465016667,134,1,470,2015,5643,1.1318473743860975,2.1318473743860973,2798,11950,True,163,1.1318473743860975,2.4424906541753444e-15,False
135,0.503233353596955,0.517970714174851,0.16831110125425,0.209678160357653,2014,388,2880,12033,3.27319587628866,1270,-0.150101890504815,0.155471910230211,-0.587369120438142,-0.329183475597036,0,2,255.067254631909,309.762900350512,329.570864431003,345.335453666252,367.33824322704,"(117.417847592, 23.9217335435)",117.417847592,23.9217335435,135,1,472,2015,1658,3.2731958762886597,4.27319587628866,2872,12039,True,164,3.2731958762886597,4.440892098500626e-16,False
136,0.497927399625753,0.46967518074206,0.516117335719284,0.446660839623802,2014,11852,6786,12285,0.818680391495106,9703,-0.153216549345527,0.0656243706636528,-0.140240298336445,-0.223437435216264,2,2,375.372032518149,541.545572947578,658.148838658075,756.739669528993,826.244109603044,"(117.4218384824, 23.9214780575)",117.4218384824,23.9214780575,136,1,474,2015,21555,0.8186803914951063,1.8186803914951064,6784,12335,True,166,0.8186803914951063,-3.3306690738754696e-16,False
137,0.51460895732138,0.467373049785832,0.680404762733415,0.615075947329144,2014,10267,7810,12373,1.06136164410246,10897,-0.14342427420791,0.0613415563436724,0.0709624819700466,-0.14828750934282,1,2,215.841982241631,511.154626905132,697.619513951957,802.5941979893,872.517140066853,"(117.42288473733333, 23.921388840166667)",117.4228847373333,23.92138884016667,137,1,476,2015,21164,1.0613616441024643,2.061361644102464,7844,12403,True,167,1.0613616441024643,-4.218847493575595e-15,False
138,0.477423840931099,0.463472599018632,0.666796260359784,0.595814024220647,2015,21164,7762,12286,0.587979587979588,12444,-0.165252385069128,0.054085276523902,0.0534678167399983,-0.156882534536855,1,2,144.144483707002,246.429849848206,286.438222638289,322.852080877482,346.909990890837,"(117.42283569413334, 23.921477043666666)",117.4228356941333,23.92147704366667,138,1,476,2016,33608,0.5879795879795879,1.587979587979588,7810,12373,False,168,0.5879795879795879,1.1102230246251565e-16,False
139,0.516193209793955,0.470893920005898,0.424112713644374,0.41362056480313,2014,7325,6406,12349,1.78511945392491,13076,-0.142494298939295,0.0678916760736126,-0.25851856427823,-0.23818061495496,2,2,573.079500014373,583.570068476188,679.96410668608,742.851918128063,786.007635521224,"(117.42145022373334, 23.921413172166666)",117.4214502237333,23.92141317216667,139,1,477,2015,20401,1.7851194539249147,2.785119453924915,6411,12415,True,169,1.7851194539249147,-4.6629367034256575e-15,False
140,0.504037419700199,0.482356289978501,0.400513186339367,0.391855336734815,2015,20401,6338,12274,0.736091368070193,15017,-0.149629894024902,0.089215920086222,-0.288857378826149,-0.247892660971723,2,2,31.9186800154422,113.583690070876,154.120868580524,186.170757416169,214.351164733761,"(117.42138074586667, 23.921489209666667)",117.4213807458667,23.92148920966667,140,1,477,2016,35418,0.7360913680701926,1.7360913680701926,6406,12349,False,170,0.7360913680701926,4.440892098500626e-16,False
141,0.502689592706483,0.478627523906931,0.426700932972918,0.405324285472499,2016,35418,6446,12286,0.762402371108656,12078,-0.150421084691936,0.0822790372455749,-0.255191230420938,-0.241882567738276,2,2,63.0832700707093,69.263363343607,108.636252498808,128.775074081036,147.970487449128,"(117.42149109306668, 23.921477043666666)",117.4214910930667,23.92147704366667,141,1,477,2017,47496,0.34101304421480605,1.341013044214806,6338,12274,False,171,0.34101304421480605,0.42138932689385,True
142,0.564451441638656,0.453660820902289,0.696036088633363,0.605518936983293,2014,2368,7580,12553,2.7964527027027,6622,-0.114166136036252,0.0358317433321982,0.0910576258891373,-0.152552023547324,1,2,303.600699674442,515.513094254492,661.116313584308,781.799810919476,887.806730935089,"(117.42264973866668, 23.921206350166667)",117.4226497386667,23.92120635016667,142,1,480,2015,8990,2.7964527027027026,3.7964527027027026,7618,12590,True,173,2.7964527027027026,-2.6645352591003757e-15,False
143,0.541856812902688,0.451933686122944,0.683308197896863,0.590673311859523,2015,8990,7538,12483,0.847830923248053,7622,-0.127429455041102,0.0326186343882852,0.0746950474505883,-0.159176415163949,1,2,245.741711309602,366.981412285227,412.546554925645,436.763635744994,456.566218626888,"(117.42260682586667, 23.9212773185)",117.4226068258667,23.9212773185,143,1,480,2016,16612,0.8478309232480534,1.8478309232480534,7580,12553,False,174,0.8478309232480534,-4.440892098500626e-16,False
144,0.615287268803937,0.454182012245158,0.726086368484628,0.626416139694375,2014,3727,7575,12731,2.1330829085055,7950,-0.084324893657473,0.0368013518336833,0.129689326250659,-0.143227306447432,1,2,386.353153805259,509.336292610996,640.716983985657,749.11955387942,876.332081200994,"(117.42264463000001, 23.921025887833334)",117.42264463,23.92102588783333,144,1,483,2015,11677,2.1330829085055005,3.1330829085055005,7618,12772,True,175,2.1330829085055005,-4.440892098500626e-16,False
145,0.591942307692739,0.452281741755204,0.711916004775474,0.612766630556569,2015,11677,7542,12653,0.806457137963518,9417,-0.0980286667971811,0.0332661464865699,0.11147234965226,-0.149317969060134,1,2,323.988950139349,433.205677439751,481.723313983922,506.267528653942,527.841088707741,"(117.42261091280001, 23.921104966833333)",117.4226109128,23.92110496683333,145,1,483,2016,21094,0.806457137963518,1.806457137963518,7575,12731,False,176,0.806457137963518,0.0,False
146,0.635000604045872,0.466003833319152,0.62275044772697,0.525605894151745,2014,6551,6630,12907,1.26148679590902,8264,-0.0727529286113238,0.0587943077283012,-0.0031561030448612,-0.188210696494998,2,2,441.697117011807,543.375069511367,584.432428883701,675.116234503527,729.647381030374,"(117.421679092, 23.920847453166665)",117.421679092,23.92084745316667,146,1,484,2015,14815,1.2614867959090215,2.2614867959090215,6618,12957,True,177,1.2614867959090215,-1.5543122344752192e-15,False
147,0.613651295161575,0.454699635780138,0.582026230381736,0.50522333979252,2015,14815,6542,12831,0.630982112723591,9348,-0.0852852298752406,0.0377643228940283,-0.0555098837658865,-0.197305768012496,2,2,274.732454521135,290.593337101148,331.736623576146,363.110644075665,384.3491312991,"(117.42158917946668, 23.9209245045)",117.4215891794667,23.9209245045,147,1,484,2016,24163,0.630982112723591,1.630982112723591,6630,12907,False,178,0.630982112723591,0.0,False
148,0.627353532358893,0.468081319510301,0.555392409598722,0.499921385576063,2014,6926,6362,12951,1.63167773606699,11301,-0.0772418517276348,0.0626591997688466,-0.089749491152723,-0.199671597728013,2,2,328.01066020007,531.729749933544,606.065233183387,657.119022016409,688.34380336894,"(117.42140526746667, 23.9208028445)",117.4214052674667,23.9208028445,148,1,486,2015,18227,1.6316777360669938,2.631677736066994,6369,13013,True,180,1.6316777360669938,-3.774758283725532e-15,False
149,0.614161191959677,0.454612351503748,0.496525082468543,0.481658874395653,2015,18227,6290,12875,0.703845942832062,12829,-0.0849859143179105,0.037601941884459,-0.165427486633389,-0.207820666895085,2,2,189.775288278522,208.469726598721,242.498689733477,271.479828168767,296.169010493221,"(117.42133170266668, 23.920879895833334)",117.4213317026667,23.92087989583333,149,1,486,2016,31056,0.7038459428320624,1.7038459428320623,6362,12951,False,181,0.7038459428320624,-3.3306690738754696e-16,False
150,0.690570513184416,0.467814053313234,0.786888610132707,0.648070101926847,2014,4590,7494,13055,1.51764705882353,6966,-0.0401327231373667,0.062161985875368,0.207854787347307,-0.133564909297862,1,2,464.855798616048,505.449607187573,605.588393434465,702.623575053389,836.621759419862,"(117.4225618696, 23.920697405833334)",117.4225618696,23.92069740583333,150,1,487,2015,11556,1.5176470588235293,2.5176470588235293,7518,13097,True,182,1.5176470588235293,6.661338147750939e-16,False
151,0.672744299558019,0.489000151485825,0.727328464161145,0.572398591912692,2014,6039,6828,13119,1.78970028150356,10808,-0.0505969250828113,0.101575957696836,0.131286125622679,-0.167330932107673,1,2,475.175940804135,499.873808215772,557.637981408123,676.516704353772,752.155753252571,"(117.4218813952, 23.9206325205)",117.4218813952,23.9206325205,151,1,488,2015,16847,1.78970028150356,2.7897002815035603,6854,13161,True,183,1.78970028150356,0.0,False
152,0.655353283376184,0.477534370600722,0.68888291375032,0.55528264327678,2015,16847,6770,13019,0.941948121327239,15869,-0.0608056608904947,0.08024536812649,0.081861727878102,-0.174968383929946,1,2,364.370437986885,390.339266799898,408.413651784951,422.468254231217,431.996250092252,"(117.42182213466667, 23.920733903833334)",117.4218221346667,23.92073390383333,152,1,488,2016,32716,0.9419481213272393,1.9419481213272394,6828,13119,False,184,0.9419481213272393,-2.220446049250313e-16,False
153,0.860765944589152,0.824308836595219,0.708922303776801,0.826886901446564,2014,909,8666,13739,5.33773377337734,4852,0.0597740434781716,0.725374023708506,0.107623741235795,-0.0537735567765412,1,1,349.385933631398,476.053452951441,669.509429650886,847.980330229008,1027.86972899534,"(117.42375934106667, 23.920003943833333)",117.4237593410667,23.92000394383333,153,1,497,2015,5761,5.337733773377337,6.337733773377337,8700,13767,True,186,5.337733773377337,2.6645352591003757e-15,False
154,0.718780184196579,0.625377476001464,0.736846675833737,0.57462641460654,2014,2910,6322,13737,2.48625429553265,7235,-0.0235733067367521,0.355288178878782,0.143522440995883,-0.166336836550671,1,2,220.934923836902,391.073275348504,533.707474206921,627.709809306588,701.006243585358,"(117.42136439813333, 23.9200059715)",117.4213643981333,23.9200059715,154,1,498,2015,10145,2.486254295532646,3.486254295532646,6303,13783,True,187,2.486254295532646,3.9968028886505635e-15,False
155,0.71356503751797,0.613172215235786,0.690302437725208,0.559860382765209,2015,10145,6238,13647,0.714144898965007,7245,-0.0266346606038051,0.332581883459342,0.0836866235238428,-0.17292571217733,1,2,141.20759593175,159.018626456613,247.267489931785,295.315666328871,354.517405534084,"(117.42127857253334, 23.9200972165)",117.4212785725333,23.9200972165,155,1,498,2016,17390,0.7141448989650074,1.7141448989650074,6322,13737,False,188,0.7141448989650074,-4.440892098500626e-16,False
156,0.745618147485758,0.681693372173884,0.864018272774793,0.638896034768797,2014,353,6800,13961,5.52974504249292,1952,-0.0078190992786677,0.460056557027437,0.307010270455026,-0.137658547192223,1,1,320.922367161897,411.676402236912,637.941440489364,752.811172048023,834.324753421396,"(117.42185278666668, 23.919778872833334)",117.4218527866667,23.91977887283333,156,1,502,2015,2305,5.529745042492918,6.529745042492918,6872,13959,True,189,5.529745042492918,2.6645352591003757e-15,False
157,0.6678670045254,0.779112153128713,0.416665447917691,0.466076317582735,2014,402,4844,13943,8.40298507462687,3378,-0.0534599559674663,0.641291490244304,-0.268092536284142,-0.214773891017105,0,1,311.565442498018,401.195809192597,442.186027221909,466.890236228339,492.823998724923,"(117.41985427626668, 23.919797121833334)",117.4198542762667,23.91979712183333,157,1,503,2015,3780,8.402985074626866,9.402985074626866,4826,13971,True,190,8.402985074626866,3.552713678800501e-15,False
158,0.668532747515351,0.787423652896945,0.428886689168699,0.467660458724045,2014,408,4690,14127,9.71813725490196,3965,-0.0530691568198397,0.65675395128789,-0.252381290585546,-0.214067018035432,0,1,389.395574329124,467.977418158156,511.006765783263,535.011442228937,557.963077553982,"(117.41969692933334, 23.9196105765)",117.4196969293333,23.9196105765,158,1,508,2015,4373,9.718137254901961,10.718137254901961,4674,14163,True,192,9.718137254901961,-1.7763568394002505e-15,False
159,0.690130471325966,0.754168859034121,0.57699606975588,0.515311023711568,2014,4472,5234,14179,2.26431127012522,10126,-0.0403910330043852,0.594887745554273,-0.0619765010163822,-0.192804457476404,1,1,421.755473089437,450.712574133753,524.541881493084,561.802710720298,609.593448977627,"(117.42025275226668, 23.919557857166666)",117.4202527522667,23.91955785716667,159,1,509,2015,14598,2.2643112701252237,3.2643112701252237,5242,14211,True,193,2.2643112701252237,-3.552713678800501e-15,False
160,0.732310412427439,0.707113350560349,0.803019561239492,0.591586533737246,2014,3541,6122,14205,3.33323919796668,11803,-0.0156308999226647,0.507347110656736,0.228592233813298,-0.158768918726414,1,1,333.627074162764,486.583729023752,597.040335124748,687.023456504966,751.739246814154,"(117.42116005146667, 23.9195314975)",117.4211600514667,23.9195314975,160,1,511,2015,15344,3.3332391979666762,4.333239197966676,6102,14243,True,194,3.3332391979666762,3.552713678800501e-15,False
161,0.746806067252431,0.736268463005243,0.862774970514358,0.631883205279315,2014,445,6458,14347,3.13258426966292,1394,-0.0071217760784654,0.561586393935498,0.30541191993644,-0.14078780099539,1,1,495.00317347907,500.881133432048,673.14511858243,792.419516857856,875.763980486216,"(117.42150335386667, 23.919387533166667)",117.4215033538667,23.91938753316667,161,1,512,2015,1839,3.1325842696629214,4.132584269662921,6460,14373,True,195,3.1325842696629214,-1.3322676295501878e-15,False
162,0.807116708169063,0.848067792383239,0.8474686605292,0.770833748819934,2015,6484,7824,14507,1.24737816162862,8088,0.0282812960061348,0.769574461481804,0.285734606316936,-0.0787855068459736,1,1,241.237817274051,305.454965600507,332.242578900109,400.772037252989,453.480581404531,"(117.4228990416, 23.919225319833334)",117.4228990416,23.91922531983333,162,1,517,2016,14572,1.2473781616286244,2.247378161628624,7870,14625,False,197,1.2473781616286244,-4.440892098500626e-15,False
163,0.802750112211487,0.794594999310764,0.869546470133063,0.776055620660088,2014,234,7710,14899,9.2008547008547,2153,0.0257180516250299,0.67009530575409,0.314117148159363,-0.076455411363122,1,1,423.685697512845,582.544919322351,768.264256186327,949.932892280047,1100.34112491447,"(117.422782564, 23.918827897166665)",117.422782564,23.91882789716666,163,1,520,2015,2387,9.2008547008547,10.2008547008547,7706,14935,True,198,9.2008547008547,0.0,False
164,0.800449517520391,0.850655017259247,0.867673475536111,0.766220769190598,2015,2387,7658,14791,1.91244239631336,4565,0.0243675748526325,0.774387655847659,0.311709284858045,-0.0808439033991308,1,1,347.87843280504,389.069281362912,406.69801310976,488.07256785611,549.304674281755,"(117.42272943386668, 23.918937391166665)",117.4227294338667,23.91893739116666,164,1,520,2016,6952,1.912442396313364,2.912442396313364,7710,14899,False,199,1.912442396313364,-3.9968028886505635e-15,False
165,0.767356483126676,0.838122534765867,0.888129368226896,0.699771338758599,2014,508,6791,15008,9.15944881889764,4653,0.0049415653735035,0.75107260709148,0.338006741020491,-0.110494864285812,1,1,563.91654997069,712.947854677615,872.635430624888,990.098517790031,1090.94995212814,"(117.42184359106668, 23.91871738933333)",117.4218435910667,23.91871738933333,165,1,522,2015,5161,9.159448818897637,10.159448818897637,6804,15047,True,201,9.159448818897637,3.552713678800501e-15,False
166,0.806582272189238,0.693550828827102,0.869128772327125,0.793921328211516,2015,7940,7840,15031,1.09093198992443,8662,0.0279675756537927,0.482115808268368,0.313580168917888,-0.0684834032905716,1,1,470.316095116594,515.42298316424,534.410049738369,568.739744150234,602.219338636068,"(117.42291538933334, 23.918694071166666)",117.4229153893333,23.91869407116667,166,1,524,2016,16602,1.0909319899244332,2.0909319899244334,7898,15141,False,203,1.0909319899244332,-3.1086244689504383e-15,False
167,0.774237073918247,0.696487202067869,0.911522040946615,0.753786027530965,2014,1013,7036,15807,6.81638696939783,6905,0.0089805549792573,0.487578547618772,0.368079629780136,-0.0863925143682359,1,1,877.32010800655,1061.29074582807,1129.52014713551,1272.0074111375,1391.23530466607,"(117.42209391573334, 23.917907336499997)",117.4220939157333,23.9179073365,167,1,538,2015,7918,6.816386969397828,7.816386969397828,7034,15868,True,204,6.816386969397828,1.7763568394002505e-15,False
168,0.837826068803431,0.371195899928313,0.848801115370676,0.895715465645152,2014,6463,8906,15797,1.54603125483522,9992,0.0463080602999083,-0.117583484193412,0.28744756860667,-0.0230609825427074,1,0,664.332858830412,873.727019885915,1200.80300411475,1405.90049201864,1606.84475659458,"(117.42400455706667, 23.91791747483333)",117.4240045570667,23.91791747483333,168,1,540,2015,16455,1.5460312548352158,2.5460312548352158,8924,15880,True,205,1.5460312548352158,4.218847493575595e-15,False
169,0.833922183396525,0.382557378267985,0.852198007183537,0.894554057459415,2014,2506,8854,15927,1.4365522745411,3600,0.0440164325809825,-0.0964469359020711,0.291814506529526,-0.0235792242863141,1,0,748.23749700309,940.75184500526,1257.03000255789,1465.255368997,1659.67960720274,"(117.42395142693334, 23.9177856765)",117.4239514269333,23.9177856765,169,1,544,2015,6106,1.4365522745411015,2.4365522745411012,8860,16003,True,206,1.4365522745411015,-1.5543122344752192e-15,False
170,0.823856378664573,0.411466682600316,0.86551717216114,0.87947004723362,2014,8736,8612,16035,0.475732600732601,4156,0.038107684056698,-0.0426649465498805,0.308937208648348,-0.0303099877302093,1,2,809.898160873406,949.874504829176,1237.07510217486,1449.56308261173,1628.53626021027,"(117.42370416746667, 23.9176761825)",117.4237041674667,23.9176761825,170,1,547,2015,12892,0.4757326007326007,1.4757326007326008,8614,16079,True,207,0.4757326007326007,2.7755575615628914e-16,False
171,0.815959594324545,0.438416775200431,0.87485895431225,0.865117671187624,2014,2797,8402,16117,0.322845906328209,903,0.0334721766076392,0.0074721849631395,0.320946711744177,-0.0367142825150421,1,2,906.061419780377,1002.14718830107,1263.1067019094,1478.41175766024,1643.46131511532,"(117.42348960346668, 23.917593048166665)",117.4234896034667,23.91759304816667,171,1,548,2015,3700,0.3228459063282088,1.3228459063282088,8380,16150,True,208,0.3228459063282088,1.6653345369377348e-16,False
172,0.843111247311269,0.341386541509673,0.79727563432469,0.933259875813237,2014,3098,9468,16511,2.62169141381536,8122,0.0494105236935835,-0.173039906756788,0.221208020935103,-0.0063079745760457,1,0,1031.82704359307,1290.76046114349,1630.29065011423,1839.42293423155,2041.75179609201,"(117.4245787712, 23.917193597833332)",117.4245787712,23.91719359783333,172,1,557,2015,11220,2.621691413815365,3.621691413815365,9466,16585,True,210,2.621691413815365,-4.884981308350689e-15,False
173,0.387568558794721,0.593324888482211,0.616012009445634,0.260304317981208,2015,1676,6610,2599,2.24343675417661,3760,-0.21799851713318,0.295658521213765,-0.0118188286460085,-0.306593150747297,0,2,253.742476579984,283.587948207762,321.564516623447,343.16243704408,358.037122320863,"(117.42165865733334, 23.931298047166667)",117.4216586573333,23.93129804716667,173,1,585,2016,5436,2.243436754176611,3.243436754176611,6646,2699,True,212,2.243436754176611,-8.881784197001252e-16,False
174,0.370810074261832,0.611527406907488,0.618728445000614,0.255221164846963,2015,1017,6762,2631,4.5929203539823,4671,-0.22783594925012,0.329521932137718,-0.0083266640162357,-0.308861347386225,0,2,272.555506808331,292.075106887367,316.147756272768,329.147828572708,337.521712834996,"(117.42181396080001, 23.9312656045)",117.4218139608,23.9312656045,174,1,586,2016,5688,4.592920353982301,5.592920353982301,6798,2739,True,213,4.592920353982301,-8.881784197001252e-16,False
175,0.399162187285544,0.576995230545885,0.623300632717932,0.260850457155597,2015,1837,6506,2671,2.40065323897659,4410,-0.21119291767437,0.265279322905827,-0.0024488024200604,-0.30634945337934,0,2,189.901339568898,251.049468955716,282.279585866918,311.749524512069,329.672428900407,"(117.42155239706668, 23.931225051166667)",117.4215523970667,23.93122505116667,175,1,588,2016,6247,2.4006532389765924,3.4006532389765924,6538,2771,True,214,2.4006532389765924,-2.220446049250313e-15,False
176,0.326749029034288,0.608060341873532,0.633584135210499,0.23759331405715,2015,1572,7200,2789,3.36959287531807,5297,-0.253700313093805,0.323071909937389,0.010771346907204,-0.316727219386736,0,2,208.79538690225,214.952924177835,235.782866647523,248.848003444834,257.232608242717,"(117.42226148, 23.931105418833333)",117.42226148,23.93110541883333,176,1,589,2016,6869,3.369592875318066,4.369592875318066,7202,2889,True,215,3.369592875318066,3.9968028886505635e-15,False
177,0.318622450050325,0.454917394343467,0.836851740876208,0.155564619528995,2015,2778,8916,2893,1.62131029517639,4504,-0.258470712764538,0.0381694342934481,0.272085826311333,-0.353329935124516,2,2,105.852669709857,118.361166965506,122.854835931726,130.34274976912,142.889604497625,"(117.4240147744, 23.930999980166668)",117.4240147744,23.93099998016667,177,1,592,2016,7282,1.6213102951763858,2.621310295176386,8938,2994,True,216,1.6213102951763858,4.218847493575595e-15,False
178,0.320497633354069,0.43902376285088,0.865552184058236,0.129322151384686,2015,2396,9198,3133,1.83639398998331,4400,-0.25736995759654,0.0086014063023349,0.308982218848732,-0.36503980820331,2,2,178.284256522898,191.227001621315,195.995415361987,199.986020348929,205.116035721261,"(117.4243029032, 23.930756660166665)",117.4243029032,23.93075666016667,178,1,608,2016,6796,1.8363939899833055,2.8363939899833057,9226,3225,True,217,1.8363939899833055,4.440892098500626e-15,False
179,0.385402835740344,0.563803912425797,0.602968024136214,0.243005122603941,2015,2378,6564,3149,2.54793944491169,6059,-0.219269822631581,0.240738596414443,-0.0285877683859287,-0.314312370643807,0,2,148.663760654216,152.467566957266,159.861304789048,164.505842958804,171.946368836907,"(117.42161165760001, 23.930740438833332)",117.4216116576,23.93074043883333,179,1,611,2016,8437,2.5479394449116906,3.5479394449116906,6620,3245,True,218,2.5479394449116906,-4.440892098500626e-16,False
180,0.300280381951736,0.522656363869851,0.742088571026693,0.182069838331131,2015,3481,8029,3161,2.01694915254237,7021,-0.269237727493708,0.164188950222169,0.150261257586714,-0.341502817858262,2,2,170.509855585098,194.17244824252,207.822793065629,216.213721785153,229.179670437321,"(117.42310849693334, 23.93072827283333)",117.4231084969333,23.93072827283333,180,1,615,2016,10502,2.016949152542373,3.016949152542373,8075,3271,True,219,2.016949152542373,-2.6645352591003757e-15,False
181,0.298161630447643,0.528938245809081,0.718485430467892,0.186128679146286,2015,1270,7893,3219,3.4503937007874,4382,-0.270481460126767,0.175875572068326,0.119917797952672,-0.339691688259813,0,2,149.488053157131,163.350304602491,184.254245229067,196.518553098681,213.923024629233,"(117.4229695412, 23.9306694705)",117.4229695412,23.9306694705,181,1,619,2016,5652,3.4503937007874015,4.4503937007874015,7934,3319,True,220,3.4503937007874015,-1.3322676295501878e-15,False
182,0.29705434083266,0.518544216665914,0.73397238567792,0.178650229905808,2016,5652,7988,3263,1.33744465047833,3590,-0.271131452457506,0.15653883679867,0.139827343426037,-0.343028710179804,2,2,108.435471856274,142.563581967684,155.066410615447,162.108508753296,169.735771080981,"(117.42306660586667, 23.930624861833333)",117.4230666058667,23.93062486183333,182,1,619,2017,9242,0.63517338995046,1.63517338995046,7893,3219,False,221,0.63517338995046,0.7022712605278699,True
183,0.309303894543031,0.553277687434563,0.664450798077738,0.202255713003676,2015,2457,7552,3237,2.72730972730973,6701,-0.263940817000458,0.221155928015044,0.050452563752747,-0.332495508442847,0,2,108.857787722833,132.093676221946,140.209319628441,154.939559364119,167.640403773,"(117.42262113013334, 23.9306512215)",117.4226211301333,23.9306512215,183,1,621,2016,9158,2.727309727309727,3.727309727309727,7602,3337,True,222,2.727309727309727,3.1086244689504383e-15,False
184,0.314146521387731,0.568826361068103,0.636968166836627,0.20929236245889,2015,1926,7366,3271,2.94807892004154,5678,-0.261098136759359,0.250082206910815,0.0151217521760247,-0.329355625731838,0,2,65.0080270055839,104.736414427323,119.589295612871,127.174509279535,133.829473470824,"(117.42243108773334, 23.930616751166667)",117.4224310877333,23.93061675116667,184,1,623,2016,7604,2.948078920041537,3.948078920041537,7410,3375,True,223,2.948078920041537,3.1086244689504383e-15,False
185,0.335962767309198,0.57268285074297,0.582639291753006,0.21240679229668,2015,568,7031,3499,4.63380281690141,2632,-0.248291737834819,0.257256702853238,-0.0547217512321692,-0.327965909722171,0,2,67.9219218407645,71.5870592560548,73.8546331650388,83.0376865261183,89.4693253858348,"(117.42208880706667, 23.930385597166666)",117.4220888070667,23.93038559716667,185,1,629,2016,3200,4.633802816901408,5.633802816901408,6996,3505,True,225,4.633802816901408,1.7763568394002505e-15,False
186,0.310670315470919,0.555550770230804,0.641156474278737,0.197444757076239,2015,1228,7481,3407,4.06351791530945,4990,-0.263138711470278,0.225384702022842,0.0205061092910465,-0.334642245670008,0,2,60.9074148897286,73.6863254346593,88.0745981326955,99.6194864842429,107.393371995777,"(117.42254858706667, 23.930478869833333)",117.4225485870667,23.93047886983333,186,1,630,2016,6218,4.063517915309446,5.063517915309446,7526,3507,True,226,4.063517915309446,3.552713678800501e-15,False
187,0.305610092748448,0.539978821759292,0.652609820082047,0.191108254169945,2016,6218,7568,3445,2.50416201874938,6292,-0.266109123110496,0.196415123327338,0.0352301726076058,-0.337469710083343,0,2,36.4393968001293,75.3943346646016,91.9521758751516,105.081815093755,116.872671752012,"(117.42263747786667, 23.930440344166666)",117.4226374778667,23.93044034416667,187,1,630,2017,12510,1.0119009327758122,2.011900932775812,7481,3407,False,227,1.0119009327758122,1.4922610859735677,True
188,0.303700394918889,0.539593710329248,0.662645423447157,0.189249699982414,2015,1400,7628,3425,3.39714285714286,4756,-0.267230138720546,0.195698673751384,0.048131630566297,-0.338299031225179,0,2,17.8262570043265,44.2963190860563,76.6189336076495,98.864158543383,114.073886808303,"(117.42269878186667, 23.930460620833333)",117.4226987818667,23.93046062083333,188,1,632,2016,6156,3.3971428571428572,4.397142857142857,7673,3523,True,228,3.3971428571428572,2.6645352591003757e-15,False
189,0.298672821352707,0.497602156233722,0.739965199609943,0.16485441399355,2015,2145,8042,3465,2.54731934731935,5464,-0.270181384913075,0.117578865357313,0.147531517673004,-0.349184657572503,2,2,40.9649678210921,68.433365589459,95.0366483938761,109.587699874226,124.860428219961,"(117.42312177946667, 23.9304200675)",117.4231217794667,23.9304200675,189,1,636,2016,7609,2.5473193473193474,3.5473193473193474,8086,3571,True,229,2.5473193473193474,2.6645352591003757e-15,False
190,0.335962767309198,0.57268285074297,0.582639291753006,0.21240679229668,2015,325,7031,3499,8.84615384615385,2875,-0.248291737834819,0.257256702853238,-0.0547217512321692,-0.327965909722171,0,2,70.8244189399175,74.4895563552079,76.7571302641918,85.9401836252713,92.3718224849878,"(117.42208880706667, 23.930385597166666)",117.4220888070667,23.93038559716667,190,1,639,2016,3200,8.846153846153847,9.846153846153847,7064,3587,True,231,8.846153846153847,3.552713678800501e-15,False
191,0.317476539499575,0.551498668761475,0.608572788023592,0.196062155864007,2015,3339,7346,3561,2.60347409404013,8693,-0.259143376049393,0.217846295855326,-0.0213824591453505,-0.335259187819839,0,2,3.17653227676016,13.8310306192719,30.8881942538384,41.5220617951036,51.0118204233553,"(117.42241065306668, 23.9303227395)",117.4224106530667,23.9303227395,191,1,643,2016,12032,2.603474094040132,3.603474094040132,7392,3663,True,232,2.603474094040132,-1.7763568394002505e-15,False
192,0.351721044584509,0.558792065732142,0.570732372962105,0.212684974428009,2015,3659,6912,3601,3.15359387810877,11539,-0.239041439416035,0.231414709460459,-0.0700289138022272,-0.327841779726747,0,2,27.7409580804821,27.9438516067582,28.2790098115472,29.540067690513,36.2859947916602,"(117.4219672208, 23.930282186166668)",117.4219672208,23.93028218616667,192,1,647,2016,15198,3.1535938781087727,4.153593878108773,6983,3705,True,233,3.1535938781087727,-2.6645352591003757e-15,False
193,0.437982328247817,0.314695581582281,0.621463617222943,0.144112143478853,2015,1592,12642,3645,2.33793969849246,3722,-0.188405027711114,-0.222694955737312,-0.0048104121126542,-0.358440241070116,2,0,1.69941637204848,23.1839352593092,30.4735021806365,34.3330980119461,40.4060860639609,"(117.4278217528, 23.930237577499998)",117.4278217528,23.9302375775,193,1,649,2016,5314,2.3379396984924625,3.3379396984924625,12626,3711,True,234,2.3379396984924625,-2.6645352591003757e-15,False
194,0.372669388690282,0.637832847021913,0.634971265330011,0.0720186576370175,2015,1144,10167,3889,2.84265734265734,3252,-0.226744509302909,0.378459771799134,0.012554598025153,-0.390609683531603,0,1,49.924656847062,50.3783381913755,75.8912511621626,92.8219211150941,108.914560601618,"(117.4252929628, 23.929990202166668)",117.4252929628,23.92999020216667,194,1,663,2016,4396,2.8426573426573425,3.8426573426573425,10208,3971,True,236,2.8426573426573425,-2.6645352591003757e-15,False
195,0.41921412464795,0.437205055629621,0.516778923905721,0.110854166714524,2015,1065,11342,3921,2.10985915492958,2247,-0.199422189108271,0.0052179387763057,-0.139389781246167,-0.373280563429514,2,2,29.7389297277413,42.8157102373015,50.2953535651215,58.2554603362336,66.2790034175695,"(117.42649349946667, 23.9299577595)",117.4264934994667,23.9299577595,195,1,666,2016,3312,2.1098591549295773,3.1098591549295773,11354,3987,True,237,2.1098591549295773,2.6645352591003757e-15,False
196,0.420623081182241,0.435903869910219,0.518851290754513,0.109752116141575,2016,3312,11390,3985,1.66629147914968,2707,-0.198595114665197,0.0027972524913087,-0.136725611210548,-0.373772318712009,2,2,3.84439523910633,26.4332942953531,42.4206114671094,52.4317692767194,71.1752925922324,"(117.42654254266667, 23.929892874166665)",117.4265425426667,23.92989287416666,196,1,666,2017,6019,0.8173309178743962,1.8173309178743962,11342,3921,False,238,0.8173309178743962,0.8489605612752837,True
197,0.419341130669064,0.442967462398943,0.510908902804082,0.108113527096692,2017,6019,11333,3989,0.322478817079249,1941,-0.199347635045301,0.0159381448368887,-0.146936096869074,-0.37450348735203,2,2,11.0583740821799,13.9512520380738,24.6417608729641,37.2941786670052,47.5623289295322,"(117.42648430386667, 23.929888818833334)",117.4264843038667,23.92988881883333,197,1,666,2018,7960,0.322478817079249,1.322478817079249,11390,3985,False,239,0.322478817079249,0.0,False
198,0.405495910339019,0.523796305226183,0.488742814875299,0.0884686093657503,2015,2320,10840,4015,2.71810344827586,6306,-0.207474946012686,0.16630966240478,-0.17543212656631,-0.383269411807294,0,2,47.0935940123627,80.0563375111658,102.38527614529,113.93028758824,128.9226943294,"(117.42598058933334, 23.929862459166667)",117.4259805893333,23.92986245916667,198,1,677,2016,8626,2.718103448275862,3.718103448275862,10864,4093,True,240,2.718103448275862,-1.7763568394002505e-15,False
199,0.407924598231032,0.517588067798804,0.480205096111663,0.0894535670292444,2016,8626,10894,4075,1.57052051667265,5122,-0.206049276989689,0.15476004656564,-0.186407950907388,-0.382829905539664,0,2,8.349638495697,47.4710875391927,72.6245687086003,86.0409795141388,94.7683924955042,"(117.42603576293334, 23.929801629166665)",117.4260357629333,23.92980162916666,199,1,677,2017,13748,0.5937862276837468,1.593786227683747,10840,4015,False,241,0.5937862276837468,0.9767342889889031,True
200,0.393023016047694,0.601242468059818,0.546635204666327,0.0745767283010679,2015,4639,10526,4027,2.06143565423583,9563,-0.214796685078762,0.310388145131479,-0.101007480050902,-0.389468225242014,0,2,97.8703247264105,102.032531838238,108.242645547065,118.093538339182,137.352965582802,"(117.42565976506667, 23.929850293166666)",117.4256597650667,23.92985029316667,200,1,678,2016,14202,2.0614356542358268,3.0614356542358268,10574,4109,True,242,2.0614356542358268,3.1086244689504383e-15,False
201,0.314243476247812,0.402209101656149,1.0,0.101061699877317,2015,1917,8642,4019,2.44444444444444,4686,-0.261041223089594,-0.0598874682004421,0.481824127990043,-0.377650142661218,2,2,147.300501365239,178.573964306641,190.806895911286,208.390156260686,219.606840154329,"(117.42373481946667, 23.929858403833332)",117.4237348194667,23.92985840383333,201,1,680,2016,6603,2.4444444444444446,3.4444444444444446,8682,4114,True,243,2.4444444444444446,-4.440892098500626e-15,False
202,0.343036537076296,0.54139343056453,0.561856079434931,0.178667319268723,2015,4780,7265,4029,2.11359832635983,10103,-0.244139349845432,0.199046818466946,-0.0814399992749728,-0.34302108459102,0,2,38.4039115317103,52.4856651665131,66.8577500005032,77.4493129329321,85.7740523305538,"(117.42232789266667, 23.9298482655)",117.4223278926667,23.9298482655,202,1,681,2016,14883,2.1135983263598326,3.1135983263598326,7313,4117,True,244,2.1135983263598326,-2.6645352591003757e-15,False
203,0.965081752579506,0.413664436886949,0.665738655110159,0.249672899598136,2015,1960,2664,4067,3.06785714285714,6013,0.121008678257643,-0.0385763114072401,0.0521081924933517,-0.311337085625249,2,2,15.3519329473079,26.6994545897987,31.7188041802469,36.5557559721492,41.7354529518692,"(117.4176268976, 23.92980973983333)",117.4176268976,23.92980973983333,203,1,682,2016,7973,3.067857142857143,4.067857142857143,2726,4133,True,245,3.067857142857143,-3.1086244689504383e-15,False
204,0.315631256776358,0.45929372010378,0.791365572695071,0.135553637318843,2015,1364,8038,4107,3.94208211143695,5377,-0.260226579216755,0.0463110174577174,0.213610230461149,-0.362259204298982,2,2,32.1399577027291,75.5088956375428,92.3261056610563,110.336165643822,122.450644036326,"(117.42311769253334, 23.9297691865)",117.4231176925333,23.9297691865,204,1,684,2016,6741,3.94208211143695,4.94208211143695,8090,4211,True,246,3.94208211143695,0.0,False
205,0.317608819719553,0.443050653156159,0.827225930198951,0.129925528569445,2016,6741,8113,4143,2.11611469188396,7304,-0.259065725968213,0.0160929103880531,0.259711185021432,-0.364770570179916,2,2,30.2031255720679,30.7237687333336,35.5971989508781,41.6634614690253,54.6072955806639,"(117.42319432253333, 23.9297326885)",117.4231943225333,23.9297326885,205,1,684,2017,14045,1.0835187657617564,2.0835187657617564,8038,4107,False,247,1.0835187657617564,1.0325959261222035,True
206,0.367841888306995,0.635565168357052,0.692645190667078,0.0524379879017834,2015,786,10011,4165,5.76844783715013,4534,-0.229578310129104,0.374241051472774,0.0866983934680622,-0.399346939346739,0,1,204.865349185487,208.543201848161,214.197351943556,222.454198374376,230.703092459892,"(117.4251335724, 23.929710384166665)",117.4251335724,23.92971038416666,206,1,686,2016,5320,5.768447837150127,6.768447837150127,10054,4253,True,248,5.768447837150127,2.6645352591003757e-15,False
207,0.371956369645469,0.645161510084816,0.681536357093038,0.0523189786150927,2016,5320,10062,4211,2.36096595982761,6492,-0.227163060063729,0.392093793368241,0.0724172243035001,-0.399400043484455,0,1,186.651557966707,192.92020434965,196.936416857254,203.691280908316,208.178259224906,"(117.42518568080001, 23.929663747833334)",117.4251856808,23.92966374783333,207,1,686,2017,11812,1.2203007518796993,2.2203007518796993,10011,4165,False,249,1.2203007518796993,1.1406652079479107,True
208,0.357732924834811,0.591495803584873,0.757903519150379,0.0540909595436704,2015,1364,9723,4185,2.47873900293255,3381,-0.235512393353341,0.29225574737521,0.170592460496343,-0.398609352926784,0,2,81.5296623681442,171.289998137141,206.552707750824,229.374090306202,243.770633660926,"(117.42483931320001, 23.9296901075)",117.4248393132,23.9296901075,208,1,687,2016,4745,2.478739002932551,3.478739002932551,9758,4266,True,250,2.478739002932551,-1.3322676295501878e-15,False
209,0.384708208137728,0.657882999158437,0.607737486000263,0.0590123308432728,2015,4027,10312,4197,2.33126396821455,9388,-0.219677577394482,0.415760464210137,-0.0224562973137925,-0.396413346325002,0,1,121.540151177247,135.912214907146,150.735056264534,160.597178765752,171.352398452881,"(117.42544111413333, 23.9296779415)",117.4254411141333,23.9296779415,209,1,688,2016,13415,2.331263968214552,3.331263968214552,10360,4278,True,251,2.331263968214552,-1.7763568394002505e-15,False
210,0.316400227941217,0.403199794905371,0.919906790243253,0.114188221621065,2015,2314,8320,4231,2.40838375108038,5573,-0.259775183888059,-0.058044412650974,0.37885880135649,-0.371792846665274,2,2,98.3733841247637,108.727759456186,120.733133623066,135.203794530183,143.925565052255,"(117.42340582133333, 23.929643471166667)",117.4234058213333,23.92964347116667,210,1,693,2016,7887,2.4083837510803803,3.4083837510803803,8376,4335,True,252,2.4083837510803803,-4.440892098500626e-16,False
211,0.398869004984892,0.63716192620444,0.547390321101237,0.0667877860181352,2015,2728,10574,4287,2.31744868035191,6322,-0.211365019213438,0.377211611143082,-0.100036725968216,-0.392943794881639,0,1,102.652030415982,110.796573811015,128.677103947154,140.326408380069,150.339714010122,"(117.42570880826668, 23.9295866965)",117.4257088082667,23.9295866965,211,1,695,2016,9050,2.317448680351906,3.317448680351906,10618,4364,True,253,2.317448680351906,3.9968028886505635e-15,False
212,0.401375686789673,0.634884483460327,0.539894693499016,0.0676757839466028,2016,9050,10618,4337,1.36569857241199,7855,-0.209893566824953,0.372974726021042,-0.109672870489458,-0.392547553835278,0,1,76.6947036666636,76.7242839581363,76.7341440552938,87.0436426779915,94.3444697629638,"(117.42575376453334, 23.929536004833334)",117.4257537645333,23.92953600483333,212,1,695,2017,16905,0.8679558011049724,1.8679558011049724,10574,4287,False,254,0.8679558011049724,0.4977427713070177,True
213,0.398068770429672,0.655448027384116,0.558160125681975,0.0632983317623269,2017,16905,10538,4345,0.655190771960958,11076,-0.211834766528546,0.411230516877819,-0.0861914018789058,-0.394500853700386,0,1,59.7206333816343,59.7206333816343,71.0726604874861,77.9941936959085,84.1524272946827,"(117.42567202586667, 23.929527894166664)",117.4256720258667,23.92952789416666,213,1,695,2018,27981,0.6551907719609583,1.6551907719609582,10618,4337,False,255,0.6551907719609583,-3.3306690738754696e-16,False
214,0.32625534122696,0.44642165866622,0.829649979961526,0.12785211782698,2015,2715,8070,4292,1.79963167587477,4886,-0.253990113778468,0.0223642263756025,0.262827467616893,-0.36569576427755,2,2,52.782019716895,77.9200272961865,89.9721999909863,96.533801535555,105.60861341328,"(117.42315038800001, 23.929581627333334)",117.423150388,23.92958162733333,214,1,697,2016,7601,1.7996316758747697,2.7996316758747697,8116,4393,True,256,1.7996316758747697,2.220446049250313e-16,False
215,0.504206712553427,0.361760789498075,0.50570393573438,0.215905158842277,2015,6830,6056,4333,1.37071742313324,9362,-0.149530517082539,-0.135136276293233,-0.153627439819074,-0.326404874075418,2,2,55.9187064381434,70.4142591482124,77.7339360520364,85.5412871785624,94.264235409085,"(117.42109261706668, 23.929540060166666)",117.4210926170667,23.92954006016667,215,1,698,2016,16192,1.3707174231332357,2.3707174231332355,6118,4417,True,257,1.3707174231332357,4.218847493575595e-15,False
216,0.430901284425285,0.387413670938114,0.550167331258034,0.112385915143469,2015,2151,11824,4365,2.05392840539284,4418,-0.192561685658587,-0.0874124369160849,-0.0964666885239967,-0.372597069041984,2,2,37.5557574083438,41.22566894538,63.2451397103628,82.4339938728355,103.450715871674,"(117.42698597493334, 23.9295076175)",117.4269859749333,23.9295076175,216,1,702,2016,6569,2.0539284053928406,3.0539284053928406,11834,4434,True,258,2.0539284053928406,-4.440892098500626e-16,False
217,0.380809820204386,0.65244772368952,0.66696500235177,0.0460353124992735,2015,2552,10166,4366,2.02899686520376,5178,-0.22196597803026,0.405648843258103,0.0536847461697762,-0.402203931147808,0,1,159.873512257669,172.383670188901,180.140654210059,184.780465457458,189.730750541484,"(117.42529194106667, 23.929506603666667)",117.4252919410667,23.92950660366667,217,1,703,2016,7730,2.0289968652037618,3.0289968652037618,10208,4443,True,259,2.0289968652037618,-1.7763568394002505e-15,False
218,0.334214013114433,0.470602261416576,0.902525468465691,0.0643611493164652,2015,745,8982,4415,6.50604026845638,4847,-0.249318277594214,0.067349083316447,0.356513917444545,-0.394026604914165,2,2,25.6449292083485,57.5629869630141,76.74764700475,88.5327004828309,106.755901091649,"(117.4240822088, 23.929456925833332)",117.4240822088,23.92945692583333,218,1,705,2016,5592,6.506040268456376,7.506040268456376,8950,4471,True,260,6.506040268456376,4.440892098500626e-15,False
219,0.388595616352486,0.656874284932133,0.634202426272624,0.0484822792370916,2015,2870,10290,4426,2.66202090592334,7640,-0.217395621985658,0.413883882983734,0.0115662025679985,-0.401112049478359,0,1,139.577247922334,143.413059714556,150.75595322628,156.588482085402,162.010621290016,"(117.425418636, 23.929445773666664)",117.425418636,23.92944577366666,219,1,706,2016,10510,2.662020905923345,3.662020905923345,10344,4502,True,261,2.662020905923345,-4.884981308350689e-15,False
220,0.335235988145114,0.458774754985887,0.840470020017366,0.126249967196698,2015,3324,8054,4403,1.51293622141998,5029,-0.24871836595126,0.0453455505573802,0.27673737286256,-0.366410673425216,2,2,22.0487966784461,47.9345399594879,58.4081456228732,64.7985126500496,69.2160562569452,"(117.42313404026667, 23.929469091833333)",117.4231340402667,23.92946909183333,220,1,707,2016,8353,1.512936221419976,2.512936221419976,8102,4506,True,262,1.512936221419976,3.9968028886505635e-15,False
221,0.334214013114433,0.470602261416576,0.902525468465691,0.0643611493164652,2015,1761,8982,4415,2.17546848381601,3831,-0.249318277594214,0.067349083316447,0.356513917444545,-0.394026604914165,2,2,18.3101380139474,50.228195768613,69.4128558103489,81.1979092884298,99.4211098972476,"(117.4240822088, 23.929456925833332)",117.4240822088,23.92945692583333,221,1,708,2016,5592,2.1754684838160134,3.1754684838160134,9006,4507,True,263,2.1754684838160134,-3.552713678800501e-15,False
222,0.68700960879883,0.497924485441223,0.522620036351964,0.225269291020682,2015,1199,5266,4585,1.86572143452877,2237,-0.0422230168688419,0.118178516798469,-0.13188062968691,-0.322226425665033,2,2,3.7730472548011,12.911886407604,20.1858114016389,30.3177309275723,39.6008800155641,"(117.42028544773333, 23.929284574166665)",117.4202854477333,23.92928457416667,222,1,716,2016,3436,1.865721434528774,2.865721434528774,5320,4655,True,264,1.865721434528774,-3.9968028886505635e-15,False
223,0.666557659924358,0.489459404743276,0.518864180577613,0.22193331604585,2016,3436,5374,4622,1.81123265743832,1143,-0.0542285570068479,0.102430338470523,-0.136709040456926,-0.323714999199142,2,2,8.98387528170761,17.1337755235585,21.4236114529765,31.0915186654547,38.1461243781539,"(117.42039579493334, 23.92924706233333)",117.4203957949333,23.92924706233333,223,1,716,2017,4579,0.33265424912689173,1.3326542491268918,5266,4585,False,265,0.33265424912689173,1.4785784083114282,True
224,0.384940229145552,0.65585529193776,0.692154608879399,0.0382324897858374,2015,2932,10142,4588,2.268758526603,6652,-0.219541378270408,0.411988179450251,0.0860677168581185,-0.405685694491417,0,1,65.3115177996534,70.7546479801929,75.5825201116052,87.0644958352876,99.0909560647566,"(117.42526741946668, 23.929281532666668)",117.4252674194667,23.92928153266667,224,1,717,2016,9584,2.2687585266030013,3.2687585266030013,10193,4665,True,266,2.2687585266030013,-1.3322676295501878e-15,False
225,0.388419877902146,0.65621571005241,0.68394887489444,0.0408744934091416,2016,9584,10194,4628,2.21224123603501,7892,-0.217498782571101,0.412658690334276,0.0755186817701824,-0.404506783768063,0,1,49.8692601803206,52.1519302292288,53.9123880195311,57.177952417504,64.709323057099,"(117.4253205496, 23.929240979333333)",117.4253205496,23.92924097933333,225,1,717,2017,17476,0.8234557595993323,1.8234557595993321,10142,4588,False,267,0.8234557595993323,1.3887854764356775,True
226,0.384452549870829,0.655680924066,0.700439167020617,0.0373958013995063,2017,17476,10118,4634,0.716182192721446,12516,-0.219827651874117,0.411663790771969,0.0967180858171843,-0.40605904027416,0,1,4.09748842109843,7.67550927243714,12.6389492377068,30.0244392198655,43.3921523016415,"(117.42524289786667, 23.929234896333334)",117.4252428978667,23.92923489633333,226,1,717,2018,29992,0.7161821927214466,1.7161821927214465,10194,4628,False,268,0.7161821927214466,-5.551115123125783e-16,False
227,0.49914710466776,0.371845356222504,0.503232199431254,0.202230325795278,2015,2997,6236,4665,2.26026026026026,6774,-0.152500567806153,-0.116375255482776,-0.156805026740317,-0.33250683668326,2,2,1.8024516213989,12.2588826707112,18.6968910630478,29.1117169806598,37.3654598370246,"(117.42127652906667, 23.9292034675)",117.4212765290667,23.9292034675,227,1,719,2016,9771,2.26026026026026,3.26026026026026,6302,4757,True,269,2.26026026026026,0.0,False
228,0.488918044876243,0.383883635735034,0.499278785568885,0.198883017648549,2016,9771,6318,4690,2.48896641145766,9042,-0.158505149015253,-0.0939796069013061,-0.161887412012336,-0.334000467287602,2,2,5.4206408814981,23.7454090704491,40.1103313217006,50.9690533457325,57.8803333161039,"(117.4213603112, 23.929178121666666)",117.4213603112,23.92917812166667,228,1,719,2017,18813,0.9253914645379183,1.9253914645379184,6236,4665,False,270,0.9253914645379183,1.5635749469197417,True
229,0.599584318954943,0.429359434928268,0.521255318260592,0.212896003828683,2015,4307,5719,4750,1.67959136289761,7234,-0.0935427142111171,-0.0093778150395204,-0.133635068602113,-0.327747614517736,2,2,17.0454883778082,27.0942204019012,39.0867936597001,52.5225371715475,60.8823478797704,"(117.42074829293334, 23.929117291666667)",117.4207482929333,23.92911729166667,229,1,723,2016,11541,1.6795913628976085,2.6795913628976087,5777,4821,True,271,1.6795913628976085,1.5543122344752192e-15,False
230,0.581372613597524,0.399182661678514,0.520370845273106,0.210257118886943,2016,11541,5810,4774,1.32514916198505,7231,-0.104233204442243,-0.0655177649651475,-0.13477211942492,-0.328925133627882,2,2,32.7152217021726,34.8769343819124,36.0294936683818,39.7094167686235,45.5825018495493,"(117.42084127066667, 23.929092959666665)",117.4208412706667,23.92909295966667,230,1,723,2017,18772,0.6265488259249632,1.6265488259249632,5719,4750,False,272,0.6265488259249632,0.6986003360600868,True
231,0.439516021100505,0.23323210371342,0.601072135248176,0.133948106461657,2015,2289,12764,4762,1.68064657055483,3847,-0.187504731547881,-0.374247129008939,-0.0310250638721582,-0.36297562176621,2,0,15.0987024810901,18.2789322558643,19.9891724270121,23.8275649092276,29.7899292715641,"(117.42794640426668, 23.929105125666666)",117.4279464042667,23.92910512566667,231,1,724,2016,6136,1.6806465705548275,2.6806465705548272,12778,4821,True,273,1.6806465705548275,2.4424906541753444e-15,False
232,0.439344525280333,0.228145727790729,0.599741751098114,0.133901583729825,2016,6136,12778,4821,1.66034872333479,3066,-0.187605401658354,-0.383709667870848,-0.0327353641457426,-0.362996381066822,2,0,19.7094745389707,19.8477242269569,23.3857498361661,25.3069762716304,30.2901885909186,"(117.42796070853333, 23.9290453095)",117.4279607085333,23.9290453095,232,1,724,2017,9202,0.4996740547588005,1.4996740547588006,12764,4762,False,274,0.4996740547588005,1.1606746685759894,True
233,0.418944428035936,0.723427368898776,0.485011203010358,0.072910586802153,2015,2919,10945,4763,1.82528263103803,5328,-0.199580504265448,0.537697213533044,-0.180229370124286,-0.390211688294967,0,1,66.8016858982076,69.0345339109665,69.9598072425105,70.4332361214993,71.4840468499827,"(117.42608787133334, 23.929104111833333)",117.4260878713333,23.92910411183333,233,1,725,2016,8247,1.8252826310380268,2.825282631038027,10978,4823,True,275,1.8252826310380268,3.1086244689504383e-15,False
234,0.420644719602837,0.725130380603481,0.478518345340648,0.0744404173769626,2016,8247,10990,4803,1.7693815931994,5956,-0.198582412651879,0.540865444643561,-0.188576384968333,-0.389529049689308,0,1,25.0609531344219,26.497240716798,27.046981277509,28.6099464585958,33.051588299638,"(117.42613384933334, 23.9290635585)",117.4261338493333,23.9290635585,234,1,725,2017,14203,0.7222020128531588,1.7222020128531588,10945,4763,False,276,0.7222020128531588,1.0471795803462411,True
235,0.355118541638308,0.469841021519756,0.874832958491323,0.111683451948527,2015,2869,8186,4766,2.27361449982572,6523,-0.237047067755002,0.0659328957958284,0.320913292329461,-0.372910521069822,2,2,14.2969963550254,44.4973605130741,54.69464302213,62.715319389668,71.0096000342101,"(117.42326890906668, 23.92910107033333)",117.4232689090667,23.92910107033333,235,1,727,2016,9392,2.2736144998257233,3.2736144998257233,8242,4865,True,277,2.2736144998257233,-3.1086244689504383e-15,False
236,0.354078144575115,0.46671891792692,0.884945523491312,0.106076994664597,2016,9392,8278,4814,0.712616260044074,2390,-0.237657793352757,0.0601246293548206,0.33391368976002,-0.375412225667708,2,2,11.787946430616,28.6464010435227,41.6244570994229,52.4697620338968,59.7744389842523,"(117.42336290853333, 23.929052406333334)",117.4233629085333,23.92905240633333,236,1,727,2017,11782,0.25447189097103917,1.2544718909710393,8186,4766,False,278,0.25447189097103917,0.4581443690730348,True
237,0.422639734828465,0.792397557286807,0.491154454115809,0.066244338815982,2015,1909,10914,4929,1.71189104243059,3268,-0.197411314703502,0.666007251535423,-0.172331798550044,-0.393186291041956,0,1,36.8364810926231,59.6277529541149,72.341988591684,81.2414688273228,88.9985268807613,"(117.4260561976, 23.9289358155)",117.4260561976,23.9289358155,237,1,729,2016,5177,1.711891042430592,2.711891042430592,10934,4981,True,279,1.711891042430592,-1.9984014443252818e-15,False
238,0.424759052050018,0.786690856955519,0.483007378548836,0.0667197379232602,2016,5177,10963,4973,1.45795672560945,3893,-0.196167249987484,0.65539068003563,-0.182805424209565,-0.392974159196072,0,1,39.4732665164192,45.7973777252058,58.2210013343014,68.2795241631007,74.3734867457138,"(117.42610626253334, 23.92889120683333)",117.4261062625333,23.92889120683333,238,1,729,2017,9070,0.751979911145451,1.751979911145451,10914,4929,False,280,0.751979911145451,0.7059768144639991,True
239,0.370175756980565,0.51469271814775,0.855886196228273,0.116065195258544,2015,2976,8098,4895,2.20094086021505,6550,-0.228208301128527,0.149373626252173,0.296555927067309,-0.370955306425299,2,2,18.1235334396999,24.3543000922023,36.5244468189312,46.0016099483123,53.0238995325672,"(117.42317899653334, 23.928970285833334)",117.4231789965333,23.92897028583333,239,1,731,2016,9526,2.200940860215054,3.200940860215054,8152,4991,True,281,2.200940860215054,-3.9968028886505635e-15,False
240,0.369047223686622,0.512013830477626,0.854072040034892,0.111901213976289,2016,9526,8170,4929,1.61958044562654,7622,-0.228870763754493,0.144389905215718,0.294223704578248,-0.372813351638484,2,2,8.36053146203161,14.5546723232955,21.5370374892952,31.3969180901269,37.3785179002747,"(117.42325256133334, 23.9289358155)",117.4232525613333,23.9289358155,240,1,731,2017,17148,0.8001259710266638,1.800125971026664,8098,4895,False,282,0.8001259710266638,0.8194544745998761,True
241,0.395992951651404,0.648309485157814,0.699228507003786,0.031880561640412,2015,3046,10198,4943,2.66119500984898,8106,-0.213053297134832,0.397950190323029,0.0951616991465311,-0.408520041930824,0,1,34.3990211246339,38.0590326051028,49.3924677512125,55.5902771318442,64.3185648506135,"(117.42532463653333, 23.928921621833332)",117.4253246365333,23.92892162183333,241,1,732,2016,11152,2.6611950098489823,3.6611950098489823,10250,5017,True,283,2.6611950098489823,-2.220446049250313e-15,False
242,0.398964814093713,0.652598558730817,0.694489959351837,0.0323912089276468,2016,11152,10238,4974,1.51193142345019,10482,-0.211308778113453,0.405929452175279,0.0890699704190468,-0.408292181697226,0,1,7.28160202816843,17.8952490921808,23.154530150628,31.3932401218389,39.2539755223972,"(117.42536550586668, 23.928890193)",117.4253655058667,23.928890193,242,1,732,2017,21634,0.9399210903873745,1.9399210903873745,10198,4943,False,284,0.9399210903873745,0.5720103330628155,True
243,0.350670743243759,0.647514839062592,0.813255804276487,0.0598568059375398,2015,1469,9044,4957,2.04016337644656,2997,-0.239657978943919,0.396471854928283,0.241751627861879,-0.396036525969626,0,1,87.6109478668347,119.666127235877,132.357451534487,143.614588030261,150.953126747639,"(117.42414555626667, 23.928907428166667)",117.4241455562667,23.92890742816667,243,1,734,2016,4466,2.040163376446562,3.040163376446562,9070,5037,True,285,2.040163376446562,-2.220446049250313e-15,False
244,0.37423973285079,0.673516817315478,0.739083521937904,0.0232319285988074,2015,2717,9718,5029,1.9297018770703,5243,-0.22582269838087,0.44484514338437,0.146398060420352,-0.412379221435791,0,1,33.8905252218559,54.7025310303954,79.4814144113369,94.2420288489115,106.655655159612,"(117.42483420453334, 23.928834432166667)",117.4248342045333,23.92883443216667,244,1,738,2016,7960,1.929701877070298,2.9297018770702983,9762,5111,True,286,1.929701877070298,1.9984014443252818e-15,False
245,0.366137131982058,0.710488073496292,0.754916717567018,0.029572106538602,2015,3208,9486,5034,2.04332917705736,6555,-0.230579022609375,0.513625342430183,0.166752721752517,-0.409550117154757,0,1,18.2851286904946,19.2665828587261,20.3800153802202,50.4830799880573,75.153286308062,"(117.4245971624, 23.928829363)",117.4245971624,23.928829363,245,1,739,2016,9763,2.0433291770573567,3.0433291770573567,9528,5117,True,287,2.0433291770573567,3.1086244689504383e-15,False
246,0.437943227981706,0.281448341628269,0.567541166614086,0.119465700476471,2015,1829,12324,5135,2.3920174958994,4375,-0.188427980037911,-0.284547108409029,-0.0741314289215089,-0.369437938307075,2,0,12.0488974785323,20.6103863189824,25.7571568833779,42.8417057105463,53.1401889942967,"(117.4274968416, 23.928726965833334)",117.4274968416,23.92872696583333,246,1,741,2016,6204,2.3920174958993985,3.3920174958993985,12350,5197,True,288,2.3920174958993985,1.3322676295501878e-15,False
247,0.437815524639533,0.280513085633513,0.566831975410492,0.119747453435347,2016,6204,12338,5181,1.05053407217783,5404,-0.188502943436735,-0.28628703017862,-0.0750431429625054,-0.36931221494257,2,0,3.23210845725732,17.6462111721754,23.0527348020355,30.404717634004,38.7352626235793,"(117.42751114586667, 23.9286803295)",117.4275111458667,23.9286803295,247,1,741,2017,11608,0.8710509348807222,1.871050934880722,12324,5135,False,289,0.8710509348807222,0.17948313729710785,True
248,0.43787543599645,0.29628408765286,0.562808467009162,0.117856781253653,2017,11608,12282,5178,0.827877325982081,9610,-0.188467774749164,-0.256947138324863,-0.0802156395825557,-0.370155867725513,2,0,6.0241094897097,19.8210240281723,30.4245036372351,36.2105826855129,41.8942283171285,"(117.4274539288, 23.928683370999998)",117.4274539288,23.928683371,248,1,741,2018,21218,0.8278773259820813,1.8278773259820813,12338,5181,False,290,0.8278773259820813,-3.3306690738754696e-16,False
249,0.437905791291039,0.294172104001243,0.564050543762476,0.117798648105332,2018,21218,12276,5130,-0.307058270932658,15194,-0.188449955825901,-0.260876208390247,-0.0786188645376138,-0.370181807808007,2,0,1.56001851389348,16.3806497913808,25.6514255810231,30.6217725933469,34.6507869712646,"(117.42744779840001, 23.928732035)",117.4274477984,23.928732035,249,1,741,2019,36412,0.7160901121689132,1.7160901121689132,12282,5178,False,291,0.7160901121689132,-1.023148383101571,True
250,0.438036053936689,0.299021882482748,0.563378686643066,0.11706377205172,2019,36412,12251,5094,0.202652971547841,7379,-0.188373490085132,-0.25185382820239,-0.0794825830470997,-0.37050972305093,2,0,1.15512997904841,2.81291444409852,7.22552577634792,10.047242735444,15.723970341616,"(117.42742225506667, 23.928768533)",117.4274222550667,23.928768533,250,1,741,2020,43791,0.20265297154784137,1.2026529715478413,12276,5130,False,292,0.20265297154784137,-3.608224830031759e-16,False
251,0.438145060288551,0.300789616578215,0.563074494024327,0.116767145534091,2020,43791,12242,5082,0.0970747413852162,4251,-0.188309502044648,-0.248565189527208,-0.0798736435682494,-0.370642083271552,2,0,3.56272214104961,4.82663855669511,9.63803048846073,14.0026178625603,18.6185727025823,"(117.42741305946667, 23.928780699)",117.4274130594667,23.928780699,251,1,741,2021,48042,0.09707474138521614,1.0970747413852162,12251,5094,False,293,0.09707474138521614,5.551115123125783e-17,False
252,0.354570972025624,0.651485574484211,0.820227617865361,0.0830803926401694,2015,2094,8722,5156,2.38681948424069,4998,-0.237368497707902,0.403858890178628,0.250714373462747,-0.385673733444673,0,1,33.6371808689295,61.0383378380561,86.4975684333613,103.426494621188,119.033486427526,"(117.42381655813334, 23.928705675333333)",117.4238165581333,23.92870567533333,252,1,746,2016,7092,2.3868194842406876,3.3868194842406876,8758,5237,True,294,2.3868194842406876,2.220446049250313e-15,False
253,0.354813802612354,0.696496351568025,0.803959215465611,0.079191231579336,2016,7092,8790,5193,1.13028326934882,5934,-0.237225953230913,0.487595569070215,0.229800223911446,-0.387409148808613,0,1,51.6154512423663,62.5669348162503,68.8450902886678,87.8096389106055,99.90132599894,"(117.423886036, 23.9286681635)",117.423886036,23.9286681635,253,1,746,2017,13026,0.8367174280879864,1.8367174280879865,8722,5156,False,295,0.8367174280879864,0.2935658412608336,True
254,0.373466989094532,0.704924753014409,0.740204025234236,0.0243762758236141,2015,2349,9576,5173,2.63473818646232,6189,-0.226276308266123,0.503275510435615,0.147838544429561,-0.411868592607478,0,1,52.2205575463543,58.3344034357127,65.57362165712,72.1193770967803,77.1201400703623,"(117.42468911840001, 23.928688440166667)",117.4246891184,23.92868844016667,254,1,749,2016,8538,2.6347381864623243,3.6347381864623243,9616,5254,True,296,2.6347381864623243,-4.440892098500626e-15,False
255,0.514678228645672,0.436099774498456,0.513546238724523,0.185700521528472,2015,852,6480,5239,2.85915492957746,2436,-0.143383611106838,0.0031617074210266,-0.143545620256695,-0.339882740082178,2,2,141.87070239738,142.690763001297,148.754354151674,154.174761120491,159.130237496973,"(117.421525832, 23.928621527166666)",117.421525832,23.92862152716667,255,1,756,2016,3288,2.859154929577465,3.859154929577465,6534,5319,True,297,2.859154929577465,-4.884981308350689e-15,False
256,0.464700935569077,0.617335208412131,0.544624331539109,0.162254667291876,2015,905,7244,5279,1.59668508287293,1445,-0.172720883642702,0.340326589181403,-0.103592595680448,-0.350344712478398,0,1,70.1348701876319,84.7934372177247,95.8842248879247,118.260586168138,131.717625863065,"(117.42230643626667, 23.928580973833334)",117.4223064362667,23.92858097383333,256,1,760,2016,2350,1.5966850828729282,2.596685082872928,7272,5361,True,298,1.5966850828729282,1.7763568394002505e-15,False
257,0.461511598105833,0.628043557315234,0.562038423085658,0.160280384587864,2016,2350,7330,5313,1.4420872046311,2218,-0.174593063118782,0.36024807535989,-0.0812055839779248,-0.351225673817801,0,1,67.8870749486668,70.8953512975568,87.0631930184683,98.0367418546256,106.035270707317,"(117.42239430533334, 23.928546503499998)",117.4223943053333,23.9285465035,257,1,760,2017,4568,0.9438297872340425,1.9438297872340426,7244,5279,False,299,0.9438297872340425,0.4982574173970574,True
258,0.375097724014963,0.715332143180686,0.728312014383856,0.0228160568188302,2015,901,9546,5298,2.73584905660377,2465,-0.225319047241179,0.522637102145756,0.132550547041792,-0.412564791090817,0,1,25.3848836989776,41.591977275793,57.7170537821294,69.5210273700381,78.9918552913651,"(117.4246584664, 23.928561711)",117.4246584664,23.928561711,258,1,761,2016,3366,2.7358490566037736,3.7358490566037736,9580,5369,True,300,2.7358490566037736,-3.552713678800501e-15,False
259,0.367233769096748,0.796539954962913,0.725455398313559,0.042278023857198,2015,1659,9250,5394,2.08438818565401,3458,-0.229935283424516,0.673713642016072,0.128878170723774,-0.403880502607366,0,1,90.3747129220309,91.6121438371904,95.8986132611806,104.367125105927,117.212395070779,"(117.42435603333334, 23.928464382999998)",117.4243560333333,23.928464383,259,1,765,2016,5117,2.0843881856540083,3.0843881856540083,9278,5469,True,301,2.0843881856540083,1.7763568394002505e-15,False
260,0.437385467680339,0.283825032518267,0.559782454714032,0.121493108585884,2015,2408,12410,5483,1.77574750830565,4276,-0.188755392047717,-0.280125585058971,-0.0841057863916489,-0.368533271432389,2,0,5.06941569244264,13.7687325628877,31.459359083618,40.5032709103134,51.3038822105652,"(117.42758471066668, 23.92837415183333)",117.4275847106667,23.92837415183333,260,1,766,2016,6684,1.7757475083056478,2.7757475083056478,12434,5529,True,302,1.7757475083056478,2.220446049250313e-15,False
261,0.437341859916119,0.284850004154681,0.558597005100924,0.121659997138022,2016,6684,12418,5525,2.13544153853904,5610,-0.188780990330154,-0.278218759041913,-0.085629763355388,-0.368458802683753,2,0,11.8855631058524,19.3425038758319,23.6847443825891,29.497702716642,32.9986599040714,"(117.42759288453334, 23.928331570833333)",117.4275928845333,23.92833157083333,261,1,766,2017,12294,0.8393177737881508,1.8393177737881508,12410,5483,False,303,0.8393177737881508,1.2961237647508894,True
262,0.437249898088524,0.30041320769451,0.554513845104734,0.119894495006378,2017,12294,12364,5529,0.460143159264682,5657,-0.188834973029756,-0.249265449150987,-0.0908789462009963,-0.369246602282792,2,0,19.4334138586948,19.9206597978426,20.7664162099921,21.5780503129109,22.7127269088085,"(117.42753771093334, 23.928327515499998)",117.4275377109333,23.9283275155,262,1,766,2018,17951,0.46014315926468197,1.4601431592646819,12418,5525,False,304,0.46014315926468197,5.551115123125783e-17,False
263,0.437525190445886,0.300226839696053,0.55498680980426,0.119770957718412,2018,17951,12358,5502,-0.465842291014912,5904,-0.188673373102713,-0.249612162499514,-0.0902709175688467,-0.369301726898153,2,0,1.42736860475321,1.67077829619668,4.24973204309108,7.86716302596335,12.2357105864492,"(117.42753158053334, 23.928354888999998)",117.4275315805333,23.928354889,263,1,766,2019,23855,0.32889532616567324,1.3288953261656733,12364,5529,False,305,0.32889532616567324,-0.7947376171805852,True
264,0.437506628232246,0.307727375363799,0.55410628611184,0.118812158986009,2019,23855,12330,5474,0.146468245650807,3494,-0.188684269345525,-0.235658394370707,-0.0914028913013766,-0.369729560568478,2,0,1.67867736631015,6.12170342751433,12.8771753732319,17.3310128376693,23.5704243639091,"(117.427502972, 23.92838327633333)",117.427502972,23.92838327633333,264,1,766,2020,27349,0.14646824565080696,1.1464682456508068,12358,5502,False,306,0.14646824565080696,2.7755575615628914e-17,False
265,0.560396096680915,0.361214106243022,0.536168514018005,0.190967060741207,2015,3262,6058,5463,2.02084610668302,6592,-0.116546672334403,-0.136153309171792,-0.114463130344479,-0.337532713194216,2,2,110.562931854043,111.541560692923,118.813346721057,124.644720789164,135.017831526033,"(117.42109466053334, 23.9283944285)",117.4210946605333,23.9283944285,265,1,767,2016,9854,2.0208461066830163,3.0208461066830163,6111,5548,True,307,2.0208461066830163,3.552713678800501e-15,False
266,0.553577438737281,0.343925793999346,0.533785220450683,0.188423864984456,2016,9854,6134,5486,1.87640402852912,8318,-0.120549306613028,-0.16831595875748,-0.11752701804942,-0.338667534025942,2,2,115.880841125408,117.905371218582,127.156461307497,132.710149156811,143.179637867954,"(117.42117231226668, 23.928371110333334)",117.4211723122667,23.92837111033333,266,1,767,2017,18172,0.8441242135173533,1.8441242135173534,6058,5463,False,308,0.8441242135173533,1.0322798150117665,True
267,0.574884793949654,0.400917422817461,0.543328232382021,0.194566260692183,2015,2648,5888,5494,2.73489425981873,7242,-0.108041632659462,-0.0622904681740887,-0.105258820238865,-0.33592668382307,2,2,50.2130514698583,50.511451019552,69.3423379593227,79.3725965224268,87.1485385808885,"(117.42092096586667, 23.928362999666668)",117.4209209658667,23.92836299966667,267,1,768,2016,9890,2.734894259818731,3.734894259818731,5963,5567,True,309,2.734894259818731,-1.3322676295501878e-15,False
268,0.36700044277176,0.861841059704964,0.735801545680377,0.0687856013688554,2015,3535,8919,5491,2.32984441301273,8236,-0.230072248785475,0.795197828544756,0.142178854343006,-0.392052332841439,0,1,70.9016454163769,75.106302531993,81.0921714108108,89.5651305731448,99.8349140704039,"(117.42401783960001, 23.928366041166665)",117.4240178396,23.92836604116667,268,1,769,2016,11771,2.32984441301273,3.32984441301273,8954,5586,True,310,2.32984441301273,0.0,False
269,0.369208287819939,0.86300379558663,0.72542212051332,0.0632678964014843,2016,11771,8978,5523,1.55389425062523,9030,-0.228776217169754,0.797360946968095,0.128835389824099,-0.394514434519484,0,1,5.97147296736861,21.4627813484302,29.4056541515248,34.6910489278551,39.1361988241554,"(117.42407812186667, 23.9283335985)",117.4240781218667,23.9283335985,269,1,769,2017,20801,0.7671395803245263,1.7671395803245264,8919,5491,False,311,0.7671395803245263,0.7867546703007037,True
270,0.421429736986,0.715802269764346,0.669007261205011,0.00549897600892456,2015,1624,10210,5577,2.17795566502463,3537,-0.198121597999914,0.523511711324375,0.0563102103075341,-0.420291991797097,0,1,42.962046122539,51.6010526681201,86.3773528436403,110.132062013234,128.267618663539,"(117.42533689733334, 23.9282788515)",117.4253368973333,23.9282788515,270,1,770,2016,5161,2.1779556650246303,3.1779556650246303,10265,5639,True,312,2.1779556650246303,-4.440892098500626e-16,False
271,0.426710619973954,0.736425945510764,0.660983691063709,0.00758210072714785,2016,5161,10258,5619,0.928184405361004,3757,-0.195021656128109,0.561879369592667,0.0459953593622977,-0.419362463144397,0,1,25.2183023609515,28.8809446682111,31.8947173864525,33.4016037455731,38.4465582154452,"(117.42538594053335, 23.9282362705)",117.4253859405333,23.9282362705,271,1,770,2017,8918,0.7279596977329975,1.7279596977329974,10210,5577,False,313,0.7279596977329975,0.20022470762800648,True
272,0.426260537603437,0.732083581131834,0.663162276861991,0.00478059088781305,2017,8918,10210,5650,0.484525678403229,4321,-0.195285859896553,0.553800967148034,0.0487960811588213,-0.42061254848192,0,1,0.139766336776141,0.139766336776141,9.41155184105201,40.9820054155811,61.0423190426139,"(117.42533689733334, 23.928204841666666)",117.4253368973333,23.92820484166667,272,1,770,2018,13239,0.4845256784032294,1.4845256784032295,10258,5619,False,314,0.4845256784032294,-3.885780586188048e-16,False
273,0.475957841062315,0.644881380558233,0.598904292293995,0.150818657072276,2015,2131,7571,5630,1.47020178320038,3133,-0.166112944636093,0.39157264892828,-0.0338119750041432,-0.355447671066855,0,1,23.7717933230024,44.8533578164719,61.6571453886373,71.7260804945169,81.4171186717321,"(117.42264054306668, 23.928225118333334)",117.4226405430667,23.92822511833333,273,1,774,2016,5264,1.4702017832003753,2.4702017832003755,7602,5703,True,315,1.4702017832003753,4.6629367034256575e-15,False
274,0.433987523542204,0.884878656036908,0.60878317390255,0.0247293305841721,2015,3920,10546,5650,2.20051020408163,8626,-0.190750026152636,0.838056271154842,-0.0211119936363301,-0.411711053064579,0,1,151.912247169551,156.133850631198,173.799809130607,185.702168263009,193.753750084602,"(117.42568019973334, 23.928204841666666)",117.4256801997333,23.92820484166667,274,1,776,2016,12546,2.2005102040816324,3.2005102040816324,10612,5730,True,316,2.2005102040816324,-2.6645352591003757e-15,False
275,0.43602693794286,0.898521735921926,0.600909563156295,0.0251252521286933,2016,12546,10582,5682,1.40036651577373,10450,-0.189552865354153,0.863437441475377,-0.0312340614712414,-0.411534385572406,0,1,128.643319349364,135.170481369147,140.785272257567,144.596196801292,151.078930570855,"(117.42571698213334, 23.928172399)",117.4257169821333,23.928172399,275,1,776,2017,22996,0.8329347999362346,1.8329347999362346,10546,5650,False,317,0.8329347999362346,0.5674317158374953,True
276,0.434610198573106,0.892983208083239,0.612154794314373,0.0218309359816223,2017,22996,10518,5691,0.596538528439729,13718,-0.190384508415314,0.853133732959156,-0.0167775438366276,-0.413004370169567,0,1,21.2424666271619,49.6083950838091,62.9279729446747,72.2001085730582,79.5014315308714,"(117.42565159120001, 23.9281632745)",117.4256515912,23.9281632745,276,1,776,2018,36714,0.5965385284397287,1.5965385284397287,10582,5682,False,318,0.5965385284397287,3.3306690738754696e-16,False
277,0.443568310940982,0.613897930194637,0.463051544479061,0.083910903354243,2015,1783,11566,5747,1.87605159842961,3345,-0.185125988640333,0.333931981467268,-0.208460020641397,-0.38530314425318,0,1,60.8727592801148,72.1555716810356,93.3226530460157,116.834049198576,133.520454111626,"(117.42672236773333, 23.928106499833333)",117.4267223677333,23.92810649983333,277,1,782,2016,5128,1.876051598429613,2.876051598429613,11606,5799,True,319,1.876051598429613,-3.1086244689504383e-15,False
278,0.442705911803805,0.60379981513889,0.463931234462492,0.0852734053004253,2016,5128,11590,5773,2.20134375744288,5553,-0.18563222731323,0.315145755753838,-0.207329118699081,-0.3846951707664,0,2,54.1113982226803,55.1445696934257,70.3548119885887,82.4252929911352,91.7262962399044,"(117.42674688933334, 23.928080140166667)",117.4267468893333,23.92808014016667,278,1,782,2017,10681,1.0828783151326054,2.0828783151326054,11566,5747,False,320,1.0828783151326054,1.1184654423102747,True
279,0.44396488981425,0.633433587104906,0.462595914618018,0.0823312683376713,2017,10681,11538,5778,0.484692444527666,5177,-0.184893192068715,0.370275522628207,-0.209045764147104,-0.386008006518923,0,1,14.1943997419429,27.8087224005347,32.4253495939905,39.1259489653843,49.8403444344438,"(117.4266937592, 23.928075071)",117.4266937592,23.928075071,279,1,782,2018,15858,0.48469244452766597,1.484692444527666,11590,5773,False,321,0.48469244452766597,5.551115123125783e-17,False
280,0.443813354413294,0.620221341884923,0.462740933237916,0.0830086599270724,2018,15858,11550,5727,-0.952090614929502,2909,-0.184982145172875,0.345695863997508,-0.208859332742855,-0.385705741903685,0,1,14.0438633002196,21.4958157612464,32.0201301452426,39.8083216769464,50.9823033087707,"(117.42670602000001, 23.9281267765)",117.42670602,23.9281267765,280,1,782,2019,18767,0.1834405347458696,1.1834405347458696,11538,5778,False,322,0.1834405347458696,-1.1355311496753715,True
281,0.443268442934075,0.626379183896578,0.462443290319238,0.0825082085196257,2019,18767,11530,5690,0.263121436564182,4938,-0.185302014769438,0.357151725740017,-0.209241973174359,-0.385929052547755,0,1,7.4983094866216,9.82916111259119,26.1783160361576,36.6263883890085,46.606121416152,"(117.42668558533335, 23.92816428833333)",117.4266855853333,23.92816428833333,281,1,782,2020,23705,0.2631214365641818,1.2631214365641819,11550,5727,False,323,0.2631214365641818,2.220446049250313e-16,False
282,0.443674041240772,0.628710696433152,0.462174539229834,0.0819848657450772,2020,23705,11522,5675,0.0680025311115799,1612,-0.185063923681843,0.361489200657264,-0.209587471173348,-0.38616257774184,0,1,0.142579704368527,26.0114175098825,39.9403345639739,47.3408993394359,53.2333294506239,"(117.42667741146667, 23.928179495833334)",117.4266774114667,23.92817949583333,282,1,782,2021,25317,0.06800253111157983,1.06800253111158,11530,5690,False,324,0.06800253111157983,6.938893903907228e-17,False
283,0.375921467399436,0.876829231262072,0.693364348642323,0.0588673293052006,2015,2283,9024,5721,3.06920718353044,7007,-0.224835499960359,0.823081366447523,0.087622920479117,-0.396478048684464,0,1,10.6517946624064,25.3666727582578,37.3558962860121,55.1143967829158,67.2400272321024,"(117.4241251216, 23.9281328595)",117.4241251216,23.9281328595,283,1,783,2016,9290,3.0692071835304424,4.069207183530442,9058,5808,True,325,3.0692071835304424,-2.220446049250313e-15,False
284,0.376927103778608,0.874485839312739,0.686415300517121,0.0542332211490344,2016,9290,9080,5749,1.96753490346756,8432,-0.224245179302485,0.818721791432566,0.0786894414466641,-0.398545873175808,0,1,10.150840616162,16.1495232683916,25.1834861455425,29.9108553210454,34.3445958508067,"(117.42418233866667, 23.928104472166666)",117.4241823386667,23.92810447216667,284,1,783,2017,17722,0.9076426264800861,1.907642626480086,9024,5721,False,326,0.9076426264800861,1.059892276987474,True
285,0.377634842859099,0.877444028387487,0.686714967047379,0.060351738508792,2017,17722,9006,5773,0.591863220855434,10489,-0.223829727944269,0.824225116296109,0.079074683369954,-0.395815677932008,0,1,17.9597344102143,21.6831759309435,27.7589960255038,35.5421100824383,40.7384589506722,"(117.42410673040001, 23.928080140166667)",117.4241067304,23.92808014016667,285,1,783,2018,28211,0.591863220855434,1.591863220855434,9080,5749,False,327,0.591863220855434,0.0,False
286,0.424398236748899,0.75443809726329,0.656426337685853,0.0,2015,1365,10104,5778,3.16776556776557,4324,-0.196379052911821,0.595388628156217,0.0401365683291922,-0.422745736268606,0,1,16.703794992279,19.7493032251841,48.232800272213,67.4051024280623,81.8690378524286,"(117.42522859360001, 23.928075071)",117.4252285936,23.928075071,286,1,785,2016,5689,3.1677655677655676,4.167765567765568,10168,5851,True,328,3.1677655677655676,2.220446049250313e-15,False
287,0.428853813004513,0.772378990928753,0.654205655089497,0.0011923120437504,2016,5689,10148,5805,2.36440297961888,6873,-0.193763576024849,0.628765320344746,0.0372817282050707,-0.422213704653825,0,1,3.99546212034958,11.9532124994982,14.6057959592145,27.7860079287001,39.9237201962469,"(117.42527354986667, 23.9280476975)",117.4252735498667,23.9280476975,287,1,785,2017,12562,1.2081209351379856,2.208120935137986,10104,5778,False,329,1.2081209351379856,1.1562820444808943,True
288,0.425284396574251,0.766880446374081,0.650920279893192,0.000908584033801391,2017,12562,10082,5830,0.785702913548798,9870,-0.195858866428994,0.618535995512422,0.0330581525582862,-0.42234030932253,0,1,4.94571557247805,4.94571557247805,5.66306195037446,6.40838713257669,10.9041180863983,"(117.42520611546668, 23.928022351666666)",117.4252061154667,23.92802235166667,288,1,785,2018,22432,0.785702913548798,1.785702913548798,10148,5805,False,330,0.785702913548798,0.0,False
289,0.447434398359598,0.740536888054166,0.461642701128696,0.0724122924862195,2015,1901,11362,5811,1.90952130457654,3630,-0.18285654879545,0.569527241902394,-0.210271185610142,-0.390434036405037,0,1,110.945644111533,112.966872264914,141.304995688448,156.191267079761,168.401985002858,"(117.42651393413334, 23.9280416145)",117.4265139341333,23.9280416145,289,1,786,2016,5531,1.9095213045765387,2.9095213045765385,11400,5866,True,331,1.9095213045765387,1.3322676295501878e-15,False
290,0.42321083702846,0.163040999167686,0.593557473112047,0.144303433781527,2015,4693,13240,5862,1.30854464095461,6141,-0.197076070838625,-0.504828522248325,-0.0406856785951453,-0.358354883810533,2,0,15.1425482895055,31.0932665635082,43.662016867496,55.037931204474,64.7638451475783,"(117.42843274933334, 23.927989909)",117.4284327493333,23.927989909,290,1,788,2016,10834,1.3085446409546133,2.3085446409546133,13278,5911,True,332,1.3085446409546133,-3.3306690738754696e-15,False
291,0.381880427024484,0.869408866834551,0.660134028170481,0.038027383517744,2015,3401,9234,5845,1.98647456630403,6756,-0.221337518941613,0.809276746452431,0.0449030593084554,-0.405777216689475,0,1,22.3905920314476,32.5953613233794,42.9327939602126,48.6549065266489,52.798704272007,"(117.4243396856, 23.928007144166667)",117.4243396856,23.92800714416667,291,1,789,2016,10157,1.9864745663040282,2.9864745663040284,9272,5933,True,333,1.9864745663040282,1.7763568394002505e-15,False
292,0.384980708961226,0.863352118242675,0.654670481188574,0.0340478363790195,2016,10157,9289,5879,1.35478365527842,7388,-0.219517616131415,0.798008955829295,0.0378792941069069,-0.407552963987682,0,1,8.76163674981164,21.0007103711733,33.0585524089385,41.519034541182,46.8636021240863,"(117.42439588093333, 23.927972673833334)",117.4243958809333,23.92797267383333,292,1,789,2017,17545,0.7273801319287191,1.7273801319287192,9234,5845,False,334,0.7273801319287191,0.627403523349701,True
293,0.382944952172955,0.883413834957899,0.652429405256445,0.0406563267503902,2017,17545,9208,5898,0.678540894841835,11905,-0.220712629867407,0.835331162630315,0.0349982369478403,-0.404604133753207,0,1,7.6661820594299,16.8872317302392,25.3743489386955,32.4861751524973,37.5773502124059,"(117.42431312053334, 23.927953411)",117.4243131205333,23.927953411,293,1,789,2018,29450,0.6785408948418353,1.6785408948418352,9289,5879,False,335,0.6785408948418353,-3.3306690738754696e-16,False
294,0.444041709917607,1.0,0.565764992200071,0.0304190270428825,2015,1749,10700,5903,1.41623785020011,2477,-0.184848097743478,1.0522245134639,-0.076414823222382,-0.409172205612351,0,1,214.646381344396,218.705954475935,221.731582350085,226.643333109499,230.480089252778,"(117.42583754666667, 23.927948341833332)",117.4258375466667,23.92794834183333,294,1,791,2016,4226,1.4162378502001143,2.4162378502001145,10720,5967,True,336,1.4162378502001143,-4.218847493575595e-15,False
295,0.446036212686456,0.979100065520948,0.553602227154631,0.0323705889081968,2016,4226,10748,5939,1.3629209512679,3382,-0.183677300613398,1.01334291186283,-0.0920508937391512,-0.408301382730045,0,1,177.336054937982,180.460017065296,182.737703111713,186.532053973666,189.255618031165,"(117.42588658986668, 23.927911843833332)",117.4258865898667,23.92791184383333,295,1,791,2017,7608,0.8002839564600095,1.8002839564600095,10700,5903,False,337,0.8002839564600095,0.5626369948078904,True
296,0.444249270925784,0.994658821980098,0.565071225694806,0.0280543076580721,2017,7608,10690,5963,0.548370136698212,4172,-0.184726256933585,1.04228794854029,-0.0773067077534054,-0.410227386996618,0,1,87.7890926125341,107.702561513473,121.217897220711,128.034859348977,134.254265851118,"(117.42582732933334, 23.927887511833333)",117.4258273293333,23.92788751183333,296,1,791,2018,11780,0.5483701366982124,1.5483701366982123,10748,5939,False,338,0.5483701366982124,-4.440892098500626e-16,False
297,0.449206001807826,0.921028488972538,0.506179319486811,0.0459762819557127,2015,2547,10947,5910,1.98939929328622,5067,-0.181816596249271,0.90530831941161,-0.153016301328133,-0.402230271664602,0,1,135.91575079565,156.091331136491,193.035975187226,214.329815026063,230.540360351024,"(117.4260899148, 23.927941245)",117.4260899148,23.927941245,297,1,792,2016,7614,1.989399293286219,2.989399293286219,10980,5974,True,339,1.989399293286219,8.881784197001252e-16,False
298,0.447598975986188,0.90717724924667,0.495030458660081,0.047405916945,2016,7614,10982,5942,1.56971632456645,7291,-0.182759939747874,0.879539894862627,-0.167348928277443,-0.401592342176358,0,1,88.2263204684514,102.552532392679,109.243552245948,113.647920125989,116.873660114002,"(117.42612567546668, 23.927908802333334)",117.4261256754667,23.92790880233333,298,1,792,2017,14905,0.957578145521408,1.9575781455214079,10947,5910,False,340,0.957578145521408,0.6121381790450421,True
299,0.528956026437261,0.39380360396868,0.527116675211388,0.171635314894299,2015,1060,6578,5903,1.55,1643,-0.135002371963257,-0.0755248001102848,-0.126099891340677,-0.346158894581346,2,2,80.5705666878516,98.5973556796473,106.060129806976,114.329400696775,122.877122860921,"(117.42162596186667, 23.927948341833332)",117.4216259618667,23.92794834183333,299,1,794,2016,2703,1.55,2.55,6624,5985,True,341,1.55,0.0,False
300,0.394614537502344,0.842129176186372,0.635214471581785,0.0228807418341703,2015,5421,9488,5974,1.76664821988563,9577,-0.213862442830184,0.758526440768642,0.0128672563794536,-0.412535927444473,0,1,2.82461661930638,10.7921136713166,13.5890367636789,21.8457998977946,31.8086539363375,"(117.42459920586667, 23.927876359666666)",117.4245992058667,23.92787635966667,300,1,799,2016,14998,1.76664821988563,2.76664821988563,9524,6065,True,342,1.76664821988563,0.0,False
301,0.432351418051706,0.383363246476619,0.518366044264284,0.117828365112999,2015,2575,12243,6060,1.96427184466019,5058,-0.191710439766847,-0.0949477232293005,-0.137349428928878,-0.370168547531338,2,2,115.261824098118,130.589328563913,171.165640435142,194.905211823689,209.671171617331,"(117.42741408120001, 23.92778917)",117.4274140812,23.92778917,301,1,800,2016,7633,1.964271844660194,2.9642718446601943,12286,6103,True,343,1.964271844660194,-4.218847493575595e-15,False
302,0.43188096406924,0.380099848408775,0.520041950885153,0.118443580397029,2016,7633,12258,6086,1.40419814929446,7653,-0.191986601916687,-0.101018849608515,-0.135194935768357,-0.369894027129808,2,2,29.4674192888759,55.9126344969571,74.8198831058208,109.632939256049,134.009573413502,"(117.42742940720001, 23.927762810333334)",117.4274294072,23.92776281033333,302,1,800,2017,15286,1.0026202017555352,2.0026202017555352,12243,6060,False,344,1.0026202017555352,0.40157794753892473,True
303,0.432580728748227,0.397670361561186,0.514041184443195,0.116671872888729,2017,15286,12208,6091,0.749771032317153,11461,-0.191575831628129,-0.0683312020465949,-0.142909333513489,-0.370684595682311,2,2,12.9118440460078,35.6667178492349,47.2571464534379,61.5903359909782,77.6171950652056,"(117.42737832053334, 23.927757741166666)",117.4273783205333,23.92775774116667,303,1,800,2018,26747,0.7497710323171529,1.749771032317153,12258,6086,False,345,0.7497710323171529,1.1102230246251565e-16,False
304,0.391208542865631,0.884148267050322,0.645709722914584,0.0746710953277299,2015,2431,8808,6061,3.12422871246401,7595,-0.215861802674659,0.836697477728062,0.0263596233961444,-0.389426116935014,0,1,93.7232324010938,105.691839993835,115.406016127765,124.275948481203,133.246189320059,"(117.4239044272, 23.927788156166667)",117.4239044272,23.92778815616667,304,1,802,2016,10026,3.1242287124640065,4.1242287124640065,8848,6142,True,346,3.1242287124640065,3.552713678800501e-15,False
305,0.388923116608319,0.892082995800383,0.640987872468288,0.0702517086883544,2016,10026,8866,6082,2.64226394048012,8746,-0.217203375393866,0.851459005443935,0.0202893600742702,-0.391398128727069,0,1,80.1086385225749,84.5332864209124,89.9734052181613,93.3091210927553,98.2226174721621,"(117.42396368773333, 23.927766865666666)",117.4239636877333,23.92776686566667,305,1,802,2017,18772,0.8723319369638939,1.8723319369638938,8808,6061,False,347,0.8723319369638939,1.7699320035162258,True
306,0.392811101331312,0.882985953907133,0.637906896081902,0.0765262820127181,2017,18772,8780,6102,0.883922863839761,16593,-0.21492108156777,0.83453514575451,0.0163285531477156,-0.388598298434894,0,1,66.5421031818719,67.310108888326,67.9493037524531,73.0653508075495,77.7585705814238,"(117.42387581866667, 23.927746588999998)",117.4238758186667,23.927746589,306,1,802,2018,35365,0.8839228638397614,1.8839228638397614,8866,6082,False,348,0.8839228638397614,-3.3306690738754696e-16,False
307,0.447481180678618,0.883773379353479,0.468951746317762,0.0536441574656122,2015,3146,11099,6086,1.91258741258741,6017,-0.182829087011139,0.836000048073994,-0.200874905606415,-0.39880872425103,0,1,154.269778634659,169.932960202442,177.487325101286,184.19950876765,190.976755196058,"(117.42624521826667, 23.927762810333334)",117.4262452182667,23.92776281033333,307,1,803,2016,9163,1.9125874125874125,2.9125874125874125,11136,6157,True,349,1.9125874125874125,-2.4424906541753444e-15,False
308,0.438855162325957,0.901550071012045,0.62175272837136,0.00297994700917557,2015,1845,10270,6114,2.66449864498645,4916,-0.187892663602283,0.869071263849634,-0.0044387398582824,-0.421416028976323,0,1,41.9606433658049,42.4439709476558,54.9633513039909,75.3873542471269,93.5628653479975,"(117.42539820133334, 23.927734423)",117.4253982013333,23.927734423,308,1,806,2016,6761,2.66449864498645,3.66449864498645,10336,6197,True,350,2.66449864498645,0.0,False
309,0.440206748607636,0.916889975205935,0.617315244541338,0.00482825129350066,2016,6761,10312,6138,2.48022119277721,7641,-0.187099266187969,0.897609154437917,-0.0101434303479881,-0.420591281530259,0,1,12.1368920016628,20.0900493424271,24.7006157570046,36.0017967352082,43.0624426430056,"(117.42544111413333, 23.927710090999998)",117.4254411141333,23.927710091,309,1,806,2017,14402,1.1301582606123355,2.1301582606123355,10270,6114,False,351,1.1301582606123355,1.3500629321648745,True
310,0.439071158948552,0.909762007992248,0.620916883991796,0.00271030340571019,2017,14402,10252,6150,0.70712401055409,10184,-0.1877658709852,0.884348501314535,-0.0055132752629432,-0.421536348923202,0,1,22.9482964215553,25.1916024058168,27.0410544320856,34.8617503473862,40.6118570381327,"(117.42537981013334, 23.927697925)",117.4253798101333,23.927697925,310,1,806,2018,24586,0.7071240105540897,1.7071240105540897,10312,6138,False,352,0.7071240105540897,3.3306690738754696e-16,False
311,0.45820764540669,0.572305311685157,0.583896538103131,0.125088026691165,2015,1586,7985,6397,2.86191677175284,4539,-0.176532523117782,0.256554340687965,-0.0531054746277898,-0.36692915269973,0,2,45.1502508920278,75.3634475689477,86.2685030741543,104.319283956153,116.65126329206,"(117.42306354066667, 23.927447508166665)",117.4230635406667,23.92744750816667,311,1,810,2016,6125,2.8619167717528375,3.8619167717528375,8034,6470,True,353,2.8619167717528375,2.6645352591003757e-15,False
312,0.45281080095096,0.592714373466352,0.588128774040496,0.121798502122653,2016,6125,8058,6421,1.89911294538924,5146,-0.179700535766822,0.294522737671387,-0.0476646444125368,-0.368396999206203,0,2,1.25979750735135,36.2215432939777,53.2401817701583,62.5495009886618,70.5065452039912,"(117.4231381272, 23.927423176166666)",117.4231381272,23.92742317616667,312,1,810,2017,11271,0.8401632653061224,1.8401632653061224,7985,6397,False,354,0.8401632653061224,1.0589496800831175,True
313,0.581050503511702,0.521435141738661,0.655183509174298,0.189428978120225,2015,4373,3934,6418,0.774525497370226,3387,-0.104422286939365,0.161917025761404,0.0385388268473562,-0.338219034015008,2,2,11.5485784801157,45.1451063497796,61.077777238305,69.9921741045871,76.9464639464782,"(117.41892449893334, 23.927426217666667)",117.4189244989333,23.92742621766667,313,1,811,2016,7760,0.7745254973702264,1.7745254973702265,3948,6485,True,355,0.7745254973702264,-3.3306690738754696e-16,False
314,0.414514725476422,0.767352273097726,0.583988700442537,0.0929917177037562,2015,2263,8530,6446,2.41935483870968,5475,-0.202180792981407,0.619413767579694,-0.0529869936053777,-0.38125111748115,0,1,5.98459210411187,32.2733203693358,44.0868002770179,50.794387533223,73.921980738446,"(117.42362038533334, 23.927397830333334)",117.4236203853333,23.92739783033333,314,1,814,2016,7738,2.4193548387096775,3.4193548387096775,8572,6515,True,356,2.4193548387096775,2.6645352591003757e-15,False
315,0.410092551150947,0.788774814952354,0.575498104671593,0.0880358366372109,2016,7738,8594,6478,1.57947390321394,4913,-0.20477666253338,0.659267612026375,-0.0639022381001835,-0.383462522977147,0,1,16.7123940041408,28.6986913036641,41.5456170092465,60.4799219445744,78.596440941572,"(117.42368577626667, 23.927365387666665)",117.4236857762667,23.92736538766666,315,1,814,2017,12651,0.6349185836133368,1.6349185836133369,8530,6446,False,357,0.6349185836133368,0.9445553196006032,True
316,0.435707909530053,0.943281774951514,0.532579621737218,0.0412241937033963,2015,1359,10828,6489,2.01324503311258,2736,-0.189740138872126,0.946707654927065,-0.119076898066689,-0.404350741049869,0,1,104.775047193967,126.611299603934,156.916246046583,182.30737898219,202.432964906823,"(117.42596832853334, 23.9273542355)",117.4259683285333,23.9273542355,316,1,816,2016,4095,2.013245033112583,3.013245033112583,10862,6549,True,358,2.013245033112583,-2.6645352591003757e-15,False
317,0.434666756341603,0.925929212440494,0.526357362607456,0.0452103907982534,2016,4095,10870,6515,1.40613252377242,3099,-0.190351308324507,0.914425476100742,-0.12707603988708,-0.402572026418641,0,1,96.7851812546068,100.22621411459,105.391361868373,116.747948004983,125.265741085299,"(117.42601124133334, 23.92732787583333)",117.4260112413333,23.92732787583333,317,1,816,2017,7194,0.7567765567765568,1.7567765567765568,10828,6489,False,359,0.7567765567765568,0.6493559669958633,True
318,0.433723094046365,0.926621896132595,0.540430895300553,0.0420824977904456,2017,7194,10814,6538,0.73185988323603,5265,-0.190905249449225,0.915714123745969,-0.108983546215846,-0.40396774994297,0,1,54.0680810878988,58.3181332006628,60.762550890501,67.2736585603932,73.2428314401043,"(117.42595402426667, 23.927304557666666)",117.4259540242667,23.92730455766667,318,1,816,2018,12459,0.73185988323603,1.7318598832360301,10870,6515,False,360,0.73185988323603,0.0,False
319,0.403116033018658,0.996671659983592,0.587069110191173,0.0257243680533105,2015,2863,9520,6467,2.32203981837234,6648,-0.208871962642665,1.04603257106137,-0.0490269151306008,-0.411267049001845,0,1,55.3527947888927,76.1170760670846,87.247043242027,98.0970137286586,107.337648760794,"(117.42463190133334, 23.927376539833332)",117.4246319013333,23.92737653983333,319,1,817,2016,9511,2.3220398183723368,3.3220398183723368,9550,6555,True,361,2.3220398183723368,3.1086244689504383e-15,False
320,0.433801574573084,0.930179742655719,0.594514847266669,0.02743949871216,2015,2801,10580,6531,2.12959657265262,5965,-0.190859180435491,0.922333033064011,-0.0394549083108662,-0.410501726082589,0,1,43.2802372237921,52.7876980947774,71.539898429143,92.2659214027055,106.546658649188,"(117.42571493866667, 23.9273116545)",117.4257149386667,23.9273116545,320,1,820,2016,8766,2.1295965726526243,3.1295965726526243,10628,6603,True,362,2.1295965726526243,-4.440892098500626e-15,False
321,0.433467253073142,0.931681009999071,0.587260720627168,0.0299579762396148,2016,8766,10614,6529,2.8341344081654,9952,-0.191055431179672,0.925125945108756,-0.0487805867441042,-0.409377934980467,0,1,21.9359117419793,33.9112194252081,38.8758424113107,44.8234483051486,52.0032864893889,"(117.42574967760001, 23.927313682166666)",117.4257496776,23.92731368216667,321,1,820,2017,18718,1.135295459730778,2.135295459730778,10580,6531,False,363,1.135295459730778,1.6988389484346218,True
322,0.432944272566385,0.922846442736955,0.59824352907067,0.027714494661791,2017,18718,10568,6549,0.347953841222353,6513,-0.191362427031451,0.908690385229477,-0.0346614315476355,-0.410379017820178,0,1,11.1188566673402,18.4746599197296,21.2301374918783,26.9577128993328,32.4055993577266,"(117.42570267786667, 23.9272934055)",117.4257026778667,23.9272934055,322,1,820,2018,25231,0.3479538412223528,1.3479538412223528,10614,6529,False,364,0.3479538412223528,2.220446049250313e-16,False
323,0.395300832285978,0.955546116319366,0.529884656665781,0.0510323892940888,2015,1869,9108,6630,3.48689138576779,6517,-0.213459579532314,0.969523862099501,-0.122541460914017,-0.399974143358394,0,1,52.5640817405086,63.7964092163906,69.4756465354127,72.5323781400753,75.0833078108111,"(117.42421094720001, 23.927211285)",117.4242109472,23.927211285,323,1,827,2016,8386,3.48689138576779,4.48689138576779,9146,6698,True,365,3.48689138576779,0.0,False
324,0.416938668060284,0.924865738187568,0.622457209775656,0.0191949983668429,2015,1468,10110,6621,3.1341961852861,4601,-0.200757909511407,0.912447020988517,-0.0035330805880281,-0.414180574128087,0,1,50.1023354955209,60.2950730542906,87.3363891350034,101.495778575329,110.17965792803,"(117.425234724, 23.9272204095)",117.425234724,23.9272204095,324,1,828,2016,6069,3.1341961852861036,4.134196185286103,10158,6709,True,366,3.1341961852861036,-3.552713678800501e-15,False
325,0.416130432577769,0.907982071022313,0.62383704209602,0.0204467610630035,2016,6069,10158,6646,2.2385025833411,4888,-0.201232353467132,0.88103716078333,-0.0017592112925244,-0.4136220145362,0,1,4.70188035168464,21.3336207324309,39.4704132985371,50.9375241023233,60.174545186266,"(117.4252837672, 23.927195063666666)",117.4252837672,23.92719506366667,325,1,828,2017,10957,0.8054045147470753,1.8054045147470752,10110,6621,False,367,0.8054045147470753,1.4330980685940244,True
326,0.417760024995904,0.52279984401141,0.498975257622412,0.103722906935623,2015,1841,11704,6655,4.24008690928843,7806,-0.200275763104786,0.164455876307863,-0.162277618051599,-0.376462663011141,0,2,14.6526922633451,14.6914754356807,15.845119054886,16.9662602185845,26.1607244768244,"(117.42686336693333, 23.927185939166666)",117.4268633669333,23.92718593916667,326,1,829,2016,9647,4.24008690928843,5.24008690928843,11760,6715,True,368,4.24008690928843,0.0,False
327,0.416876542448599,0.518063057394461,0.499597847774918,0.104795688063343,2016,9647,11714,6667,1.42488133652874,10704,-0.200794377993177,0.155643702743677,-0.161477235614607,-0.375983968294705,0,2,0.0831663577570936,19.5791140057597,26.4790806101166,38.0006753225802,54.3195346304498,"(117.42687358426667, 23.927173773166665)",117.4268735842667,23.92717377316666,327,1,829,2017,20351,1.109567741266715,2.109567741266715,11704,6655,False,369,1.109567741266715,0.31531359526202496,True
328,0.417027963188159,0.535302282491571,0.499913208395372,0.102208846753373,2017,20351,11662,6682,0.776915139305194,15811,-0.200705492196636,0.187715032096834,-0.161071817859581,-0.377138264576904,0,2,3.03580650647419,17.4949170726364,35.5994536593356,46.0131121312769,52.4625623750069,"(117.42682045413333, 23.927158565666666)",117.4268204541333,23.92715856566667,328,1,829,2018,36162,0.7769151393051938,1.7769151393051938,11714,6667,False,370,0.7769151393051938,1.1102230246251565e-16,False
329,0.424004795593377,0.751703425962137,0.502895340957717,0.0720717821974402,2015,2295,11134,6713,1.83485838779956,4211,-0.196610007605359,0.590301128951475,-0.157238081463212,-0.390585978373365,0,1,204.5613571232,208.679732759489,220.306454439873,228.466083707972,234.14006182621,"(117.42628097893333, 23.92712713683333)",117.4262809789333,23.92712713683333,329,1,834,2016,6506,1.8348583877995643,2.834858387799564,11176,6774,True,371,1.8348583877995643,-4.440892098500626e-15,False
330,0.397000407027363,0.975522297357488,0.5670807174444,0.0321490661694559,2015,1182,9448,6729,1.96954314720812,2328,-0.212461908703951,1.00668694093181,-0.0747233679797487,-0.408400230259952,0,1,17.403539161104,21.475610157974,42.5393082420837,56.755480205183,82.7857017128821,"(117.42455833653334, 23.9271109155)",117.4245583365333,23.9271109155,330,1,836,2016,3510,1.9695431472081217,2.969543147208122,9472,6781,True,372,1.9695431472081217,-1.7763568394002505e-15,False
331,0.39642227797268,0.967922613250107,0.57477761239767,0.0311670677884923,2016,3510,9512,6763,1.00650351208236,1573,-0.212801277417101,0.992548720065459,-0.0648284804439069,-0.408838416041161,0,1,25.7114960882527,28.66199885238,35.360043717287,41.6386960285156,47.3648184045623,"(117.42462372746667, 23.927076445166666)",117.4246237274667,23.92707644516667,331,1,836,2017,5083,0.44814814814814813,1.4481481481481482,9448,6729,False,373,0.44814814814814813,0.5583553639342118,True
332,0.420917681714429,0.650329260589019,0.497430362723871,0.0826162815903881,2015,2135,11306,6733,1.87822014051522,4010,-0.198422180607149,0.401707719023345,-0.164263686637511,-0.385880828351201,0,1,126.65054364041,127.060048423934,137.481008807729,149.775616888491,159.200095311873,"(117.42645671706667, 23.927106860166667)",117.4264567170667,23.92710686016667,332,1,839,2016,6145,1.8782201405152226,2.8782201405152223,11346,6799,True,374,1.8782201405152226,-2.6645352591003757e-15,False
333,0.418976114300371,0.625019146563967,0.497895242503452,0.0863097035844679,2016,6145,11342,6759,1.82906170923675,4291,-0.199561904046865,0.35462155370612,-0.163666051725697,-0.384232755367392,0,1,59.4069674149031,69.4407422261395,74.4896504631357,79.3655656041875,83.5843386078566,"(117.42649349946667, 23.9270805005)",117.4264934994667,23.9270805005,333,1,839,2017,10436,0.6982912937347437,1.6982912937347436,11306,6733,False,375,0.6982912937347437,1.1307704155020062,True
334,0.39483801068649,0.955872975469919,0.53642674028321,0.043396751799592,2015,3308,9246,6742,2.73125755743652,9035,-0.213731261381486,0.970131940908752,-0.114131162730459,-0.40338130557517,0,1,20.8376967526955,63.4882959455569,77.9143313088726,90.7812558952428,99.496338998665,"(117.42435194640001, 23.927097735666667)",117.4243519464,23.92709773566667,334,1,840,2016,12343,2.7312575574365177,3.7312575574365177,9286,6812,True,376,2.7312575574365177,2.220446049250313e-15,False
335,0.404260290350614,0.923544065963234,0.608426888987487,0.0243061244876427,2015,3434,9882,6742,1.85352358765288,6365,-0.208200269817139,0.909988222233656,-0.0215700223851532,-0.411899895426863,0,1,19.6555687587798,63.2499325838043,80.8547710003239,90.7898640035616,99.0648882150121,"(117.4250017688, 23.927097735666667)",117.4250017688,23.92709773566667,335,1,842,2016,9799,1.8535235876528828,2.853523587652883,9935,6823,True,377,1.8535235876528828,-2.886579864025407e-15,False
336,0.540691748502221,0.504935495350726,0.627828005309789,0.175670812489958,2015,1144,3576,6783,3.27272727272727,3744,-0.128113361866267,0.13122158611506,0.0033714462518073,-0.344358181157781,2,2,46.5137648563601,65.7654658088139,73.3851514692619,79.5481385884422,83.333437330373,"(117.4185587184, 23.9270561685)",117.4185587184,23.9270561685,336,1,845,2016,4888,3.272727272727273,4.2727272727272725,3597,6857,True,378,3.272727272727273,-3.1086244689504383e-15,False
337,0.48903031413057,0.432897618824931,0.468637118241299,0.13469729927916,2015,3215,7397,6786,1.68242612752722,5409,-0.15843924561175,-0.0027954854729245,-0.201279381625788,-0.362641318119302,2,2,37.8960880862035,73.4492616796672,85.6580687308177,94.8680672639216,107.001059918397,"(117.42246276146668, 23.927053127)",117.4224627614667,23.927053127,337,1,846,2016,8624,1.682426127527216,2.6824261275272163,7428,6862,True,380,1.682426127527216,3.9968028886505635e-15,False
338,0.412408251592833,0.848118881049532,0.622402547332658,0.0349631752331962,2015,3392,10290,6797,2.4094929245283,8173,-0.203417318503464,0.769669505280678,-0.0036033529159185,-0.407144522916227,0,1,3.34285439069576,12.9737381384622,54.1567176586533,81.431167279294,99.405701011494,"(117.425418636, 23.927041974833333)",117.425418636,23.92704197483333,338,1,847,2016,11565,2.409492924528302,3.409492924528302,10362,6885,True,381,2.409492924528302,-2.220446049250313e-15,False
339,0.413546725804255,0.769866936884562,0.576270273858618,0.0684225143699855,2015,471,10726,6956,5.62208067940552,2648,-0.202749020439294,0.624091971505088,-0.0629095615324716,-0.392214348954022,0,1,58.0495997965301,62.4870858034584,68.149641376647,71.6175872630662,79.0092626147807,"(117.42586411173333, 23.926880775333334)",117.4258641117333,23.92688077533333,339,1,852,2016,3119,5.62208067940552,6.62208067940552,10778,7033,True,382,5.62208067940552,0.0,False
340,0.413031797057165,0.765249855855944,0.571647171734866,0.0705624606849316,2016,3119,10758,6969,3.45860243723823,6980,-0.203051289811243,0.615502494571821,-0.0688528770979001,-0.391259465457331,0,1,47.4027188197353,53.6358367716231,57.2212254789919,60.5417983062491,62.5341420026034,"(117.4258968072, 23.9268675955)",117.4258968072,23.9268675955,340,1,852,2017,10099,2.2378967617826224,3.2378967617826224,10726,6956,False,383,2.2378967617826224,1.2207056754556076,True
341,0.493249917185963,0.71164650913361,0.611068211850743,0.144143697173555,2015,4702,5634,6942,2.50850701829009,11795,-0.155962287833355,0.515780460809899,-0.0181744202837283,-0.358426161229833,0,1,77.0476404578234,94.9439931627523,101.711329957762,117.280892297306,126.709254198895,"(117.4206614456, 23.926894969)",117.4206614456,23.926894969,341,1,853,2016,16497,2.5085070182900893,3.5085070182900893,5708,7037,True,384,2.5085070182900893,8.881784197001252e-16,False
342,0.49737082689008,0.714811239962431,0.59740772652478,0.143313506173449,2016,16497,5718,6961,1.61335556369444,11097,-0.153543264239978,0.521668029662528,-0.0357359131722333,-0.358796607759059,0,1,2.94896567157051,42.6982642920065,57.4510977783602,72.444402965054,84.71145691396,"(117.4207472712, 23.926875706166665)",117.4207472712,23.92687570616667,342,1,853,2017,27594,0.6726677577741408,1.6726677577741407,5634,6942,False,385,0.6726677577741408,0.9406878059202993,True
343,0.480419784864178,0.501980541609146,0.647279628076495,0.158853190727788,2015,1815,3816,6981,1.7168044077135,3116,-0.163493729922836,0.125724280166811,0.0283778443947886,-0.351862514029188,2,2,17.1394524625808,50.7173072763041,65.6117106449333,81.1224217530149,92.907510201578,"(117.4188039344, 23.926855429499998)",117.4188039344,23.9268554295,343,1,854,2016,4931,1.7168044077134985,2.7168044077134987,3834,7058,True,386,1.7168044077134985,1.5543122344752192e-15,False
344,0.414550330137889,0.612994813889438,0.500752641421746,0.092229468230738,2015,1511,8345,7141,3.48841826604897,5271,-0.202159892616607,0.332251851397321,-0.159992669002766,-0.381591247248454,0,1,34.003474007755,52.5082180463334,62.2241188226898,74.5352584050999,89.4165800300756,"(117.42343136466667, 23.926693216166665)",117.4234313646667,23.92669321616667,344,1,859,2016,6782,3.488418266048974,4.488418266048974,8396,7201,True,387,3.488418266048974,-3.9968028886505635e-15,False
345,0.399632121292134,0.637872848533444,0.484039003814473,0.0856045547998995,2015,6663,8494,7194,1.42833558457151,9517,-0.210917060756628,0.378534189392948,-0.181479199018162,-0.384547405754831,0,1,10.4151744735102,11.0045562971744,22.1337460389464,27.7812096608677,32.3922030323878,"(117.42358360293333, 23.926639483)",117.4235836029333,23.926639483,345,1,863,2016,16180,1.4283355845715144,2.4283355845715144,8546,7239,True,388,1.4283355845715144,-4.440892098500626e-15,False
346,0.39505239782289,0.655740506307599,0.604813065872509,0.083875541545481,2015,3350,10238,7262,2.82925373134328,9478,-0.213605413552171,0.411774635759674,-0.0262158404084245,-0.385318923344162,0,1,19.3341875670088,34.9947766157219,49.3320063656975,59.265280256273,71.2645722337509,"(117.42536550586668, 23.926570542333334)",117.4253655058667,23.92657054233333,346,1,865,2016,12828,2.8292537313432837,3.8292537313432837,10298,7347,True,389,2.8292537313432837,-3.552713678800501e-15,False
347,0.395188086488037,0.642823908536247,0.603069676728267,0.0853342551097849,2016,12828,10274,7269,1.11019549677903,11373,-0.213525762672653,0.387744990638518,-0.0284570869913934,-0.384668018459668,0,1,0.863159684987625,16.9188259069114,27.2618260961463,36.8049911904727,46.1530104449016,"(117.42540228826667, 23.926563445499998)",117.4254022882667,23.9265634455,347,1,865,2017,24201,0.8865762394761459,1.8865762394761458,10238,7262,False,390,0.8865762394761459,0.223619257302884,True
348,0.380257272924017,0.730128073486403,0.572555183365132,0.0670130238955835,2015,3529,9598,7323,2.423632757155,8553,-0.222290329934,0.550163000279108,-0.0676855657317889,-0.39284328958835,0,1,40.4054791874197,61.1383348464229,68.1432260879788,75.8797622970644,81.6382449862642,"(117.42471159653334, 23.9265086985)",117.4247115965333,23.9265086985,348,1,867,2016,12082,2.4236327571550014,3.4236327571550014,9658,7410,True,391,2.4236327571550014,-1.3322676295501878e-15,False
349,0.38085148666437,0.721106449774789,0.574668754673601,0.0700739718177922,2016,12082,9646,7338,1.89206964721106,8160,-0.221941519316775,0.533379446277954,-0.0649684245309199,-0.391477438195381,0,1,14.9511788081772,27.3326998110988,32.4289915259106,38.3043715042974,43.2075769956663,"(117.42476063973334, 23.926493491)",117.4247606397333,23.926493491,349,1,867,2017,20242,0.6753848700546267,1.6753848700546268,9598,7323,False,392,0.6753848700546267,1.2166847771564333,True
350,0.37736010011217,0.707602204364682,0.567722818969995,0.0706909171144278,2017,20242,9580,7358,0.646625827487402,13089,-0.223991005243373,0.508256559386361,-0.0738979023314679,-0.391202145830332,0,1,2.35564521278421,3.69667599010382,8.23537633878805,10.5047265131302,12.6124111744285,"(117.42469320533334, 23.92647321433333)",117.4246932053333,23.92647321433333,350,1,867,2018,33331,0.6466258274874024,1.6466258274874024,9646,7338,False,393,0.6466258274874024,-3.3306690738754696e-16,False
351,0.370935804662806,0.67567611464398,0.472149978485325,0.0814084992274966,2015,3158,8740,7369,2.34420519316023,7403,-0.227762143991525,0.448862234373302,-0.196763358313166,-0.386419763107585,0,1,23.575859568705,29.0661926147229,32.5829758750866,35.8140125082097,46.3232364696846,"(117.42383494933334, 23.926462062166667)",117.4238349493333,23.92646206216667,351,1,868,2016,10561,2.344205193160228,3.344205193160228,8786,7422,True,394,2.344205193160228,2.220446049250313e-15,False
352,0.365997765579722,0.680999302824763,0.476853105420259,0.0808145617783759,2016,10561,8798,7395,1.18071382917873,6795,-0.230660832364886,0.458765331548091,-0.190717165352173,-0.386684788946911,0,1,17.3074835527359,25.3153343011094,31.4879973056702,34.7143958073041,37.1841492186319,"(117.42389420986667, 23.9264357025)",117.4238942098667,23.9264357025,352,1,868,2017,17356,0.6434049805889593,1.6434049805889595,8740,7369,False,395,0.6434049805889593,0.5373088485897707,True
353,0.459626320774688,0.528546764035024,0.666168920875075,0.127813951411606,2015,4613,4304,7385,2.26251896813354,10437,-0.175699743602351,0.175147271298376,0.0526613287099969,-0.365712794835707,2,2,39.0651817688924,42.8942139157317,46.1648129627213,61.0494582645027,73.3385976364712,"(117.41930254026667, 23.92644584083333)",117.4193025402667,23.92644584083333,353,1,869,2016,15050,2.2625189681335356,3.2625189681335356,4356,7465,True,396,2.2625189681335356,4.440892098500626e-15,False
354,0.380087127785641,0.475895049878447,0.567256584644288,0.126605793944016,2015,1330,11260,7417,2.30827067669173,3070,-0.222390207178002,0.0771956257799892,-0.0744972786054361,-0.366251896970722,2,2,96.5339913731179,129.970818732144,144.116627524426,156.5348807141,164.301247437846,"(117.42640971733334, 23.926413398166666)",117.4264097173333,23.92641339816667,354,1,870,2016,4400,2.308270676691729,3.308270676691729,11298,7470,True,397,2.308270676691729,8.881784197001252e-16,False
355,0.378680776050011,0.471365954968829,0.571339595384336,0.128632117228988,2016,4400,11292,7430,1.90274146712679,3985,-0.223215752572912,0.068769835542909,-0.0692482876388587,-0.365347714164702,2,2,93.9915263525201,106.973231135157,123.223762387237,134.748071320507,141.999067335885,"(117.4264424128, 23.92640021833333)",117.4264424128,23.92640021833333,355,1,870,2017,8385,0.9056818181818181,1.9056818181818183,11260,7417,False,398,0.9056818181818181,0.9970596489449718,True
356,0.379000369758391,0.46965253659034,0.570624301980361,0.129387212097422,2017,8385,11250,7454,0.656410256410257,5504,-0.223028147219635,0.065582244173417,-0.0701678464779021,-0.365010776913861,2,2,57.6602942182577,71.3076684221937,87.3474506853062,98.6395382682318,105.932431000413,"(117.4263995, 23.926375886333332)",117.4263995,23.92637588633333,356,1,870,2018,13889,0.6564102564102564,1.6564102564102565,11292,7430,False,399,0.6564102564102564,5.551115123125783e-16,False
357,0.500536875801398,0.503307534509179,0.395566686007248,0.12277732371367,2015,1722,7186,7438,2.30197444831591,3964,-0.151684755424167,0.128192977344701,-0.295216445018358,-0.367960230967234,0,2,91.0035847992552,104.809147060964,111.649279351073,121.023950601691,128.879564246258,"(117.42224717573333, 23.926392107666665)",117.4222471757333,23.92639210766666,357,1,872,2016,5686,2.301974448315912,3.301974448315912,7223,7506,True,400,2.301974448315912,-1.7763568394002505e-15,False
358,0.383882388742772,0.661444337592461,0.572234526603547,0.087297154722766,2015,1910,9846,7434,2.28848167539267,4371,-0.22016234331844,0.422385869772873,-0.0680977920402876,-0.383792136465336,0,1,38.9050196467206,57.242763930386,64.3145586816755,71.166517463177,79.7624448989109,"(117.4249649864, 23.926396163)",117.4249649864,23.926396163,358,1,873,2016,6281,2.2884816753926702,3.2884816753926702,9892,7511,True,401,2.2884816753926702,-4.440892098500626e-16,False
359,0.521634545900434,0.557109947376512,0.404327923822468,0.127167032349778,2015,2051,6634,7458,2.48269137006338,5092,-0.139300169155788,0.228285347700257,-0.283953271572093,-0.366001462047365,0,2,3.71257980621082,7.45990455386594,10.4708324499992,16.5835022644829,21.5086626030324,"(117.42168317893334, 23.926371831)",117.4216831789333,23.926371831,359,1,874,2016,7143,2.482691370063384,3.482691370063384,6688,7521,True,402,2.482691370063384,-3.9968028886505635e-15,False
360,0.520876265331363,0.544881886496487,0.398699177212275,0.126302550265535,2016,7143,6710,7478,2.20441181502063,6402,-0.139745288976091,0.205536635642458,-0.291189412251387,-0.366387209890507,0,2,6.79684300823919,7.10535484512529,11.4473144120532,14.0227383515768,18.1070211286265,"(117.42176083066667, 23.926351554333333)",117.4217608306667,23.92635155433333,360,1,874,2017,13545,0.8962620747585048,1.8962620747585048,6634,7458,False,403,0.8962620747585048,1.3081497402621252,True
361,0.460619720526811,0.540210215017616,0.66538983763958,0.121367143981947,2015,1908,4434,7465,2.30136268343815,4391,-0.175116605991828,0.196845600298084,0.0516597636577152,-0.368589479160885,2,2,83.4532077524246,100.561712093888,111.047329006386,116.787999894287,120.316472758048,"(117.41943536560001, 23.926364734166665)",117.4194353656,23.92636473416666,361,1,876,2016,6299,2.301362683438155,3.301362683438155,4472,7534,True,404,2.301362683438155,-4.884981308350689e-15,False
362,0.523357246048857,0.582392045986415,0.402169332061944,0.125375948522809,2015,1331,6492,7535,7.12546957175056,9484,-0.138288923435168,0.275319393992343,-0.286728289658718,-0.36680067667047,0,2,21.16209058765,25.3256138072313,40.1434807061128,53.6940035487271,66.0760085820707,"(117.4215380928, 23.926293765833332)",117.4215380928,23.92629376583333,362,1,880,2016,10815,7.125469571750563,8.125469571750564,6444,7581,True,405,7.125469571750563,-3.552713678800501e-15,False
363,0.523357246048857,0.582392045986415,0.402169332061944,0.125375948522809,2015,3401,6492,7535,2.17994707438989,7414,-0.138288923435168,0.275319393992343,-0.286728289658718,-0.36680067667047,0,2,10.2444803109581,14.4080035305394,29.2258704294209,42.7763932720351,55.1583983053787,"(117.4215380928, 23.926293765833332)",117.4215380928,23.92629376583333,363,1,881,2016,10815,2.179947074389885,3.179947074389885,6554,7599,True,406,2.179947074389885,4.884981308350689e-15,False
364,0.501846396631089,0.519348572079488,0.390111321717884,0.121677729669818,2015,2114,7122,7539,2.59366130558183,5483,-0.150916050936448,0.158035235113582,-0.302229690806177,-0.368450890101158,0,2,32.8902003767746,46.8260576919615,65.338465146716,75.3404008559162,83.5568547595159,"(117.4221817848, 23.9262897105)",117.4221817848,23.9262897105,364,1,882,2016,7597,2.5936613055818354,3.5936613055818354,7174,7606,True,407,2.5936613055818354,-5.329070518200751e-15,False
365,0.508123582947688,0.72898983641248,0.626101603543745,0.119774496960688,2015,3375,5452,7531,2.36385185185185,7978,-0.147231267019756,0.548045458691589,0.0011520381112008,-0.369300147623002,0,1,88.3513574148807,94.0381060819375,116.512921179684,131.940323635233,141.716150790254,"(117.42047549013334, 23.926297821166667)",117.4204754901333,23.92629782116667,365,1,883,2016,11353,2.3638518518518516,3.3638518518518516,5510,7611,True,408,2.3638518518518516,-1.7763568394002505e-15,False
366,0.512019258611182,0.732225413137985,0.601674167463029,0.119867692954009,2016,11353,5526,7546,2.71090537156638,10579,-0.144944458519021,0.554064827092809,-0.0302511100771426,-0.369258561852668,0,1,26.5229539304473,31.8665749548319,53.9640292263361,65.6669806743074,76.803192815381,"(117.42055109840001, 23.926282613666665)",117.4205510984,23.92628261366666,366,1,883,2017,21932,0.9318241874394433,1.9318241874394433,5452,7531,False,409,0.9318241874394433,1.7790811841269365,True
367,0.430302603130703,0.464806812614978,0.557037514295817,0.12935098748017,2015,376,3494,7541,5.31117021276596,1997,-0.192913118783914,0.0565674068653085,-0.0876345959824927,-0.365026941005898,2,2,47.320976654954,53.9280700907625,58.0892268402582,60.5642284967773,65.7817903938485,"(117.41847493626668, 23.926287682833333)",117.4184749362667,23.92628768283333,367,1,884,2016,2373,5.3111702127659575,6.3111702127659575,3508,7615,True,410,5.3111702127659575,2.6645352591003757e-15,False
368,0.492579756656191,0.530711659988585,0.386119204358744,0.120276730027047,2015,1412,7220,7643,2.76416430594901,3903,-0.156355680130023,0.179174777798863,-0.307361832083717,-0.369076041969879,0,2,16.2903131614191,27.6259727732728,72.2256787090541,96.4184396900807,111.937181055328,"(117.42228191466667, 23.926184271833332)",117.4222819146667,23.92618427183333,368,1,885,2016,5315,2.7641643059490084,3.7641643059490084,7260,7706,True,412,2.7641643059490084,1.7763568394002505e-15,False
369,0.393966366212525,0.630980566459742,0.417729403386941,0.112493946912559,2015,2665,8042,7689,1.55534709193246,4145,-0.214242927178349,0.365711997726247,-0.266724748393663,-0.372548863274997,0,1,10.642708553935,14.2987403975972,15.7028020313498,32.5716902438653,44.7579195909271,"(117.42312177946667, 23.926137635499998)",117.4231217794667,23.9261376355,369,1,889,2016,6810,1.5553470919324577,2.555347091932458,8068,7735,True,413,1.5553470919324577,2.220446049250313e-15,False
370,0.384233641125137,0.644479104609632,0.425005303516488,0.112223641645006,2016,6810,8114,7706,0.948919690719829,4913,-0.219956153942507,0.390824267004745,-0.257371078642293,-0.37266947846859,0,1,12.3168067394875,18.8088908823891,24.9067398493366,30.5593598753105,35.6854297733423,"(117.42319534426667, 23.926120400333332)",117.4231953442667,23.92612040033333,370,1,889,2017,11723,0.72143906020558,1.72143906020558,8042,7689,False,414,0.72143906020558,0.22748063051424894,True
371,0.448605343570919,0.568712411413917,0.388342917268903,0.117531632933944,2015,3321,7574,7689,2.31887985546522,7701,-0.182169189863536,0.249870218444485,-0.304503096282902,-0.370300954900037,0,2,55.6476174362776,92.3032131826607,111.611349634079,124.236510044143,131.891012486358,"(117.42264360826667, 23.926137635499998)",117.4226436082667,23.9261376355,371,1,890,2016,11022,2.3188798554652212,3.3188798554652212,7607,7758,True,415,2.3188798554652212,-1.3322676295501878e-15,False
372,0.436325278199195,0.580636892211638,0.390711829666572,0.116884337267655,2016,11022,7644,7702,1.96556735591301,10148,-0.189377736033021,0.272054159362642,-0.301457696560091,-0.370589790159549,0,2,5.44380101099222,21.738921988612,42.503312621885,54.6467194176762,62.8582787386035,"(117.42271512960001, 23.926124455666667)",117.4227151296,23.92612445566667,372,1,890,2017,21170,0.9207040464525494,1.9207040464525496,7574,7689,False,416,0.9207040464525494,1.0448633094604607,True
373,0.364347997330837,0.370350838826014,0.607221045409318,0.155118877749851,2015,1500,11340,7719,3.83666666666667,5755,-0.231629266182707,-0.119155610131945,-0.0231202171928303,-0.353528833323839,2,2,146.761838346247,147.896901657812,149.877024733069,162.007134766112,173.131098081569,"(117.42649145600001, 23.9261072205)",117.426491456,23.9261072205,373,1,893,2016,7255,3.8366666666666664,4.836666666666667,11386,7783,True,417,3.8366666666666664,3.552713678800501e-15,False
374,0.363897577762481,0.367725906252108,0.610981863562095,0.156114069284447,2016,7255,11372,7726,1.58992892096707,6583,-0.231893667890341,-0.124038954750589,-0.0182854269442414,-0.353084760514257,2,2,139.73103043749,139.770173295245,141.845539310429,147.581283468809,152.854786663333,"(117.42652415146667, 23.926100123666664)",117.4265241514667,23.92610012366666,374,1,893,2017,13838,0.9073742246726395,1.9073742246726395,11340,7719,False,418,0.9073742246726395,0.6825546962944304,True
375,0.475709632533165,0.630452398929071,0.637847576689183,0.107325697530476,2015,1846,4824,7729,3.28385698808234,6062,-0.166258646030009,0.364729410937435,0.0162522939908463,-0.374855031428501,0,1,32.7895223803508,46.7426274023587,78.5522596444202,98.3055820282545,115.648829923267,"(117.41983384160001, 23.926097082166667)",117.4198338416,23.92609708216667,375,1,895,2016,7908,3.28385698808234,4.2838569880823405,4864,7798,True,419,3.28385698808234,0.0,False
376,0.516111921993903,0.556203585691814,0.376212922550419,0.118891990609281,2015,2449,6778,7761,2.12331563903634,5200,-0.142542015856262,0.226599180025127,-0.320097038291785,-0.369693938226439,0,2,35.2583848870307,36.266233120078,52.5592814113081,61.0795745314873,70.3175178556599,"(117.42183030853334, 23.926064639499998)",117.4218303085333,23.9260646395,376,1,896,2016,7649,2.1233156390363415,3.1233156390363415,6840,7821,True,420,2.1233156390363415,-1.3322676295501878e-15,False
377,0.512198423487287,0.552729840202961,0.370351520946032,0.118582950463913,2016,7649,6856,7783,1.95790060171419,4985,-0.144839286580416,0.22013672970996,-0.327632272958483,-0.369831837636608,0,2,11.8211070248654,18.5810473073834,22.9938088833109,25.3428852087753,28.4884187045178,"(117.42191000373334, 23.926042335166667)",117.4219100037333,23.92604233516667,377,1,896,2017,12634,0.6517191789776441,1.6517191789776442,6778,7761,False,421,0.6517191789776441,1.3061814227365458,True
378,0.344225707315434,0.68506926093919,0.473383047875259,0.115680488222421,2015,4350,8484,7818,1.55195402298851,6751,-0.243441292602843,0.466336957674326,-0.195178162853002,-0.371126969797081,0,1,3.52882553183553,22.7214477259132,31.5162342365332,36.3220939196797,46.0215085241973,"(117.42357338560001, 23.926006851)",117.4235733856,23.926006851,378,1,899,2016,11101,1.5519540229885058,2.5519540229885056,8522,7866,True,422,1.5519540229885058,4.218847493575595e-15,False
379,0.341167676615612,0.680149801531374,0.47154574250873,0.115497372897201,2016,11101,8538,7822,1.63290600461591,10454,-0.245236393428456,0.457184945213279,-0.197540145195385,-0.371208679231015,0,1,0.361685421697462,3.74203336118824,5.58579368576678,6.93229763457879,13.1770830151333,"(117.42362855920001, 23.926002795666665)",117.4236285592,23.92600279566667,379,1,899,2017,21555,0.9417169624358166,1.9417169624358166,8484,7818,False,423,0.9417169624358166,0.6911890421800935,True
380,0.342381881984791,0.690551101760961,0.474356230893212,0.118194916206608,2017,21555,8458,7846,0.657620041753654,14175,-0.244523640263223,0.476535207390669,-0.193927069188231,-0.370004985675821,0,1,9.8861923960722,15.2317236062375,19.6283608663193,24.914656791881,31.5671788117562,"(117.42354682053333, 23.925978463666667)",117.4235468205333,23.92597846366667,380,1,899,2018,35730,0.6576200417536534,1.6576200417536535,8538,7822,False,424,0.6576200417536534,5.551115123125783e-16,False
381,0.471084882586627,0.596223652792062,0.619614427676561,0.103190384274532,2015,2288,4754,7825,2.69187062937063,6159,-0.168973429909637,0.301051294054466,-0.0071876723851393,-0.376700284439836,0,2,20.6771574309431,31.9288501336345,49.231282928874,69.4320311085451,82.4524938830132,"(117.41976232026667, 23.925999754166664)",117.4197623202667,23.92599975416666,381,1,901,2016,8447,2.691870629370629,3.691870629370629,4798,7889,True,425,2.691870629370629,8.881784197001252e-16,False
382,0.368012301725341,0.354349149801444,0.599245693480475,0.162281687839409,2015,2002,11188,7825,3.31818181818182,6643,-0.229478275401531,-0.148924665064688,-0.0333730803114999,-0.350332655411952,2,2,59.1330168877183,74.2614122539384,90.6349212310678,102.912150782149,117.619358986899,"(117.42633615253334, 23.925999754166664)",117.4263361525333,23.92599975416666,382,1,902,2016,8645,3.3181818181818183,4.318181818181818,11236,7889,True,426,3.3181818181818183,1.7763568394002505e-15,False
383,0.482311161039242,0.696558368074627,0.614608247271251,0.104572402416352,2015,2277,5002,7826,2.80939833113746,6397,-0.162383469344484,0.487710942690395,-0.0136234614137569,-0.376083602466773,0,1,108.933971834215,114.522085309105,117.628344223377,120.071483163786,126.915162331654,"(117.42001571013334, 23.925998740333334)",117.4200157101333,23.92599874033333,383,1,903,2016,8674,2.8093983311374617,3.8093983311374617,5031,7893,True,427,2.8093983311374617,-1.7763568394002505e-15,False
384,0.485554756962277,0.725946419583419,0.604058689234146,0.104583781766875,2016,8674,5090,7851,1.62653112943046,6449,-0.160479439499481,0.542383578709516,-0.0271856434317975,-0.376078524790785,0,1,43.8735588639611,47.8896225415586,59.6735496034171,67.7722378701965,73.5120452895029,"(117.42010562266667, 23.925973394499998)",117.4201056226667,23.9259733945,384,1,903,2017,15123,0.7434862808392898,1.74348628083929,5002,7826,False,428,0.7434862808392898,0.8830448485911703,True
385,0.521685523164653,0.57202717574306,0.362042967201239,0.115620360012272,2015,2243,6612,7874,1.78243423985733,3998,-0.139270244888157,0.256036905051868,-0.338313489915368,-0.371153800112942,0,2,47.0659497101881,59.5556170832647,77.9152567359029,87.6174736158866,94.6534634518193,"(117.4216607008, 23.925950076333333)",117.4216607008,23.92595007633333,385,1,908,2016,6241,1.7824342398573338,2.782434239857334,6669,7929,True,429,1.7824342398573338,-3.774758283725532e-15,False
386,0.517351221212358,0.567357376873454,0.360972467151487,0.115704231321618,2016,6241,6688,7894,1.68785585458379,5756,-0.141814532299488,0.24734935345274,-0.339689691313946,-0.371116375188503,0,2,22.3546005997121,50.5794671904426,64.0080928138056,71.6764917746438,77.0338006467001,"(117.42173835253334, 23.925929799666665)",117.4217383525333,23.92592979966667,386,1,908,2017,11997,0.9222880948565935,1.9222880948565935,6612,7874,False,430,0.9222880948565935,0.7655677597271966,True
387,0.378975899120551,0.542572548676246,0.494108113814499,0.149964079747008,2015,1983,10042,7882,1.94604135148764,3859,-0.223042511778563,0.201240413892151,-0.168534665977088,-0.355828999223943,0,2,14.9278591439354,21.9390882140403,44.0965261638169,67.8343846580368,82.5283491402984,"(117.42516524613333, 23.925941965666667)",117.4251652461333,23.92594196566667,387,1,910,2016,5842,1.946041351487645,2.946041351487645,10090,7949,True,431,1.946041351487645,-4.884981308350689e-15,False
388,0.405087143108796,0.640823646736228,0.382082147416763,0.120734049246076,2015,5642,7748,7891,1.74211272598369,9829,-0.20771489729653,0.384023764503378,-0.312551746284082,-0.368871977703444,0,1,36.6153034399385,47.6528626429139,61.1921293390038,72.8425230478743,83.4169743590692,"(117.42282138986667, 23.925932841166667)",117.4228213898667,23.92593284116667,388,1,912,2016,15471,1.7421127259836937,2.7421127259836937,7792,7961,True,432,1.7421127259836937,-3.774758283725532e-15,False
389,0.39205289489278,0.655895800754323,0.3915282776451,0.121033233432585,2016,15471,7824,7902,1.80763741775553,7816,-0.215366157872554,0.412063540818895,-0.300408096562242,-0.368738476203816,0,1,4.4622135344061,8.11454709308785,11.2160334426233,19.8710336657373,30.4357270485981,"(117.4228990416, 23.925921689)",117.4228990416,23.925921689,389,1,912,2017,23287,0.5052032835627949,1.5052032835627949,7748,7891,False,433,0.5052032835627949,1.3024341341927352,True
390,0.472800357169538,0.629535614846277,0.600245697264518,0.100878125804785,2015,3839,4839,7915,1.11591560302162,4284,-0.167966425682936,0.363023853750299,-0.0320875067083005,-0.377732056796659,0,1,75.3443878833605,84.8744598811882,89.2414878167196,92.9226359080739,97.922605747218,"(117.4198491676, 23.925908509166668)",117.4198491676,23.92590850916667,390,1,913,2016,8123,1.1159156030216202,2.1159156030216204,4874,7974,True,434,1.1159156030216202,-2.220446049250313e-16,False
391,0.368068383168821,0.333730642786238,0.601661629155839,0.170835913396949,2015,2407,11140,7926,2.86456169505609,6895,-0.229445354919242,-0.187282707582844,-0.0302672289329001,-0.346515602266824,2,2,45.5259548099219,77.0177660157043,91.2715890974709,112.66613793185,129.380976987845,"(117.42628710933334, 23.925897357)",117.4262871093333,23.925897357,391,1,914,2016,9302,2.8645616950560866,3.8645616950560866,11186,7990,True,435,2.8645616950560866,3.552713678800501e-15,False
392,0.359034861275602,0.279886815523268,0.643191422187427,0.178253943429345,2015,2987,11426,8007,1.57114161365919,4693,-0.234748140993187,-0.287452124018775,0.0231221747070395,-0.343205540511337,2,0,188.770843466453,211.492522656485,226.464749109581,235.271296962096,243.470578465045,"(117.42657932506667, 23.9258152365)",117.4265793250667,23.9258152365,392,1,919,2016,7680,1.5711416136591898,2.57114161365919,11465,8061,True,437,1.5711416136591898,2.220446049250313e-16,False
393,0.356873159202581,0.273867390359166,0.64652140412255,0.178701758132367,2016,7680,11454,8014,1.76863266765972,5336,-0.236017086127138,-0.298650479273556,0.0274030953827759,-0.343005717335165,2,0,186.580946820129,203.042761996351,212.394014076689,220.840569813794,226.581482143655,"(117.42660793360001, 23.925808139666668)",117.4266079336,23.92580813966667,393,1,919,2017,13016,0.6947916666666667,1.6947916666666667,11426,8007,False,438,0.6947916666666667,1.0738410009930532,True
394,0.511907349831287,0.582236151127637,0.356414067372898,0.111501300024182,2015,3950,6482,8006,1.8126582278481,7160,-0.145010150319694,0.275029371944822,-0.345549827567122,-0.372991800616524,0,2,131.887279552257,140.209318917443,154.377477570696,163.400824234016,170.659139096952,"(117.42152787546667, 23.925816250333334)",117.4215278754667,23.92581625033333,394,1,920,2016,11110,1.8126582278481012,2.812658227848101,6536,8075,True,439,1.8126582278481012,-1.1102230246251565e-15,False
395,0.318367992073943,0.631831672916332,0.426053914093279,0.129441240669467,2015,8338,8970,8038,1.02842408251379,8575,-0.258620082659195,0.367295370257793,-0.256023017665855,-0.364986668368971,0,1,8.06274722589171,24.3952967415455,39.7163437608385,48.6783532596671,57.309992239552,"(117.42406994800001, 23.925783807666665)",117.424069948,23.92578380766667,395,1,921,2016,16913,1.0284240825137922,2.0284240825137925,9002,8085,True,440,1.0284240825137922,-2.220446049250313e-15,False
396,0.319030580303115,0.630438995874845,0.421317902019212,0.131908501471709,2016,16913,9026,8058,1.38419118668352,8083,-0.258231135394114,0.36470447630354,-0.26211148673368,-0.363885731113845,0,1,2.48671335440245,7.27444196371914,12.3076119112414,20.5047127683984,26.6331793505752,"(117.42412716506668, 23.925763530999998)",117.4241271650667,23.925763531,396,1,921,2017,24996,0.4779163956719683,1.4779163956719683,8970,8038,False,441,0.4779163956719683,0.9062747910115516,True
397,0.507411555179931,0.631240415588717,0.391541860465742,0.107529761363603,2015,2221,6098,8038,1.34038721296713,2977,-0.147649235889014,0.366195413132133,-0.300390634912644,-0.374763974384143,0,1,9.13047728709256,55.3045646027415,87.2729909619919,107.089705826046,120.105132623406,"(117.42113552986667, 23.925783807666665)",117.4211355298667,23.92578380766667,397,1,922,2016,5198,1.340387212967132,2.3403872129671317,6138,8098,True,442,1.340387212967132,-1.9984014443252818e-15,False
398,0.486916051172536,0.726899622303633,0.547966154367497,0.100073190621084,2015,2385,5245,8041,2.08134171907757,4964,-0.159680343414252,0.544156888020585,-0.0992964527224941,-0.378091233715003,0,1,2.23728411246243,12.2460429399128,41.0927837509927,73.6079005040168,93.7176859920006,"(117.42026399133334, 23.925780766166667)",117.4202639913333,23.92578076616667,398,1,923,2016,7349,2.0813417190775683,3.0813417190775683,5274,8110,True,443,2.0813417190775683,1.7763568394002505e-15,False
399,0.490001566169342,0.713380163267593,0.527725498968779,0.10141591366355,2015,3244,5374,8050,1.44235511713933,4679,-0.157869108975522,0.519005698162637,-0.125317206550887,-0.377492085939695,0,1,25.1804119541082,28.2826871552815,70.2897222594991,103.419656784932,125.750468187991,"(117.42039579493334, 23.925771641666667)",117.4203957949333,23.92577164166667,399,1,924,2016,7923,1.442355117139334,2.4423551171393343,5410,8118,True,444,1.442355117139334,-3.9968028886505635e-15,False
400,0.455446683281654,0.598367070532453,0.345630587930532,0.118719530386654,2015,550,7161,8082,5.26,2893,-0.178153241114638,0.305038843141285,-0.359412731631045,-0.369770893157163,0,2,58.401922760871,91.5985239788099,105.979924013937,113.378559898477,118.02947773949,"(117.42222163240001, 23.925739199)",117.4222216324,23.925739199,400,1,925,2016,3443,5.26,6.26,7204,8139,True,445,5.26,0.0,False
401,0.361701546430859,0.708333950393756,0.394170305484557,0.1306669360964,2015,1876,7869,8095,4.42803837953092,8307,-0.233182764712258,0.509617877413658,-0.297011588165452,-0.364439740473176,0,1,32.1236834462996,73.8012039765538,95.0887074362776,107.692375615026,115.703987098848,"(117.42294501960001, 23.925726019166667)",117.4229450196,23.92572601916667,401,1,926,2016,10183,4.428038379530917,5.428038379530917,7904,8154,True,446,4.428038379530917,3.552713678800501e-15,False
402,0.316474385054319,0.633785889967139,0.399502363494644,0.14695448108793,2015,1072,9147,8169,5.23414179104478,5611,-0.259731652770153,0.370930936143785,-0.290156861075539,-0.357171937629055,0,1,36.8837136695557,60.9076494531384,73.658680054688,81.6690713018804,87.5213327427792,"(117.4242507948, 23.9256509955)",117.4242507948,23.9256509955,402,1,930,2016,6683,5.2341417910447765,6.2341417910447765,9198,8225,True,447,5.2341417910447765,3.552713678800501e-15,False
403,0.319331453861404,0.641195582683018,0.391404122321148,0.151161342185826,2016,6683,9210,8186,1.9163851189874,1455,-0.258054518994245,0.384715702811543,-0.300567706765439,-0.355294758651621,0,1,8.43825842548162,11.8800329016625,21.8597773775835,29.6862371780866,37.8770310704578,"(117.424315164, 23.925633760333334)",117.424315164,23.92563376033333,403,1,930,2017,8138,0.21771659434385754,1.2177165943438575,9147,8169,False,448,0.21771659434385754,1.6986685246435425,True
404,0.426902898868474,0.395336553555505,0.46808003076581,0.0929116500168548,2015,373,3754,8178,4.43699731903485,1655,-0.19490878610286,-0.07267294738466,-0.201995555868915,-0.381286845159132,2,2,68.4434484431873,74.0653550028653,80.088693865237,91.0060818149981,99.9421697036171,"(117.41874058693334, 23.925641871)",117.4187405869333,23.925641871,404,1,931,2016,2028,4.436997319034853,5.436997319034853,3772,8237,True,449,4.436997319034853,-2.6645352591003757e-15,False
405,0.32232447183384,0.642996182550641,0.383473593797843,0.154648276839484,2015,1169,9264,8197,2.25577416595381,2637,-0.256297581422066,0.388065483968322,-0.310762946315194,-0.353738824125804,0,1,40.0584822962815,62.5339366845415,70.5375959287737,77.7671362270507,83.4037286571573,"(117.42437033760001, 23.925622608166666)",117.4243703376,23.92562260816667,405,1,932,2016,3806,2.255774165953807,3.255774165953807,9306,8245,True,450,2.255774165953807,3.1086244689504383e-15,False
406,0.450970317967653,0.491032908007244,0.497567058888558,0.0869911583194017,2015,1154,4494,8202,1.82322357019064,2104,-0.18078092142909,0.10535763602205,-0.16408795432151,-0.383928677701711,2,2,17.1053684052056,25.872229905128,29.6986441315327,33.7831046863692,41.3999433820433,"(117.41949666960001, 23.925617539)",117.4194966696,23.925617539,406,1,933,2016,3258,1.8232235701906412,2.8232235701906414,4529,8253,True,451,1.8232235701906412,-1.1102230246251565e-15,False
407,0.495472156244559,0.647451688215856,0.409673401973387,0.103312811126024,2015,2246,6090,8198,2.32991985752449,5233,-0.154657806760281,0.396354371016263,-0.277081291968658,-0.376645655321702,0,1,35.5455205652054,48.3774303504071,55.9885599661945,70.6918610691859,85.3132790183661,"(117.421127356, 23.925621594333332)",117.421127356,23.92562159433333,407,1,934,2016,7479,2.329919857524488,3.329919857524488,6136,8266,True,452,2.329919857524488,1.7763568394002505e-15,False
408,0.457392693996896,0.536545043413163,0.507437264442439,0.0883537000828985,2015,2734,4654,8202,2.68507681053402,7341,-0.17701090940365,0.190027026667302,-0.151399126618359,-0.383320686447712,0,2,31.813446531669,39.3550053812713,48.2771638153162,55.5856820906774,62.1377876829672,"(117.41966014693334, 23.925617539)",117.4196601469333,23.925617539,408,1,935,2016,10075,2.685076810534016,3.685076810534016,4696,8273,True,453,2.685076810534016,3.9968028886505635e-15,False
409,0.383724160439151,0.337231494865924,0.559350218294613,0.199520082297334,2015,1029,10790,8266,2.93877551020408,3024,-0.220255225237017,-0.180769828991619,-0.0846614560201177,-0.333716197296714,2,2,8.28201675728557,39.0335796466966,69.8441477307817,86.1385843040701,97.8068731686323,"(117.42592950266668, 23.925552653666667)",117.4259295026667,23.92555265366667,409,1,937,2016,4053,2.938775510204082,3.938775510204082,10826,8329,True,454,2.938775510204082,-1.7763568394002505e-15,False
410,0.382892263654109,0.3355540613698,0.568094780872498,0.200074999557197,2016,4053,10831,8273,2.02694415729806,3519,-0.2207435586621,-0.183890475181871,-0.0734197197376777,-0.333468582985191,2,2,11.9259118582354,22.9700823297405,28.6999829135894,39.6286172172311,53.2885347617417,"(117.42597139373333, 23.92554555683333)",117.4259713937333,23.92554555683333,410,1,937,2017,7572,0.8682457438934122,1.8682457438934124,10790,8266,False,455,0.8682457438934122,1.158698413404648,True
411,0.289495242677943,0.643570901466951,0.416794205090434,0.152260010138774,2015,1279,8842,8287,1.88506645817045,2411,-0.275568734051577,0.389134673537265,-0.267927010088,-0.354804512756532,0,1,30.6774152744012,36.893445839642,39.6038532173757,54.6210441817915,63.8449829368795,"(117.42393916613334, 23.925531363166666)",117.4239391661333,23.92553136316667,411,1,938,2016,3690,1.8850664581704457,2.8850664581704457,8874,8335,True,456,1.8850664581704457,4.218847493575595e-15,False
412,0.290635170995777,0.632348740930704,0.40838513613531,0.15565148297722,2016,3690,8910,8307,1.94877411311691,2401,-0.274899582409443,0.368257307844516,-0.278737446257035,-0.353291175052548,0,1,37.2639366546007,44.4513833677765,47.2348846902148,48.6765922770277,53.4977013022702,"(117.42400864400001, 23.9255110865)",117.424008644,23.9255110865,412,1,938,2017,6091,0.6506775067750677,1.6506775067750679,8842,8287,False,457,0.6506775067750677,1.2980966063418422,True
413,0.412149095118673,0.627112541937796,0.349137259392414,0.120489708374094,2015,2602,7218,8334,2.55265180630284,6642,-0.203569446472865,0.358516042705611,-0.354904664423277,-0.368981007105066,0,1,5.50916703876022,12.1312057874908,18.3485641303033,28.2567803115672,49.3527516110295,"(117.4222798712, 23.925483713)",117.4222798712,23.925483713,413,1,940,2016,9244,2.552651806302844,3.552651806302844,7270,8387,True,458,2.552651806302844,-3.9968028886505635e-15,False
414,0.402009480381595,0.639529187825008,0.350184796061605,0.12194614878993,2016,9244,7286,8343,2.57835647722608,8600,-0.209521522358496,0.381615592567458,-0.353557984028879,-0.368331116541325,0,1,1.1968200309248,2.82089154821711,12.9071353730984,28.9515665761387,41.1514321061647,"(117.42234934906668, 23.9254745885)",117.4223493490667,23.9254745885,414,1,940,2017,17844,0.9303331890956296,1.9303331890956297,7218,8334,False,459,0.9303331890956296,1.6480232881304504,True
415,0.33781047914132,0.658451777328948,0.345992083062224,0.192937629073696,2015,837,9620,8382,5.2078853046595,4359,-0.247207108751294,0.416818601796518,-0.358948004790604,-0.336653409275863,0,1,24.2262005787833,42.7052249749388,49.0880002563376,67.7089591660709,82.9837854155089,"(117.42473407466667, 23.925435049)",117.4247340746667,23.925435049,415,1,943,2016,5196,5.207885304659499,6.207885304659499,9678,8439,True,460,5.207885304659499,1.7763568394002505e-15,False
416,0.364764121812772,0.133688962568812,0.666658221055957,0.205610617931508,2015,2531,11464,8434,2.52034768866061,6379,-0.231384996103561,-0.559434157225863,0.0532903577263071,-0.330998488014726,2,0,229.350765945359,250.925580439954,273.817932240341,289.852647068816,300.148281093636,"(117.42661815093334, 23.925382329666665)",117.4266181509333,23.92538232966666,416,1,946,2016,8910,2.5203476886606087,3.5203476886606087,11506,8480,True,461,2.5203476886606087,1.3322676295501878e-15,False
417,0.362265926873097,0.132499351091712,0.669266060487556,0.203860896702294,2016,8910,11482,8406,1.97831451227223,10795,-0.232851466600084,-0.561647274188456,0.0566429145747333,-0.331779245884173,2,0,214.035094525444,238.2002772025,254.358608454321,263.04141787372,271.635093589803,"(117.42663654213334, 23.925410717)",117.4266365421333,23.925410717,417,1,946,2017,19705,1.2115600448933783,2.2115600448933783,11464,8434,False,462,1.2115600448933783,0.7667544673788518,True
418,0.389142497150206,0.465530991756026,0.514737415474747,0.213069292689224,2015,1176,10618,8425,2.55952380952381,3010,-0.217074596375432,0.0579146476845678,-0.142014280664516,-0.327670289833497,2,2,57.1820613820109,58.1734810276631,65.5470925794169,72.783525181818,79.5952119749952,"(117.42575376453334, 23.925391454166665)",117.4257537645333,23.92539145416666,418,1,947,2016,4186,2.5595238095238093,3.5595238095238093,10660,8483,True,463,2.5595238095238093,8.881784197001252e-16,False
419,0.38904575324608,0.441637647375117,0.525502747132418,0.212528989616825,2016,4186,10662,8426,2.20291236758208,4302,-0.217131386211512,0.0134641974658413,-0.128174706825271,-0.327911383025154,2,2,28.186958101668,31.5533690791063,39.0433950695898,45.0753240747557,49.9154475350098,"(117.4257987208, 23.92539044033333)",117.4257987208,23.92539044033333,419,1,947,2017,8488,1.0277114190157668,2.027711419015767,10618,8425,False,464,1.0277114190157668,1.175200948566313,True
420,0.390784268659318,0.485004654683983,0.506397434213496,0.216636092436445,2017,8488,10616,8470,0.448162111215834,3804,-0.216110856740102,0.094142857128828,-0.15273589985409,-0.32607871803058,2,2,12.4384406474958,18.0763419362075,21.1142472593571,24.4171863747347,28.6473581963856,"(117.42575172106667, 23.925345831666665)",117.4257517210667,23.92534583166666,420,1,947,2018,12292,0.4481621112158341,1.448162111215834,10662,8426,False,465,0.4481621112158341,-1.1102230246251565e-16,False
421,0.389628225101826,0.46899941993991,0.514612350809791,0.213741392744274,2018,12292,10622,8434,-0.57564650399838,7316,-0.21678946822187,0.0643672058475079,-0.142175059888082,-0.327370386398439,2,2,15.9825724343236,17.8402240459669,18.809073321205,23.3975046395248,27.054902855524,"(117.42575785146667, 23.925382329666665)",117.4257578514667,23.92538232966666,421,1,947,2019,19608,0.5951838594207615,1.5951838594207615,10616,8470,False,466,0.5951838594207615,-1.1708303634191415,True
422,0.389165264740487,0.463906712517772,0.508022955616547,0.212067229325634,2019,19608,10598,8413,0.170440636474908,3342,-0.217061231525919,0.0548928880568519,-0.150646180354479,-0.328117428979862,2,2,16.6770710364487,17.0606965639394,17.4084661305106,18.4382217778209,21.7670728145548,"(117.42573332986667, 23.925403620166666)",117.4257333298667,23.92540362016667,422,1,947,2020,22950,0.1704406364749082,1.1704406364749083,10622,8434,False,467,0.1704406364749082,-1.942890293094024e-16,False
423,0.387353484986157,0.365319978496722,0.576082162178087,0.214085337167411,2015,2264,10862,8457,1.73895759717315,3937,-0.21812476804732,-0.128514869474612,-0.0631513920283188,-0.327216912056051,2,2,22.7286033431468,34.8349695565406,43.9311528847692,49.8552018832414,53.4110813506368,"(117.42600306746667, 23.9253590115)",117.4260030674667,23.9253590115,423,1,949,2016,6201,1.7389575971731448,2.738957597173145,10896,8514,True,468,1.7389575971731448,5.10702591327572e-15,False
424,0.386383555041093,0.350629811730524,0.58267421950778,0.212889410118966,2016,6201,10896,8450,2.01653304397891,6210,-0.218694128598629,-0.155844008340052,-0.054676849202524,-0.32775055675257,2,2,5.51431917401345,8.53639990359126,12.0543702692742,24.232754547518,31.9015838068352,"(117.4260378064, 23.925366108333332)",117.4260378064,23.92536610833333,424,1,949,2017,12411,1.0014513788098693,2.0014513788098696,10862,8457,False,469,1.0014513788098693,1.0150816651690409,True
425,0.467637067011282,0.788116729297252,0.53604887897742,0.0915386202224346,2015,2092,5582,8458,1.80736137667304,3781,-0.170997339148424,0.658043329515504,-0.11461692941269,-0.381899516365882,0,1,190.851194082536,191.833130297522,197.342896194446,201.031662054582,208.448634715601,"(117.42060831546667, 23.925357997666666)",117.4206083154667,23.92535799766667,425,1,950,2016,5873,1.80736137667304,2.80736137667304,5614,8534,True,470,1.80736137667304,0.0,False
426,0.466278336789257,0.813279166697,0.522980506905016,0.0930781511054988,2016,5873,5662,8481,1.66726411624694,5981,-0.171794930141702,0.704854761736478,-0.131417220012738,-0.38121254930385,0,1,87.3244443714822,116.521310425855,132.597253527318,140.989743264787,149.679636010467,"(117.42069005413335, 23.9253346795)",117.4206900541333,23.9253346795,426,1,950,2017,11854,1.0183892388898348,2.018389238889835,5582,8458,False,471,1.0183892388898348,0.6488748773571051,True
427,0.462622161631586,0.826286219103686,0.525750476717751,0.0919823659321375,2015,2892,5683,8541,2.20781466113416,6385,-0.173941148963018,0.729052685906429,-0.127856233414753,-0.381701508849542,0,1,166.911974430903,167.682971151127,178.105109849904,185.627281441511,191.324545646696,"(117.42071151053334, 23.925273849499998)",117.4207115105333,23.9252738495,427,1,955,2016,9277,2.2078146611341634,3.2078146611341634,5728,8622,True,472,2.2078146611341634,-3.552713678800501e-15,False
428,0.453531058372842,0.744511498199061,0.561866722034419,0.081436985069775,2015,2093,5030,8570,1.71667462971811,3593,-0.179277735991546,0.576921485569918,-0.0814263174817743,-0.38640705219961,0,1,42.8891273900916,61.2767271659392,67.9342325837752,76.8028771739474,82.2479813189718,"(117.42004431866667, 23.925244448333334)",117.4200443186667,23.92524444833333,428,1,956,2016,5686,1.716674629718108,2.716674629718108,5052,8630,True,473,1.716674629718108,1.9984014443252818e-15,False
429,0.453957164132046,0.771108639617644,0.575863509574651,0.0823328757261486,2016,5686,5110,8598,1.63056522027399,4864,-0.179027606782512,0.62640199745388,-0.063432484979899,-0.386007289272551,0,1,4.66351892547318,27.3622598699714,35.4160403883731,50.3861587149494,61.3446711744485,"(117.42012605733333, 23.925216061)",117.4201260573333,23.925216061,429,1,956,2017,10550,0.855434400281393,1.855434400281393,5030,8570,False,474,0.855434400281393,0.775130819992597,True
430,0.38925506825345,0.394015521874941,0.575029154553819,0.22544057831207,2015,1845,10878,8610,2.65853658536585,4905,-0.217008515782983,-0.0751305544913984,-0.0645051057115347,-0.32214999411785,2,2,0.363919999635786,8.92741800350867,19.0037801810539,30.0330776512474,47.0259020325783,"(117.4260194152, 23.925203895)",117.4260194152,23.925203895,430,1,958,2016,6750,2.658536585365854,3.658536585365854,10922,8669,True,475,2.658536585365854,-3.9968028886505635e-15,False
431,0.454171346459714,0.856006699470646,0.545774530133148,0.091801998262846,2015,2514,5762,8649,2.18854415274463,5502,-0.178901879178387,0.784343762449224,-0.102113936324826,-0.381781992228747,0,1,134.222533149349,150.729923263978,157.816274152729,162.235837429379,164.943715808629,"(117.42079222746668, 23.925164355499998)",117.4207922274667,23.9251643555,431,1,963,2016,8016,2.18854415274463,3.18854415274463,5808,8729,True,476,2.18854415274463,0.0,False
432,0.229368190983301,0.897703888186159,0.447226899847007,0.155756665781007,2015,1991,8190,8690,1.898041185334,3779,-0.310864037053288,0.861915942455164,-0.228803689079058,-0.353244240546401,0,1,84.7320142232399,100.626791849265,111.234565514451,118.816528428289,124.252700598334,"(117.42327299600001, 23.925122788333333)",117.423272996,23.92512278833333,432,1,964,2016,5770,1.8980411853340031,2.898041185334003,8226,8736,True,477,1.8980411853340031,-3.1086244689504383e-15,False
433,0.452626433067501,0.852756071784164,0.559024586744275,0.0889768473812146,2015,2209,5596,8667,2.23856948845631,4945,-0.179808761933365,0.778296393698576,-0.0850800777615175,-0.383042626635176,0,1,103.310638446966,126.037790404378,145.827024832369,166.906918334134,182.576025663923,"(117.42062261973334, 23.925146106499998)",117.4206226197333,23.9251461065,433,1,966,2016,7154,2.238569488456315,3.238569488456315,5638,8745,True,478,2.238569488456315,-4.884981308350689e-15,False
434,0.378623994836042,0.630601945715736,0.429123658584398,0.113050438554826,2015,3455,6914,8751,1.87206946454414,6468,-0.223249083828901,0.365007623224926,-0.252076650112731,-0.372300546445021,0,1,19.0041466170942,22.8361816103655,36.7037438353367,48.9718909807475,62.5770051664264,"(117.42196926426668, 23.9250609445)",117.4219692642667,23.9250609445,434,1,969,2016,9923,1.872069464544139,2.872069464544139,6984,8813,True,479,1.872069464544139,1.1102230246251565e-15,False
435,0.271693241151633,0.725583847359302,0.297382738008317,0.216212815943088,2015,2758,9284,8759,1.91479332849891,5281,-0.286018723202867,0.541709060385842,-0.421438659193388,-0.326267591805226,0,1,22.5666972099412,46.1263158850227,64.2948948138354,77.121843625128,89.8601077705505,"(117.42439077226668, 23.925052833833334)",117.4243907722667,23.92505283383333,435,1,970,2016,8039,1.9147933284989123,2.914793328498912,9334,8822,True,480,1.9147933284989123,-2.220446049250313e-15,False
436,0.277031676421736,0.727572036403656,0.287784141255263,0.219764895824965,2016,8039,9339,8761,2.46370999303565,7232,-0.282884997448771,0.545407826734017,-0.43377831511308,-0.324682588277594,0,1,6.72345898040977,7.98023443880466,12.0424638659908,20.2464653967513,26.3583862347253,"(117.4244469676, 23.925050806166666)",117.4244469676,23.92505080616667,436,1,970,2017,15271,0.8996143798979973,1.8996143798979972,9284,8759,False,481,0.8996143798979973,1.5640956131376527,True
437,0.265913767570407,0.7308160529995,0.296156658202383,0.218057228030988,2017,15271,9274,8798,0.666230109357606,10174,-0.289411343753692,0.551442896412982,-0.423014869062867,-0.325444581128962,0,1,4.99482864227104,5.30037998122361,6.30582295362948,9.2054145162738,13.3759041891328,"(117.42438055493334, 23.925013294333333)",117.4243805549333,23.92501329433333,437,1,970,2018,25445,0.666230109357606,1.666230109357606,9339,8761,False,482,0.666230109357606,0.0,False
438,0.204300398722531,0.78341771347963,0.427760323536122,0.171761018625548,2015,5740,8506,8774,2.05121951219512,11774,-0.325579132812867,0.649301423596084,-0.253829311030966,-0.346102803259053,0,1,51.074167166719,74.7543470595483,95.8574327335448,115.828197058569,131.365301415118,"(117.42359586373334, 23.92503762633333)",117.4235958637333,23.92503762633333,438,1,971,2016,17514,2.051219512195122,3.051219512195122,8567,8842,True,483,2.051219512195122,-1.7763568394002505e-15,False
439,0.206370843457597,0.765096638762234,0.423599346286996,0.174873065223233,2016,17514,8562,8771,1.14539240541514,14032,-0.324363756834621,0.615217454156882,-0.259178533304269,-0.344714150695057,0,1,48.376094162383,53.5371819494898,57.7482990850689,62.409931703445,67.0616823780636,"(117.42365308080001, 23.925040667833333)",117.4236530808,23.92504066783333,439,1,971,2017,31546,0.8011876213315062,1.8011876213315061,8506,8774,False,484,0.8011876213315062,0.34420478408363386,True
440,0.444221310340962,0.859466263196561,0.573065536833744,0.0901877264652995,2015,4839,5689,8767,2.12481917751602,10282,-0.184742670133394,0.790779829444525,-0.0670294712669291,-0.382502310064706,0,1,55.18711957966,82.0596392398906,105.34987520832,123.600240361008,135.159922888576,"(117.42071764093333, 23.925044723166668)",117.4207176409333,23.92504472316667,440,1,973,2016,15121,2.1248191775160157,3.1248191775160157,5741,8858,True,485,2.1248191775160157,4.440892098500626e-15,False
441,0.211576528276215,0.888038015052748,0.446100774859271,0.154211147643738,2015,2283,8106,8822,3.22076215505913,7353,-0.321307957193261,0.843933846450197,-0.230251400158994,-0.353933879231638,0,1,40.9547005252937,62.1940217648677,89.3869467803888,103.185490418026,112.228365669266,"(117.4231871704, 23.924988962333334)",117.4231871704,23.92498896233333,441,1,974,2016,9636,3.2207621550591328,4.220762155059132,8146,8890,True,486,3.2207621550591328,-2.6645352591003757e-15,False
442,0.303986716314573,0.718430408599027,0.42269860501424,0.122481162315657,2015,4516,7298,8839,1.56908768821966,7086,-0.267062064615269,0.528401020772921,-0.260336498126047,-0.368092383642908,0,1,17.9686472000561,55.388114142679,74.7696270256772,84.8752366722107,95.4133691229743,"(117.42236160986667, 23.924971727166668)",117.4223616098667,23.92497172716667,442,1,975,2016,11602,1.5690876882196634,2.5690876882196636,7328,8898,True,487,1.5690876882196634,-3.3306690738754696e-15,False
443,0.258143853736145,0.803716042758274,0.448264661435205,0.134527532381194,2015,2753,7642,8830,2.92081365782782,8041,-0.293972376688921,0.687063817204095,-0.227469575223201,-0.36271707123891,0,1,30.0074660538607,34.6744063416973,46.4786933111912,55.7170921230089,61.461655447459,"(117.42271308613334, 23.924980851666668)",117.4227130861333,23.92498085166667,443,1,976,2016,10794,2.920813657827824,3.920813657827824,7678,8901,True,488,2.920813657827824,-3.9968028886505635e-15,False
444,0.232759192349312,0.732224466015587,0.341182210533128,0.206090715428225,2015,4685,9031,8841,2.37929562433298,11147,-0.308873478439165,0.554063065095144,-0.365131426550428,-0.330784259660858,0,1,88.7066438524695,99.7681616168517,108.675304479049,116.616374364509,122.008802524377,"(117.42413227373333, 23.9249696995)",117.4241322737333,23.9249696995,444,1,977,2016,15832,2.3792956243329777,3.3792956243329777,9098,8909,True,489,2.3792956243329777,2.220446049250313e-15,False
445,0.238326109335774,0.73217872852196,0.333661199995077,0.209265725911919,2016,15832,9082,8839,2.08057956793934,12226,-0.305605631167684,0.553977976454928,-0.374800202580466,-0.329367511450155,0,1,16.7766417496687,36.2130405651811,44.2216345706976,51.1757222226608,55.6417875244651,"(117.42418438213333, 23.924971727166668)",117.4241843821333,23.92497172716667,445,1,977,2017,28058,0.772233451237999,1.772233451237999,9031,8841,False,490,0.772233451237999,1.3083461167013413,True
446,0.225840308746409,0.737699635880064,0.342784441022795,0.207303795463073,2017,28058,9008,8874,0.587497326965571,16484,-0.312934946386043,0.564248904365702,-0.363071649120957,-0.330242960985582,0,1,2.98398768421866,11.1844655677502,14.0333336876619,17.7213997044829,26.5841109998238,"(117.42410877386668, 23.924936242999998)",117.4241087738667,23.924936243,446,1,977,2018,44542,0.5874973269655713,1.5874973269655712,9082,8839,False,491,0.5874973269655713,-3.3306690738754696e-16,False
447,0.335195925662668,0.754865361124008,0.277739271487663,0.247001708923494,2015,484,9858,8906,1.77272727272727,858,-0.248741883110627,0.596183496830453,-0.446691685669131,-0.312529020148988,0,1,55.1822973662643,55.3432176772822,68.8446221562671,83.840960686787,93.3869399626209,"(117.4249772472, 23.924903800333333)",117.4249772472,23.92490380033333,447,1,979,2016,1342,1.7727272727272727,2.772727272727273,9900,8955,True,492,1.7727272727272727,-2.6645352591003757e-15,False
448,0.264556522127738,0.781839430194331,0.447658772515361,0.128205359730934,2015,3094,7462,8914,1.73141564318035,5357,-0.290208063163617,0.646365233438447,-0.228248487077588,-0.365538141227818,0,1,23.3837076824418,53.1206676473028,71.0060631356786,80.9139618086149,90.8833162239795,"(117.42252917413335, 23.924895689666666)",117.4225291741333,23.92489568966667,448,1,981,2016,8451,1.7314156431803491,2.731415643180349,7486,8977,True,493,1.7314156431803491,8.881784197001252e-16,False
449,0.394626566188435,0.741855523416324,0.536592324290999,0.0984640399307975,2015,1896,6374,8943,1.8707805907173,3547,-0.213855381846677,0.571980390971349,-0.113918293106441,-0.378809266418493,0,1,89.6647139172521,109.006997627638,120.347071346004,128.242424882405,134.034059633572,"(117.42141752826667, 23.9248662885)",117.4214175282667,23.9248662885,449,1,982,2016,5443,1.8707805907172996,2.8707805907172994,6423,9005,True,494,1.8707805907172996,4.440892098500626e-16,False
450,0.384862475786865,0.723336470342036,0.530301207606459,0.101375542394473,2016,5443,6458,8955,2.46525374620827,5214,-0.219587020427756,0.537528108626383,-0.122005956046667,-0.377510100344221,0,1,52.3732865549011,78.3247385809501,88.3525385198031,95.2672578224877,99.8170056373508,"(117.42150335386667, 23.924854122499998)",117.4215033538667,23.9248541225,450,1,982,2017,10657,0.9579276134484659,1.957927613448466,6374,8943,False,495,0.9579276134484659,1.507326132759804,True
451,0.233618565094392,0.835224422323308,0.47007242549122,0.134298220708997,2015,3345,7616,8973,1.98445440956652,6638,-0.308369016294854,0.745681046964838,-0.199434195495072,-0.362819394334518,0,1,47.206926468008,68.5794355701569,77.0792772772545,84.9272481653045,90.2064176350842,"(117.42268652106667, 23.924835873499998)",117.4226865210667,23.9248358735,451,1,983,2016,9983,1.984454409566517,2.984454409566517,7648,9041,True,496,1.984454409566517,2.886579864025407e-15,False
452,0.423873365917879,0.821929349235912,0.617187579835047,0.086943530344632,2015,1481,5650,9034,1.51114112086428,2238,-0.196687158406694,0.720947297892113,-0.0103075521034123,-0.383949930182099,0,1,15.2066693499096,31.1944322860998,61.18540766758,83.1865168333466,97.4090795153369,"(117.42067779333334, 23.924774029666665)",117.4206777933333,23.92477402966666,452,1,987,2016,3719,1.5111411208642809,2.511141120864281,5682,9106,True,497,1.5111411208642809,-8.881784197001252e-16,False
453,0.325859815041395,0.725315279223876,0.535014579055047,0.107713242998051,2015,2169,6714,9134,2.09036422314431,4534,-0.254222292409736,0.541209424405888,-0.11594659305918,-0.374682101496278,0,1,50.9116470077892,83.5658549699166,101.091076825213,110.643575514822,121.30620704482,"(117.4217649176, 23.92467264633333)",117.4217649176,23.92467264633333,453,1,990,2016,6703,2.0903642231443063,3.0903642231443063,6782,9194,True,499,2.0903642231443063,3.552713678800501e-15,False
454,0.312480125288994,0.729092411434721,0.53336504044579,0.110098318712578,2016,6703,6794,9153,1.91109949307461,4802,-0.262076331325167,0.548236286139062,-0.118067188328275,-0.373617836742412,0,1,9.94147658344888,12.7603805286445,14.5921004302335,34.290358793164,48.3584439163958,"(117.42184665626667, 23.9246533835)",117.4218466562667,23.9246533835,454,1,990,2017,11505,0.7163956437416082,1.7163956437416081,6714,9134,False,500,0.7163956437416082,1.1947038493330018,True
455,0.416601274245107,0.798463197166195,0.632510568487509,0.0872523251006977,2015,1822,5598,9119,1.65751920965972,3020,-0.200955963741607,0.677291583239062,0.0093912030893785,-0.383812140269159,0,1,44.599004958701,57.0690026868641,62.8845022920769,83.7495666729952,98.6146943337929,"(117.4206246632, 23.924687853833333)",117.4206246632,23.92468785383333,455,1,991,2016,4842,1.6575192096597147,2.6575192096597147,5634,9198,True,501,1.6575192096597147,5.329070518200751e-15,False
456,0.334599288197359,0.736633010196096,0.305245952311081,0.264853299064069,2015,1875,10104,9145,3.38613333333333,6349,-0.249092116483572,0.562264586427142,-0.41132995670122,-0.304563311525422,0,1,49.8885129910023,71.7558944206012,96.9326773391005,118.195656240457,135.087741752135,"(117.42522859360001, 23.924661494166667)",117.4252285936,23.92466149416667,456,1,993,2016,8224,3.3861333333333334,4.386133333333333,10158,9211,True,502,3.3861333333333334,-3.552713678800501e-15,False
457,0.339642795816811,0.730173856905958,0.32460474786205,0.265113203461969,2016,8224,10154,9139,2.51351410238283,7250,-0.24613151681,0.550248174358523,-0.386442894324877,-0.304447337391613,0,1,20.3000545443354,27.3233280231972,48.7345671080917,61.2968193667257,74.1525267523786,"(117.42527968026667, 23.924667577166666)",117.4252796802667,23.92466757716667,457,1,993,2017,15474,0.8815661478599222,1.8815661478599222,10104,9145,False,503,0.8815661478599222,1.6319479545229079,True
458,0.331011104478899,0.735582923486072,0.303236608572527,0.265893217209983,2017,15474,10096,9175,0.763668088406359,11817,-0.251198423511763,0.560311037092014,-0.41391310619651,-0.304099280877312,0,1,40.640624411537,44.7557117923595,49.4262846741702,60.1669916971514,77.1013879918644,"(117.42522041973334, 23.924631079166666)",117.4252204197333,23.92463107916667,458,1,993,2018,27291,0.763668088406359,1.7636680884063591,10154,9139,False,504,0.763668088406359,0.0,False
459,0.157365803523079,0.870953978113987,0.442404884625698,0.156581349999638,2015,1853,8030,9162,3.37722611980572,6258,-0.353130305074568,0.812151224420607,-0.235002721104394,-0.352876251244589,0,1,36.1133109098696,36.7096672655712,47.2683949634076,52.6090029994442,60.1699200837403,"(117.42310951866668, 23.924644259)",117.4231095186667,23.924644259,459,1,994,2016,8111,3.3772261198057203,4.37722611980572,8064,9225,True,505,3.3772261198057203,-4.440892098500626e-16,False
460,0.406820295056824,0.764749367519523,0.650403813574645,0.0898400962140055,2015,2507,5606,9254,1.06980454726765,2682,-0.20669751624375,0.614571401313027,0.0323941996046484,-0.382657429091568,0,1,33.0153097379048,67.6142271132637,81.249999777119,91.5017852171268,106.661765791832,"(117.42063283706668, 23.924550986333333)",117.4206328370667,23.92455098633333,460,1,999,2016,5189,1.0698045472676505,2.0698045472676507,5638,9323,True,506,1.0698045472676505,-4.440892098500626e-16,False
461,0.151069756653982,0.799109580082411,0.338511253714481,0.22369416231825,2015,1254,8902,9281,5.09968102073365,6395,-0.356826160362572,0.678494094330915,-0.368565125138503,-0.32292927713033,0,1,15.4574021255198,35.0024655384428,79.3754817097471,107.731636975188,128.28594034412,"(117.42400047013334, 23.924523612833333)",117.4240004701333,23.92452361283333,461,1,1000,2016,7649,5.0996810207336525,6.0996810207336525,8960,9351,True,507,5.0996810207336525,-2.6645352591003757e-15,False
462,0.160206756484722,0.799949217704477,0.327904435471191,0.227587017913856,2016,7649,8962,9274,1.88185567988399,9181,-0.351462631493897,0.680056130591994,-0.382200919087579,-0.321192213196863,0,1,17.6100162150786,23.235381062544,26.3551313298074,33.890492025392,49.5027298021654,"(117.42406177413334, 23.924530709666666)",117.4240617741333,23.92453070966667,462,1,1000,2017,16830,1.20028761929664,2.20028761929664,8902,9281,False,508,1.20028761929664,0.68156806058735,True
463,0.144627160589071,0.797283994994888,0.338502058125678,0.224059614571329,2017,16830,8888,9311,0.775222816399287,13047,-0.360608041792307,0.675097831431953,-0.368576946700001,-0.322766205597714,0,1,4.96226611316838,13.8999599053576,23.1298800356749,43.6889826970695,59.3788611270326,"(117.42398616586667, 23.924493197833332)",117.4239861658667,23.92449319783333,463,1,1000,2018,29877,0.775222816399287,1.775222816399287,8962,9274,False,509,0.775222816399287,0.0,False
464,0.151184937399532,0.797794659909315,0.342126479548089,0.220774431995295,2018,29877,8874,9262,-0.424272545520836,16865,-0.356758547878681,0.676047856886545,-0.363917503824011,-0.324232114627097,0,1,46.7311108736551,77.0783080567914,87.3347496691362,93.768473313616,100.408698999445,"(117.42397186160001, 23.924542875666667)",117.4239718616,23.92454287566667,464,1,1000,2019,46742,0.5644810389262643,1.5644810389262644,8888,9311,False,510,0.5644810389262643,-0.9887535844471003,True
465,0.294333447777122,0.768920610566173,0.539232588062319,0.110486282822927,2015,4430,6744,9294,1.73069977426637,7667,-0.272728649428317,0.622331454842557,-0.1105240525405,-0.373444720004066,0,1,32.014216966884,39.9682861783454,52.721338628608,67.2228856718064,76.8152800218321,"(117.42179556960001, 23.924510433)",117.4217955696,23.924510433,465,1,1001,2016,12097,1.7306997742663657,2.7306997742663657,6816,9361,True,511,1.7306997742663657,4.218847493575595e-15,False
466,0.28191475663209,0.751679723493415,0.536979307293618,0.112176051194602,2016,12097,6822,9306,1.5538896668067,9053,-0.280018570595159,0.590257033600519,-0.113420799855923,-0.372690714204913,0,1,13.1617657491657,16.9808969825092,20.3285940650114,23.7516631794483,30.4152399135608,"(117.42187526480001, 23.924498267)",117.4218752648,23.924498267,466,1,1001,2017,21150,0.7483673638092089,1.748367363809209,6744,9294,False,512,0.7483673638092089,0.8055223029974911,True
467,0.136152880496177,0.870770059625484,0.427275918903369,0.157045645860316,2015,1868,7965,9289,2.65256959314775,4955,-0.365582546198728,0.811809068065801,-0.254452046483644,-0.352669073872032,0,1,51.9828809503385,54.5538098563596,71.9971479905343,81.0386217256206,86.6309309416322,"(117.42304310600001, 23.924515502166667)",117.423043106,23.92451550216667,467,1,1002,2016,6823,2.6525695931477515,3.6525695931477515,7990,9361,True,513,2.6525695931477515,-1.3322676295501878e-15,False
468,0.12803231015684,0.800746194920149,0.382008671360091,0.202721197934479,2015,304,8628,9297,9.14473684210526,2780,-0.370349418722749,0.681538802732231,-0.312646204805571,-0.332287800485279,0,1,75.2121857863729,80.1580996775358,85.9224849703331,91.2438958991128,96.2495762328817,"(117.4237205152, 23.9245073915)",117.4237205152,23.9245073915,468,1,1003,2016,3084,9.144736842105264,10.144736842105264,8684,9361,True,514,9.144736842105264,-3.552713678800501e-15,False
469,0.129378534667959,0.798368307141171,0.377665818487159,0.209225047494616,2016,3084,8704,9308,1.43606515925713,2249,-0.369559168732286,0.677115052726367,-0.318229240695143,-0.329385662909882,0,1,17.8299090787552,54.5365601270837,69.5760280490245,77.3845312749219,83.4003369060811,"(117.42379816693334, 23.924496239333333)",117.4237981669333,23.92449623933333,469,1,1003,2017,5333,0.7292477302204928,1.729247730220493,8628,9297,False,515,0.7292477302204928,0.7068174290366372,True
470,0.385441959735002,0.76771628935454,0.64180553176166,0.093608553585971,2015,3160,5886,9298,2.22056962025316,7017,-0.219246856375841,0.620090972337819,0.0213405173006145,-0.380975873938833,0,1,84.5893880470602,89.9286802737464,98.3419656999203,105.450920801552,118.188709633028,"(117.4209189224, 23.924506377666667)",117.4209189224,23.92450637766667,470,1,1005,2016,10177,2.2205696202531646,3.2205696202531646,5938,9383,True,516,2.2205696202531646,-4.440892098500626e-15,False
471,0.38961234893425,0.740115956540336,0.626068550079196,0.0931111507980681,2015,1526,5742,9373,2.69855832241153,4118,-0.216798787723314,0.56874415373346,0.0011095456104761,-0.38119782423266,0,1,72.042661422924,92.7731567664077,104.484060452388,112.855360704162,125.413916442951,"(117.42077179280001, 23.924430340166666)",117.4207717928,23.92443034016667,471,1,1007,2016,5644,2.6985583224115333,3.6985583224115333,5788,9455,True,517,2.6985583224115333,-3.1086244689504383e-15,False
472,0.166492987282055,0.877194898560241,0.471147255370633,0.13637297622609,2015,1619,7508,9402,5.05497220506486,8184,-0.34777253835816,0.823761642752706,-0.198052427802837,-0.361893600173653,0,1,100.177782518231,139.038577439229,156.771030490955,167.043498974016,176.14570380289,"(117.42257617386667, 23.924400938999998)",117.4225761738667,23.924400939,472,1,1010,2016,9803,5.054972205064855,6.054972205064855,7544,9489,True,519,5.054972205064855,4.440892098500626e-15,False
473,0.276699756604705,0.768414247023992,0.53120322047682,0.112958487741244,2015,3468,6672,9481,2.01989619377163,7005,-0.283079838376178,0.621389431529893,-0.12084635649876,-0.372341576593199,0,1,15.539658283742,18.3133279829845,19.9997682559964,33.5879057460122,52.1423767879034,"(117.4217220048, 23.924320846166665)",117.4217220048,23.92432084616667,473,1,1012,2016,10473,2.0198961937716264,3.0198961937716264,6746,9549,True,520,2.0198961937716264,3.552713678800501e-15,False
474,0.261109400735302,0.751182025831998,0.530909382391134,0.118077163083958,2016,10473,6754,9514,0.965215482253245,2380,-0.292231564908682,0.589331132028512,-0.121224105555913,-0.370057529289984,0,1,1.13017079276569,17.9892450578158,28.7371911102713,34.4571460834851,40.5346025214005,"(117.42180578693333, 23.924287389666667)",117.4218057869333,23.92428738966667,474,1,1012,2017,12853,0.227251026448964,1.227251026448964,6672,9481,False,521,0.227251026448964,0.737964455804281,True
475,0.109700128707253,0.786094175543385,0.332611958105895,0.229473731401303,2015,939,8826,9494,3.84984025559106,3615,-0.381110629869963,0.65428063210832,-0.376149075152378,-0.320350326856274,0,1,49.8850086135376,56.9314252971083,75.9382380076088,85.5971808351798,97.8014944837916,"(117.4239228184, 23.924307666333334)",117.4239228184,23.92430766633333,475,1,1014,2016,4554,3.8498402555910545,4.8498402555910545,8872,9563,True,522,3.8498402555910545,5.329070518200751e-15,False
476,0.281102386540099,0.729450676237746,0.53001002445267,0.116269938403137,2015,616,6554,9582,1.16883116883117,720,-0.280495441616408,0.548902791067718,-0.122380292006371,-0.370863946259642,0,1,38.2131798963375,40.2348334009851,61.4943326311259,88.0433182960047,109.027013699335,"(117.42160144026667, 23.924218448999998)",117.4216014402667,23.924218449,476,1,1017,2016,1336,1.1688311688311688,2.168831168831169,6608,9629,True,523,1.1688311688311688,1.3322676295501878e-15,False
477,0.0957184358803133,0.843008995678741,0.376746045034269,0.158308975218217,2015,1760,7810,9626,3.55681818181818,6260,-0.389318051835535,0.760163230157502,-0.319411672692729,-0.352105353022439,0,1,103.755279327732,106.586691073445,125.296781375926,134.697736691004,141.116240320907,"(117.42288473733333, 23.92417384033333)",117.4228847373333,23.92417384033333,477,1,1023,2016,8020,3.5568181818181817,4.556818181818182,7852,9697,True,524,3.5568181818181817,-1.7763568394002505e-15,False
478,0.0941973298750098,0.839157290993446,0.376448423123557,0.163258122538069,2016,8020,7888,9626,1.19837217294717,7624,-0.390210959367865,0.752997636063953,-0.319794286117047,-0.349896952248356,0,1,52.8956785820468,63.1628577778227,75.5377304095342,92.0726965407465,108.375840636672,"(117.42296443253333, 23.92417384033333)",117.4229644325333,23.92417384033333,478,1,1023,2017,15644,0.9506234413965087,1.9506234413965087,7810,9626,False,525,0.9506234413965087,0.24774873155066124,True
479,0.116257196732962,0.800343414089176,0.381450683546536,0.147012032265817,2015,2068,7521,9703,3.08220502901354,6374,-0.377261552021517,0.680789481540907,-0.313363536495171,-0.357146257232498,0,1,20.3875606671134,39.9752201075815,73.6419090444119,112.672716056626,139.13606837624,"(117.4225894564, 23.924095775166666)",117.4225894564,23.92409577516667,479,1,1025,2016,8442,3.0822050290135397,4.082205029013539,7564,9777,True,526,3.0822050290135397,4.440892098500626e-16,False
480,0.101499231683362,0.813089058588449,0.371158243414775,0.151525789835663,2016,8442,7600,9709,2.37002838867746,7406,-0.385924655124587,0.704501090401038,-0.326595175771979,-0.355132135391492,0,1,35.6604705202856,37.4870241320344,39.4831454896101,47.6750725945014,60.8633725425165,"(117.42267017333334, 23.924089692166667)",117.4226701733333,23.92408969216667,480,1,1025,2017,15848,0.8772802653399668,1.8772802653399667,7521,9703,False,527,0.8772802653399668,1.4927481233374933,True
481,0.287151040097775,0.653753283497334,0.484184126137668,0.116679577539628,2015,2421,6379,9749,2.65179677819083,6420,-0.276944809179701,0.408077666963972,-0.181292634296196,-0.37068115772504,0,1,91.287316999508,92.2096360882447,107.362850665189,115.930536802045,122.298160836313,"(117.42142263693334, 23.924049138833333)",117.4214226369333,23.92404913883333,481,1,1028,2016,8841,2.65179677819083,3.65179677819083,6430,9818,True,528,2.65179677819083,0.0,False
482,0.274602297565936,0.648332692439122,0.478139329178979,0.119814129413218,2016,8841,6460,9766,2.1489745943237,7798,-0.284311072075828,0.397993364442401,-0.189063636297181,-0.369282462892039,0,1,42.0398856069203,45.2791436370538,48.8104081255301,53.6461389938056,58.4205509021984,"(117.42150539733333, 23.924031903666666)",117.4215053973333,23.92403190366667,482,1,1028,2017,16639,0.8820269200316706,1.8820269200316706,6379,9749,False,529,0.8820269200316706,1.2669476742920294,True
483,0.0695854197791885,0.829535008164501,0.350918414653975,0.176571001286151,2015,3898,7994,9758,1.79374037968189,6992,-0.404658446809865,0.735096634133882,-0.352614866900507,-0.343956500321496,0,1,91.0162068903768,101.368283377234,108.824125557338,119.775251158014,130.882300871663,"(117.42307273626668, 23.924040014333332)",117.4230727362667,23.92404001433333,483,1,1029,2016,10890,1.793740379681888,2.7937403796818883,8028,9831,True,530,1.793740379681888,1.9984014443252818e-15,False
484,0.0675185281560971,0.823379621345826,0.353598288961079,0.182744254368407,2016,10890,8066,9762,1.42151812927309,7905,-0.405871737068619,0.723645339957619,-0.349169704268047,-0.341201880989238,0,1,45.5037083606274,69.6412237486592,77.9293423541405,83.6226209965029,88.7738302594975,"(117.42314630106667, 23.924035958999998)",117.4231463010667,23.924035959,484,1,1029,2017,18795,0.7258953168044077,1.7258953168044078,7994,9758,False,531,0.7258953168044077,0.6956228124686824,True
485,0.258237917552521,0.624100224899952,0.457429770472214,0.125473295142262,2015,3618,6538,9819,2.87728026533997,10410,-0.293917160096606,0.352912019827982,-0.215687197559802,-0.366757238814237,0,1,81.6920782132333,85.643807721842,89.88420795631,94.2235159577885,96.8599603067415,"(117.42158509253333, 23.9239781705)",117.4215850925333,23.9239781705,485,1,1033,2016,14028,2.8772802653399667,3.8772802653399667,6611,9897,True,532,2.8772802653399667,3.1086244689504383e-15,False
486,0.245690605921603,0.618278693942063,0.454097643036317,0.128565623114111,2016,14028,6616,9827,2.60483384084696,12797,-0.30128258303667,0.342081820927605,-0.219970876424262,-0.365377385064611,0,1,40.9851239735599,49.7219241322448,53.2547257061948,56.8162295180253,59.0102271918715,"(117.42166478773333, 23.923970059833334)",117.4216647877333,23.92397005983333,486,1,1033,2017,26825,0.9122469347020246,1.9122469347020246,6538,9819,False,533,0.9122469347020246,1.6925869061449352,True
487,0.120596810152732,0.676675098620037,0.282244631406102,0.283752348137137,2015,1326,9254,9842,3.55656108597285,4716,-0.374714146714852,0.450720713738481,-0.440899735802061,-0.296130207415756,0,1,127.871935542448,128.451370333043,140.935330198535,148.523124106689,153.167100500834,"(117.42436012026667, 23.92395485233333)",117.4243601202667,23.92395485233333,487,1,1035,2016,6042,3.5565610859728505,4.5565610859728505,9308,9913,True,535,3.5565610859728505,-4.440892098500626e-16,False
488,0.134536586482962,0.671759415898717,0.278022909772823,0.288290191951374,2016,6042,9330,9842,1.56486542582587,3675,-0.366531330237333,0.441575727309973,-0.446327049156674,-0.294105337848462,0,1,95.9122240633035,106.830464724995,116.672780734583,122.769634416456,127.098413851801,"(117.424437772, 23.92395485233333)",117.424437772,23.92395485233333,488,1,1035,2017,9717,0.6082423038728898,1.6082423038728897,9254,9842,False,536,0.6082423038728898,0.9566231219529803,True
489,0.0520303580455386,0.756181987957633,0.332600338841118,0.234089882309627,2015,887,8554,9915,4.99098083427283,4427,-0.414963479330828,0.598632909294094,-0.37616401251594,-0.318290515219968,0,1,47.9237343073958,50.2472670607288,51.7551082183591,59.2739886847524,65.5972579558107,"(117.42364490693333, 23.9238808425)",117.4236449069333,23.9238808425,489,1,1037,2016,5314,4.99098083427283,5.99098083427283,8598,9997,True,537,4.99098083427283,0.0,False
490,0.16333963821683,0.554810652793246,0.330422146101342,0.146526515559527,2015,2142,7035,9990,4.24416433239963,9091,-0.349623592211465,0.224007810082152,-0.378964229008737,-0.357362903737583,0,2,69.8332162203598,76.7714923790987,100.987420589164,115.984878257819,128.734949494025,"(117.422092894, 23.923804805)",117.422092894,23.923804805,490,1,1039,2016,11233,4.2441643323996265,5.2441643323996265,7084,10077,True,538,4.2441643323996265,3.552713678800501e-15,False
491,0.152685835979324,0.551394525183701,0.318058962757998,0.149827247033557,2016,11233,7110,9993,1.96750164274359,11913,-0.355877502348333,0.217652550314909,-0.394857951023926,-0.355890056503263,0,2,31.9205658922961,45.5648850309885,56.0009311839027,67.6353346382077,76.3609715348593,"(117.42216952400001, 23.9238017635)",117.422169524,23.9238017635,491,1,1039,2017,23146,1.0605359209472092,2.060535920947209,7035,9990,False,539,1.0605359209472092,0.9069657217963809,True
492,0.0981924945614547,0.637966884444957,0.280052609010565,0.305911623958862,2015,1293,9254,10022,3.65506573859242,4726,-0.387865749613261,0.37870913093888,-0.443717731267969,-0.286242330026957,0,1,41.1206352248443,89.1998810908322,119.095021237885,143.723912428073,162.832724234706,"(117.42436012026667, 23.92377236233333)",117.4243601202667,23.92377236233333,492,1,1040,2016,6019,3.6550657385924206,4.655065738592421,9308,10093,True,540,3.6550657385924206,-4.440892098500626e-16,False
493,0.345155127299955,0.517318857321812,0.383985730478947,0.117278748613875,2015,767,5666,10074,6.29856584093872,4831,-0.242895711885929,0.154259215593001,-0.310104559408101,-0.370413796545698,0,2,71.2310984325741,75.3572740728409,81.2376611215747,90.5119959552512,101.976025527738,"(117.42069414106668, 23.923719643)",117.4206941410667,23.923719643,493,1,1046,2016,5598,6.298565840938722,7.298565840938722,5706,10151,True,541,6.298565840938722,-1.7763568394002505e-15,False
494,0.336083798108766,0.5109147540818,0.373732171689727,0.117739666898856,2016,5598,5750,10087,2.17824460404941,8064,-0.24822069129881,0.142345216961099,-0.323286214046426,-0.370208126309684,0,2,16.899289063321,32.6764445754524,40.4862844737878,56.0887373215768,66.993779720617,"(117.42077996666667, 23.923706463166667)",117.4207799666667,23.92370646316667,494,2,1046,2017,13662,1.4405144694533762,2.440514469453376,5666,10074,False,542,1.4405144694533762,0.7377301345960336,True
495,0.0715289265249145,0.648117365998168,0.285664994700925,0.298446780912997,2015,2848,9100,10066,3.56390449438202,10150,-0.403517584959119,0.39759277768938,-0.436502623675746,-0.289573280612074,0,1,33.183530886397,55.2490167558666,67.6373570098273,94.125296184132,113.581421048215,"(117.42420277333333, 23.923727753666665)",117.4242027733333,23.92372775366666,495,1,1047,2016,12998,3.5639044943820224,4.563904494382022,9160,10154,True,543,3.5639044943820224,-2.220446049250313e-15,False
496,0.0692273156591573,0.668253287589262,0.241769443832756,0.172868511459189,2015,647,7532,10101,4.75888717156105,3079,-0.404868658238273,0.43505303298157,-0.492933371633379,-0.345608619539507,0,1,79.9764207320545,93.0253918851781,116.797077038604,133.42013652749,145.285766074719,"(117.42260069546667, 23.9236922695)",117.4226006954667,23.9236922695,496,1,1048,2016,3726,4.758887171561051,5.758887171561051,7565,10169,True,544,4.758887171561051,-8.881784197001252e-16,False
497,0.0572305126816503,0.706963825899481,0.239280569626638,0.179149452911593,2016,3726,7623,10115,1.43701499921696,2112,-0.411910925973158,0.507068939531403,-0.496132990506953,-0.342805947671201,0,1,81.9206394481902,82.1894368246899,91.9583545470887,98.6503883010838,102.998908627142,"(117.4226936732, 23.923678075833333)",117.4226936732,23.92367807583333,497,1,1048,2017,5838,0.5668276972624798,1.56682769726248,7532,10101,False,545,0.5668276972624798,0.8701873019544802,True
498,0.336083798108766,0.5109147540818,0.373732171689727,0.117739666898856,2016,5598,5750,10087,1.96959491182151,8064,-0.24822069129881,0.142345216961099,-0.323286214046426,-0.370208126309684,0,2,16.899289063321,32.6764445754524,40.4862844737878,56.0887373215768,66.993779720617,"(117.42077996666667, 23.923706463166667)",117.4207799666667,23.92370646316667,498,2,1049,2017,13662,1.4405144694533762,2.440514469453376,5666,10074,False,547,1.4405144694533762,0.5290804423681337,True
499,0.127268913235847,0.481070068408837,0.248924377897498,0.162610609661683,2015,756,7185,10145,5.3015873015873,4008,-0.370797541903208,0.0868230726496653,-0.483735212073346,-0.350185884431018,0,2,81.3354818134618,108.431757444231,123.936610565123,137.694526780001,146.205345289322,"(117.422246154, 23.923647660833332)",117.422246154,23.92364766083333,499,1,1051,2016,4764,5.301587301587301,6.301587301587301,7221,10219,True,549,5.301587301587301,-1.7763568394002505e-15,False
500,0.111070559195274,0.50878583638877,0.238785102704203,0.16525638257483,2016,4764,7269,10153,2.77443405693397,5494,-0.380306170679728,0.138384643320791,-0.496769947293422,-0.349005291781047,0,2,31.4816302244092,57.3253531567734,77.347660110354,88.5362438859797,97.0533240686678,"(117.4223319796, 23.923639550166666)",117.4223319796,23.92363955016667,500,1,1051,2017,10258,1.153232577665827,2.153232577665827,7185,10145,False,550,1.153232577665827,1.6212014792681428,True
501,0.0986101440803439,0.505862460794001,0.218072929863994,0.170364684800354,2015,2356,7342,10190,2.6651103565365,6279,-0.387620584319068,0.132946084395163,-0.523396869204278,-0.346725873153955,0,2,13.4569604655322,74.0744234868446,102.922035057384,124.028334118872,139.911681579823,"(117.42240656613333, 23.923602038333332)",117.4224065661333,23.92360203833333,501,1,1054,2016,8635,2.6651103565365024,3.6651103565365024,7382,10269,True,551,2.6651103565365024,-2.220446049250313e-15,False
502,0.271225828466435,0.512030527388007,0.295026841590174,0.128940420107903,2015,2826,6222,10201,2.77423920736023,7840,-0.286293100074607,0.14442096763929,-0.424467325979819,-0.365210143736415,0,2,29.9475625577454,52.0693091323416,76.7991681771747,94.9062319830136,117.336227556944,"(117.4212622248, 23.923590886166664)",117.4212622248,23.92359088616666,502,1,1055,2016,10666,2.7742392073602264,3.7742392073602264,6272,10286,True,552,2.7742392073602264,3.552713678800501e-15,False
503,0.0848830469928324,0.467338729314225,0.17444672387089,0.185698499373807,2015,1742,7398,10317,3.79850746268657,6617,-0.395678555521417,0.0612777075835187,-0.579481355810637,-0.339883642404869,0,2,137.761434022697,144.732691684088,158.716000290072,174.039413560169,183.268070747365,"(117.4224637832, 23.923473281499998)",117.4224637832,23.9234732815,503,1,1058,2016,8359,3.798507462686567,4.798507462686567,7464,10401,True,553,3.798507462686567,2.6645352591003757e-15,False
504,0.0130805024940468,0.707019505868841,0.26161857907221,0.247021419779801,2015,539,8222,10341,4.63636363636364,2499,-0.437827513319132,0.507172524850677,-0.467415943882248,-0.312520224801525,0,1,161.251883288728,173.025564072361,177.237218700945,181.928357030908,188.828351494744,"(117.42330569146667, 23.9234489495)",117.4233056914667,23.9234489495,504,1,1060,2016,3038,4.636363636363637,5.636363636363637,8256,10419,True,554,4.636363636363637,3.552713678800501e-15,False
505,0.0134153246508588,0.705162358427199,0.27698874667025,0.256757618861053,2016,3038,8306,10347,2.53151473472506,2472,-0.437630968683343,0.503717544309338,-0.447656536911904,-0.308175753279852,0,1,102.173182734745,122.364010702759,134.601745768839,145.170926742514,152.100320042979,"(117.42339151706668, 23.9234428665)",117.4233915170667,23.9234428665,505,1,1060,2017,5510,0.8136932192231732,1.8136932192231732,8222,10341,False,555,0.8136932192231732,1.7178215155018868,True
506,0.00520310835953674,0.690570838656966,0.256438764284369,0.254969524415316,2017,5510,8236,10397,0.892740471869329,4919,-0.442451638484181,0.476571925310914,-0.474074951844985,-0.308973633985941,0,1,90.0270783518897,94.9769417658165,107.854616510149,116.389311370372,124.335278093499,"(117.42331999573334, 23.92339217483333)",117.4233199957333,23.92339217483333,506,1,1060,2018,10429,0.8927404718693285,1.8927404718693286,8306,10347,False,556,0.8927404718693285,5.551115123125783e-16,False
507,0.0122961992486186,0.691242413567294,0.28707041514823,0.271420348247345,2015,3967,8418,10362,1.95840685656668,7769,-0.438287908763651,0.477821302821394,-0.43469585908417,-0.301632973113063,0,1,111.334926932015,134.480703854754,152.158296619738,163.040179872701,172.247306999839,"(117.4235059512, 23.923427658999998)",117.4235059512,23.923427659,507,1,1062,2016,11736,1.958406856566675,2.958406856566675,8476,10441,True,557,1.958406856566675,4.884981308350689e-15,False
508,0.0165060968159328,0.679108104838576,0.291345772929074,0.278992923823943,2016,11736,8490,10351,1.207731474055,9629,-0.435816648223568,0.455247004410683,-0.429199592774992,-0.298253950286631,0,1,64.976678688785,77.8368090658634,96.6974382806715,110.169452755869,120.738697037344,"(117.423579516, 23.923438811166665)",117.423579516,23.92343881116667,508,1,1062,2017,21365,0.82046693933197,1.82046693933197,8418,10362,False,558,0.82046693933197,0.38726453472303,True
509,0.254050795635797,0.524083885993537,0.183462342047234,0.147855822011781,2015,960,6298,10423,5.525,5304,-0.296375051055677,0.166844668906145,-0.567891158924409,-0.35676974269217,0,2,39.0401275421221,89.5615009685887,110.814437462188,126.481112135974,140.197743878401,"(117.42133987653334, 23.923365815166665)",117.4213398765333,23.92336581516667,509,1,1064,2016,6264,5.525,6.525,6351,10505,True,559,5.525,0.0,False
510,0.0305953004174905,0.572978794386511,0.298312475929903,0.389758349207531,2015,406,9018,10560,6.3743842364532,2588,-0.427546116139353,0.257807267394771,-0.420243417186351,-0.248828375465394,0,2,28.1429193531172,99.470423854314,133.204216645817,157.209096034795,174.657135625818,"(117.4241189912, 23.923226919999998)",117.4241189912,23.92322692,510,1,1069,2016,2994,6.374384236453202,7.374384236453202,9058,10629,True,562,6.374384236453202,-1.7763568394002505e-15,False
511,0.113276185568034,0.364061734453742,0.0933774682182809,0.207000277101122,2015,1404,7208,10669,6.56980056980057,9224,-0.379011441453181,-0.130855668372575,-0.683701456535303,-0.330378396474195,0,2,78.2261981002552,120.625898824342,142.964548817352,166.781531565318,184.096425591929,"(117.42226965386668, 23.923116412166667)",117.4222696538667,23.92311641216667,511,1,1072,2016,10628,6.56980056980057,7.56980056980057,7208,10662,True,563,6.56980056980057,0.0,False
512,0.394228544796233,0.80080641838547,0.244057350875782,0.151637765744224,2015,4852,4658,10613,2.39220939818631,11607,-0.214089025194272,0.68165084063302,-0.489992109862152,-0.355082169676761,0,1,97.4554871277811,101.495860996688,112.704985894868,119.221676544211,125.418958346383,"(117.41966423386667, 23.92317318683333)",117.4196642338667,23.92317318683333,512,1,1075,2016,16459,2.392209398186315,3.392209398186315,4706,10715,True,564,2.392209398186315,-4.884981308350689e-15,False
513,0.0426116674722839,0.535778115585486,0.312767410607222,0.425498155565956,2015,474,9108,10659,4.23839662447257,2009,-0.420492364055639,0.188600257493342,-0.40166060504738,-0.232880614987361,0,2,18.9328350796925,125.784014604334,161.479394791494,179.404790769956,190.646084806071,"(117.42421094720001, 23.923126550499997)",117.4242109472,23.9231265505,513,1,1077,2016,2483,4.238396624472574,5.238396624472574,9145,10731,True,565,4.238396624472574,-3.552713678800501e-15,False
514,0.113276185568034,0.364061734453742,0.0933774682182809,0.207000277101122,2015,2741,7208,10669,2.87741700109449,7887,-0.379011441453181,-0.130855668372575,-0.683701456535303,-0.330378396474195,0,2,70.7839118700335,113.18361259412,135.522262587131,159.339245335096,176.654139361707,"(117.42226965386668, 23.923116412166667)",117.4222696538667,23.92311641216667,514,1,1080,2016,10628,2.877417001094491,3.877417001094491,7268,10758,True,566,2.877417001094491,-8.881784197001252e-16,False
515,0.43759459895748,0.394729782130528,0.39344406012377,0.515887830343277,2015,282,10820,10821,5.33333333333333,1504,-0.188632629471043,-0.0738017664645728,-0.297945226497798,-0.192547075723622,2,2,13.4828571558656,29.1098636253063,48.4600947160559,119.525641161754,193.708258424425,"(117.42596015466667, 23.9229623095)",117.4259601546667,23.9229623095,515,1,1084,2016,1786,5.333333333333333,6.333333333333333,10846,10867,True,567,5.333333333333333,-2.6645352591003757e-15,False
516,0.43759459895748,0.394729782130528,0.39344406012377,0.515887830343277,2015,796,10820,10821,1.24371859296482,990,-0.188632629471043,-0.0738017664645728,-0.297945226497798,-0.192547075723622,2,2,7.77254898807302,23.3995554575138,42.7497865482633,113.815332993962,187.997950256632,"(117.42596015466667, 23.9229623095)",117.4259601546667,23.9229623095,516,1,1088,2016,1786,1.243718592964824,2.2437185929648242,10804,10941,True,569,1.243718592964824,-3.9968028886505635e-15,False
517,0.0635837470828809,0.36467026743327,0.241354903036869,0.267407584670708,2015,644,7650,10904,7.21894409937888,4649,-0.408181500915513,-0.129723572150224,-0.493466292321426,-0.303423542198228,0,2,108.058599107665,116.37825349918,129.200328608325,140.781874912014,148.470573737729,"(117.42272126, 23.922878161333333)",117.42272126,23.92287816133333,517,1,1089,2016,5293,7.218944099378882,8.218944099378882,7686,10995,True,570,7.218944099378882,-1.7763568394002505e-15,False
518,0.0568710545707595,0.381293590383083,0.311086943162907,0.296115684276257,2015,245,7812,10942,6.23673469387755,1528,-0.412121932210496,-0.0987980483947103,-0.403820961459945,-0.290613458906301,0,2,42.7548277619714,86.0492098536992,100.984808350956,108.615267767973,114.948391542919,"(117.4228867808, 23.922839635666666)",117.4228867808,23.92283963566667,518,1,1090,2016,1773,6.236734693877551,7.236734693877551,7842,11017,True,571,6.236734693877551,-8.881784197001252e-16,False
519,0.086518437326214,0.369142155835291,0.183234209237732,0.25333487656184,2015,814,7484,10953,4.28992628992629,3492,-0.394718561713041,-0.121404207157663,-0.568184439332543,-0.309703043993699,0,2,148.086257702323,170.245941437145,177.746570675143,188.347167613973,194.976154530643,"(117.42255165226668, 23.9228284835)",117.4225516522667,23.9228284835,519,1,1091,2016,4306,4.2899262899262895,5.2899262899262895,7520,11037,True,572,4.2899262899262895,8.881784197001252e-16,False
520,0.36401364080009,0.763151368172126,0.0653564471493135,0.202457861473111,2015,2223,5570,11050,3.61313540260909,8032,-0.231825537490392,0.611598531993912,-0.719724405243871,-0.332405306069079,0,1,40.8198398279044,46.5935418873153,53.6916613068789,60.6133104720169,70.9890683700105,"(117.42059605466667, 23.922730141666666)",117.4205960546667,23.92273014166667,520,1,1096,2016,10255,3.6131354026090867,4.613135402609087,5620,11141,True,573,3.6131354026090867,3.1086244689504383e-15,False
521,0.357401625240561,0.749654554881003,0.0435077391165161,0.205604969334768,2016,10255,5660,11070,2.22045628149214,10106,-0.23570687020251,0.586489471590136,-0.747812421268583,-0.331001008522727,0,1,0.0311736055572709,0.37325628018569,3.38658591817618,9.5460973202507,15.5128617019668,"(117.42068801066667, 23.922709864999998)",117.4206880106667,23.922709865,521,1,1096,2017,20361,0.9854705021940516,1.9854705021940517,5570,11050,False,574,0.9854705021940516,1.2349857792980883,True
522,0.261788420468165,0.514537266130606,0.334375307010734,0.305062557776883,2015,3160,7002,11507,2.15917721518987,6823,-0.291832972153173,0.149084428053742,-0.373882168925156,-0.286621199010309,0,2,88.4025558629513,119.74281572314,132.941497778099,141.225356510553,152.081484831314,"(117.4220591768, 23.922266819833332)",117.4220591768,23.92226681983333,522,1,1105,2016,9983,2.1591772151898736,3.1591772151898736,7090,11582,True,575,2.1591772151898736,-3.552713678800501e-15,False
523,0.249474946973265,0.498163353704056,0.375591818056826,0.31327149120562,2016,9983,7094,11505,2.08689313645504,9068,-0.299061129293045,0.118622900039953,-0.320895510812123,-0.282958221578682,0,2,104.565160780548,119.296933519915,124.208444723236,131.746170331072,138.062405520763,"(117.42215317626668, 23.9222688475)",117.4221531762667,23.9222688475,523,1,1105,2017,19051,0.908344185114695,1.908344185114695,7002,11507,False,576,0.908344185114695,1.178548951340345,True
524,0.446339445331949,0.823193406276561,0.201202835878079,0.239882513692434,2015,3776,4866,11514,1.7020656779661,6427,-0.183499299400948,0.723298911113906,-0.545084534649003,-0.315705736306951,0,1,222.891623153533,223.942622747883,233.492567413031,276.814237594961,302.809145154046,"(117.41987675440001, 23.922259723)",117.4198767544,23.922259723,524,1,1108,2016,10203,1.7020656779661016,2.7020656779661016,4910,11597,True,577,1.7020656779661016,-1.5543122344752192e-15,False
525,0.325612684847055,0.570746610961675,0.246623714305961,0.279741243627495,2015,2435,6530,11533,2.30595482546201,5615,-0.25436736080814,0.253654581331951,-0.486692873264551,-0.297920036194643,0,2,109.639184511258,112.950126814992,117.331962642479,121.052363975854,132.445580570345,"(117.42157691866667, 23.922240460166666)",117.4215769186667,23.92224046016667,525,1,1109,2016,8050,2.3059548254620124,3.3059548254620124,6602,11606,True,578,2.3059548254620124,-2.220446049250313e-15,False
526,0.463740419803672,0.771698228967683,0.212815557511389,0.239494907894019,2015,1594,4464,11639,0.984316185696361,1569,-0.173284717957248,0.627498851524855,-0.530155582747714,-0.315878693159908,0,1,65.5980769781922,150.119348126419,182.965368224469,211.697377643226,231.369955310942,"(117.4194660176, 23.922132993833333)",117.4194660176,23.92213299383333,526,1,1112,2016,3163,0.9843161856963614,1.9843161856963614,4484,11719,True,579,0.9843161856963614,-3.3306690738754696e-16,False
527,0.469197836942916,0.787787952406412,0.215788496134368,0.246507640279517,2015,2223,4480,11705,2.37651821862348,5283,-0.170081148413965,0.657431683000626,-0.526333665792378,-0.312749482686329,0,1,31.8171916914313,127.83379340522,175.159295382591,208.081031585921,231.058900731531,"(117.41948236533334, 23.922066080833332)",117.4194823653333,23.92206608083333,527,1,1116,2016,7506,2.376518218623482,3.376518218623482,4512,11806,True,580,2.376518218623482,-1.7763568394002505e-15,False
528,0.479338902747491,0.761600224131794,0.232658363522391,0.289171206694147,2015,1813,5094,11913,2.6315499172642,4771,-0.164128220734249,0.608712830861094,-0.50464629165482,-0.293712212828297,0,1,191.130171100014,242.454796919803,260.962992066789,271.778729655122,286.791581989244,"(117.4201097096, 23.921855203499998)",117.4201097096,23.9218552035,528,1,1124,2016,6584,2.631549917264203,3.631549917264203,5138,12003,True,581,2.631549917264203,-3.1086244689504383e-15,False
529,0.48089579299359,0.738128927315105,0.23967899757937,0.294923771677635,2016,6584,5203,11939,1.38377276901442,5804,-0.163214307421892,0.565047545077457,-0.495620783986355,-0.2911453122813,0,1,132.683648575874,142.783633113365,165.299627812449,179.424524093492,191.926826585678,"(117.42022107853334, 23.92182884383333)",117.4202210785333,23.92182884383333,529,1,1124,2017,12388,0.8815309842041312,1.8815309842041312,5094,11913,False,582,0.8815309842041312,0.5022417848102887,True
530,0.495588535897919,0.522594577059904,0.18953331734346,0.209197558555049,2015,1229,3052,11936,3.51342554922701,4318,-0.154589490503076,0.164074003922649,-0.56008650287106,-0.329397928981488,0,2,148.658863120102,212.774925259297,234.799837067936,249.076655267479,258.173492339236,"(117.41802333013334, 23.921831885333333)",117.4180233301333,23.92183188533333,530,1,1125,2016,5547,3.513425549227014,4.513425549227014,3097,12039,True,583,3.513425549227014,-3.9968028886505635e-15,False
531,0.488135681379848,0.79708927261031,0.228256915625654,0.275772013396477,2015,2271,4588,11959,2.38749449581682,5422,-0.158964405803744,0.67473557583792,-0.51030465547523,-0.299691179898434,0,1,62.2587672964264,160.464119409127,215.630132073835,251.30950992278,275.72045906711,"(117.41959271253334, 23.921808567166664)",117.4195927125333,23.92180856716666,531,1,1126,2016,7693,2.3874944958168207,3.3874944958168207,4634,12053,True,584,2.3874944958168207,-8.881784197001252e-16,False
532,0.490166459803753,0.812612213917122,0.232215050710938,0.283679096959928,2016,7693,4695,11995,1.50170228776748,6805,-0.157772314427552,0.703613983096721,-0.505216200746623,-0.296162893441448,0,1,96.3899097363901,107.751127545811,141.374235857221,168.905198676522,193.868334295942,"(117.41970203800001, 23.921772069166664)",117.419702038,23.92177206916666,532,1,1126,2017,14498,0.8845703886650201,1.8845703886650202,4588,11959,False,585,0.8845703886650201,0.6171318991024598,True
533,0.493786015204762,0.797957472671263,0.23350720937791,0.28327045409575,2017,14498,4594,12034,0.408677058904676,5925,-0.155647591844131,0.67635074879044,-0.503555041959116,-0.296345237420977,0,1,54.772107743005,63.5270616059977,117.179261696292,145.55086385478,164.424623812497,"(117.41959884293334, 23.921732529666667)",117.4195988429333,23.92173252966667,533,1,1126,2018,20423,0.4086770589046765,1.4086770589046764,4695,11995,False,586,0.4086770589046765,-4.996003610813204e-16,False
534,0.431995621444742,0.500790352209315,0.416326081595769,0.374339882886719,2015,4880,6616,12019,1.79303278688525,8750,-0.191919296657312,0.12351008805437,-0.268528815018523,-0.255708379384748,2,2,91.602644032425,165.758743984943,210.756521054208,241.459442496892,262.614063227246,"(117.42166478773333, 23.921747737166665)",117.4216647877333,23.92174773716667,534,1,1127,2016,13630,1.7930327868852458,2.793032786885246,6698,12090,True,587,1.7930327868852458,4.218847493575595e-15,False
535,0.493636846314601,0.719713145144892,0.227768922085507,0.264496930003544,2015,1466,4252,11999,2.87380627557981,4213,-0.155735155777973,0.530787384777335,-0.510932004715058,-0.304722329970067,0,1,90.5994210563389,96.2082727982107,131.692294146122,153.055442136636,172.947401247299,"(117.41924941013333, 23.921768013833333)",117.4192494101333,23.92176801383333,535,1,1128,2016,5679,2.873806275579809,3.873806275579809,4296,12098,True,588,2.873806275579809,1.3322676295501878e-15,False
536,0.497730026874432,0.651808386170205,0.228423232702713,0.253325426204367,2015,3910,3936,12031,2.24322250639386,8771,-0.153332409526025,0.404459439208079,-0.510090843440275,-0.309707260917425,0,1,14.8559967817715,36.4816856722023,48.0623463739606,56.5415816453947,68.0563257662843,"(117.4189265424, 23.921735571166664)",117.4189265424,23.92173557116666,536,1,1129,2016,12681,2.243222506393862,3.243222506393862,3974,12117,True,589,2.243222506393862,-1.7763568394002505e-15,False
537,0.4194430780676,0.473833114559743,0.529133265336349,0.429247455326243,2015,5590,7008,12059,2.3525939177102,13151,-0.199287790695376,0.073359664108942,-0.123507426117554,-0.231207608314137,2,2,159.824330155992,202.812441774101,242.234758193859,277.783713559085,301.718386304276,"(117.4220653072, 23.921707183833334)",117.4220653072,23.92170718383333,537,1,1130,2016,18741,2.352593917710197,3.352593917710197,7092,12133,True,590,2.352593917710197,3.1086244689504383e-15,False
538,0.409063830103278,0.467840665843181,0.554719662818527,0.443594545444673,2016,18741,7112,12058,1.18035700287947,9879,-0.205380534169497,0.0622114950156014,-0.0906143533823035,-0.224805672207632,2,2,165.625308734962,166.634783696272,175.380526460149,208.383916243573,232.804296848474,"(117.42217156746668, 23.921708197666664)",117.4221715674667,23.92170819766666,538,1,1130,2017,28620,0.5271330238514487,1.5271330238514487,7008,12059,False,591,0.5271330238514487,0.6532239790280214,True
539,0.504804520050558,0.549839227173606,0.201241373004327,0.221959542522539,2015,3608,3136,12067,1.85421286031042,6690,-0.149179596886832,0.214759121263249,-0.545034992524224,-0.323703296461745,0,2,149.251046506711,182.403483968726,195.122652483269,206.255451441582,215.787075671975,"(117.41810915573333, 23.921699073166664)",117.4181091557333,23.92169907316666,539,1,1132,2016,10298,1.8542128603104213,2.854212860310421,3190,12157,True,592,1.8542128603104213,-1.3322676295501878e-15,False
540,0.506585030186091,0.528508322574889,0.175270478559743,0.214927552140076,2015,2734,2930,12082,2.41477688368691,6602,-0.148134416008009,0.175075755976669,-0.578422362534412,-0.3268411002086,0,2,231.409885591344,276.846024286029,292.456521971197,305.24150902815,315.810175008469,"(117.41789867866667, 23.921683865666665)",117.4178986786667,23.92168386566667,540,1,1134,2016,9336,2.4147768836869057,3.4147768836869057,2975,12189,True,593,2.4147768836869057,4.440892098500626e-15,False
541,0.510326039622692,0.54477779640836,0.188206366417837,0.222662596800496,2016,9336,3025,12139,1.25438890432569,7917,-0.145938398443941,0.205342989612551,-0.561792389498634,-0.323389580681769,0,2,193.77696152564,222.185474532268,232.688436237333,246.082656562616,256.800864555986,"(117.41799574333334, 23.921626077166664)",117.4179957433333,23.92162607716666,541,1,1134,2017,17253,0.8480077120822622,1.8480077120822622,2930,12082,False,594,0.8480077120822622,0.4063811922434277,True
542,0.502677567147882,0.634389310939813,0.265865770957023,0.322267882478407,2015,1014,5417,12139,4.33727810650888,4398,-0.150428143839568,0.37205352214427,-0.461955886768501,-0.278943865939868,0,1,124.425693488574,126.215249935465,146.926617375751,157.474161897091,185.987441727828,"(117.42043972946666, 23.921626077166664)",117.4204397294667,23.92162607716666,542,1,1135,2016,5412,4.337278106508876,5.337278106508876,5460,12209,True,595,4.337278106508876,4.440892098500626e-15,False
543,0.477991384966291,0.498068612123255,0.687191808114692,0.65575701427863,2015,1270,8224,12209,3.5763779527559,4542,-0.164919229889815,0.11844664568837,0.0796876953393504,-0.130134867294488,1,2,341.258116762376,341.66230413556,343.635945380462,367.253720809533,390.61972743616,"(117.42330773493335, 23.92155510883333)",117.4233077349333,23.92155510883333,543,1,1139,2016,5812,3.5763779527559056,4.576377952755905,8268,12289,True,596,3.5763779527559056,-5.773159728050814e-15,False
544,0.519399613052783,0.598801021102328,0.272430653116157,0.333316662736206,2015,2796,5438,12239,2.09871244635193,5868,-0.140612101635813,0.305846151565594,-0.453516279492441,-0.274013696499141,0,2,67.3092467449528,80.7350806081493,115.410545880226,138.223623347141,169.093384954372,"(117.42046118586667, 23.921524693833334)",117.4204611858667,23.92152469383333,544,1,1141,2016,8664,2.0987124463519313,3.0987124463519313,5480,12321,True,597,2.0987124463519313,-1.3322676295501878e-15,False
545,0.518811068476007,0.682218812521949,0.268205278036034,0.326507256282793,2015,2494,5186,12246,1.9607056936648,4890,-0.140957584385787,0.461034070248786,-0.458948289604104,-0.27705217919341,0,1,15.2527209951573,86.0040236074566,152.041684062654,189.914306008053,213.003216662281,"(117.42020370906667, 23.921517596999998)",117.4202037090667,23.921517597,545,1,1142,2016,7384,1.9607056936647955,2.9607056936647953,5230,12327,True,598,1.9607056936647955,4.440892098500626e-15,False
546,0.530817103243143,0.606874901796858,0.278272201946352,0.339199271801909,2015,1482,5316,12333,4.26788124156545,6325,-0.133909897479281,0.32086655332111,-0.446006566931618,-0.271388767885234,0,1,28.7883464033509,56.7800648765273,127.078926908996,167.604523470714,194.095980023363,"(117.42033653440001, 23.9214293935)",117.4203365344,23.9214293935,546,1,1146,2016,7807,4.267881241565452,5.267881241565452,5368,12423,True,599,4.267881241565452,-1.7763568394002505e-15,False
547,0.527557152202664,0.738656842814167,0.252236307314173,0.297982936895815,2015,2521,4218,12395,1.82586275287584,4603,-0.135823527975065,0.566029662994341,-0.479477499150979,-0.289780256363733,0,1,180.545882300623,195.804006143813,202.534413345994,206.032002136665,209.775603878426,"(117.41921467120001, 23.921366535833332)",117.4192146712,23.92136653583333,547,1,1151,2016,7124,1.8258627528758429,2.825862752875843,4266,12490,True,600,1.8258627528758429,-2.886579864025407e-15,False
548,0.558563521908472,0.486350218528596,0.298356288457504,0.368739683305323,2015,1654,5454,12542,1.64993954050786,2729,-0.117622415781715,0.0966461031264415,-0.42018709317051,-0.2582072916804,2,2,31.5628316504234,79.7805296742791,147.238978267949,186.415944131165,211.968679255616,"(117.4204775336, 23.92121750233333)",117.4204775336,23.92121750233333,548,1,1155,2016,4383,1.6499395405078596,2.6499395405078596,5500,12615,True,601,1.6499395405078596,4.440892098500626e-16,False
549,0.560224633193572,0.454010672692377,0.525430274422814,0.475441066056503,2015,900,6618,12554,3.89,3501,-0.116647323465116,0.0364825969478049,-0.128267875475137,-0.210595167604367,2,2,260.961229458923,316.902956788757,358.583941792736,386.848122363288,413.268402001514,"(117.4216668312, 23.921205336333333)",117.4216668312,23.92120533633333,549,1,1156,2016,4401,3.89,4.89,6694,12623,True,602,3.89,0.0,False
550,0.564977434960076,0.45096201438159,0.561974665671096,0.490776495426412,2016,4401,6730,12563,2.63243299599937,4523,-0.113857371626005,0.0308109658727584,-0.0812875485169361,-0.203752216303333,2,2,295.242550327482,304.334196164477,321.653848000952,333.802840716972,361.83875767571,"(117.42178126533334, 23.921196211833333)",117.4217812653333,23.92119621183333,550,1,1156,2017,8924,1.0277209725062486,2.0277209725062484,6618,12554,False,603,1.0277209725062486,1.6047120234931216,True
551,0.575114254206672,0.448456936455265,0.547095136879701,0.486391366330282,2017,8924,6634,12615,0.705737337516809,6298,-0.107906936726932,0.0261505951903226,-0.100416205575536,-0.205708941748037,2,2,244.894605887477,247.836760107401,255.263160817096,282.276275220443,299.835779698006,"(117.42168317893334, 23.9211434925)",117.4216831789333,23.9211434925,551,1,1156,2018,15222,0.7057373375168086,1.7057373375168086,6730,12563,False,604,0.7057373375168086,4.440892098500626e-16,False
552,0.842418683805698,0.197598971062014,0.513866950036238,0.89072140244685,2015,3009,9696,12703,1.43104021269525,4306,0.0490039805804908,-0.440537923792952,-0.143133323820254,-0.0252894256098004,1,0,732.491018832032,768.708779057424,782.981880514468,821.674244570559,853.851841841524,"(117.42481172640001, 23.921054275166664)",117.4248117264,23.92105427516666,552,1,1161,2016,7315,1.4310402126952475,2.4310402126952475,9722,12753,True,605,1.4310402126952475,2.4424906541753444e-15,False
553,0.845246701519956,0.163849724084162,0.503819529576354,0.886688122877884,2016,7315,9780,12663,2.62063015508734,6420,0.050664061015265,-0.503323995043287,-0.156049973466568,-0.0270891493089649,1,0,747.519886642739,780.355593540341,794.253535430432,803.663837533849,823.689950791564,"(117.424897552, 23.9210948285)",117.424897552,23.9210948285,553,1,1161,2017,13735,0.8776486671223513,1.8776486671223513,9696,12703,False,606,0.8776486671223513,1.7429814879649888,True
554,0.569888131708792,0.656724597332889,0.294198300176908,0.364887199896938,2015,1163,5058,12700,2.43250214961307,2829,-0.110974733531995,0.413605408732808,-0.425532472919309,-0.259926340799647,0,1,94.2015395052909,126.689219177158,152.508260901066,174.272070015697,203.014338521643,"(117.42007292720001, 23.921057316666666)",117.4200729272,23.92105731666667,554,1,1162,2016,3992,2.4325021496130694,3.4325021496130694,5096,12777,True,607,2.4325021496130694,4.440892098500626e-16,False
555,0.686756714255777,0.540105910852524,0.722623636775367,0.72231661302594,2015,2392,8282,12739,1.0376254180602,2482,-0.0423714690093173,0.19665155600591,0.12523774661524,-0.100434747274508,1,2,526.119789292945,555.934271440442,572.835429274629,601.04166060074,628.770568600181,"(117.42336699546667, 23.921017777166664)",117.4233669954667,23.92101777716666,555,1,1164,2016,4874,1.0376254180602007,2.0376254180602005,8303,12804,True,608,1.0376254180602007,-6.661338147750939e-16,False
556,0.581415990689482,0.466132641254793,0.316881881490751,0.39430669268994,2015,3790,5478,12741,1.6042216358839,6080,-0.1042077415672,0.0590339380889465,-0.396371169903832,-0.246798820752595,2,2,110.975885308364,154.438457059901,197.872039727961,222.104250274632,245.971253458778,"(117.4205020552, 23.9210157495)",117.4205020552,23.9210157495,556,1,1165,2016,9870,1.604221635883905,2.604221635883905,5523,12829,True,609,1.604221635883905,-4.884981308350689e-15,False
557,0.584717288582702,0.466653434333282,0.324016733972935,0.404285176647813,2016,9870,5588,12763,2.12178217995409,7660,-0.102269839971229,0.060002805671507,-0.387198826598558,-0.242346237252333,2,2,103.603978536081,107.501967316104,137.002671717342,158.407512204371,173.716188104626,"(117.42061444586668, 23.920993445166665)",117.4206144458667,23.92099344516667,557,1,1165,2017,17530,0.7760891590678825,1.7760891590678825,5478,12741,False,610,0.7760891590678825,1.3456930208862075,True
558,0.676158075366374,0.499608289120539,0.735947409091506,0.684071889507885,2015,3627,7948,12827,1.90488006617039,6909,-0.0485929975969319,0.12131101388353,0.142366371784451,-0.117500247968547,1,2,471.922075731579,550.105791572107,579.339235188753,601.440158250467,617.985597928163,"(117.42302573653333, 23.92092855983333)",117.4230257365333,23.92092855983333,558,1,1168,2016,10536,1.9048800661703889,2.9048800661703886,7988,12905,True,611,1.9048800661703889,1.1102230246251565e-15,False
559,0.648451417988544,0.457891855411782,0.746877658274891,0.644406046603871,2015,5098,7614,12851,1.15241271086701,5875,-0.0648571389401906,0.0437030310782633,0.156417958439194,-0.135199878331635,1,2,441.764802527871,505.622806096852,534.79941819145,551.245980834877,572.80305821207,"(117.4226844776, 23.920904227833333)",117.4226844776,23.92090422783333,559,1,1169,2016,10973,1.1524127108670066,2.1524127108670066,7654,12925,True,612,1.1524127108670066,3.3306690738754696e-15,False
560,0.581922742235432,0.742785384879314,0.300869228911649,0.375881265391,2015,1480,4946,12879,2.81418918918919,4165,-0.103910272310738,0.573710276918332,-0.416956535480818,-0.255020586095194,0,1,47.6171419313686,87.2758283518571,128.337881075767,159.111415415859,179.581296126873,"(117.41995849306667, 23.9208758405)",117.4199584930667,23.9208758405,560,1,1171,2016,5645,2.814189189189189,3.814189189189189,4991,12969,True,613,2.814189189189189,8.881784197001252e-16,False
561,0.85921837432456,0.368844337724745,0.561944828399412,0.877956358329661,2015,4310,9340,12941,1.52064965197216,6554,0.0588656011071305,-0.121958258900526,-0.0813259063806572,-0.0309854236247549,1,2,584.241904096843,614.487150222153,672.812648654908,736.679478015232,783.258971103904,"(117.42444798933334, 23.920812982833333)",117.4244479893333,23.92081298283333,561,1,1172,2016,10864,1.5206496519721577,2.5206496519721577,9371,12999,True,614,1.5206496519721577,2.220446049250313e-15,False
562,0.619838279680939,0.480492120663715,0.380140408004437,0.453174655485011,2015,3593,5861,12971,1.88366267742833,6768,-0.0816533954991455,0.0857478762659348,-0.315047985770983,-0.220530850493594,2,2,106.221749430699,171.615299678405,205.028200254785,233.510211233722,269.31461478783,"(117.42089337906667, 23.92078256783333)",117.4208933790667,23.92078256783333,562,1,1175,2016,10361,1.883662677428333,2.8836626774283327,5928,13055,True,615,1.883662677428333,-2.886579864025407e-15,False
563,0.626811426108838,0.478567534414861,0.409807373019937,0.465329998846861,2016,10361,5974,12983,2.2387711084563,10372,-0.0775600746209177,0.0821674346214963,-0.276909062979343,-0.215106912195805,2,2,59.9080110021791,70.2548166001848,118.568748405077,161.078962305108,186.704302252473,"(117.42100883493333, 23.920770401833334)",117.4210088349333,23.92077040183333,563,1,1175,2017,20733,1.0010616735836309,2.001061673583631,5861,12971,False,616,1.0010616735836309,1.237709434872669,True
564,0.624905013549557,0.489510878493632,0.389055992903827,0.458624001233649,2017,20733,5860,13015,0.768388559301596,15931,-0.0786791617377747,0.102526098668061,-0.303586388538421,-0.218099251959184,2,2,11.1399470944572,26.8824175861672,75.5869420976137,116.441036951877,142.851795062963,"(117.42089235733334, 23.920737959166665)",117.4208923573333,23.92073795916667,564,1,1175,2018,36664,0.7683885593015964,1.7683885593015964,5974,12983,False,617,0.7683885593015964,-4.440892098500626e-16,False
565,0.595345099713996,0.679753271229022,0.318833076237241,0.402382465024263,2015,2161,5170,12995,2.83618695048589,6129,-0.0960311869265228,0.456447252315042,-0.393862774934919,-0.243195262256186,0,1,168.73804101845,204.817749991204,221.143716476272,237.725737963551,249.366130026225,"(117.42018736133333, 23.920758235833333)",117.4201873613333,23.92075823583333,565,1,1177,2016,8290,2.836186950485886,3.836186950485886,5214,13093,True,618,2.836186950485886,3.9968028886505635e-15,False
566,0.883585106702224,0.20281796477538,0.532034353952683,0.908904267098787,2015,3540,9662,13055,0.972881355932203,3444,0.0731691662777452,-0.430828666832124,-0.119777877284626,-0.0171758961920559,1,0,555.849781525035,593.30823820942,705.63522726425,799.982735173943,856.831809954643,"(117.42477698746667, 23.920697405833334)",117.4247769874667,23.92069740583333,566,1,1179,2016,6984,0.9728813559322034,1.9728813559322034,9689,13116,True,619,0.9728813559322034,-3.3306690738754696e-16,False
567,0.911897373524557,0.121126124918508,0.49509907164091,0.93602926779466,2015,1389,9952,13165,0.158387329013679,220,0.0897888076537177,-0.582805677791522,-0.167260721574231,-0.005072220818832,1,0,574.21731957814,616.639987494156,769.799358187811,866.129922648354,935.026275351766,"(117.42507329013334, 23.920585884166666)",117.4250732901333,23.92058588416667,567,1,1181,2016,1609,0.1583873290136789,1.1583873290136788,9970,13207,True,620,0.1583873290136789,8.326672684688674e-17,False
568,0.911270051989636,0.105381966695074,0.482963346866886,0.937694996719632,2016,1609,10046,13123,2.15092097351054,1748,0.0894205623626136,-0.612095630264885,-0.182862029963386,-0.0043289418639777,1,0,615.369137536458,658.463987924305,693.132070490048,713.816560215988,739.460851596568,"(117.42516933306668, 23.920628465166665)",117.4251693330667,23.92062846516666,568,1,1181,2017,3357,1.0863890615289,2.0863890615289,9952,13165,False,621,1.0863890615289,1.0645319119816399,True
569,0.893762810109172,0.175942274495032,0.523580511154139,0.916145175295644,2015,2661,9746,13165,2.01127395715896,5352,0.079143600671005,-0.480827382535356,-0.130645873307066,-0.0139448694649152,1,0,521.561794581917,561.196349939238,708.613670357955,820.35429589954,887.441646789943,"(117.42486281306667, 23.920585884166666)",117.4248628130667,23.92058588416667,569,1,1182,2016,8013,2.011273957158963,3.011273957158963,9778,13234,True,622,2.011273957158963,-2.6645352591003757e-15,False
570,0.720362438309173,0.48515250532628,0.801017846466333,0.663076878273781,2015,932,7540,13173,3.22317596566524,3004,-0.0226445045294972,0.0944179139609929,0.226018891877429,-0.126868609034559,1,2,425.891914462381,438.399570799599,445.361859030112,489.697577861694,548.077254252899,"(117.42260886933335, 23.9205777735)",117.4226088693333,23.9205777735,570,1,1183,2016,3936,3.223175965665236,4.223175965665236,7582,13254,True,623,3.223175965665236,3.9968028886505635e-15,False
571,0.755841324689542,0.529869206938956,0.781127684936327,0.706068499229341,2015,3797,7844,13251,1.95127732420332,7409,-0.0018179712193667,0.17760750380209,0.200448722009705,-0.107684955192517,1,2,412.200558339585,449.359157966124,466.03370715291,514.542450895532,571.409167818294,"(117.42291947626667, 23.920498694499997)",117.4229194762667,23.9204986945,571,1,1185,2016,11206,1.9512773242033183,2.9512773242033186,7877,13341,True,624,1.9512773242033183,1.5543122344752192e-15,False
572,0.916911955210467,0.173127385652542,0.516684850839468,0.926962948947423,2015,1531,9828,13326,1.60156760287394,2452,0.0927324274561636,-0.486064116010991,-0.139510718639281,-0.0091177794305149,1,0,472.621763617404,514.732055428943,709.375003891568,835.497923149869,918.025699941344,"(117.42494659520001, 23.920422657)",117.4249465952,23.920422657,572,1,1188,2016,3983,1.6015676028739385,2.6015676028739385,9858,13391,True,625,1.6015676028739385,1.5543122344752192e-15,False
573,0.912657331332983,0.133808070976098,0.501525776777533,0.934159440827516,2016,3983,9922,13283,2.20560666678414,4249,0.0902349120337086,-0.559212571572373,-0.158998750358698,-0.005906572082751,1,0,503.077507563304,546.007657610601,588.277638317286,613.431504140042,637.095097900018,"(117.42504263813333, 23.920466251833332)",117.4250426381333,23.92046625183333,573,1,1188,2017,8232,1.0667838312829525,2.0667838312829527,9828,13326,False,626,1.0667838312829525,1.1388228355011873,True
574,0.631902972172651,0.713684694161147,0.353336608722332,0.441105970100053,2015,2541,5248,13305,2.13734750098387,5431,-0.074571275802341,0.51957223816257,-0.349506112202476,-0.225916120404512,0,1,253.873586752216,270.557127796655,279.657877724667,284.851880336866,295.576147480705,"(117.42026705653333, 23.9204439475)",117.4202670565333,23.9204439475,574,1,1189,2016,7972,2.1373475009838647,3.1373475009838647,5298,13403,True,627,2.1373475009838647,5.329070518200751e-15,False
575,0.843045958776461,0.834195473190537,0.686369345871748,0.81711373308317,2015,2919,8670,13357,0.853031860226105,2490,0.0493721985378735,0.743766821334693,0.078630363591182,-0.0581345246734521,1,1,481.737680069145,489.447906014289,548.593062191505,611.517941873196,652.745286175984,"(117.423763428, 23.920391228166665)",117.423763428,23.92039122816666,575,1,1191,2016,5409,0.8530318602261048,1.8530318602261049,8707,13432,True,628,0.8530318602261048,2.220446049250313e-16,False
576,0.849704123864594,0.814132107895006,0.657883190204233,0.828470191808865,2016,5409,8774,13331,1.68465362423965,6353,0.0532806215787131,0.706441547565078,0.0420094523835014,-0.0530670634281463,1,1,417.270535851614,424.19738904503,434.529460936777,445.414065640751,453.378206892421,"(117.42386968826668, 23.92041758783333)",117.4238696882667,23.92041758783333,576,1,1191,2017,11762,1.17452394157885,2.17452394157885,8670,13357,False,629,1.17452394157885,0.5101296826607999,True
577,0.658761443208782,0.625676509386772,0.450649030312198,0.480813890049924,2015,2323,5650,13383,3.19672836848902,7426,-0.0588050300499754,0.355844491481799,-0.224404305133762,-0.208197714487851,2,1,97.2358014615767,98.0911568217927,212.192891273061,273.701766246316,314.070445761085,"(117.42067779333334, 23.9203648685)",117.4206777933333,23.9203648685,577,1,1192,2016,9749,3.1967283684890226,4.196728368489023,5607,13467,True,630,3.1967283684890226,-2.6645352591003757e-15,False
578,0.658761443208782,0.625676509386772,0.450649030312198,0.480813890049924,2015,3427,5650,13383,1.84476218266706,6322,-0.0588050300499754,0.355844491481799,-0.224404305133762,-0.208197714487851,2,1,92.0642645096457,92.9196198698617,207.02135432113,268.530229294385,308.898908809154,"(117.42067779333334, 23.9203648685)",117.4206777933333,23.9203648685,578,1,1193,2016,9749,1.8447621826670557,2.844762182667056,5710,13475,True,631,1.8447621826670557,4.218847493575595e-15,False
579,0.732632365559591,0.52224422676686,0.836095293320681,0.654094701303743,2015,1399,7308,13403,3.68048606147248,5149,-0.0154419095592365,0.163422222907326,0.271113360981593,-0.13087662198944,1,2,299.842457186214,302.58533888602,306.650874882892,395.80291964361,456.319530682128,"(117.42237182720001, 23.92034459183333)",117.4223718272,23.92034459183333,579,1,1194,2016,6548,3.68048606147248,4.680486061472481,7347,13503,True,632,3.68048606147248,0.0,False
580,0.813878505174851,0.716302686147748,0.74868212308079,0.777358745743837,2015,2415,8332,13463,1.80331262939959,4355,0.0322505522298957,0.524442670723965,0.158737721983475,-0.0758739329270012,1,1,498.142710998577,526.090972714668,537.575864468737,559.936280630162,576.780000531985,"(117.42341808213334, 23.920283761833332)",117.4234180821333,23.92028376183333,580,1,1196,2016,6770,1.803312629399586,2.803312629399586,8386,13543,True,633,1.803312629399586,3.9968028886505635e-15,False
581,0.620722755456148,0.812458596359728,0.319065051516587,0.405212444594542,2015,4443,4606,13455,2.11793832995724,9410,-0.0811341975740218,0.703328197671339,-0.393564554767675,-0.241932473199862,0,1,31.7625523246617,114.053793165231,141.840990204597,168.355610055196,196.350904820443,"(117.41961110373335, 23.920291872499998)",117.4196111037333,23.9202918725,581,1,1197,2016,13853,2.1179383299572363,3.1179383299572363,4678,13565,True,634,2.1179383299572363,3.552713678800501e-15,False
582,0.924508783052784,0.249894691775679,0.525801296296203,0.926967230236135,2015,3584,9722,13541,0.890904017857143,3193,0.0971918568309506,-0.343248557634042,-0.127790901353389,-0.0091158690405639,1,0,342.587616132136,385.0770629599,631.454559365486,760.567455131582,863.553599347817,"(117.42483829146667, 23.920204682833333)",117.4248382914667,23.92020468283333,582,1,1198,2016,6777,0.8909040178571429,1.8909040178571428,9759,13613,True,635,0.8909040178571429,1.1102230246251565e-16,False
583,0.710920006677082,0.56948485833266,0.776363815810315,0.593827574668054,2015,4409,6704,13507,2.32070764345657,10232,-0.028187325541579,0.251307255167382,0.194324440786751,-0.157768924948397,1,2,294.737427593781,300.107705315213,320.128929381267,335.037878169712,354.41559236592,"(117.42175470026667, 23.920239153166666)",117.4217547002667,23.92023915316667,583,1,1199,2016,14641,2.3207076434565663,3.3207076434565663,6766,13619,True,636,2.3207076434565663,3.552713678800501e-15,False
584,0.821610586665229,0.722640433024221,0.757147787041526,0.779812678631454,2015,12098,8298,13618,0.727806248966771,8805,0.0367893771239346,0.536233221998012,0.169620914922482,-0.0747789428330874,1,1,412.849897250436,447.838321296108,464.585392890446,486.207656454106,502.756808654426,"(117.4233833432, 23.920126617666664)",117.4233833432,23.92012661766666,584,1,1201,2016,20903,0.7278062489667714,1.7278062489667714,8342,13699,True,637,0.7278062489667714,-3.3306690738754696e-16,False
585,0.745876608097602,0.577371494158572,0.847168270303011,0.654342583757969,2015,1182,7170,13619,2.69373942470389,3184,-0.007667379788822,0.265979312271828,0.285348434032781,-0.130766012268528,1,2,183.669457764593,184.805396302901,204.325738940721,307.159626339856,371.902744120319,"(117.42223082800001, 23.920125603833334)",117.422230828,23.92012560383333,585,1,1203,2016,4366,2.6937394247038915,3.6937394247038915,7192,13717,True,638,2.6937394247038915,-1.3322676295501878e-15,False
586,0.66654992086703,0.73289984999251,0.441442330629934,0.477695932539352,2015,1007,5282,13667,2.38430983118173,2401,-0.0542330999266425,0.555319528877114,-0.236240150430517,-0.209589004610148,0,1,282.889524228602,308.027728759745,316.881094890388,355.496706463509,381.339557687251,"(117.42030179546667, 23.920076939833333)",117.4203017954667,23.92007693983333,586,1,1205,2016,3408,2.384309831181728,3.384309831181728,5322,13763,True,639,2.384309831181728,2.220446049250313e-15,False
587,0.661113116448173,0.755834735869444,0.416475260819918,0.468963244459768,2015,1209,5122,13707,0.440860215053763,533,-0.0574245695549745,0.597986892084728,-0.268337034871516,-0.213485691022657,0,1,278.779927478625,321.304809147715,351.646108763151,377.238408358786,393.268289728805,"(117.42013831813334, 23.920036386499998)",117.4201383181333,23.9200363865,587,1,1208,2016,1742,0.44086021505376344,1.4408602150537635,5152,13778,True,640,0.44086021505376344,-4.440892098500626e-16,False
588,0.665913707005732,0.749357116530956,0.427044393667133,0.47300428381015,2016,1742,5159,13721,2.66267146579657,2746,-0.0546065651203535,0.58593612634214,-0.254749688089534,-0.211682504765969,0,1,293.855922509316,319.108746327118,337.960378048263,352.518717895875,375.223733821524,"(117.42017612226667, 23.920022192833333)",117.4201761222667,23.92002219283333,588,1,1208,2017,4488,1.576349024110218,2.5763490241102183,5122,13707,False,641,1.576349024110218,1.0863224416863522,True
589,0.844945138835253,0.795064637663972,0.745910449865894,0.805683024233401,2015,608,8464,13763,3.95065789473684,2402,0.0504870400898976,0.670969006643646,0.155174545544923,-0.0632351176929569,1,1,415.317660359685,423.648438887939,450.770343329967,501.697572420051,535.977602098391,"(117.42355295093334, 23.919979611833334)",117.4235529509333,23.91997961183333,589,1,1209,2016,3010,3.950657894736842,4.9506578947368425,8504,13849,True,642,3.950657894736842,-2.220446049250313e-15,False
590,0.748951288484409,0.617427364409559,0.854154990616595,0.656186425354743,2015,1851,7102,13751,2.39654240950837,4436,-0.0058625053965618,0.340498033392424,0.29433034325293,-0.129943256155922,1,2,113.748193013447,114.403146425334,146.843778272234,260.108370182084,328.431490793539,"(117.42216135013334, 23.91999177783333)",117.4221613501333,23.91999177783333,590,1,1210,2016,6287,2.396542409508374,3.396542409508374,7126,13863,True,643,2.396542409508374,-3.9968028886505635e-15,False
591,0.688369904843783,0.714467247202268,0.537049837208434,0.509370040518916,2015,2741,5488,13835,1.88288945640277,5161,-0.0414245067186603,0.521028076007758,-0.113330128802303,-0.195455433701912,1,1,218.372302269922,261.28569477722,325.779660069774,390.647368179923,433.548253933558,"(117.42051227253334, 23.919906615833334)",117.4205122725333,23.91990661583333,591,1,1213,2016,7902,1.8828894564027727,2.8828894564027725,5537,13927,True,644,1.8828894564027727,-2.6645352591003757e-15,False
592,0.707126563986874,0.681853566994552,0.6330174742815,0.536477983686051,2015,2264,5790,13849,1.02385159010601,2318,-0.0304141220565733,0.460354578593103,0.0100428653315238,-0.183359369712475,1,1,143.753901040615,196.236531020141,328.161166277542,406.325825647019,456.594323117303,"(117.420820836, 23.919892422166665)",117.420820836,23.91989242216667,592,1,1214,2016,4582,1.023851590106007,2.0238515901060072,5846,13940,True,645,1.023851590106007,2.886579864025407e-15,False
593,0.871809265108888,0.810793322779579,0.688772133237662,0.846395762133362,2015,4647,8814,13867,2.49817086292231,11609,0.0662566055347413,0.700230173418438,0.0817193119141882,-0.0450683434826527,1,1,234.325573574335,235.458221877419,371.441405838725,478.178234685849,546.006590304556,"(117.42391055760001, 23.919874173166665)",117.4239105576,23.91987417316667,593,1,1216,2016,16256,2.4981708629223154,3.4981708629223154,8872,13963,True,646,2.4981708629223154,-5.329070518200751e-15,False
594,0.717480132137442,0.662639143887611,0.706080252272547,0.560672005475021,2015,2537,6044,13877,1.76744186046512,4484,-0.0243364529421949,0.424608651016758,0.103970088668572,-0.172563551161549,1,1,171.75657879147,217.018112599066,315.246147563936,368.569761994929,431.918227913614,"(117.42108035626667, 23.91986403483333)",117.4210803562667,23.91986403483333,594,1,1217,2016,7021,1.7674418604651163,2.7674418604651163,6114,13976,True,647,1.7674418604651163,3.774758283725532e-15,False
595,0.889115622572335,0.748483398915073,0.630199378079316,0.883088974612698,2015,2526,9126,13927,1.17814726840855,2976,0.0764156456558238,0.584310688698463,0.0064200089517644,-0.0286951556169592,1,1,120.884559303997,138.227887407879,360.184478059511,510.325769527926,604.212967277344,"(117.42422933840001, 23.919813343166666)",117.4242293384,23.91981334316667,595,1,1218,2016,5502,1.178147268408551,2.178147268408551,9160,13984,True,648,1.178147268408551,-8.881784197001252e-16,False
596,0.827535541700185,0.780381670174877,0.792363372080125,0.782791405323802,2015,570,8152,14027,2.73333333333333,1558,0.0402673970390362,0.643653261094075,0.214892970157921,-0.0734497800686702,1,1,327.998906544941,406.826004068051,434.850608352793,452.316187122368,468.083712398916,"(117.42323417013334, 23.919711959833332)",117.4232341701333,23.91971195983333,596,1,1225,2016,2128,2.7333333333333334,3.7333333333333334,8182,14119,True,649,2.7333333333333334,-3.552713678800501e-15,False
597,0.893477552694072,0.660781018865897,0.633210129886741,0.894648169968698,2015,3068,9206,14075,1.96056062581486,6015,0.0789761511351357,0.421151851815227,0.0102905373549286,-0.0235372295496619,1,1,34.2076012521081,56.56532019384,317.31738652141,487.279005478789,593.069336753182,"(117.42431107706668, 23.91966329583333)",117.4243110770667,23.91966329583333,597,1,1226,2016,9083,1.9605606258148631,2.960560625814863,9256,14143,True,650,1.9605606258148631,-3.1086244689504383e-15,False
598,0.847511439939933,0.796374244903175,0.773072203619619,0.811479480423719,2015,2203,8402,14065,2.44257830231503,5381,0.0519934897249689,0.673405360067607,0.190092847054957,-0.0606486320803172,1,1,354.919777426021,374.168909384188,396.454732022826,447.189851581055,481.444320795391,"(117.42348960346668, 23.919673434166665)",117.4234896034667,23.91967343416666,598,1,1227,2016,7584,2.442578302315025,3.442578302315025,8442,14165,True,651,2.442578302315025,4.884981308350689e-15,False
599,0.716963889905736,0.708504453788841,0.705272096032019,0.55681713330608,2015,1462,5822,14085,1.7469220246238,2554,-0.0246394933454214,0.509935076737223,0.102931148269883,-0.174283666189794,1,1,262.7976806545,315.148056779473,418.159807900258,473.890842751668,513.138349718905,"(117.42085353146668, 23.919653157499997)",117.4208535314667,23.9196531575,599,1,1228,2016,4016,1.746922024623803,2.746922024623803,5884,14185,True,652,1.746922024623803,-3.1086244689504383e-15,False
600,0.894062424142517,0.627436278916691,0.652910108026228,0.900022789204417,2015,2844,9242,14256,1.7176511954993,4885,0.0793194777145723,0.359118313121795,0.0356162134012088,-0.0211389753629354,1,2,0.342179217858888,431.721467910722,628.51983261459,731.671350857775,862.527005988464,"(117.42434785946668, 23.919479792)",117.4243478594667,23.919479792,600,1,1229,2016,7729,1.7176511954992968,2.717651195499297,9291,14325,True,653,1.7176511954992968,3.1086244689504383e-15,False
601,0.77853830055876,0.781438336447402,0.865437265846827,0.709755532000499,2015,1387,7278,14303,2.37202595529921,3290,0.0115054267844962,0.645619050846898,0.308834483588654,-0.106039733197764,1,1,128.280332635488,128.81294577654,132.311685430075,295.299638511406,399.509479522196,"(117.4223411752, 23.919432141833333)",117.4223411752,23.91943214183333,601,1,1230,2016,4677,2.372025955299207,3.372025955299207,7313,14417,True,654,2.372025955299207,2.6645352591003757e-15,False
602,0.756341598344111,0.764356536111565,0.873728784650157,0.646464804192468,2015,7381,6512,14491,1.1051348055819,8157,-0.0015243045631097,0.613840589725272,0.319493800957332,-0.134281222741395,1,1,333.830884270064,340.354453042226,384.795565370234,422.920871474562,461.251884159693,"(117.42155852746667, 23.919241541166667)",117.4215585274667,23.91924154116667,602,1,1232,2016,15538,1.1051348055818995,2.1051348055818995,6557,14599,True,655,1.1051348055818995,4.440892098500626e-16,False
603,0.869180824850227,0.593307587018584,0.748047298363873,0.881441961358744,2015,15952,8978,14571,0.96351554663992,15370,0.0647136794684095,0.295626334097746,0.157921611172946,-0.0294300832943723,1,2,52.4364720065091,83.6015236653788,299.384765165003,446.261216288344,538.080902312259,"(117.42407812186667, 23.9191604345)",117.4240781218667,23.9191604345,603,1,1234,2016,31322,0.9635155466399198,1.9635155466399197,9030,14667,True,656,0.9635155466399198,2.220446049250313e-16,False
604,0.77711128278565,0.816607339775003,0.876084529082352,0.712176746360244,2015,10220,7166,14563,0.904892367906066,9248,0.0106677501768597,0.711046393571881,0.322522272355379,-0.104959342714169,1,1,213.178193558057,214.544213261297,221.580717100296,360.925799980802,454.382900319051,"(117.42222674106667, 23.919168545166666)",117.4222267410667,23.91916854516667,604,1,1235,2016,19468,0.9048923679060665,1.9048923679060665,7206,14693,True,657,0.9048923679060665,-5.551115123125783e-16,False
605,0.773723241961052,0.839696823854253,0.887503849106428,0.713002224198318,2015,7423,6990,14923,0.799541964165432,5935,0.0086789294361779,0.754001366566822,0.33720259319385,-0.104590999284731,1,1,406.273401989687,406.896024740419,418.963489755491,527.382290500153,606.154077841453,"(117.422046916, 23.918803565166666)",117.422046916,23.91880356516667,605,1,1240,2016,13358,0.7995419641654318,1.7995419641654318,7024,15027,True,658,0.7995419641654318,2.220446049250313e-16,False
606,0.792707117112413,0.832063942219376,0.879088873417392,0.7575471130663,2015,2286,7493,14919,2.4588801399825,5621,0.0198226926297697,0.739801386031339,0.326384563512352,-0.084714248664908,1,1,399.848441745424,424.791411715026,435.87050175746,534.573677730686,606.352141374764,"(117.42256084786668, 23.918807620499997)",117.4225608478667,23.9188076205,606,1,1241,2016,7907,2.458880139982502,3.458880139982502,7549,15047,True,659,2.458880139982502,-2.220446049250313e-15,False
607,0.839460043804382,0.411093254249784,0.842792333053779,0.872561133504666,2015,6013,8686,15219,1.68850823216365,10153,0.0472672232911132,-0.0433596612805156,0.279722865903304,-0.0333928724052901,1,2,427.760216363574,455.758432364218,569.839231515203,659.764128003805,716.849433852801,"(117.42377977573334, 23.9185034705)",117.4237797757333,23.9185034705,607,1,1244,2016,16166,1.6885082321636455,2.6885082321636453,8748,15335,True,660,1.6885082321636455,4.440892098500626e-15,False
608,0.79492687052229,0.662139374173161,0.890230524078555,0.785439238973198,2015,1279,7602,15383,1.65676309616888,2119,0.0211257145971292,0.423678894660392,0.340707921298209,-0.0722682678801945,1,1,641.256934497479,666.912185941984,677.943920177714,730.997888122603,775.753110818881,"(117.42267221680001, 23.91833720183333)",117.4226722168,23.91833720183333,608,1,1248,2016,3398,1.656763096168882,2.656763096168882,7654,15495,True,661,1.656763096168882,-1.9984014443252818e-15,False
609,0.788343970416293,0.544523700943351,0.895450275708057,0.809194097923646,2015,2197,7624,16219,4.18161128812016,9187,0.0172614730066529,0.204870278147882,0.347418270816102,-0.0616684118839999,1,2,1053.05607683518,1073.32955531689,1081.92014758845,1101.07658082441,1124.72266191241,"(117.42269469493334, 23.917489637166664)",117.4226946949333,23.91748963716666,609,1,1257,2016,11384,4.1816112881201635,5.1816112881201635,7610,16274,True,662,4.1816112881201635,-3.552713678800501e-15,False
610,0.859803620191304,0.323500903171096,0.757108515912893,0.944400327061786,2015,252,9750,16191,2.20634920634921,556,0.0592091474746143,-0.20631380361797,0.169570429187184,-0.0013368998492468,1,0,925.995385711638,930.138538205621,1136.54088433899,1272.3019183377,1356.80969923972,"(117.42486690000001, 23.917518024499998)",117.4248669,23.9175180245,610,1,1258,2016,808,2.2063492063492065,3.2063492063492065,9784,16325,True,663,2.2063492063492065,3.552713678800501e-15,False
611,0.408575129780077,0.721079606970387,0.543706130331288,0.0629841521436673,2016,11304,10674,4642,1.63918907950188,7436,-0.20566740714095,0.533329508742137,-0.104773006448923,-0.394641046438287,0,1,51.5120431192445,63.8381441988789,72.0764847975592,89.0091750505919,100.659463577558,"(117.42581098160001, 23.929226785666668)",117.4258109816,23.92922678566667,611,1,1271,2017,18740,0.6578202406227884,1.6578202406227884,10622,4598,True,664,0.6578202406227884,0.9813688388790915,True
612,0.418307578025741,0.79444618252835,0.71892469020697,0.11089817720987,2016,2417,8298,5805,2.6154211269805,2350,-0.199954342886217,0.669818451544275,0.120482496541335,-0.373260925135136,0,1,28.5380180097823,56.3660859893117,67.9191208526945,76.4477907299568,84.0214320274715,"(117.4233833432, 23.9280476975)",117.4233833432,23.9280476975,612,1,1277,2017,4767,0.9722796855606123,1.9722796855606124,8225,5773,True,667,0.9722796855606123,1.6431414414198877,True
613,0.412218872625193,0.936260076653889,0.605634066592666,0.0152114215432017,2016,5136,9702,6293,2.0169721062978,6859,-0.203528486236733,0.933644701258725,-0.0251603875482619,-0.415958119545993,0,1,40.0400542029185,53.2694902435607,64.275713757406,72.5782458016856,81.659052988792,"(117.4248178568, 23.927552946833334)",117.4248178568,23.92755294683333,613,1,1281,2017,11995,1.33547507788162,2.33547507788162,9658,6270,True,668,1.33547507788162,0.6814970284161799,True
614,0.408592594959721,0.93531845867046,0.601021292071975,0.01924673003512,2017,11995,9630,6310,0.891454772822009,10693,-0.205657154870298,0.931892943839162,-0.0310904262700515,-0.414157490504003,0,1,10.0792328197789,26.4757943012695,33.6560453481718,40.0579963057488,44.0253103995128,"(117.424744292, 23.927535711666668)",117.424744292,23.92753571166667,614,1,1281,2018,22688,0.8914547728220091,1.8914547728220092,9702,6293,False,669,0.8914547728220091,-1.1102230246251565e-16,False
615,0.407502054632888,0.922008181926266,0.603518733077842,0.018851056018073,2018,22688,9618,6263,-0.331618326687504,15432,-0.206297315167308,0.907130910346354,-0.0278797941865315,-0.414334047544855,0,1,5.64249794394673,8.56629429998243,19.4046266320604,29.7992043033587,36.155468707112,"(117.42473203120001, 23.92758336183333)",117.4247320312,23.92758336183333,615,1,1281,2019,38120,0.6801833568406206,1.6801833568406206,9630,6310,False,670,0.6801833568406206,-1.0118016835281245,True
616,0.443042328954361,0.917944697741775,0.504853771128387,0.0406494742951219,2016,11589,10916,6298,1.66873496692296,12105,-0.185434746396917,0.899571328122207,-0.154720384859162,-0.404607191445076,0,1,108.377488821498,120.184791694184,125.658836278902,130.402347199718,136.668948551779,"(117.42605824106667, 23.927547877666665)",117.4260582410667,23.92754787766667,616,1,1282,2017,23694,1.0445249805850376,2.0445249805850376,10886,6282,True,671,1.0445249805850376,0.6242099863379225,True
617,0.443319258483342,0.943729196573255,0.517606564483409,0.0370382549779839,2017,23694,10854,6303,0.604456824512535,14322,-0.18527218543043,0.947540024486007,-0.138325792392734,-0.406218584078987,0,1,37.3810652380813,46.0989338089187,54.6807061618911,60.4506359287042,65.6588418197316,"(117.4259948936, 23.9275428085)",117.4259948936,23.9275428085,617,1,1282,2018,38016,0.6044568245125348,1.6044568245125348,10916,6298,False,672,0.6044568245125348,2.220446049250313e-16,False
618,0.418175349671678,0.710556439161202,0.528168903610947,0.0735954594790268,2016,9387,10998,6878,1.78581197037863,7560,-0.200031962521482,0.513752527831117,-0.124747179404387,-0.389906085480581,0,1,95.5054772569975,123.941006707623,134.447185167177,139.700274396955,144.090549157877,"(117.4261420232, 23.926959854333333)",117.4261420232,23.92695985433333,618,1,1284,2017,16947,0.8053691275167785,1.8053691275167785,10974,6861,True,673,0.8053691275167785,0.9804428428618515,True
619,0.385751298158091,0.544119866886736,0.560464506612004,0.113625726215988,2016,11429,10122,7558,1.93522911766857,9857,-0.219065270998457,0.204118997567648,-0.0832289617935458,-0.372043842484899,0,2,20.8503396421857,27.2011533364655,33.757086048744,37.1947835377718,46.1507639666038,"(117.42524698480001, 23.926270447666667)",117.4252469848,23.92627044766667,619,1,1288,2017,21286,0.8624551579315776,1.8624551579315776,10086,7557,True,675,0.8624551579315776,1.0727739597369925,True
620,0.384727211029587,0.553750284589563,0.553441815019657,0.114556813600813,2017,21286,10064,7581,0.587240439725641,12500,-0.219666422468252,0.222035133369345,-0.092257114565158,-0.371628374128737,0,2,18.3227539299874,27.1218528169426,36.8168146775524,41.9568500431918,45.1597441297762,"(117.42518772426668, 23.9262471295)",117.4251877242667,23.9262471295,620,1,1288,2018,33786,0.5872404397256412,1.5872404397256412,10122,7558,False,676,0.5872404397256412,-2.220446049250313e-16,False
621,0.306748136491665,0.0732841715636477,0.775621357626225,0.190849752151707,2016,5036,14242,8210,2.06942483956346,3686,-0.265441077736343,-0.671809390794798,0.193369959755604,-0.337585058449492,2,0,20.8543513238008,41.8492484293092,51.4040904443618,56.9270552021027,78.4538928783224,"(117.42945652613334, 23.92560942833333)",117.4294565261333,23.92560942833333,621,1,1292,2017,8722,0.7319301032565528,1.7319301032565528,14264,8222,True,677,0.7319301032565528,1.337494736306907,True
622,0.423053528831241,0.722673260385131,0.568475424887783,0.0834034742934046,2016,2429,4834,9298,1.86065201673649,965,-0.197168412643669,0.536294293020498,-0.0729303756911098,-0.38552956845483,0,1,84.7216043034337,91.1648699974156,93.3177568735259,98.9735635193939,102.614942787176,"(117.41984405893334, 23.924506377666667)",117.4198440589333,23.92450637766667,622,1,1298,2017,3394,0.3972828324413339,1.3972828324413338,4740,9251,True,678,0.3972828324413339,1.4633691842951562,True
623,0.117048136150288,0.830788960521901,0.405681569998152,0.171984111182457,2016,3701,8170,9394,1.34957929321365,1448,-0.376797261064224,0.737429448910694,-0.282213066365573,-0.346003255247339,0,1,17.7468258301207,18.1541993643294,24.8562315782321,29.7983858330119,33.6129423613717,"(117.42325256133334, 23.924409049666664)",117.4232525613333,23.92440904966666,623,1,1301,2017,5149,0.3912456092947852,1.3912456092947851,8078,9378,True,680,0.3912456092947852,0.958333683918865,True
624,0.106651662307211,0.793205091344524,0.383273737114422,0.202008962816769,2016,6585,8540,9432,2.24479395300722,6995,-0.382900116336495,0.667509563303095,-0.311019875819591,-0.332605612925206,0,1,9.13365475769007,32.8064707133092,42.1056874680975,47.0480040721636,50.6409515243187,"(117.42363060266668, 23.924370524)",117.4236306026667,23.924370524,624,1,1302,2017,13580,1.0622627182991649,2.0622627182991646,8468,9433,True,681,1.0622627182991649,1.182531234708055,True
625,0.395756490103258,0.674598421946555,0.572155884613403,0.0939504216332085,2016,5172,5342,9569,2.27303527951306,4679,-0.213192102909517,0.44685732769995,-0.0681988917243542,-0.38082332611365,0,1,0.248442999906237,11.3950265837606,28.4008638940327,45.2144381058549,56.1398081562468,"(117.42036309946667, 23.924231628833333)",117.4203630994667,23.92423162883333,625,1,1304,2017,9851,0.9046790409899459,1.904679040989946,5251,9541,True,683,0.9046790409899459,1.368356238523114,True
626,0.099738272154863,0.786182082348497,0.348660360614839,0.224391855442179,2016,3475,8732,9543,2.44619567117293,5907,-0.38695835956178,0.654444171251365,-0.355517750583182,-0.322617953596117,0,1,46.6434640098691,47.0083698469708,51.1297892208096,55.7183907180296,59.6603197303423,"(117.42382677546667, 23.9242579885)",117.4238267754667,23.9242579885,626,1,1305,2017,9382,1.6998561151079137,2.6998561151079135,8674,9546,True,684,1.6998561151079137,0.7463395560650163,True
627,0.240484143794614,0.551087330757837,0.366395197959102,0.135199418818287,2016,866,6535,10014,2.40655437015519,1286,-0.3043388389674,0.217081055160581,-0.332718398110094,-0.362417263124123,0,2,27.7480098229118,38.9267281356244,47.7063845273947,55.8065998057881,62.1261166666175,"(117.42158202733334, 23.923780473)",117.4215820273333,23.923780473,627,1,1314,2017,2152,1.4849884526558892,2.484988452655889,6440,9991,True,685,1.4849884526558892,0.9215659174993007,True
628,0.291916309842381,0.526171982237458,0.349684211633605,0.119332067327633,2016,6817,6134,10075,1.77994495429089,5566,-0.274147538487386,0.170729299565739,-0.354201519720521,-0.369497567881679,0,2,33.5277053060468,48.0950416956329,59.011801562312,68.5681429416092,78.059419493609,"(117.42117231226668, 23.923718629166665)",117.4211723122667,23.92371862916666,628,1,1316,2017,12383,0.8164881912864896,1.8164881912864896,6045,10057,True,686,0.8164881912864896,0.9634567630044004,True
629,0.184313555320635,0.599470308588941,0.28019129008925,0.371695954081358,2016,2937,9779,10201,1.24481332194398,2838,-0.337311650440711,0.307091273622659,-0.443539447208583,-0.256888149159828,0,1,121.773735200112,126.142927695029,131.399694475766,157.111214826439,174.788461797391,"(117.42489653026668, 23.923590886166664)",117.4248965302667,23.92359088616666,629,1,1323,2017,5775,0.9662921348314607,1.9662921348314606,9714,10209,True,687,0.9662921348314607,0.2785211871125194,True
630,0.171005987395479,0.593583849289035,0.276591868189425,0.379749298497769,2017,5775,9729,10250,0.405887445887446,2344,-0.34512335297553,0.296140284012176,-0.448166751479857,-0.253294598413861,0,1,118.092775139834,127.240186658055,134.086550453298,139.309162674598,154.015001326823,"(117.4248454436, 23.923541208333333)",117.4248454436,23.92354120833333,630,1,1323,2018,8119,0.4058874458874459,1.405887445887446,9779,10201,False,688,0.4058874458874459,1.1102230246251565e-16,False
631,0.216655989890555,0.592965804198745,0.283966557712711,0.379517063411117,2016,921,9942,10206,2.50988660935456,1290,-0.318326252091967,0.294990491748652,-0.438686081172195,-0.253398225990893,0,1,155.05513887037,156.499047828671,163.922276064739,169.998717057506,185.883767800674,"(117.4250630728, 23.923585817)",117.4250630728,23.923585817,631,1,1324,2017,2211,1.4006514657980456,2.400651465798046,9880,10213,True,689,1.4006514657980456,1.1092351435565144,True
632,0.202777731813688,0.586087281877368,0.284939438566051,0.389283525221109,2017,2211,9888,10262,0.752148349163275,1663,-0.32647295661436,0.282193898306127,-0.437435375960806,-0.249040250681749,0,2,152.846895422017,158.897799388378,161.564086198655,167.743165614815,171.952475734745,"(117.42500789920001, 23.92352904233333)",117.4250078992,23.92352904233333,632,1,1324,2018,3874,0.7521483491632746,1.7521483491632746,9942,10206,False,690,0.7521483491632746,4.440892098500626e-16,False
633,0.141647377277296,0.376373212897095,0.140994879620243,0.183922495775729,2016,2601,7010,10501,2.03473777807339,2953,-0.362357210459393,-0.10795176882043,-0.622486001026176,-0.340676127951831,0,2,51.5356315134881,62.9859227886879,73.3452632383173,81.8471705240516,90.4103669703606,"(117.42206735066667, 23.923286736166666)",117.4220673506667,23.92328673616667,633,1,1330,2017,5554,1.1353325643983083,2.1353325643983085,6918,10489,True,691,1.1353325643983083,0.8994052136750816,True
634,0.205059519136693,0.547877390940932,0.122570164800621,0.17313863425076,2016,3153,6612,10586,2.65457470534604,3711,-0.325133519993388,0.211109380883354,-0.646172238415015,-0.345488085770062,0,2,89.6000427848373,96.3358801532363,102.926753265806,110.209707581949,116.540658716473,"(117.4216607008, 23.92320056033333)",117.4216607008,23.92320056033333,634,1,1332,2017,6864,1.1769743101807801,2.17697431018078,6518,10567,True,693,1.1769743101807801,1.4776003951652599,True
635,0.175909916993104,0.525915604357351,0.0798007369176765,0.198019885878536,2016,1678,6844,10726,3.43977403566903,3183,-0.342244687280657,0.17025234196553,-0.701155277867079,-0.334385612595641,0,2,19.7598737259817,45.5829645701615,55.8790342496661,65.575901069549,77.6183689062284,"(117.42189774293334, 23.923058623666666)",117.4218977429333,23.92305862366667,635,1,1338,2017,4861,1.896901072705602,2.8969010727056017,6749,10715,True,694,1.896901072705602,1.542872962963428,True
636,0.0,0.491797003584195,0.359914925554822,0.330442848486442,2016,3007,8180,10849,1.57700436660807,3544,-0.445505925713052,0.106779136163015,-0.341049233730337,-0.275296045397565,0,2,6.76476431401826,22.8388617417172,44.8975055559651,57.806181252468,70.7829777899873,"(117.42326277866667, 23.922933922166667)",117.4232627786667,23.92293392216667,636,1,1344,2017,6551,1.1785833056202195,2.1785833056202195,8099,10849,True,695,1.1785833056202195,0.39842106098785046,True
637,0.512574510118793,0.423291064486874,0.00179291476328072,0.121091035236629,2016,196,148,12067,2.76232456951901,377,-0.144618519201344,-0.0206672265975564,-0.801439695391285,-0.368712683973247,0,2,1594.66897967032,1614.2827457795,1633.29953646824,1645.10713358609,1662.10076421309,"(117.41505621653334, 23.921699073166664)",117.4150562165333,23.92169907316666,637,1,1354,2017,573,1.9234693877551021,2.923469387755102,140,12077,True,696,1.9234693877551021,0.838855181763908,True
638,0.513095779640981,0.422985634970763,0.0,0.119596583985387,2017,573,74,12075,0.0017452006980802,1,-0.144312527718099,-0.0212354383675281,-0.803744610561847,-0.369379535672495,0,2,1626.91334599632,1646.2473858606,1665.1768630317,1676.9516502092,1693.94744303981,"(117.41498060826667, 23.921690962499998)",117.4149806082667,23.9216909625,638,1,1354,2018,574,0.0017452006980802793,1.0017452006980803,148,12067,False,697,0.0017452006980802793,-7.936359902593892e-17,False
639,0.393199754894452,0.62034271899235,0.507675186689774,0.303928649529569,2017,2903,7042,747,1.82363072683431,5294,-0.214692937248581,0.345921670271647,-0.15109326121498,-0.287127169774417,0,1,576.875357659404,609.238346732767,623.818828905022,641.679307526457,664.210999918997,"(117.42210004613334, 23.9331756665)",117.4221000461333,23.9331756665,639,1,1377,2018,8197,1.8236307268343093,2.8236307268343093,7068,783,True,698,1.8236307268343093,6.661338147750939e-16,False
640,0.439757651478834,0.286363905656378,0.619673319894982,0.140615411225725,2017,580,12786,4075,7.7448275862069,4492,-0.187362891607668,-0.275402342793755,-0.0071119623901933,-0.360000547465441,2,0,126.313886891652,138.120932813663,143.203924839975,145.819618895953,147.64260165889,"(117.42796888240001, 23.929801629166665)",117.4279688824,23.92980162916666,640,1,1392,2018,5072,7.744827586206896,8.744827586206897,12854,4097,True,699,7.744827586206896,3.552713678800501e-15,False
641,0.380885007899016,0.801864526973333,0.68355716085136,0.0299424960854843,2017,3202,9392,5653,1.60056214865709,5125,-0.221921841948594,0.683619313625372,0.0750151064419474,-0.409384842510624,0,1,24.2731643520442,29.7228751890098,38.8574995269468,46.3593952183979,52.6620965554202,"(117.42450111946667, 23.928201800166665)",117.4245011194667,23.92820180016666,641,1,1396,2018,8327,1.6005621486570893,2.6005621486570893,9466,5635,True,700,1.6005621486570893,6.661338147750939e-16,False
642,0.37945085826186,0.797326438655251,0.68832622607702,0.0309369749441821,2018,8327,9390,5618,0.186231030880002,8589,-0.222763705046261,0.675176792325079,0.0811460676081702,-0.408941087710167,0,1,2.31222364119926,18.3324196313839,25.1090527432647,35.1095147972926,41.6044584585014,"(117.424499076, 23.92823728433333)",117.424499076,23.92823728433333,642,1,1396,2019,16916,1.0314639125735559,2.031463912573556,9392,5653,False,701,1.0314639125735559,-0.8452328816935538,True
643,0.397632812573755,0.900620363512666,0.600551236413985,0.0310300740938293,2017,1825,9781,6883,1.42246575342466,2596,-0.212090679036925,0.867341664331864,-0.0316947151293428,-0.408899545153265,0,1,49.7702749655541,58.8314465564143,63.0367745030123,66.7646617054666,71.6141811076678,"(117.42489857373334, 23.926954785166664)",117.4248985737333,23.92695478516666,643,1,1404,2018,4421,1.4224657534246576,2.4224657534246576,9844,6853,True,702,1.4224657534246576,2.4424906541753444e-15,False
644,0.389756945180448,0.799692660856333,0.600205610339154,0.0565359051843844,2017,9966,9784,7171,0.465582982139274,4640,-0.216713907986513,0.679578840045098,-0.0321390412063735,-0.397518373108122,0,1,7.69465462911441,11.8557408940207,22.4376523917928,39.2901677726461,51.7945027507215,"(117.42490163893333, 23.926662801166668)",117.4249016389333,23.92666280116667,644,1,1405,2018,14606,0.4655829821392735,1.4655829821392736,9838,7134,True,703,0.4655829821392735,4.996003610813204e-16,False
645,0.375987532300771,0.392503315970103,0.541448861271548,0.145533110405423,2017,3483,10772,7710,1.95923054837784,6824,-0.224796719068154,-0.0779438163028006,-0.107674880986626,-0.357806179431257,2,2,16.2849375903998,19.3731457907483,31.0285054022608,37.705511452327,41.8640621975482,"(117.42591111146668, 23.926116345)",117.4259111114667,23.926116345,645,1,1409,2018,10307,1.9592305483778352,2.9592305483778354,10832,7691,True,704,1.9592305483778352,4.884981308350689e-15,False
646,0.377149877451279,0.644704009330687,0.458121999142715,0.26020553723968,2017,9568,10542,9090,0.498223244147157,4767,-0.224114408475443,0.391242672898362,-0.214797290021077,-0.306637228535239,0,1,43.3687455387074,88.2671653959087,111.169777660288,131.00428713314,143.598879460802,"(117.4256761128, 23.924717255)",117.4256761128,23.924717255,646,1,1428,2018,14335,0.4982232441471572,1.4982232441471572,10582,9045,True,705,0.4982232441471572,-1.6653345369377348e-16,False
647,0.379891018886491,0.633655687450941,0.467919369137192,0.258922436344079,2018,14335,10564,9078,-0.366460436329818,3619,-0.222505325462065,0.370688711347944,-0.202202097436152,-0.307209771809452,0,1,23.9618133745584,47.8475080753807,76.610704271643,96.7602750291574,111.919953613712,"(117.42569859093334, 23.924729421)",117.4256985909333,23.924729421,647,1,1428,2019,17954,0.25245901639344265,1.2524590163934426,10542,9090,False,706,0.25245901639344265,-0.6189194527232607,True
648,0.0223145025521693,0.691805018342172,0.214173171089853,0.236673202155158,2017,3747,8024,10398,2.03976514544969,7643,-0.43240704414954,0.47886795561055,-0.528410277172206,-0.31713779028012,0,1,89.5999617531788,98.7685257283517,103.71457301001,106.618057532312,109.761112229018,"(117.42310338826667, 23.923391160999998)",117.4231033882667,23.923391161,648,1,1447,2018,11390,2.0397651454496932,3.0397651454496932,8105,10361,True,707,2.0397651454496932,-3.1086244689504383e-15,False
649,0.179131546620472,0.530329417561767,0.300696226703893,0.485481420748686,2017,3032,9772,10697,1.29089709762533,3914,-0.340353551915585,0.178463665629135,-0.417178941710811,-0.20611497624184,0,2,293.584831614468,303.236153876521,318.569617115208,327.02432308648,332.492029709858,"(117.42488937813334, 23.923088024833334)",117.4248893781333,23.92308802483333,649,1,1451,2018,6946,1.2908970976253298,2.29089709762533,9832,10642,True,708,1.2908970976253298,2.220446049250313e-16,False
650,0.265569536820916,0.562179022711639,0.181334919984697,0.263401782000437,2017,1931,6752,11360,0.593992749870533,1147,-0.289613411346619,0.237715701075946,-0.570626106221713,-0.305211005198645,0,2,30.4228178098883,43.7945078856568,49.3498464893803,54.497168177602,67.5590044575769,"(117.42180374346667, 23.922415853333334)",117.4218037434667,23.92241585333333,650,1,1464,2018,3078,0.5939927498705334,1.5939927498705333,6866,11377,True,709,0.5939927498705334,-4.440892098500626e-16,False
651,0.49910902097627,0.728230424781395,0.232218870494883,0.272373318063251,2017,10816,4270,12075,0.467270710059171,5054,-0.152522923391412,0.546632672420862,-0.505211290151796,-0.301207740412739,0,1,59.3188983954494,69.9932077830385,77.6896657409591,106.111265783715,125.984575184942,"(117.41926780133333, 23.921690962499998)",117.4192678013333,23.9216909625,651,1,1474,2018,15870,0.4672707100591716,1.4672707100591715,4366,12039,True,710,0.4672707100591716,-6.106226635438361e-16,False
652,0.514653373469953,0.42438720791632,0.000180363210952855,0.120668473658927,2017,446,40,12107,0.15695067264574,70,-0.143398201394128,-0.0186279947442673,-0.803512741256261,-0.368901238739348,0,2,1646.84215986097,1667.31171569032,1686.60991117528,1698.55061515165,1714.68718404617,"(117.41494586933334, 23.921658519833333)",117.4149458693333,23.92165851983333,652,1,1477,2018,516,0.15695067264573992,1.15695067264574,116,12101,True,711,0.15695067264573992,8.326672684688674e-17,False
653,0.517834588821384,0.428382523096508,0.00476945836516543,0.12828052038148,2017,429,168,12183,0.111888111888112,48,-0.141530789695437,-0.0111952320596508,-0.797613143987766,-0.365504603159921,0,2,1587.98497691094,1613.08809060718,1633.87323335562,1646.46307059716,1658.96650305861,"(117.41507665120001, 23.921581468499998)",117.4150766512,23.9215814685,653,1,1479,2018,477,0.11188811188811189,1.1118881118881119,245,12177,True,712,0.11188811188811189,1.1102230246251565e-16,False
654,0.517834588821384,0.428382523096508,0.00476945836516543,0.12828052038148,2017,458,168,12183,0.0414847161572051,19,-0.141530789695437,-0.0111952320596508,-0.797613143987766,-0.365504603159921,0,2,1587.64066722003,1612.74378091627,1633.52892366471,1646.11876090624,1658.6221933677,"(117.41507665120001, 23.921581468499998)",117.4150766512,23.9215814685,654,1,1480,2018,477,0.04148471615720524,1.0414847161572052,214,12207,True,713,0.04148471615720524,-1.3877787807814457e-16,False
655,0.453845464170006,0.459949765142035,0.656866290150636,0.578224844792923,2017,951,7708,12229,3.12197686645636,2969,-0.17909317600459,0.0475315036671536,0.0407021574643663,-0.164731150662677,2,2,164.435219385191,266.71800114348,304.472906674911,325.425508188614,338.333162823127,"(117.42278052053334, 23.921534832166667)",117.4227805205333,23.92153483216667,655,1,1481,2018,3920,3.121976866456362,4.121976866456362,7773,12267,True,714,3.121976866456362,-1.7763568394002505e-15,False
656,0.786124656503713,0.678498309668965,0.688330661868992,0.788231998580476,2017,3899,8610,12998,2.11105411644011,8231,0.0159587090294958,0.454112560048342,0.0811517701236607,-0.0710220870575305,1,1,480.225426739347,483.572514201202,485.430895966038,490.235543625202,499.915031583924,"(117.423702124, 23.92075519433333)",117.423702124,23.92075519433333,656,1,1492,2018,12130,2.111054116440113,3.111054116440113,8705,12941,True,715,2.111054116440113,-2.6645352591003757e-15,False
657,0.931938581064791,0.247482743665622,0.525294886773446,0.928946223476263,2017,15215,9734,13559,0.743936904370687,11319,0.101553237685063,-0.347735672442545,-0.12844192560475,-0.0082328057731057,1,0,306.149768635348,312.461153190115,324.651733976264,339.789892094778,350.206639967074,"(117.42485055226668, 23.920186433833333)",117.4248505522667,23.92018643383333,657,1,1499,2018,26534,0.7439369043706868,1.7439369043706867,9814,13487,True,717,0.7439369043706868,2.220446049250313e-16,False
658,0.801156143383285,0.650959576533704,0.779533553197299,0.750443552835781,2017,2975,8068,13561,2.46857142857143,7344,0.0247823727387217,0.402880339610678,0.198399356080877,-0.0878839881973915,1,1,271.775799140968,282.520819622553,286.413823722828,292.945212855941,301.157990013459,"(117.42314834453335, 23.920184406166666)",117.4231483445333,23.92018440616667,658,1,1500,2018,10319,2.4685714285714284,3.4685714285714284,8170,13503,True,718,2.4685714285714284,1.7763568394002505e-15,False
659,0.831298365647904,0.790041227003169,0.792838304319578,0.791042985512211,2017,3944,8196,14087,0.271805273833671,1072,0.0424762199836788,0.661623606437359,0.215503528197892,-0.0697677728666641,1,1,20.0628718199161,21.1922198844187,26.8032127558432,40.6620700598771,51.547163178644,"(117.4232791264, 23.919651129833333)",117.4232791264,23.91965112983333,659,1,1511,2018,5016,0.2718052738336714,1.2718052738336714,8282,14011,True,719,0.2718052738336714,-4.440892098500626e-16,False
660,0.971022222038789,0.0456236944258831,0.531305325489339,0.987651801772588,2017,395,11868,14783,4.58227848101266,1810,0.124495805326547,-0.723268100067027,-0.120715093486617,0.0179627055289159,1,0,570.678488192797,582.427855245765,666.67750165314,722.743517562717,817.198080459672,"(117.42703093120001, 23.91894550183333)",117.4270309312,23.91894550183333,660,1,1527,2018,2205,4.582278481012659,5.582278481012659,11965,14725,True,720,4.582278481012659,1.7763568394002505e-15,False
661,0.966174611763445,0.0717579596927479,0.544765831714084,0.989524322745144,2017,372,11870,14953,9.41666666666667,3503,0.121650199751683,-0.674648708878911,-0.103410687479001,0.0187982589077152,1,0,570.71663259347,583.291581499697,668.799128258583,726.265928368665,824.245728998667,"(117.42703297466667, 23.918773150166665)",117.4270329746667,23.91877315016666,661,1,1535,2018,3875,9.416666666666666,10.416666666666666,11916,15013,True,721,9.416666666666666,3.552713678800501e-15,False
662,0.967085575062654,0.0676573641400877,0.54339178292634,0.989519951650443,2018,3875,11870,14929,0.435989299652347,4004,0.122184946172184,-0.682277331962178,-0.10517712164577,0.0187963084446764,1,0,548.694683316322,561.170464651991,636.121695518376,681.433783124579,720.308538519734,"(117.42703297466667, 23.918797482166667)",117.4270329746667,23.91879748216667,662,1,1535,2019,7879,1.0332903225806451,2.0332903225806453,11870,14953,False,722,1.0332903225806451,-0.5973010229282981,True
663,0.632248965695348,0.472918304999553,0.463492262129306,0.314382836934386,2018,2626,4996,73,0.156100143071732,3351,-0.0743681734403248,0.0716577802635248,-0.207893447807713,-0.282462318626302,2,2,461.860116328168,463.048417806091,512.162776291509,539.080403923902,559.47752761936,"(117.42000957973333, 23.933858990166666)",117.4200095797333,23.93385899016667,663,1,1549,2019,5977,1.2760853008377762,2.276085300837776,5004,89,True,723,1.2760853008377762,-1.1199851577660442,True
664,0.403139540047779,0.611791503634838,0.500164815499523,0.308756725907888,2018,3512,6988,543,-0.848905843734645,788,-0.208858163733654,0.330013249646261,-0.160748359632087,-0.284972793086449,0,1,507.029973528394,564.145120887741,623.933429599089,662.134462841275,689.324050057695,"(117.42204487253333, 23.9333824885)",117.4220448725333,23.9333824885,664,1,1551,2019,4300,0.224373576309795,1.224373576309795,6990,561,True,724,0.224373576309795,-1.07327942004444,True
665,0.920994054407445,0.416437357851279,0.642919124851914,0.251653956165022,2018,1187,3718,3850,2.22569222705268,3039,0.0951286688147466,-0.0334176536940109,0.0227721177649136,-0.310453101663353,2,2,74.4880685491747,89.4680571654486,95.2728131419445,100.983407942592,110.119391624144,"(117.41870380453334, 23.930029741666665)",117.4187038045333,23.93002974166667,665,1,1567,2019,4226,2.5602358887952823,3.5602358887952823,3724,3877,True,725,2.5602358887952823,-0.3345436617426021,True
666,0.92363609313234,0.414824688234248,0.643691213327939,0.25207317564745,2019,4226,3682,3825,0.420728821580691,1778,0.0966795773444216,-0.0364178151359724,0.0237646905730863,-0.310266038201776,2,2,48.7435838175052,58.0292238459617,61.2117526044226,66.1599807901744,75.4494806293363,"(117.41866702213333, 23.930055087499998)",117.4186670221333,23.9300550875,666,1,1567,2020,6004,0.42072882158069097,1.420728821580691,3718,3850,False,726,0.42072882158069097,5.551115123125783e-17,False
667,0.924688443004754,0.413075025157568,0.644198793562895,0.252374533597289,2020,6004,3662,3807,1.10859427048634,6656,0.0972973193850476,-0.0396728350381524,0.0244172198554526,-0.310131566728876,2,2,42.0993557570241,44.5074174881584,45.5511488510165,49.5793004595827,53.017079171192,"(117.41864658746667, 23.930073336499998)",117.4186465874667,23.9300733365,667,1,1567,2021,12660,1.1085942704863425,2.1085942704863423,3682,3825,False,727,1.1085942704863425,-2.4424906541753444e-15,False
668,0.474510337488968,0.404227711699412,0.534187258653624,0.229242859102803,2018,893,6056,3911,1.93615088539637,2425,-0.166962646655024,-0.0561321075523612,-0.117010170304016,-0.320453346332109,2,2,18.2151384565962,18.707439181852,22.9469798877419,26.7676654615639,37.3589747251797,"(117.42109261706668, 23.929967897833333)",117.4210926170667,23.92996789783333,668,1,1569,2019,3318,2.715565509518477,3.715565509518477,6053,3941,True,728,2.715565509518477,-0.7794146241221069,True
669,0.742647525810604,0.501605895605275,0.539613653639277,0.233015693190771,2018,666,4982,4414,0.0972079740183226,610,-0.009562889954793,0.125027300150985,-0.110034166547425,-0.318769838208006,2,2,10.7712224353411,17.9222831724252,36.5245381083507,45.8436264629058,54.0317484074111,"(117.41999527546668, 23.929457939666666)",117.4199952754667,23.92945793966667,669,1,1574,2019,1276,0.9159159159159159,1.9159159159159158,4972,4435,True,729,0.9159159159159159,-0.8187079418975933,True
670,0.430460406624772,0.39249130889035,0.547568409197833,0.111658773977282,2018,17849,11794,4362,0.931529383499311,19309,-0.192820486233657,-0.0779661539082987,-0.0998077814785243,-0.372921532835542,2,2,10.1060006535466,18.2384767754716,21.5789894648263,27.5573125054239,31.7184034101002,"(117.42695532293334, 23.929510658999998)",117.4269553229333,23.929510659,670,1,1575,2019,37158,1.0817972995686034,2.081797299568603,11794,4449,True,730,1.0817972995686034,-0.15026791606929235,True
671,0.42990149958901,0.396903276715544,0.544396540213592,0.111190600277267,2019,37158,11766,4330,0.211286936864201,7851,-0.193148571390355,-0.069758263331996,-0.103885437087446,-0.3731304405715,2,2,5.20872502520296,8.5815365945343,14.2068185890185,20.6474475752036,26.7958667309118,"(117.42692671440001, 23.929543101666667)",117.4269267144,23.92954310166667,671,1,1575,2020,45009,0.21128693686420152,1.2112869368642014,11794,4362,False,731,0.21128693686420152,-5.273559366969494e-16,False
672,0.746387824024813,0.512855590900557,0.53064232098198,0.227612938432396,2020,320,4966,4682,0.384375,123,-0.0073672898868285,0.145955890670877,-0.121567431354796,-0.321180646983633,2,2,17.7675880979793,18.3965481822701,28.6368682417228,38.7066572524664,45.4933189767053,"(117.41997892773334, 23.929186232333333)",117.4199789277333,23.92918623233333,672,1,1584,2021,443,0.384375,1.384375,4965,4683,False,734,0.384375,0.0,False
673,0.437896399806823,0.205692626367491,0.609949444045094,0.142108024988591,2018,1215,13196,4965,1.67286147434746,3050,-0.188455468740166,-0.425480733953464,-0.0196126732003693,-0.359334515687381,2,0,85.9584872778928,89.1137665420561,92.885888677807,95.2991103521976,97.0764578590958,"(117.42838779306668, 23.9288993175)",117.4283877930667,23.9288993175,673,1,1588,2019,4265,2.5102880658436213,3.5102880658436213,13194,5007,True,735,2.5102880658436213,-0.8374265914961614,True
674,0.438509082049245,0.212278506967852,0.601394541996018,0.136740471731573,2018,751,12938,4981,3.26102672591196,2957,-0.18809581688995,-0.413228562256364,-0.0306105878360348,-0.361729616904146,2,0,59.3108286782744,62.6446457837875,64.241856296656,67.0818655362614,72.3740681352614,"(117.42812418586668, 23.928883096166665)",117.4281241858667,23.92888309616666,674,1,1590,2019,3708,3.937416777629827,4.937416777629827,12933,5025,True,736,3.937416777629827,-0.6763900517178669,True
675,0.438515575292859,0.214533870167389,0.601363538240817,0.136367132706443,2019,3708,12918,4953,0.670711974110032,2487,-0.188092005277799,-0.409032753246627,-0.0306504452944988,-0.361896207659847,2,0,37.5072157550025,39.3800095258828,45.9168162688084,49.523192277878,54.1605373993934,"(117.42810375120001, 23.9289114835)",117.4281037512,23.9289114835,675,1,1590,2020,6195,0.6707119741100324,1.6707119741100325,12938,4981,False,737,0.6707119741100324,-3.3306690738754696e-16,False
676,0.438510544593295,0.215613714199295,0.600922682949806,0.136131612057338,2020,6195,12904,4942,0.761743341404358,4719,-0.18809495835899,-0.407023844296125,-0.0312171950748479,-0.362001301315417,2,0,24.5497285385953,28.1966775165734,35.7408660370464,41.2305014090981,45.015411015191,"(117.42808944693334, 23.928922635666666)",117.4280894469333,23.92892263566667,676,1,1590,2021,10914,0.7617433414043584,1.7617433414043584,12918,4953,False,738,0.7617433414043584,-4.440892098500626e-16,False
677,0.544116010835822,0.377926224650339,0.521098009067938,0.197023467119432,2018,1043,6146,5086,0.265053190960616,945,-0.126103278663857,-0.105062593051388,-0.133837300382476,-0.334830233015423,2,2,48.8327868934733,49.4225332495016,55.3747444814537,59.6484549601254,64.7676885266036,"(117.42118457306667, 23.928776643666666)",117.4211845730667,23.92877664366667,677,1,1592,2019,1988,0.9060402684563759,1.9060402684563758,6132,5110,True,739,0.9060402684563759,-0.6409870774957598,True
678,0.546065434764601,0.377476145427912,0.520781953930824,0.198068620709806,2019,1988,6116,5065,0.0960764587525151,191,-0.124958943355443,-0.105899906729709,-0.134243610986409,-0.334363866215477,2,2,36.2091016441124,42.2397373273764,44.2905727816443,45.9548307134028,48.934062549836,"(117.42115392106668, 23.928797934166667)",117.4211539210667,23.92879793416667,678,1,1592,2020,2179,0.0960764587525151,1.0960764587525151,6146,5086,False,740,0.0960764587525151,0.0,False
679,0.438110880711894,0.212275737194967,0.587611732862559,0.130804489806356,2018,1245,12722,5194,0.775887285397533,2396,-0.188329565867513,-0.413233715057486,-0.0483293363874372,-0.364378361471923,2,0,14.0390708942897,21.4817731170078,25.4591057692277,40.7247773553121,51.3184405964658,"(117.42790349146668, 23.928667149666666)",117.4279034914667,23.92866714966667,679,1,1595,2019,3641,1.9244979919678715,2.9244979919678715,12718,5237,True,742,1.9244979919678715,-1.1486107065703384,True
680,0.438154744232164,0.214775086636404,0.587362119402855,0.130257476423815,2019,3641,12698,5170,0.218621257896182,796,-0.188303817453196,-0.408584001473875,-0.0486502316479538,-0.364622448927674,2,0,8.01066761753725,10.9720850357774,12.0912362707823,21.5335337126386,28.6343622030465,"(117.42787896986667, 23.928691481666664)",117.4278789698667,23.92869148166666,680,1,1595,2020,4437,0.21862125789618236,1.2186212578961824,12722,5194,False,743,0.21862125789618236,-3.608224830031759e-16,False
681,0.436120360951128,0.1862382295164,0.600272128209253,0.139295408152259,2018,869,13090,5239,3.03895231481221,3456,-0.18949802492391,-0.461673101375068,-0.0320535279120189,-0.360589557171727,2,0,18.2764111366607,42.9688172291339,56.2013249853788,70.2453335482889,81.4219178412744,"(117.42827948933333, 23.928621527166666)",117.4282794893333,23.92862152716667,681,1,1598,2019,4325,3.9769850402761797,4.97698504027618,13084,5285,True,744,3.9769850402761797,-0.9380327254639695,True
682,0.436886253770378,0.189514858296353,0.60035765269201,0.138618167036719,2019,4325,13056,5201,0.991907514450867,4290,-0.189048436621135,-0.455577360981985,-0.0319435803106064,-0.360891754642754,2,0,68.6225762995574,69.2695677096177,75.7831900097693,79.0543841130646,83.4679621602067,"(117.42824475040001, 23.928660052833333)",117.4282447504,23.92866005283333,682,1,1598,2020,8615,0.991907514450867,1.9919075144508671,13090,5239,False,745,0.991907514450867,0.0,False
683,0.391093366982709,0.711161216030385,0.701126929997076,0.0129205991292663,2018,411,9762,5502,3.8244936167704,1927,-0.21592941230413,0.514877636300174,0.0976022523992535,-0.416980326739529,0,1,31.0995391189294,32.2383852745153,34.0024461795556,39.3412161734023,48.9142363652867,"(117.4248791608, 23.928354888999998)",117.4248791608,23.928354889,683,1,1601,2019,2338,4.688564476885645,5.688564476885645,9753,5539,True,747,4.688564476885645,-0.8640708601152451,True
684,0.388295634692934,0.706252471724752,0.705597049840851,0.0139442348829388,2019,2338,9730,5471,0.820359281437126,1918,-0.217571714830233,0.505745557888902,0.103348898727991,-0.416523561595012,0,1,7.83079705097755,9.88551718068167,13.0136642436112,19.4120946193446,25.723822680187,"(117.42484646533335, 23.928386317833333)",117.4248464653333,23.92838631783333,684,1,1601,2020,4256,0.8203592814371258,1.8203592814371257,9762,5502,False,748,0.8203592814371258,2.220446049250313e-16,False
685,0.394329229026628,0.728783778031611,0.682884774704957,0.0105390254313126,2018,20304,9732,5630,0.458709618447866,21128,-0.214029922339249,0.547662113955291,0.074150707831896,-0.418043028829038,0,1,1.26630860584324,2.827760526709,4.29507337306691,12.7243917725245,22.4595807730344,"(117.42484850880001, 23.928225118333334)",117.4248485088,23.92822511833333,685,1,1604,2019,41432,1.040583136327817,2.0405831363278173,9744,5705,True,749,1.040583136327817,-0.581873517879951,True
686,0.442920232630692,0.702924452642122,0.70378675091196,0.124312670952164,2018,1161,8051,5835,2.65964874961323,4411,-0.185506418408397,0.4995542125418,0.101021635017574,-0.367275130724536,0,1,29.4337629344867,32.3932598367978,53.022317783078,66.1991034279209,77.5547345695543,"(117.42313097506667, 23.9280172825)",117.4231309750667,23.9280172825,686,1,1607,2019,5572,3.7993109388458226,4.799310938845823,8058,5874,True,750,3.7993109388458226,-1.1396621892325927,True
687,0.428645902583223,0.297431634617139,0.544980149058184,0.126442167589182,2018,1545,12501,6043,1.83885942979155,3646,-0.193885621944444,-0.254812276900856,-0.103135167801297,-0.366324910066782,2,0,49.5001493912046,74.3770028802307,87.3707337973709,99.7315231766264,108.816193714353,"(117.42767768840001, 23.927806405166667)",117.4276776884,23.92780640516667,687,1,1610,2019,5191,2.3598705501618125,3.3598705501618125,12498,6081,True,751,2.3598705501618125,-0.5210111203702625,True
688,0.429323313594667,0.299610346045622,0.543880421719871,0.12591939395129,2019,5191,12486,6022,0.221922558273936,1152,-0.193487973527771,-0.250759068511571,-0.104548942888363,-0.366558181301598,2,0,27.2296242516756,29.7105543537002,41.3243687716582,53.3907528417582,61.7784254278695,"(117.4276623624, 23.927827695666664)",117.4276623624,23.92782769566666,688,1,1610,2020,6343,0.22192255827393567,1.2219225582739357,12501,6043,False,752,0.22192255827393567,3.3306690738754696e-16,False
689,0.429271996057706,0.299955845660502,0.543788220037451,0.125933651200629,2020,6343,12486,6026,0.114456881601766,726,-0.193518097539597,-0.250116311550177,-0.104667474488924,-0.366551819454103,2,0,24.7867779730931,26.0159370956745,35.7760486790919,40.9211757031111,45.2864545890204,"(117.4276623624, 23.927823640333333)",117.4276623624,23.92782364033333,689,1,1610,2021,7069,0.11445688160176573,1.1144568816017657,12486,6022,False,753,0.11445688160176573,2.636779683484747e-16,False
690,0.541561873095198,0.603622768181928,0.596315369126488,0.179218779923636,2018,1079,5554,6138,1.78736036295576,2626,-0.127602588257836,0.314816382987039,-0.0371402136948036,-0.342775012680349,2,2,16.1486269405294,36.4728687083968,48.6968735539119,57.349961894776,62.6928738828821,"(117.42057970693334, 23.927710090999998)",117.4205797069333,23.927710091,690,1,1611,2019,3705,2.433734939759036,3.433734939759036,5538,6168,True,754,2.433734939759036,-0.6463745768032763,True
691,0.521913253314431,0.609335257621366,0.584848256843561,0.172552890316212,2018,2150,5760,6225,2.62046047369871,6896,-0.139136564549399,0.325443724367329,-0.0518819747671987,-0.345749455512135,0,2,64.6777406957982,72.8658574061506,76.2895683810583,83.7583346468113,89.7472206501708,"(117.42079018400001, 23.9276218875)",117.420790184,23.9276218875,691,1,1615,2019,9046,3.2074418604651163,4.207441860465116,5766,6269,True,755,3.2074418604651163,-0.5869813867664062,True
692,0.502800382207406,0.618220545698423,0.591245131939909,0.164926148560846,2018,2875,5782,6410,2.19704550178348,8557,-0.150356049921491,0.341973643706031,-0.043658352118913,-0.349152648286113,0,1,57.8454872297312,58.71071847962,59.820436710447,65.0760858463312,74.3582420177827,"(117.42081266213334, 23.927434328333334)",117.4208126621333,23.92743432833333,692,1,1617,2019,11432,2.9763478260869567,3.9763478260869567,5796,6454,True,756,2.9763478260869567,-0.7793023243034769,True
693,0.506315193865052,0.620900987053032,0.59348709387072,0.166764746331062,2019,11432,5750,6373,0.438680895731281,5015,-0.148292813176064,0.346960255169785,-0.0407761559476391,-0.348332232065589,0,1,2.05824087195271,6.58619423493858,12.7506240439802,20.0316845379514,25.565505891048,"(117.42077996666667, 23.927471840166668)",117.4207799666667,23.92747184016667,693,1,1617,2020,16447,0.4386808957312806,1.4386808957312807,5782,6410,False,757,0.4386808957312806,3.885780586188048e-16,False
694,0.374263273374225,0.416465114822014,0.587808310083376,0.137084836537042,2018,3911,11850,7309,1.64694838689369,8690,-0.225808879810293,-0.03336601547099,-0.0480766228576435,-0.361575954979411,2,2,2.7954479703102,26.8783034963185,39.3314012517738,54.4344364899568,66.2126705807183,"(117.42701254, 23.926522892166666)",117.42701254,23.92652289216667,694,1,1634,2019,12601,2.2219381232421376,3.2219381232421376,11860,7358,True,758,2.2219381232421376,-0.5749897363484475,True
695,0.38820829880491,0.619455424801977,0.56981615274637,0.0963172577637991,2018,1376,10050,7446,2.28471455626237,4461,-0.217622982047631,0.344270975182263,-0.0712067778692054,-0.379767200198392,0,1,14.221556371499,17.8244926196204,22.2442506417648,27.2915527891039,32.6676776670206,"(117.42517342000001, 23.926383997)",117.42517342,23.926383997,695,1,1635,2019,5837,3.2420058139534884,4.242005813953488,10047,7491,True,759,3.2420058139534884,-0.9572912576911183,True
696,0.373732721787065,0.431198631981876,0.571271452532548,0.139730196320825,2018,1751,11124,7593,1.41163194959258,3955,-0.22612031997739,-0.005956228853404,-0.0693358899588733,-0.360395546675379,2,2,27.8118065060947,39.6214508374188,47.0658128449892,53.3446489571143,61.5696767610905,"(117.42627076160001, 23.9262349635)",117.4262707616,23.9262349635,696,1,1640,2019,5706,2.258709308966305,3.258709308966305,11120,7633,True,760,2.258709308966305,-0.8470773593737251,True
697,0.364246801055914,0.371174444152825,0.625768606468598,0.154481484467274,2018,2327,11594,7670,1.47186264063079,5906,-0.231688669614032,-0.117623399864699,0.0007239474813625,-0.353813249957183,2,2,51.2984313531312,75.3372669628722,99.0363289639444,124.869558273426,145.214781754961,"(117.42675097626667, 23.926156898333332)",117.4267509762667,23.92615689833333,697,1,1642,2019,8233,2.538031800601633,3.538031800601633,11596,7719,True,761,2.538031800601633,-1.0661691599708432,True
698,0.366563028896047,0.378354160674686,0.619939812421673,0.152095111833581,2019,8233,11566,7643,0.7592615085631,6251,-0.230329015994997,-0.104266473904408,-0.0067693679288215,-0.35487809342029,2,2,25.0641350055637,44.3375841136734,58.8573201405549,66.8278633713964,71.6223976612945,"(117.42672236773333, 23.926184271833332)",117.4267223677333,23.92618427183333,698,1,1642,2020,14484,0.7592615085630997,1.7592615085630998,11594,7670,False,762,0.7592615085630997,3.3306690738754696e-16,False
699,0.381806492628395,0.368713114286248,0.539629730613064,0.189432928436692,2018,2761,10706,8149,2.57763096771756,9188,-0.221380919321952,-0.122202382989119,-0.110013498492514,-0.338217271310974,2,2,15.7012711468261,19.8756978763512,24.5835056530329,42.0807971104641,54.7484129636232,"(117.42584367706667, 23.925671272166667)",117.4258436770667,23.92567127216667,699,1,1647,2019,11949,3.3277797899311845,4.327779789931184,10712,8201,True,763,3.3277797899311845,-0.7501488222136246,True
700,0.351586543303994,0.0515281816930067,0.686486002833904,0.202405586487675,2018,306,11796,8443,5.52764864545166,1956,-0.239120393286483,-0.71228357177537,0.0787803341348636,-0.332428632131296,2,0,128.055250121284,134.403918642236,157.428668635188,174.385828666635,188.062122253271,"(117.4269573664, 23.925373205166665)",117.4269573664,23.92537320516666,700,1,1652,2019,2262,6.392156862745098,7.392156862745098,11791,8477,True,764,6.392156862745098,-0.8645082172934382,True
701,0.374703018131618,0.0365309894360253,0.679311692163823,0.232487769852508,2018,838,11788,9013,3.17486898724348,3424,-0.225550744345171,-0.740183891513459,0.0695572646167493,-0.319005407334065,2,0,205.419261456482,224.358660567462,233.259844055278,238.599593182451,243.405140966636,"(117.42694919253334, 23.924795320166666)",117.4269491925333,23.92479532016667,701,1,1659,2019,4262,4.085918854415274,5.085918854415274,11789,9055,True,765,4.085918854415274,-0.9110498671717941,True
702,0.166543031691887,0.782892840608405,0.39023845181404,0.199196219815269,2018,2241,8710,9071,1.85792515383974,4973,-0.34774316168728,0.648324966091365,-0.302066256328829,-0.333860710706776,0,1,4.62145312592129,6.96679838442294,18.6269634256313,28.3273717421199,34.7244933511975,"(117.42380429733333, 23.92473651783333)",117.4238042973333,23.92473651783333,702,1,1660,2019,7214,2.2190986166889783,3.2190986166889783,8703,9111,True,766,2.2190986166889783,-0.36117346284923824,True
703,0.290978725688934,0.0449990807274608,0.788979559577307,0.221367630299841,2018,322,13998,9193,5.1180084689272,1855,-0.27469791166972,-0.724430112369073,0.210542846587177,-0.323967418607706,2,0,3.18086897164564,11.044865080788,25.5119816863266,36.6486706472342,46.6764363787113,"(117.42920722320001, 23.924612830166666)",117.4292072232,23.92461283016667,703,1,1662,2019,2177,5.760869565217392,6.760869565217392,13997,9219,True,767,5.760869565217392,-0.6428610962901917,True
704,0.286902418523318,0.0417130285759899,0.783378136113111,0.226206540893966,2018,406,13918,9267,3.02209944488648,1365,-0.277090753036183,-0.730543383715541,0.203341831690216,-0.321808207492911,2,0,38.6027586046579,39.1208448828415,41.830717589916,53.1056840383651,63.1887378225853,"(117.42912548453334, 23.9245378065)",117.4291254845333,23.9245378065,704,1,1663,2019,1771,3.3620689655172415,4.362068965517241,13904,9295,True,769,3.3620689655172415,-0.3399695206307616,True
705,0.033761412655333,0.634782150235013,0.286219751602078,0.315423378935099,2018,2375,8944,10267,1.57837795221408,4859,-0.42568757015011,0.372784348405209,-0.435789445546128,-0.28199800960268,0,1,9.18677461383835,31.2037308974624,45.0431505713509,53.6416666296593,62.4185953362427,"(117.42404338293333, 23.923523973166667)",117.4240433829333,23.92352397316667,705,1,1673,2019,7234,2.045894736842105,3.045894736842105,8946,10305,True,770,2.045894736842105,-0.46751678462802526,True
706,0.166977190873061,0.574847748850625,0.278333451598271,0.412233387573903,2018,1603,9748,10390,1.68919793683349,3187,-0.347488305022624,0.261284213361134,-0.445927826293864,-0.238799599007935,0,2,206.086813738747,214.788991967469,217.985345374955,221.79962335996,225.997909994788,"(117.42486485653333, 23.923399271666664)",117.4248648565333,23.92339927166666,706,1,1675,2019,4790,1.9881472239550841,2.9881472239550844,9748,10419,True,771,1.9881472239550841,-0.2989492871215942,True
707,0.55164522076051,0.502259044615036,0.689520400408412,0.725425232931328,2018,945,8686,12205,0.0634485424350573,693,-0.121683541820531,0.126242398677209,0.082681260796989,-0.099047623763787,1,2,211.575653355086,233.036715068486,264.934496413037,281.871663311897,292.45642730765,"(117.42377977573334, 23.921559164166666)",117.4237797757333,23.92155916416667,707,1,1698,2019,1638,0.7333333333333333,1.7333333333333334,8670,12225,True,772,0.7333333333333333,-0.669884790898276,True
708,0.564753894302983,0.514351383238299,0.703870643387345,0.710303387464267,2018,2632,8450,12335,1.77631367281983,7123,-0.113988592682134,0.148738617181925,0.101129484561329,-0.105795269989847,1,2,241.747406856104,284.934786132923,300.815326572468,316.063136213559,327.581410188915,"(117.42353864666667, 23.92142736583333)",117.4235386466667,23.92142736583333,708,1,1708,2019,9755,2.7063069908814588,3.7063069908814588,8454,12377,True,773,2.7063069908814588,-0.9299933180616287,True
709,0.859296995818818,0.225158160856068,0.525184110599873,0.897376099987787,2018,191,9622,12811,7.78886079679902,1634,0.058911752870506,-0.389267646410276,-0.128584335990472,-0.0223199768844132,1,0,557.837975634596,563.566930287215,580.486692721879,607.074978499421,623.552457310728,"(117.42473611813334, 23.920944781166664)",117.4247361181333,23.92094478116666,709,1,1730,2019,1825,8.55497382198953,9.55497382198953,9620,12845,True,774,8.55497382198953,-0.7661130251905091,True
710,0.899644171384988,0.0870754834431806,0.479314701919817,0.922514703748507,2018,565,10066,12975,0.852914869557534,999,0.0825960305248195,-0.646152454186044,-0.187552613845412,-0.0111026684438586,1,0,586.060737738601,616.397083783655,641.515139122123,656.341536922095,670.080008303504,"(117.42518976773334, 23.9207785125)",117.4251897677333,23.9207785125,710,1,1738,2019,1564,1.7681415929203539,2.768141592920354,10016,12977,True,775,1.7681415929203539,-0.9152267233628198,True
711,0.777656241314082,0.726201618211175,0.85521098426445,0.714254471166617,2018,1418,7466,14035,2.96619628499697,5645,0.0109876473918779,0.542858342464565,0.295687895674722,-0.104032223601687,1,1,135.800657165005,145.334033279638,209.814214318159,242.598082528362,265.300272531292,"(117.42253326106668, 23.919703849166666)",117.4225332610667,23.91970384916667,711,1,1769,2019,7063,3.980959097320169,4.980959097320169,7480,14077,True,777,3.980959097320169,-1.014762812323199,True
712,0.824472773872493,0.801962722695322,0.805408947983044,0.784054717920371,2018,1750,8110,14163,1.25446543003662,3950,0.0384695154623495,0.683801993956028,0.231663954715119,-0.0728860666982923,1,1,11.4969448861164,13.9742785557966,20.8051377046504,44.6676162883456,67.1181724422294,"(117.42319125733334, 23.9195740785)",117.4231912573333,23.9195740785,712,1,1772,2019,5700,2.257142857142857,3.257142857142857,8122,14201,True,778,2.257142857142857,-1.002677427106237,True
713,0.832625607715781,0.801938438809885,0.803579432897016,0.800993682086686,2018,977,8222,14253,3.74048659769675,4233,0.0432553270514964,0.683756816955122,0.229311987313813,-0.0653275886091494,1,1,6.98502364935115,33.8411465472696,67.7882984244097,85.2153697887544,103.118194695741,"(117.42330569146667, 23.9194828335)",117.4233056914667,23.9194828335,713,1,1775,2019,5210,4.332650972364381,5.332650972364381,8230,14291,True,779,4.332650972364381,-0.592164374667631,True
714,0.847022432569509,0.769070779938973,0.796532097435104,0.835452040144967,2018,1605,8490,14395,1.34338380779863,2939,0.0517064365130992,0.622610825370332,0.22025215315389,-0.0499516339867705,1,1,28.8032333655726,36.1021008552433,43.1011407843878,47.5759311597647,59.1435752196372,"(117.423579516, 23.919338869166666)",117.423579516,23.91933886916667,714,1,1779,2019,4544,1.831152647975078,2.831152647975078,8492,14423,True,780,1.831152647975078,-0.48776884017644795,True
715,0.967736053336019,0.0341497340748926,0.528422547190696,0.987696370637945,2018,3881,11650,14767,1.6712532211083,7493,0.122566784747457,-0.744613906466605,-0.124421103147528,0.0179825929782871,1,0,441.82282083268,453.346551036771,525.200673952089,570.17249077112,608.248711911203,"(117.42680819333334, 23.918961723166667)",117.4268081933333,23.91896172316667,715,1,1790,2019,11374,1.9306879670188095,2.9306879670188097,11662,14803,True,782,1.9306879670188095,-0.2594347459105095,True
716,0.961598865780409,0.0602738034576445,0.543355368992681,0.99120737210858,2018,941,11694,14943,4.05440536373073,4284,0.118964181788415,-0.69601348339078,-0.10522393426053,0.0195492665615231,1,0,476.880666865044,489.460690856224,564.924755568351,610.199308548041,649.166264545758,"(117.4268531496, 23.9187832885)",117.4268531496,23.9187832885,716,1,1792,2019,5225,4.552603613177471,5.552603613177471,11706,14981,True,783,4.552603613177471,-0.49819824944674096,True
717,0.961473754037281,0.0604371427454013,0.543371925621926,0.990923053352588,2019,5225,11686,14947,0.492057416267943,2571,0.118890739689421,-0.695709611954306,-0.105202649575556,0.0194223982910433,1,0,452.196278310804,464.797301044453,478.912696532569,503.998500588395,541.48529645399,"(117.42684497573335, 23.918779233166667)",117.4268449757333,23.91877923316667,717,1,1792,2020,7796,0.4920574162679426,1.4920574162679425,11694,14943,False,784,0.4920574162679426,4.440892098500626e-16,False
718,0.864725575316307,0.36210688879224,0.777417728504047,0.909601033510134,2018,172,9236,15091,7.57209816307311,1460,0.0620983943710043,-0.134492403706761,0.195679317998977,-0.0168649861740813,1,0,334.367984181217,348.043433090693,366.676356082842,376.219670779695,382.689488010581,"(117.42434172906667, 23.918633241166667)",117.4243417290667,23.91863324116667,718,1,1795,2019,1632,8.488372093023257,9.488372093023257,9239,15119,True,785,8.488372093023257,-0.9162739299501466,True
719,0.352731240156884,0.671822294280721,0.533148580818232,0.288331977553286,2019,143,7714,1023,8.37762237762238,1198,-0.238448442456878,0.441692704336904,-0.118345462058622,-0.294086692342551,0,1,366.893639811973,368.675222024218,404.325374581817,437.392091875046,458.090383925093,"(117.42278665093333, 23.9328958485)",117.4227866509333,23.9328958485,719,1,1814,2020,1341,8.377622377622378,9.377622377622378,7756,1065,True,786,8.377622377622378,1.7763568394002505e-15,False
720,0.433373653191819,0.347323693749986,0.576493927495967,0.118945130592418,2019,6430,12054,4330,0.913685847589424,5875,-0.191110375436527,-0.161994609543816,-0.0626220394080323,-0.369670226186301,2,2,51.9604808656017,62.2926859810716,66.0129112209457,74.1248191448148,79.3820365666311,"(117.4272209736, 23.929543101666667)",117.4272209736,23.92954310166667,720,1,1821,2020,12305,0.9136858475894246,1.9136858475894245,12086,4367,True,787,0.9136858475894246,-6.661338147750939e-16,False
721,0.433179304358887,0.35003215236537,0.575994736476605,0.118892970661953,2020,12305,12041,4313,0.537667614790736,6616,-0.191224460540536,-0.156955875621376,-0.0632637837770897,-0.369693500908868,2,2,44.75551059971,48.1985770285271,53.2223472659252,61.2171166677363,67.3139971470194,"(117.42720769106667, 23.929560336833333)",117.4272076910667,23.92956033683333,721,1,1821,2021,18921,0.5376676147907354,1.5376676147907355,12054,4330,False,788,0.5376676147907354,5.551115123125783e-16,False
722,0.728600414160061,0.498657792061081,0.536695250351739,0.233020470612757,2019,200,5048,4379,0.72,144,-0.0178087135571657,0.119542738101331,-0.113785974580371,-0.318767706434242,2,2,15.9509289012228,17.8026547818055,36.5456380507932,46.6926360289156,53.5830197016206,"(117.42006270986667, 23.929493423833332)",117.4200627098667,23.92949342383333,722,1,1823,2020,344,0.72,1.72,5090,4411,True,789,0.72,0.0,False
723,0.547194032541631,0.366465657425766,0.511274817925602,0.214054009179076,2019,360,5906,4547,0.0749999999999999,27,-0.124296442877128,-0.126383483286464,-0.146465687827884,-0.327230891181993,2,2,30.3462304133873,33.0021317445839,40.7486991147206,47.8810102114872,55.2338350995722,"(117.42093935706667, 23.929323099833333)",117.4209393570667,23.92932309983333,723,1,1824,2020,387,0.075,1.075,5938,4571,True,790,0.075,-9.71445146547012e-17,False
724,0.409953148844272,0.555702064737448,0.534730126239343,0.16544435832168,2019,1916,7134,4757,1.65970772442589,3180,-0.20485849336517,0.225666165715355,-0.116312276706642,-0.348921413537377,0,2,69.7760743010683,77.8976776898898,80.9305175524738,86.3666128785192,90.6523573485809,"(117.42219404560001, 23.92911019483333)",117.4221940456,23.92911019483333,724,1,1826,2020,5096,1.6597077244258873,2.6597077244258873,7176,4791,True,791,1.6597077244258873,2.6645352591003757e-15,False
725,0.422509883338503,0.534008577579698,0.519888192818982,0.170644271109551,2020,3533,7014,4790,1.540333993773,5442,-0.197487539090932,0.185308262878337,-0.135392602331527,-0.34660111658848,0,2,24.055506546644,27.7949509116646,32.6556057414691,42.2742739729234,49.5695381130798,"(117.42207143760001, 23.929076738333332)",117.4220714376,23.92907673833333,725,1,1828,2021,8975,1.5403339937729974,2.5403339937729976,7033,4807,False,793,1.5403339937729974,2.6645352591003757e-15,False
726,0.349292405913096,0.628032038807666,0.8122000746139,0.0521779971638266,2019,940,9145,4832,4.76489361702128,4479,-0.240467079545948,0.360226646679205,0.240394414811295,-0.399462952007072,0,1,40.9420993761157,42.8402332302279,56.6312266018643,68.7456596161617,79.8311409091604,"(117.42424875133334, 23.929034157333334)",117.4242487513333,23.92903415733333,726,1,1829,2020,5419,4.764893617021277,5.764893617021277,9199,4875,True,794,4.764893617021277,3.552713678800501e-15,False
727,0.746338535547226,0.522579626800819,0.531398343678888,0.221048166329791,2019,475,4900,4971,0.233684210526316,111,-0.0073962228163818,0.164046190915956,-0.120595512210015,-0.324109969320617,2,2,33.3762891253155,37.8107599960662,39.5756998003907,40.8149832388593,48.0895662113003,"(117.41991149333334, 23.9288932345)",117.4199114933333,23.9288932345,727,1,1832,2020,586,0.2336842105263158,1.2336842105263157,4932,4993,True,795,0.2336842105263158,1.942890293094024e-16,False
728,0.746569587355307,0.522564273142962,0.531243525150431,0.221108896056402,2020,586,4900,4969,0.213310580204778,125,-0.0072605926242224,0.164017627438472,-0.120794542070348,-0.324082870597021,2,2,29.0789870681405,29.8236351717011,30.479619738983,33.2780430947748,35.0226611852567,"(117.41991149333334, 23.928895262166666)",117.4199114933333,23.92889526216667,728,1,1832,2021,711,0.21331058020477817,1.213310580204778,4900,4971,False,796,0.21331058020477817,-1.6653345369377348e-16,False
729,0.735897061812517,0.522147401927872,0.535802053655044,0.220140670044189,2019,284,4950,4993,0.742957746478873,211,-0.0135254935666353,0.163242092925656,-0.114934240331021,-0.324514910893393,2,2,20.7671892065607,21.7537916448637,33.2071141380497,40.1836771496494,46.6613252645824,"(117.41996258, 23.928870930166667)",117.41996258,23.92887093016667,729,1,1833,2020,495,0.7429577464788732,1.7429577464788732,4982,5017,True,797,0.7429577464788732,-2.220446049250313e-16,False
730,0.736203845185465,0.522061144877008,0.535469230419146,0.220263479001132,2020,495,4950,4989,0.496969696969697,246,-0.0133454080344345,0.163081622935172,-0.115362107478555,-0.324460111272762,2,2,11.6237484214701,14.7133194316132,15.9509362435276,18.9049933706533,24.5813774125143,"(117.41996258, 23.9288749855)",117.41996258,23.9288749855,730,1,1833,2021,741,0.49696969696969695,1.496969696969697,4950,4993,False,798,0.49696969696969695,5.551115123125783e-17,False
731,0.535699726746391,0.389274927159321,0.534191726393588,0.176241106268442,2019,636,6346,5817,0.0943396226415094,60,-0.131043738718236,-0.083949812526376,-0.117004426717186,-0.344103705560175,2,2,20.4859651382864,23.8791618959609,25.0628621432994,33.5714722625548,38.7560135874951,"(117.42138891973333, 23.9280355315)",117.4213889197333,23.9280355315,731,1,1843,2020,696,0.09433962264150944,1.0943396226415094,6374,5835,True,801,0.09433962264150944,-4.163336342344337e-17,False
732,0.535699726746391,0.389274927159321,0.534191726393588,0.176241106268442,2019,336,6346,5817,1.07142857142857,360,-0.131043738718236,-0.083949812526376,-0.117004426717186,-0.344103705560175,2,2,23.9303339612932,27.3235307189677,28.5072309663062,37.0158410855616,42.2003824105019,"(117.42138891973333, 23.9280355315)",117.4213889197333,23.9280355315,732,1,1844,2020,696,1.0714285714285714,2.0714285714285716,6340,5859,True,803,1.0714285714285714,-1.3322676295501878e-15,False
733,0.543396901380562,0.516641514416029,0.551415099118601,0.180542779686026,2019,154,6012,5877,0.279220779220779,43,-0.126525404568911,0.15299910747944,-0.0948625971694824,-0.342184219577784,2,2,74.2581227942099,81.3627877075452,84.7183978612321,92.3594800825819,98.0245562050554,"(117.4210476608, 23.9279747015)",117.4210476608,23.9279747015,733,1,1846,2020,197,0.2792207792207792,1.2792207792207793,6042,5895,True,805,0.2792207792207792,-2.220446049250313e-16,False
734,0.539639349306055,0.506855296906497,0.547665670100001,0.179159164013087,2020,197,6078,5879,0.873096446700508,172,-0.128731132860529,0.134793126462205,-0.0996827459032139,-0.342801614398685,2,2,41.7666058716292,51.2382972939841,64.4456503550498,75.7170148239468,82.976460343968,"(117.42111509520001, 23.927972673833334)",117.4211150952,23.92797267383333,734,1,1846,2021,369,0.8730964467005076,1.8730964467005076,6012,5877,False,806,0.8730964467005076,4.440892098500626e-16,False
735,0.528908900259428,0.414686166199666,0.531340314811837,0.171086902159427,2019,325,6478,5973,0.233846153846154,76,-0.13503003559683,-0.036675517310444,-0.12067011230743,-0.346403606453905,2,2,56.6190903017456,59.4038395630351,61.3247237403042,69.6638058708814,79.5270093480973,"(117.42152378853334, 23.9278773735)",117.4215237885333,23.9278773735,735,1,1847,2020,401,0.23384615384615384,1.2338461538461538,6508,5991,True,807,0.23384615384615384,1.6653345369377348e-16,False
736,0.528961526509687,0.413648574182854,0.531256725409712,0.171130577877257,2020,401,6480,5971,0.0748129675810473,30,-0.134999143354546,-0.0386058218988431,-0.120777572229676,-0.346384117543425,2,2,56.6716326506691,58.6315137686348,60.193831626976,64.2881127092973,68.6968689616449,"(117.421525832, 23.927879401166667)",117.421525832,23.92787940116667,736,2,1847,2021,431,0.07481296758104738,1.0748129675810474,6478,5973,False,808,0.07481296758104738,-8.326672684688674e-17,False
737,0.528908900259428,0.414686166199666,0.531340314811837,0.171086902159427,2019,192,6478,5973,1.08854166666667,209,-0.13503003559683,-0.036675517310444,-0.12067011230743,-0.346403606453905,2,2,58.7047652601301,61.4895145214195,63.4103986986886,71.7494808292658,81.6126843064817,"(117.42152378853334, 23.9278773735)",117.4215237885333,23.9278773735,737,1,1849,2020,401,1.0885416666666667,2.0885416666666665,6448,6055,True,809,1.0885416666666667,3.3306690738754696e-15,False
738,0.528961526509687,0.413648574182854,0.531256725409712,0.171130577877257,2020,401,6480,5971,0.0748129675810473,30,-0.134999143354546,-0.0386058218988431,-0.120777572229676,-0.346384117543425,2,2,56.6716326506691,58.6315137686348,60.193831626976,64.2881127092973,68.6968689616449,"(117.421525832, 23.927879401166667)",117.421525832,23.92787940116667,738,2,1849,2021,431,0.07481296758104738,1.0748129675810474,6478,5973,False,810,0.07481296758104738,-8.326672684688674e-17,False
739,0.424147949340904,0.871561795006867,0.624225239387821,0.00352278044929736,2019,1558,9976,6129,3.18613607188703,4964,-0.196525974632639,0.813281988457167,-0.0012601569897942,-0.421173806687939,0,1,15.3130986206682,23.9723900655019,36.51348093725,45.5987119795156,51.049850604875,"(117.42509781173334, 23.927719215499998)",117.4250978117333,23.9277192155,739,1,1851,2020,6522,3.186136071887035,4.186136071887034,10020,6169,True,811,3.186136071887035,-4.884981308350689e-15,False
740,0.518585519437298,0.44750056696231,0.5282603769578,0.164300400441546,2019,166,6562,6231,0.487951807228916,81,-0.141089984386096,0.024371394511691,-0.124629584129263,-0.349431868632919,2,2,3.21767600369353,12.4369992973809,29.9148832232579,42.0731450037123,64.7644912812026,"(117.42160961413335, 23.9276158045)",117.4216096141333,23.9276158045,740,1,1854,2020,247,0.4879518072289157,1.4879518072289157,6590,6251,True,812,0.4879518072289157,3.3306690738754696e-16,False
741,0.51296772829401,0.401756368337292,0.517867110840811,0.160000252886396,2019,224,6748,6301,0.321428571428571,72,-0.144387695399929,-0.0607297194789303,-0.137990842140714,-0.351350673747362,2,2,59.7332703533626,62.3595391534722,95.7782045182643,112.632113477972,130.159802811018,"(117.42179965653334, 23.927544836166668)",117.4217996565333,23.92754483616667,741,1,1855,2020,296,0.32142857142857145,1.3214285714285714,6776,6321,True,813,0.32142857142857145,-4.440892098500626e-16,False
742,0.466019780891797,0.530669312042727,0.564071096791339,0.132074690540941,2019,1509,7848,6361,0.869449966865474,1312,-0.171946705565351,0.179095994970088,-0.0785924422062238,-0.363811574487377,2,2,50.3406454897938,67.3990457748985,77.3600636883994,84.5589958467518,89.6640931817037,"(117.4229235632, 23.927484006166665)",117.4229235632,23.92748400616667,742,1,1858,2020,2821,0.8694499668654738,1.8694499668654738,7883,6383,True,814,0.8694499668654738,2.220446049250313e-16,False
743,0.437102386415601,0.727253938525529,0.472001173531216,0.0770010529787259,2019,2732,11362,6413,2.28660322108345,6247,-0.188921564157133,0.544816047129163,-0.19695465731031,-0.388386446877225,0,1,52.1470429142901,58.6420089353666,61.5694243844472,66.3704605643438,70.9036604789165,"(117.42651393413334, 23.927431286833333)",117.4265139341333,23.92743128683333,743,1,1861,2020,8979,2.2866032210834555,3.2866032210834555,11404,6457,True,816,2.2866032210834555,-5.329070518200751e-15,False
744,0.395637179718378,0.939742088993298,0.545637306430137,0.0589425663108222,2019,2838,9010,6502,1.80373502466526,5119,-0.213262139541398,0.940122530970901,-0.102290346827606,-0.396444476545525,0,1,0.286278292562731,0.471240263870869,8.57539918155635,14.3133453820749,18.546389503651,"(117.42411081733334, 23.927341055666666)",117.4241108173333,23.92734105566667,744,1,1863,2020,7957,1.8037350246652573,2.803735024665257,9053,6541,True,817,1.8037350246652573,2.6645352591003757e-15,False
745,0.508369677548181,0.426564925981713,0.500504189659954,0.152701904337534,2019,204,6766,6575,0.607843137254902,124,-0.147086806527404,-0.0145766343774222,-0.160312070820764,-0.354607331418508,2,2,82.2934337709267,86.3564229841907,89.135745150061,90.786711258603,96.6595030180717,"(117.42181804773334, 23.927267045833332)",117.4218180477333,23.92726704583333,745,1,1866,2020,328,0.6078431372549019,1.607843137254902,6794,6595,True,818,0.6078431372549019,1.1102230246251565e-16,False
746,0.508374857502061,0.42602833655683,0.500830347052151,0.152774351474456,2020,328,6765,6573,0.304878048780488,100,-0.147083765832133,-0.0155748890017402,-0.159892773073508,-0.354575004170415,2,2,9.68837547357457,17.1460660603761,22.6455455806231,37.3562566012741,47.3796594488186,"(117.421817026, 23.9272690735)",117.421817026,23.9272690735,746,1,1866,2021,428,0.3048780487804878,1.3048780487804879,6766,6575,False,819,0.3048780487804878,2.220446049250313e-16,False
747,0.508951143863527,0.449242031218597,0.506596546529091,0.153317854437922,2020,263,6690,6587,0.893536121673004,235,-0.146745478802079,0.0276111615781061,-0.1524799272857,-0.354332483128372,2,2,39.9824847543704,40.7132174436731,47.4371745221442,50.937960688161,53.8633919434285,"(117.421740396, 23.92725487983333)",117.421740396,23.92725487983333,747,1,1869,2021,498,0.8935361216730038,1.8935361216730038,6694,6589,False,821,0.8935361216730038,2.220446049250313e-16,False
748,0.50741515009743,0.425626960336765,0.490456324695014,0.150238434258432,2019,253,6827,6637,0.268774703557312,68,-0.147647125629175,-0.0163215970977081,-0.173229291908882,-0.355706577183086,2,2,39.2982655014164,52.2265648212021,62.9105584600412,70.1260086122233,77.0812012342385,"(117.42188037346668, 23.927204188166666)",117.4218803734667,23.92720418816667,748,1,1870,2020,321,0.26877470355731226,1.2687747035573123,6854,6655,True,822,0.26877470355731226,-2.7755575615628914e-16,False
749,0.507394698342835,0.42581542260195,0.490833523741262,0.15030215398623,2020,321,6826,6635,0.451713395638629,145,-0.147659131055269,-0.0159709876391426,-0.172744376606813,-0.355678144265838,2,2,5.88532553152773,6.19753407111707,17.268680922697,29.2105316491869,36.5010598661593,"(117.42187935173334, 23.927206215833333)",117.4218793517333,23.92720621583333,749,1,1870,2021,466,0.4517133956386293,1.4517133956386292,6827,6637,False,823,0.4517133956386293,-2.7755575615628914e-16,False
750,0.49655603497984,0.4279626251785,0.457730791342907,0.136551366084961,2019,244,7278,6805,0.463114754098361,113,-0.154021556897688,-0.011976397358397,-0.215300214538788,-0.36181399932992,2,2,10.496612602399,40.2774760142488,57.0806445763938,65.9305166678363,75.5965988519471,"(117.4223411752, 23.927033864166667)",117.4223411752,23.92703386416667,750,1,1872,2020,357,0.46311475409836067,1.4631147540983607,7304,6825,True,824,0.46311475409836067,3.3306690738754696e-16,False
751,0.496642571100438,0.427882225827776,0.457746369754246,0.136657002698987,2020,357,7276,6803,0.439775910364146,157,-0.153970759153395,-0.0121259698619367,-0.215280187420174,-0.361766862325278,2,2,6.80011696223561,7.71733998511494,12.0488582357603,20.4486357108307,30.1396226891443,"(117.42233913173334, 23.927035891833334)",117.4223391317333,23.92703589183333,751,1,1872,2021,514,0.43977591036414565,1.4397759103641457,7278,6805,False,825,0.43977591036414565,3.3306690738754696e-16,False
752,0.511080804325509,0.468547421723033,0.423468812392138,0.132002337630013,2020,313,6965,7173,0.543130990415335,170,-0.145495342479444,0.0635263221303543,-0.259346343598819,-0.363843859690094,2,2,62.2793337927277,71.8951755644913,75.4675536154047,78.2728871028137,82.5606613646201,"(117.42202137266668, 23.9266607735)",117.4220213726667,23.9266607735,752,1,1876,2021,483,0.5431309904153354,1.5431309904153354,6968,7175,False,828,0.5431309904153354,-4.440892098500626e-16,False
753,0.392948128314105,0.562178991377634,0.576060601841184,0.0972439493357568,2019,652,10542,7315,4.33282208588957,2825,-0.214840645079687,0.237715642783119,-0.0631791093234336,-0.37935369333497,0,2,41.1768358063383,41.1768358063383,43.0404284895936,46.5423730939292,52.8389965283918,"(117.4256761128, 23.926516809166667)",117.4256761128,23.92651680916667,753,1,1883,2020,3477,4.33282208588957,5.33282208588957,10577,7351,True,831,4.33282208588957,0.0,False
754,0.346757556185021,0.207129397642432,0.685904347811449,0.169527929772734,2020,3239,12606,7725,1.51651744365545,4912,-0.24195506684442,-0.422807808430175,0.0780325766213748,-0.34709924867327,2,0,11.9079116583024,16.9446767918378,19.6405402472678,24.4006736615084,28.9383550142017,"(117.42778497040001, 23.926101137499998)",117.4277849704,23.9261011375,754,1,1886,2021,8151,1.5165174436554492,2.516517443655449,12627,7741,False,834,1.5165174436554492,8.881784197001252e-16,False
755,0.346634910732307,0.239375425612169,0.671516833612523,0.169923293336654,2019,619,11942,7861,3.61550888529887,2238,-0.242027061201258,-0.362818280042273,0.059536438141763,-0.346922830162327,2,0,25.4055144709765,42.4059462142088,49.2754072004203,56.315836228454,65.7092863547439,"(117.42710653946668, 23.925963256166668)",117.4271065394667,23.92596325616667,755,1,1889,2020,2857,3.615508885298869,4.615508885298869,11970,7895,True,835,3.615508885298869,8.881784197001252e-16,False
756,0.32980256055485,0.144469223557884,0.711550155236994,0.183999376306392,2019,1423,12590,8119,1.64862965565706,2346,-0.251907853340567,-0.539378887992707,0.111002024922577,-0.340641822441719,2,0,71.8591472699969,72.8268588649941,81.3181201206539,87.0325202010646,91.3163923860129,"(117.42776862266668, 23.925701687166665)",117.4277686226667,23.92570168716667,756,1,1892,2020,3769,1.6486296556570625,2.6486296556570625,12610,8151,True,836,1.6486296556570625,-2.4424906541753444e-15,False
757,0.330038994943938,0.145807214149932,0.710004372024972,0.183412912416747,2020,3769,12574,8105,0.991244361899708,3736,-0.251769063508574,-0.536889731043526,0.109014814348623,-0.340903513441029,2,0,58.9366602168668,64.7655337885995,72.9164917418492,78.8692409098846,83.5270571397485,"(117.42775227493334, 23.925715880833334)",117.4277522749333,23.92571588083333,757,1,1892,2021,7505,0.9912443618997081,1.9912443618997082,12590,8119,False,837,0.9912443618997081,-1.1102230246251565e-16,False
758,0.465162012325079,0.593548899893986,0.350398148799451,0.116834339875435,2019,262,7062,8165,0.137404580152672,36,-0.172450226037657,0.296075265222004,-0.35328370441882,-0.370612099917683,0,2,66.9561489478703,69.9041300811712,80.5853705025794,88.989738198253,94.3390981945019,"(117.4221204808, 23.92565505083333)",117.4221204808,23.92565505083333,758,1,1893,2020,298,0.13740458015267176,1.1374045801526718,7090,8181,True,838,0.13740458015267176,2.498001805406602e-16,False
759,0.466119197623615,0.593287062624752,0.3498922956531,0.116831880674035,2020,298,7062,8161,0.805369127516778,240,-0.171888346747247,0.295588151140529,-0.353934013410066,-0.370613197258685,0,2,60.3939528292951,64.3232881668669,67.2350057480237,75.6798207116084,82.9238167304222,"(117.4221204808, 23.925659106166666)",117.4221204808,23.92565910616667,759,1,1893,2021,538,0.8053691275167785,1.8053691275167785,7062,8165,False,839,0.8053691275167785,-4.440892098500626e-16,False
760,0.321770740599985,0.116170990116078,0.717610730402049,0.189526760440268,2019,1303,12570,8263,1.53338449731389,1998,-0.256622628320751,-0.592024059670221,0.118793310892415,-0.338175401741139,2,0,47.2846304748239,51.1227748409383,54.6259504402035,62.6815467094279,70.7935999288374,"(117.42774818800001, 23.925555695166665)",117.427748188,23.92555569516666,760,1,1895,2020,3301,1.533384497313891,2.533384497313891,12586,8298,True,840,1.533384497313891,-1.1102230246251565e-15,False
761,0.316959791789376,0.102490370086504,0.723557399377005,0.192480574957476,2019,369,12656,8341,0.441734417344174,163,-0.259446713174579,-0.617475068532412,0.126438162625135,-0.336857355248538,2,0,7.22249330581755,14.4176173791456,27.2768659564021,36.0538084334342,47.3573326801431,"(117.42783605706667, 23.925476616166666)",117.4278360570667,23.92547661616667,761,1,1896,2020,532,0.44173441734417346,1.4417344173441735,12666,8366,True,841,0.44173441734417346,5.551115123125783e-16,False
762,0.378984922872387,0.287982658069484,0.612578457200717,0.20607861593116,2019,3668,11072,8375,0.84896401308615,3114,-0.22303721472763,-0.272390865103227,-0.0162328960742582,-0.330789658679509,2,0,26.5351315652841,27.7312077271725,34.4555088088185,42.6017625221168,53.0807004994619,"(117.42621763146667, 23.925442145833333)",117.4262176314667,23.92544214583333,762,1,1898,2020,6782,0.8489640130861504,1.8489640130861504,11102,8402,True,842,0.8489640130861504,-4.440892098500626e-16,False
763,0.383112478667663,0.248899723014735,0.630393955265162,0.216784035202132,2019,2447,11174,8561,1.26031875766244,3084,-0.220614289798754,-0.345099567215308,0.0066701512991238,-0.326012703241133,2,0,121.494630306697,124.146112463809,128.276614016589,134.442048075014,138.448252305818,"(117.42632184826667, 23.925253572833334)",117.4263218482667,23.92525357283333,763,1,1900,2020,5531,1.2603187576624437,2.2603187576624437,11198,8591,True,843,1.2603187576624437,-3.774758283725532e-15,False
764,0.373210861248448,0.0279095731705791,0.671255378887842,0.221261382683652,2019,281,11644,8773,1.46975088967971,413,-0.226426658394392,-0.75622291177001,0.0592003201211667,-0.324014828252776,2,0,221.084061762778,226.14950715304,233.695508239594,240.524341752407,245.229779822887,"(117.42680206293333, 23.925038640166665)",117.4268020629333,23.92503864016667,764,1,1902,2020,694,1.4697508896797153,2.469750889679715,11658,8791,True,844,1.4697508896797153,-5.329070518200751e-15,False
765,0.330660400092129,0.0483883459004682,0.717753525275419,0.212597760697792,2019,1332,12550,8858,3.05630630630631,4071,-0.251404291207687,-0.718124826660673,0.118976883517645,-0.327880696100998,2,0,19.1661528017342,24.2838197562084,32.8894970008943,42.1006136374326,48.9726020109336,"(117.42772775333334, 23.924952464333334)",117.4277277533333,23.92495246433333,765,1,1904,2020,5403,3.0563063063063063,4.056306306306307,12582,8893,True,845,3.0563063063063063,3.552713678800501e-15,False
766,0.331074354523939,0.0513094677110457,0.716776146339777,0.212050389945262,2020,5403,12526,8839,0.847862298722932,4581,-0.251161294974081,-0.712690460606515,0.117720395712265,-0.328124943021826,2,0,19.8688192596844,19.966486423686,27.2976306939196,32.5262689044755,38.79319933846,"(117.42770323173333, 23.924971727166668)",117.4277032317333,23.92497172716667,766,1,1904,2021,9984,0.8478622987229317,1.8478622987229316,12550,8858,False,846,0.8478622987229317,2.220446049250313e-16,False
767,0.385152641385544,0.103577222342207,0.654225591290864,0.233483790218091,2019,2989,11470,8920,0.984944797591168,2944,-0.219416689729054,-0.615453121695792,0.0373073575623134,-0.318560964684817,2,0,105.930465140962,210.228355497843,245.976914980131,264.490101522181,277.723084285184,"(117.42662428133333, 23.924889606666667)",117.4266242813333,23.92488960666667,767,1,1905,2020,5933,0.9849447975911676,1.9849447975911676,11494,8941,True,847,0.9849447975911676,4.440892098500626e-16,False
768,0.385295120786999,0.107631176731016,0.653419008294786,0.233116874938705,2020,5933,11462,8911,0.500589920782066,2970,-0.219333052605594,-0.607911268413305,0.0362704396775084,-0.318724689046742,2,0,97.5651520458536,196.795898852482,231.379919663369,249.097224070808,259.727606715271,"(117.42661610746667, 23.924898731166667)",117.4266161074667,23.92489873116667,768,1,1905,2021,8903,0.5005899207820664,1.5005899207820663,11470,8920,False,848,0.5005899207820664,-4.440892098500626e-16,False
769,0.387729227767436,0.272260387990228,0.608445221487202,0.248209272832834,2019,1364,11118,9049,1.81671554252199,2478,-0.217904202512471,-0.301640097539761,-0.0215464546966197,-0.311990182870606,2,0,115.649505365368,145.202370031037,163.08883019863,177.414054732673,188.366535096014,"(117.42626463120001, 23.924758822166666)",117.4262646312,23.92475882216667,769,1,1906,2020,3842,1.816715542521994,2.8167155425219943,11148,9070,True,849,1.816715542521994,-3.9968028886505635e-15,False
770,0.383888985788732,0.0839867611853273,0.662523550456109,0.239026627736609,2019,1313,11570,9051,1.32673267326733,1742,-0.220158470773063,-0.651898619008072,0.047974954458932,-0.316087648399119,2,0,95.5794424895185,196.71118778915,239.99074868156,263.079704907123,277.798997724804,"(117.42672645466668, 23.9247567945)",117.4267264546667,23.9247567945,770,1,1907,2020,3055,1.3267326732673268,2.3267326732673266,11592,9075,True,850,1.3267326732673268,3.1086244689504383e-15,False
771,0.384043412676598,0.0831540981160737,0.663362943989467,0.238501479118116,2020,3055,11567,9038,0.578068739770867,1766,-0.220067820331286,-0.653447680023507,0.0490540525447602,-0.316321979394064,2,0,88.4427062193198,184.745303780276,216.846169633928,234.483553231645,249.264767123313,"(117.42672338946667, 23.924769974333334)",117.4267233894667,23.92476997433333,771,1,1907,2021,4821,0.5780687397708675,1.5780687397708675,11570,9051,False,851,0.5780687397708675,-4.440892098500626e-16,False
772,0.385292100445532,0.176633017567163,0.629038024019089,0.255626387232051,2019,839,11306,9226,2.32419547079857,1950,-0.219334825582386,-0.47954234516042,0.0049270084775469,-0.308680529687525,2,0,17.1543612453228,143.433506308044,195.720067861901,228.939679302101,249.472424647325,"(117.42645671706667, 23.924579373666667)",117.4264567170667,23.92457937366667,772,1,1909,2020,2789,2.32419547079857,3.32419547079857,11330,9251,True,852,2.32419547079857,0.0,False
773,0.385757311827949,0.180315856606408,0.628861258795451,0.254759420143954,2020,2789,11298,9213,0.893868770168519,2493,-0.219061740901872,-0.472690903572013,0.0046997646319746,-0.309067386385198,2,0,5.27413321237906,129.128483777112,180.525286752184,213.211368034319,235.025808127011,"(117.42644854320001, 23.9245925535)",117.4264485432,23.9245925535,773,1,1909,2021,5282,0.8938687701685192,1.8938687701685193,11306,9226,False,853,0.8938687701685192,-2.220446049250313e-16,False
774,0.372895611297714,0.0470527020874778,0.680435322044058,0.246342206156534,2019,1354,11896,9253,0.0413589364844904,56,-0.226611713909652,-0.720609617733568,0.0710017680644819,-0.312823302441863,2,0,202.394011887862,204.066896017254,205.757779715788,210.536562591128,214.285386327341,"(117.42705953973334, 23.924552000166667)",117.4270595397333,23.92455200016667,774,1,1910,2020,1410,0.0413589364844904,1.0413589364844904,11980,9259,True,854,0.0413589364844904,0.0,False
775,0.372895611297714,0.0470527020874778,0.680435322044058,0.246342206156534,2019,485,11896,9253,1.90721649484536,925,-0.226611713909652,-0.720609617733568,0.0710017680644819,-0.312823302441863,2,0,209.781023608063,211.453907737455,213.144791435989,217.92357431133,221.672398047542,"(117.42705953973334, 23.924552000166667)",117.4270595397333,23.92455200016667,775,1,1911,2020,1410,1.907216494845361,2.9072164948453607,11919,9275,True,855,1.907216494845361,-8.881784197001252e-16,False
776,0.358443939981206,0.03661775030999,0.69812409855801,0.243994883351935,2019,1765,12215,9293,1.77393767705382,3131,-0.23509501890501,-0.740022484225822,0.0937419061740497,-0.313870721151326,2,0,39.0581787740263,42.715275599835,49.191353614286,56.6103039107052,61.6660962344392,"(117.42738547266667, 23.924511446833332)",117.4273854726667,23.92451144683333,776,1,1912,2020,4896,1.7739376770538244,2.773937677053824,12244,9323,True,856,1.7739376770538244,-4.440892098500626e-15,False
777,0.380227904768992,0.131069035186948,0.63633500102776,0.265197887290516,2019,311,11458,9379,4.23472668810289,1317,-0.222307569394459,-0.564308190337665,0.0143077740058255,-0.304409549906128,2,0,94.0291628535866,217.849464232638,267.231778118159,292.150007347677,312.901889021098,"(117.42661202053334, 23.924424257166667)",117.4266120205333,23.92442425716667,777,1,1913,2020,1628,4.234726688102894,5.234726688102894,11535,9451,True,857,4.234726688102894,-3.552713678800501e-15,False
778,0.339700032915298,0.648382753719368,0.406308595489285,0.284981438479612,2019,3101,10476,9453,0.81425346662367,2525,-0.246097917944313,0.398086496923565,-0.281406981995896,-0.295581764646059,0,1,36.6972716195003,43.0088593115753,47.6259398531351,62.2864567801147,72.0466892209285,"(117.42560867840001, 23.9243492335)",117.4256086784,23.9243492335,778,1,1914,2020,5626,0.8142534666236698,1.8142534666236698,10502,9467,True,858,0.8142534666236698,2.220446049250313e-16,False
779,0.340135759492127,0.650663019676717,0.405668255671261,0.284324201241985,2020,5626,10472,9446,0.304123711340206,1711,-0.245842141199543,0.402328634265526,-0.282230182847999,-0.29587503601798,0,1,25.0496436396928,30.3546290286223,36.4459147546605,43.8373207427062,49.338738523372,"(117.42560459146667, 23.92435633033333)",117.4256045914667,23.92435633033333,779,1,1914,2021,7337,0.30412371134020616,1.3041237113402062,10476,9453,False,859,0.30412371134020616,-1.6653345369377348e-16,False
780,0.366857944289198,0.268126477795948,0.519564051132176,0.359094805777776,2019,3288,11122,10049,1.15328467153285,3792,-0.230155897109774,-0.309330698167705,-0.135809308750945,-0.262511013841251,2,0,0.412411459259979,19.0203497792633,60.2189817823947,95.5300647818347,120.259749334348,"(117.42626871813334, 23.92374498883333)",117.4262687181333,23.92374498883333,780,1,1922,2020,7080,1.1532846715328466,2.153284671532847,11148,10071,True,860,1.1532846715328466,3.3306690738754696e-15,False
781,0.322600790836575,0.46490482133377,0.623473133452984,0.544559844713574,2019,276,7863,11919,0.307971014492754,85,-0.256135378841833,0.0567497393009098,-0.0022270408677006,-0.179753094328912,2,2,14.7771460994772,73.6112863054738,100.709060662491,114.302833603279,132.232886873316,"(117.42293888920001, 23.9218491205)",117.4229388892,23.9218491205,781,1,1955,2020,361,0.3079710144927536,1.3079710144927537,7886,11927,True,863,0.3079710144927536,3.885780586188048e-16,False
782,0.437286695416087,0.502784900012432,0.683645028743198,0.676004805257661,2019,712,8522,12042,2.78370786516854,1982,-0.188813372555603,0.127220684043693,0.0751280666568168,-0.121099929681662,1,2,102.425248064245,105.824334801943,114.539755833713,125.174343934923,132.017309498395,"(117.42361221146668, 23.921724419)",117.4236122114667,23.921724419,782,1,1959,2020,2694,2.783707865168539,3.783707865168539,8544,12059,True,864,2.783707865168539,8.881784197001252e-16,False
783,0.536431101521912,0.490774915520881,0.672209880255292,0.734600332111868,2019,472,8784,12157,3.15254237288136,1488,-0.130614412922571,0.104877674657535,0.0604273972400656,-0.0949535253619655,1,2,187.857933462276,189.101332133985,192.139769264967,196.474266081064,199.91940608249,"(117.4238799056, 23.921607828166668)",117.4238799056,23.92160782816667,783,1,1960,2020,1960,3.152542372881356,4.1525423728813555,8814,12169,True,865,3.152542372881356,3.9968028886505635e-15,False
784,0.536431101521912,0.490774915520881,0.672209880255292,0.734600332111868,2019,706,8784,12157,1.77620396600567,1254,-0.130614412922571,0.104877674657535,0.0604273972400656,-0.0949535253619655,1,2,185.43538369789,186.678782369599,189.71721950058,194.051716316678,197.496856318104,"(117.4238799056, 23.921607828166668)",117.4238799056,23.92160782816667,784,1,1963,2020,1960,1.7762039660056657,2.776203966005666,8776,12231,True,866,1.7762039660056657,4.440892098500626e-15,False
785,0.82641588106077,0.156773056380341,0.510058302223267,0.86922473162194,2019,1307,9733,12567,0.951032899770467,1243,0.0396101427680645,-0.516489212120829,-0.148029602384763,-0.0348816364335717,1,0,231.043085937343,289.91284565982,317.431169285268,335.996533716041,366.745625152959,"(117.42484953053334, 23.9211921565)",117.4248495305333,23.9211921565,785,1,1968,2020,2550,0.9510328997704667,1.9510328997704667,9756,12567,True,867,0.9510328997704667,3.3306690738754696e-16,False
786,0.816779872224302,0.600201128627568,0.605954909628461,0.835856977143223,2019,1025,9000,12941,1.95414634146341,2003,0.0339536896072218,0.308450868965527,-0.0247479217714619,-0.0497709436329361,1,2,160.997315033358,242.552721955673,280.448496334925,302.120179991039,323.37925716582,"(117.4241006, 23.920812982833333)",117.4241006,23.92081298283333,786,1,1980,2020,3028,1.9541463414634146,2.9541463414634146,8950,12975,True,868,1.9541463414634146,-4.6629367034256575e-15,False
787,0.90112827049921,0.388412541958026,0.568330062331047,0.896317945857651,2019,1218,9392,13273,1.26600985221675,1542,0.0834672145666889,-0.0855541676910791,-0.0731172492498058,-0.0227921447648712,1,2,296.070624052817,297.62330000829,313.512943295259,322.554188746939,337.727657871019,"(117.42450111946667, 23.920476390166666)",117.4245011194667,23.92047639016667,787,1,1989,2020,2760,1.2660098522167487,2.2660098522167487,9418,13279,True,869,1.2660098522167487,1.3322676295501878e-15,False
788,0.905897615640653,0.504700210004373,0.573005090336782,0.898892462487081,2019,487,9376,13609,0.320328542094456,156,0.0862668775659973,0.130783868422279,-0.0671071793937788,-0.0216433479823397,1,2,136.239612737512,138.580901804005,155.970007740696,165.273251432255,185.82341127956,"(117.42448477173333, 23.920135742166664)",117.4244847717333,23.92013574216666,788,1,2005,2020,643,0.3203285420944558,1.320328542094456,9389,13607,True,870,0.3203285420944558,1.6653345369377348e-16,False
789,0.905553561751746,0.508426122829939,0.573740399607194,0.898519386453606,2020,643,9371,13607,0.273716951788491,176,0.0860649137923606,0.137715443170955,-0.0661618887825698,-0.0218098213863163,1,2,134.920649305882,137.165811850893,154.43087847904,163.709375972141,169.717887957176,"(117.42447966306668, 23.92013776983333)",117.4244796630667,23.92013776983333,789,1,2005,2021,819,0.2737169517884914,1.2737169517884914,9376,13609,False,871,0.2737169517884914,-4.440892098500626e-16,False
790,0.906995023521614,0.547786375357775,0.591835253531686,0.905935658717312,2019,470,9372,13941,0.882978723404255,415,0.0869110691999344,0.210940058264311,-0.0428997102485799,-0.018500543979625,1,2,26.18893068479,28.6097399953433,40.9265421683982,48.1756596652493,60.4232304830917,"(117.4244806848, 23.919799149499998)",117.4244806848,23.9197991495,790,1,2013,2020,885,0.8829787234042553,1.8829787234042554,9392,13941,True,872,0.8829787234042553,-3.3306690738754696e-16,False
791,0.962528802781996,0.0,0.507523144192192,0.98537256869974,2019,4705,11352,14533,1.37959617428268,6491,0.11951006600057,-0.808145031715511,-0.151288722296802,0.0169456697130288,1,0,328.075367344036,336.334592433448,344.268866941741,358.04333453827,388.346723216365,"(117.4265037168, 23.919198960166664)",117.4265037168,23.91919896016666,791,1,2022,2020,11196,1.3795961742826781,2.379596174282678,11374,14551,True,873,1.3795961742826781,1.9984014443252818e-15,False
792,0.884191705664025,0.357138809878354,0.695315606060532,0.926213974521713,2019,1979,9489,14845,0.102071753410813,202,0.0735252471690221,-0.143734866416202,0.0901313960168344,-0.0094519856269786,1,0,233.012778670631,234.436339392853,236.041176561564,237.244529629082,238.797590856698,"(117.42460022760001, 23.918882644166665)",117.4246002276,23.91888264416666,792,1,2029,2020,2181,0.10207175341081354,1.1020717534108135,9468,14897,True,874,0.10207175341081354,-5.412337245047638e-16,False
793,0.949111384691897,0.20481802304012,0.595348613208204,0.998192265871227,2019,218,12264,15707,7.55045871559633,1646,0.111633880096832,-0.427107819347818,-0.0383830448811595,0.0226660549283673,1,0,867.517878269133,880.810216319493,898.651929517502,929.924633336039,967.241118237135,"(117.4274355376, 23.91800871983333)",117.4274355376,23.91800871983333,793,1,2039,2020,1864,7.5504587155963305,8.55045871559633,12274,15710,True,875,7.5504587155963305,-8.881784197001252e-16,False
794,0.959463615011852,0.232085083109095,0.605388753486328,0.996204263088083,2019,2516,12882,15881,1.95389507154213,4916,0.117710763888539,-0.376381011208918,-0.0254757544089277,0.0217789714367193,1,0,1166.27215678471,1179.62135684821,1197.03231610878,1227.4801240387,1265.09165403161,"(117.42806696880001, 23.917832312833333)",117.4280669688,23.91783231283333,794,1,2041,2020,7432,1.9538950715421304,2.95389507154213,12896,15895,True,876,1.9538950715421304,-4.440892098500626e-16,False
795,0.959416994880363,0.228727287614904,0.604056347807588,0.995566575126344,2020,7432,12848,15852,1.56727664155005,11648,0.11768339731026,-0.382627751685252,-0.0271886534965839,0.0214944233121006,1,0,1126.83217597095,1140.18491350535,1157.55381543321,1187.93274169372,1225.56602088426,"(117.42803222986667, 23.917861713999997)",117.4280322298667,23.917861714,795,1,2041,2021,19080,1.5672766415500539,2.5672766415500536,12882,15881,False,877,1.5672766415500539,-3.774758283725532e-15,False
796,0.859253421812411,0.324954009340412,0.740299397383254,0.950929254600703,2019,5022,9934,16529,1.99243329350856,10006,0.0588861744043115,-0.203610489154662,0.147961151882866,0.0015764279826074,1,0,791.838776296797,808.008036944317,815.613523850265,823.268874510371,833.697352586752,"(117.42505489893334, 23.917175348833332)",117.4250548989333,23.91717534883333,796,1,2044,2020,15028,1.9924332935085622,2.9924332935085625,9970,16539,True,878,1.9924332935085622,-2.220446049250313e-15,False
797,0.956332416937248,0.287219445434567,0.630936287006053,0.993807550296316,2019,247,13992,16547,7.25910931174089,1793,0.115872712933325,-0.273810722645722,0.0073673560311375,0.0207095140044544,1,0,1630.5438421758,1685.00235876335,1721.92875354103,1748.35621026699,1769.53463073404,"(117.4292010928, 23.917157099833332)",117.4292010928,23.91715709983333,797,1,2045,2020,2040,7.2591093117408905,8.259109311740891,13994,16553,True,879,7.2591093117408905,-8.881784197001252e-16,False
798,0.956660937935354,0.286043680223298,0.630429232693835,0.994138090743445,2020,2040,13970,16529,1.9406862745098,3959,0.116065558713116,-0.275998080437049,0.0067155028586021,0.020857007245639,1,0,1612.95289876555,1644.33458071284,1672.07999091419,1695.24485274201,1710.75583040654,"(117.42917861466667, 23.917175348833332)",117.4291786146667,23.91717534883333,798,1,2045,2021,5999,1.940686274509804,2.940686274509804,13992,16547,False,880,1.940686274509804,-3.9968028886505635e-15,False
799,0.857923750561479,0.326322404446976,0.735682124545591,0.952216271291374,2019,2191,9987,16689,1.29347329986308,2834,0.0581056413768038,-0.201064768572639,0.142025330265402,0.0021507185567705,1,0,881.690738532015,892.075295150547,897.12579454454,907.161364672088,916.60349086688,"(117.4251090508, 23.9170131355)",117.4251090508,23.9170131355,799,1,2046,2020,5025,1.2934732998630762,2.2934732998630762,10010,16675,True,881,1.2934732998630762,3.774758283725532e-15,False
800,0.861323077000014,0.325226348859524,0.725654477653765,0.957667536542907,2019,555,10094,16681,4.26126126126126,2365,0.0601010869086949,-0.203103837007359,0.129134100900034,0.0045831736087596,1,0,887.803171497887,891.312301239832,893.500991377251,906.441598281914,914.613056422072,"(117.42521837626667, 23.917021246166666)",117.4252183762667,23.91702124616667,800,1,2047,2020,2920,4.261261261261262,5.261261261261262,10120,16677,True,882,4.261261261261262,-1.7763568394002505e-15,False
801,0.873372364894082,0.317087246566048,0.688744649719836,0.987167875257278,2019,216,10805,17113,2.22222222222222,480,0.0671741639212809,-0.21824557503924,0.0816839799628454,0.0177467685963615,1,0,1078.75102754425,1082.95978453218,1102.4423807108,1117.23073662856,1138.34662516653,"(117.42594482866667, 23.916583270166665)",117.4259448286667,23.91658327016667,801,1,2049,2020,696,2.2222222222222223,3.2222222222222223,10814,17097,True,883,2.2222222222222223,-2.220446049250313e-15,False
802,0.351800076452667,0.673431439091051,0.531533638903182,0.291371973991347,2020,550,7802,953,2.97818181818182,1638,-0.238995046758241,0.444686308335824,-0.120421580899188,-0.292730189888059,0,1,363.964123072134,372.058717774774,401.731526058344,434.548125756735,454.935081049711,"(117.42287656346667, 23.932966816833332)",117.4228765634667,23.93296681683333,802,1,2053,2021,2188,2.978181818181818,3.978181818181818,7808,961,True,885,2.978181818181818,1.7763568394002505e-15,False
803,0.372710743931031,0.608875064848382,0.620736730398633,0.255066568763898,2020,312,6732,2665,0.272435897435897,85,-0.226720233278859,0.324587595747559,-0.0057448750904524,-0.308930331008543,0,2,130.258666890814,182.800527295039,211.479046535839,232.940992241859,253.477627954869,"(117.4217833088, 23.931231134166666)",117.4217833088,23.93123113416667,803,1,2066,2021,397,0.2724358974358974,1.2724358974358974,6730,2667,True,886,0.2724358974358974,-3.885780586188048e-16,False
804,0.99976451963131,0.401906972358461,0.661072093203602,0.259182440690532,2020,228,842,3041,0.342105263157895,78,0.141367879940241,-0.0604495403445675,0.0461090063897656,-0.307093753076756,2,2,201.271498024989,235.369126349072,254.303430829306,288.862727596594,322.612875989593,"(117.41576529946667, 23.930849932833333)",117.4157652994667,23.93084993283333,804,1,2072,2021,306,0.34210526315789475,1.3421052631578947,844,3041,True,889,0.34210526315789475,2.7755575615628914e-16,False
805,1.0,0.401890685259017,0.66088806101188,0.25872601055865,2020,682,848,3083,0.219941348973607,150,0.141506109750777,-0.0604798403683518,0.0458724203572003,-0.307297420616116,2,2,185.4435812166,217.789528841878,247.620248856975,281.206421294561,311.373151875961,"(117.41577142986667, 23.930807351833334)",117.4157714298667,23.93080735183333,805,1,2075,2021,832,0.21994134897360704,1.219941348973607,846,3085,True,891,0.21994134897360704,-2.7755575615628914e-17,False
806,0.996859973283542,0.401519511086592,0.660380480656476,0.258006281625158,2020,1503,842,3187,0.213572854291417,321,0.139662876276538,-0.0611703614946886,0.0452198909199896,-0.307618576934797,2,2,151.159598131112,178.468281109366,235.291300648635,271.013207905819,293.175981880856,"(117.41576529946667, 23.930701913166665)",117.4157652994667,23.93070191316666,806,1,2077,2021,1824,0.21357285429141717,1.2135728542914173,842,3189,True,892,0.21357285429141717,-1.6653345369377348e-16,False
807,0.995761943147524,0.401082446471681,0.65992580361602,0.25720758994906,2020,1258,878,3291,0.26550079491256,334,0.139018319371394,-0.0619834631935433,0.044635372330642,-0.307974967884946,2,2,156.650987903173,175.161100419246,226.725122074901,262.131755290413,285.706515562298,"(117.41580208186667, 23.9305964745)",117.4158020818667,23.9305964745,807,1,2079,2021,1592,0.2655007949125596,1.2655007949125596,881,3293,True,893,0.2655007949125596,3.885780586188048e-16,False
808,0.995761943147524,0.401082446471681,0.65992580361602,0.25720758994906,2020,565,878,3291,1.81769911504425,1027,0.139018319371394,-0.0619834631935433,0.044635372330642,-0.307974967884946,2,2,162.500271430136,181.01038394621,232.574405601864,267.981038817377,291.555799089262,"(117.41580208186667, 23.9305964745)",117.4158020818667,23.9305964745,808,1,2080,2021,1592,1.8176991150442479,2.8176991150442476,890,3373,True,894,1.8176991150442479,2.220446049250313e-15,False
809,0.598655002580137,0.455766171255011,0.589766014197341,0.255645544732743,2020,130,5352,3479,0.453846153846154,59,-0.0940882341078819,0.039748473010336,-0.0455598596493957,-0.308671981257538,2,2,46.0685755616233,47.6960635037629,52.6595432595919,64.2824368979951,73.3614757350289,"(117.42037331680001, 23.930405873833333)",117.4203733168,23.93040587383333,809,1,2083,2021,189,0.45384615384615384,1.4538461538461538,5352,3479,True,895,0.45384615384615384,1.6653345369377348e-16,False
810,0.962765218192154,0.413752315444842,0.656254093685138,0.24697672607452,2020,174,2330,4317,0.919540229885058,160,0.119648844691702,-0.0384128248144624,0.0399151368264696,-0.312540167956772,2,2,16.7012553937869,16.7185362143915,22.3935062164512,27.7606312162738,51.7772554584618,"(117.41728563866667, 23.9295562815)",117.4172856386667,23.9295562815,810,1,2088,2021,334,0.9195402298850575,1.9195402298850575,2336,4259,True,896,0.9195402298850575,5.551115123125783e-16,False
811,0.739944788283868,0.526122754654683,0.541003512630734,0.220017550544749,2020,277,4856,5101,0.552346570397112,153,-0.0111494294116864,0.170637718069962,-0.108247407277013,-0.324569849083812,2,2,20.4538964695908,40.6311170663148,56.0959572509366,63.9080051833939,69.9875970424768,"(117.41986653706667, 23.928761436166667)",117.4198665370667,23.92876143616667,811,1,2096,2021,430,0.5523465703971119,1.552346570397112,4856,5102,True,899,0.5523465703971119,1.1102230246251565e-16,False
812,0.586719144524861,0.395488595303624,0.539657331100617,0.199255725727221,2020,426,5834,5327,0.31924882629108,136,-0.101094726439917,-0.0723900935468631,-0.109978016168547,-0.333834158071842,2,2,49.5196202452649,59.8826254115154,63.4678893656264,67.9879397084279,73.5653461226637,"(117.42086579226667, 23.928532309833333)",117.4208657922667,23.92853230983333,812,1,2097,2021,562,0.3192488262910798,1.3192488262910798,5833,5329,True,900,0.3192488262910798,1.6653345369377348e-16,False
813,0.408792836405368,0.153793110403227,0.597846945320543,0.150953830476988,2020,1791,13463,6150,1.90452261306533,3411,-0.205539610731705,-0.522033012862933,-0.0351712672190158,-0.355387354201685,2,0,43.6106888827745,47.798235267526,51.1613948108423,55.7661015801776,60.5058728513425,"(117.42866059586667, 23.927697925)",117.4286605958667,23.927697925,813,1,2102,2021,5202,1.9045226130653266,2.9045226130653266,13480,6165,True,902,1.9045226130653266,3.552713678800501e-15,False
814,0.505552328825321,0.414588903925551,0.488646512642523,0.150904664071129,2020,110,6938,6547,2.24545454545455,247,-0.148740624135821,-0.0368564610831029,-0.175555929706219,-0.355409293158386,2,2,34.8032217165299,39.8518417083025,48.7687668390717,55.3639816105686,61.4842201808957,"(117.42199378586668, 23.927295433166666)",117.4219937858667,23.92729543316667,814,1,2113,2021,357,2.2454545454545456,3.2454545454545456,6940,6555,True,903,2.2454545454545456,4.440892098500626e-15,False
815,0.399500472470636,0.50460985445377,0.523642249137171,0.11157957372664,2020,1456,11642,6965,2.28090659340659,3321,-0.210994340199302,0.130615773707698,-0.1305665048861,-0.372956873447474,0,2,22.7178628061666,28.5522693924221,31.0557904446248,32.5153321287618,38.0234273606839,"(117.42680001946667, 23.926871650833334)",117.4268000194667,23.92687165083333,815,1,2120,2021,4777,2.2809065934065935,3.2809065934065935,11664,6985,True,905,2.2809065934065935,-3.552713678800501e-15,False
816,0.362840583609533,0.204301326153812,0.630533083938159,0.16284357683923,2020,3378,13366,7063,0.23149792776791,782,-0.232514136179537,-0.428069066499193,0.0068490107717648,-0.350081930181532,2,0,29.0701370501679,30.6012921038138,31.4446631099943,36.9418854194761,43.9527009487042,"(117.42856148773333, 23.926772295166668)",117.4285614877333,23.92677229516667,816,1,2123,2021,4160,0.23149792776791,1.2314979277679101,13386,7063,True,906,0.23149792776791,0.0,False
817,0.388284361616822,0.454270409828968,0.55997556975136,0.126262227281392,2020,562,11872,7071,1.11387900355872,626,-0.217578332261588,0.0369658040064708,-0.0838575237367149,-0.366405202749406,2,2,24.6090012578858,30.1265021993374,36.1451211562661,51.6018233668016,63.7337094687974,"(117.42703501813334, 23.926764184499998)",117.4270350181333,23.9267641845,817,1,2124,2021,1188,1.113879003558719,2.113879003558719,11878,7075,True,907,1.113879003558719,1.1102230246251565e-15,False
818,0.345210427939736,0.197307051463543,0.682785618081259,0.170007765538209,2020,2422,13214,7502,0.922791081750619,2235,-0.242863249744808,-0.441081002123589,0.0740232351762501,-0.346885137108706,2,0,11.5002859375018,13.4106064009904,17.1607722669792,34.1962377915047,44.4567220389873,"(117.42840618426668, 23.92632722233333)",117.4284061842667,23.92632722233333,818,1,2136,2021,4657,0.9227910817506193,1.9227910817506193,13222,7510,True,909,0.9227910817506193,-3.3306690738754696e-16,False
819,0.34628993078122,0.218858371331668,0.678800830195396,0.167921440030096,2020,1267,12886,7573,1.48618784530387,1883,-0.242229568584539,-0.400987582982509,0.0689005164404237,-0.347816094012863,2,0,7.00574588972977,16.6311758001874,20.8267969066222,26.9067095090212,33.2749521857158,"(117.42807105573334, 23.926255240166665)",117.4280710557333,23.92625524016666,819,1,2137,2021,3150,1.4861878453038675,2.4861878453038675,12890,7586,True,910,1.4861878453038675,2.4424906541753444e-15,False
820,0.522272162407018,0.577305424155098,0.363487003665954,0.115796277531702,2020,294,6534,7861,1.20408163265306,354,-0.138925880592413,0.265856397649516,-0.336457081779,-0.371075302472647,0,2,56.7629120197563,59.2492593569036,60.5608186640994,63.5253525650117,65.8251939819665,"(117.4215810056, 23.925963256166668)",117.4215810056,23.92596325616667,820,1,2139,2021,648,1.2040816326530612,2.204081632653061,6536,7867,True,911,1.2040816326530612,-1.3322676295501878e-15,False
821,0.382711168071944,0.469872948136819,0.494031949842848,0.160962231155266,2020,1462,10282,7911,2.86183310533516,4184,-0.220849863948401,0.0659922911018922,-0.168632579998047,-0.35092142130925,0,2,22.4670542571653,23.1481863796328,26.01169650093,33.2000729862085,40.2288500219629,"(117.42541046213334, 23.9259125645)",117.4254104621333,23.9259125645,821,1,2140,2021,5646,2.8618331053351573,3.8618331053351573,10296,7935,True,912,2.8618331053351573,2.6645352591003757e-15,False
822,0.494238406663246,0.569414171385086,0.351700306885794,0.116581026526986,2020,136,6979,7986,1.44852941176471,197,-0.15538203261326,0.251175751322874,-0.351609690690365,-0.370725133003718,0,2,13.7395032294546,16.0521356684248,34.6353812458055,45.3094685493595,57.6266007168279,"(117.42203567693333, 23.925836526999998)",117.4220356769333,23.925836527,822,1,2141,2021,333,1.4485294117647058,2.448529411764706,6980,7989,True,913,1.4485294117647058,4.218847493575595e-15,False
823,0.355794853514212,0.0404586756155723,0.684311874610007,0.213194636262093,2020,923,11837,8663,0.977248104008667,902,-0.236650064544119,-0.732876943762008,0.0759853428566185,-0.327614359220513,2,0,94.5686320389465,98.8952462753613,113.721425543166,121.134515177069,127.14495579324,"(117.42699925746668, 23.925150161833333)",117.4269992574667,23.92515016183333,823,1,2144,2021,1825,0.9772481040086674,1.9772481040086674,11804,8603,True,914,0.9772481040086674,-3.3306690738754696e-16,False
824,0.355794853514212,0.0404586756155723,0.684311874610007,0.213194636262093,2020,771,11837,8663,1.36705577172503,1054,-0.236650064544119,-0.732876943762008,0.0759853428566185,-0.327614359220513,2,0,95.875646192995,100.20226042941,115.028439697215,122.441529331117,128.451969947288,"(117.42699925746668, 23.925150161833333)",117.4269992574667,23.92515016183333,824,1,2145,2021,1825,1.3670557717250325,2.3670557717250325,11844,8671,True,915,1.3670557717250325,-2.4424906541753444e-15,False
825,0.367968013514436,0.0426634783788324,0.686250728136451,0.251368711837396,2020,1198,12026,9342,0.650250417362271,779,-0.229504273114361,-0.728775195848111,0.0784778723388466,-0.310580382940959,2,0,137.941990338804,142.812544448969,147.540538461622,150.67219898585,154.485474268795,"(117.42719236506667, 23.924461769)",117.4271923650667,23.924461769,825,1,2156,2021,1977,0.6502504173622704,1.6502504173622705,12032,9343,True,917,0.6502504173622704,5.551115123125783e-16,False
826,0.379463720406307,0.092255864595297,0.651221396522927,0.258947738616026,2020,540,11576,9333,5.03888888888889,2721,-0.222756154812668,-0.636515030858225,0.0334452586841318,-0.307198481469249,2,0,111.326715642156,239.598515271124,284.574567905759,307.322052842154,320.970543803992,"(117.42673258506667, 23.9244708935)",117.4267325850667,23.9244708935,826,1,2157,2021,3261,5.038888888888889,6.038888888888889,11592,9353,True,918,5.038888888888889,8.881784197001252e-16,False
827,0.373668209422291,0.0593976282905021,0.659723252585226,0.27169517918139,2020,672,11786,9505,2.72619047619048,1832,-0.226158189511949,-0.697643492987974,0.0443749790574917,-0.301510338483649,2,0,245.610368655737,261.956748047485,268.084857050839,274.095573633515,277.836111494136,"(117.42694714906668, 23.924296514166667)",117.4269471490667,23.92429651416667,827,1,2162,2021,2504,2.7261904761904763,3.7261904761904763,11804,9525,True,919,2.7261904761904763,3.552713678800501e-15,False
828,0.221806047253484,0.732412520335778,0.508557756213999,0.125952192975686,2020,279,6988,9553,0.670250896057348,187,-0.315303106436598,0.554412915625268,-0.149958657425037,-0.366543545772246,0,1,85.8837850366386,89.4864987870195,92.4559701618239,95.5666481546285,99.3870368544549,"(117.42204487253333, 23.924247850166665)",117.4220448725333,23.92424785016667,828,1,2163,2021,466,0.6702508960573477,1.6702508960573477,6988,9555,True,920,0.6702508960573477,3.3306690738754696e-16,False
829,0.271830795687999,0.706958315773268,0.261809013823602,0.284759889130984,2020,1959,9920,9545,2.57120980091884,5037,-0.285937977034487,0.507058688660407,-0.467171126919125,-0.295680624049788,0,1,2.32775898089186,18.2174505228639,33.6153026378019,46.7481010207343,55.1652901910673,"(117.42504059466667, 23.92425596083333)",117.4250405946667,23.92425596083333,829,1,2164,2021,6996,2.571209800918836,3.571209800918836,9943,9571,True,921,2.571209800918836,3.9968028886505635e-15,False
830,0.371686902099296,0.0457043991564319,0.665840083074279,0.28263160398339,2020,1502,11948,9625,1.16444740346205,1749,-0.227321240756499,-0.723117959444162,0.0522385851132395,-0.296630304118628,2,0,210.504087033019,217.861712919009,221.695710732812,225.087802282276,230.29901730375,"(117.42711266986667, 23.924174854166665)",117.4271126698667,23.92417485416667,830,1,2165,2021,3251,1.1644474034620507,2.1644474034620504,11954,9637,True,922,1.1644474034620507,-6.661338147750939e-16,False
831,0.286198719046633,0.0382783303136646,0.78701734527978,0.260370862037651,2020,294,14286,9671,0.125850340136054,37,-0.277503833098348,-0.736933191759652,0.208020285227936,-0.30656345756254,2,0,63.612105093402,91.0836136641198,108.891337717376,122.764352808347,131.345278583026,"(117.4295014824, 23.92412821783333)",117.4295014824,23.92412821783333,831,1,2167,2021,331,0.12585034013605442,1.1258503401360545,14341,9663,True,923,0.12585034013605442,-4.163336342344337e-16,False
832,0.265025677736222,0.685840074269839,0.271186904004012,0.295701272663386,2020,1119,9964,9665,2.71045576407507,3033,-0.289932663174932,0.467770955319684,-0.455115204469617,-0.290798377007845,0,1,30.4855790133849,41.0553141082997,48.7604532709966,52.7123972381453,59.0943547587269,"(117.42508555093333, 23.924134300833334)",117.4250855509333,23.92413430083333,832,1,2168,2021,4152,2.710455764075067,3.710455764075067,9981,9683,True,924,2.710455764075067,3.1086244689504383e-15,False
833,0.371222019704128,0.0559551209260412,0.648286610153475,0.291019533630698,2020,1359,11818,9673,2.40250183958793,3265,-0.227594132317538,-0.704047828847873,0.0296723890732363,-0.292887455274392,2,0,280.65916014554,288.010500369287,290.969387303323,294.286183824319,297.246795110228,"(117.42697984453334, 23.924126190166668)",117.4269798445333,23.92412619016667,833,1,2169,2021,4624,2.4025018395879325,3.4025018395879325,11840,9687,True,925,2.4025018395879325,-2.6645352591003757e-15,False
834,0.192998764123435,0.655689963238699,0.264546322988205,0.31058169031641,2020,1782,9655,9888,2.51010101010101,4473,-0.332213328342951,0.411680606973573,-0.463652127829359,-0.28415846032325,0,1,9.10258039927828,10.7244451382289,11.4219142486794,12.7180287219383,13.7776370973588,"(117.42476983533334, 23.923908216)",117.4247698353333,23.923908216,834,1,2177,2021,6255,2.51010101010101,3.51010101010101,9681,9911,True,928,2.51010101010101,0.0,False
835,0.382368219055386,0.37238486054319,0.444848898654733,0.436261702993558,2020,711,10922,10454,2.9746835443038,2115,-0.22105117914867,-0.115371578075079,-0.231860773072084,-0.228077721693876,2,2,39.8364004673759,53.1517260411299,81.2728535355881,95.9683463512627,107.567573911846,"(117.42606437146667, 23.923334386333334)",117.4260643714667,23.92333438633333,835,1,2193,2021,2826,2.9746835443037973,3.9746835443037973,10938,10477,True,930,2.9746835443037973,2.6645352591003757e-15,False
836,0.39442891105979,0.448434489523772,0.367159529875742,0.509593866067571,2020,857,10618,10770,1.88681446907818,1617,-0.213971407786063,0.02610883560259,-0.331735796892184,-0.195355558615768,2,2,77.6211187340195,77.796333850916,77.8547388898815,80.2668371057443,86.3723539923669,"(117.42575376453334, 23.923014015)",117.4257537645333,23.923014015,836,1,2198,2021,2474,1.8868144690781796,2.8868144690781796,10551,10775,True,931,1.8868144690781796,4.440892098500626e-16,False
837,0.451445368506597,0.390532493561079,0.390822996303055,0.526558716382406,2020,1325,10826,10869,3.00452830188679,3981,-0.180502061045276,-0.0816102742915053,-0.301314784207459,-0.187785529649931,2,2,0.566665483211595,2.73788249619763,12.6631363906498,19.4693667117648,24.1212241672206,"(117.42596628506668, 23.9229136455)",117.4259662850667,23.9229136455,837,1,2200,2021,5306,3.0045283018867925,4.0045283018867925,10850,10890,True,932,3.0045283018867925,-2.6645352591003757e-15,False
838,0.581784100309502,0.457573272495512,0.376055920813054,0.43173667738068,2020,1950,6080,12671,1.69692307692308,3309,-0.103991656789879,0.0431103491232204,-0.32029887481724,-0.230096871543414,2,2,44.5808526628184,48.4841526098114,50.0997936321634,74.963923631362,91.2602231572613,"(117.42111713866667, 23.921086717833333)",117.4211171386667,23.92108671783333,838,1,2214,2021,5259,1.696923076923077,2.6969230769230768,6098,12691,True,938,1.696923076923077,3.1086244689504383e-15,False
839,0.930690720177149,0.0214568709982009,0.464582289879151,0.937881134239195,2020,347,10328,13175,7.23631123919308,2511,0.100820728325433,-0.768227322375615,-0.206492142208359,-0.0042458838712122,1,0,617.165469116571,617.600418020106,620.552066090899,626.043666404574,632.234946790615,"(117.42545746186667, 23.920575745833332)",117.4254574618667,23.92057574583333,839,1,2219,2021,2858,7.236311239193084,8.236311239193084,10321,13116,True,939,7.236311239193084,-3.552713678800501e-15,False
840,0.930690720177149,0.0214568709982009,0.464582289879151,0.937881134239195,2020,387,10328,13175,6.38501291989664,2471,0.100820728325433,-0.768227322375615,-0.206492142208359,-0.0042458838712122,1,0,616.643279335217,617.078228238752,620.029876309545,625.521476623219,631.712757009261,"(117.42545746186667, 23.920575745833332)",117.4254574618667,23.92057574583333,840,1,2224,2021,2858,6.385012919896641,7.385012919896641,10346,13197,True,940,6.385012919896641,-8.881784197001252e-16,False
841,0.938651784693549,0.0777931329953367,0.480864745046146,0.953784444487499,2020,805,10223,13363,4.2111801242236,3390,0.105493969011664,-0.663421056266895,-0.185559926858797,0.0028504663469251,1,0,505.529416620907,511.374101743923,516.46639682673,519.848750802912,524.772123059143,"(117.42535017986667, 23.920385145166666)",117.4253501798667,23.92038514516667,841,1,2228,2021,4195,4.211180124223603,5.211180124223603,10244,13387,True,942,4.211180124223603,-2.6645352591003757e-15,False
842,0.937633165108734,0.0929621385013291,0.484114988376449,0.953653565372366,2020,604,10162,13405,2.13741721854305,1291,0.104896027055818,-0.635201100392888,-0.181381515640673,0.0027920656729322,1,0,474.985959008537,478.592364822943,482.940314216955,487.027858738466,492.26760662563,"(117.42528785413334, 23.920342564166667)",117.4252878541333,23.92034256416667,842,1,2230,2021,1895,2.1374172185430464,3.1374172185430464,10173,13415,True,943,2.1374172185430464,3.552713678800501e-15,False
843,0.942826082634285,0.0777438933983601,0.484131914334602,0.958690577519032,2020,710,10214,13525,4.98450704225352,3539,0.107944332142488,-0.663512660113527,-0.181359756158002,0.00503967335257,1,0,433.77428143891,446.130514872451,455.468336696244,461.109588088645,465.618663575627,"(117.42534098426667, 23.920220904166666)",117.4253409842667,23.92022090416667,843,1,2232,2021,4249,4.984507042253521,5.984507042253521,10235,13551,True,944,4.984507042253521,-1.7763568394002505e-15,False
844,0.94344833504026,0.0134589799455075,0.473421294348211,0.959049746961609,2020,1133,10408,13551,2.67784642541924,3034,0.108309601793891,-0.783106355315709,-0.195128994383014,0.0051999413793132,1,0,478.411993449289,490.780886241471,496.163746897202,500.096259867503,504.093316050159,"(117.42553920053334, 23.9201945445)",117.4255392005333,23.9201945445,844,1,2233,2021,4167,2.677846425419241,3.677846425419241,10428,13573,True,945,2.677846425419241,-8.881784197001252e-16,False
845,0.769887279991083,0.655977688242317,0.855162896652244,0.70073071427832,2020,217,7442,13857,0.792626728110599,172,0.0064271735922246,0.41221588180769,0.295626075743759,-0.110066773242353,1,1,90.662985948832,124.506150112487,141.319955448867,175.61756924521,200.106723532746,"(117.42250873946668, 23.9198843115)",117.4225087394667,23.9198843115,845,1,2238,2021,389,0.7926267281105991,1.792626728110599,7446,13859,True,946,0.7926267281105991,-1.1102230246251565e-16,False
846,0.943186298865815,0.052861732533546,0.498079693704348,0.974680396435256,2020,963,10432,14215,2.54309449636552,2449,0.108155783405765,-0.709802674404682,-0.163428927028037,0.0121746253331631,1,0,189.339193376929,190.127131879549,206.302100522339,223.682038654967,234.848275748017,"(117.42556372213333, 23.919521359166666)",117.4255637221333,23.91952135916667,846,1,2240,2021,3412,2.543094496365524,3.543094496365524,10449,14232,True,948,2.543094496365524,-3.9968028886505635e-15,False
847,0.846242356477264,0.790239193132649,0.791727402648056,0.826867486394618,2020,168,8452,14315,1.60119047619048,269,0.0512485224583738,0.66199189659562,0.214075387737378,-0.0537822201306457,1,1,12.6684126588224,22.2703550241531,38.7549344328539,51.2301522350167,59.2418496434198,"(117.42354069013334, 23.919419975833332)",117.4235406901333,23.91941997583333,847,1,2243,2021,437,1.6011904761904763,2.6011904761904763,8458,14321,True,949,1.6011904761904763,3.774758283725532e-15,False
848,0.924850417773538,0.0745968289072815,0.545584537744502,0.97076265543687,2020,976,10286,14659,1.31454918032787,1283,0.0973924005237652,-0.669367363049446,-0.102358184600231,0.0104264570742017,1,0,7.43330411866356,8.43148744818704,25.9472474890737,35.6286287653528,48.1757967768877,"(117.42541454906667, 23.919071217166664)",117.4254145490667,23.91907121716666,848,1,2247,2021,2259,1.3145491803278688,2.314549180327869,10294,14667,True,950,1.3145491803278688,1.1102230246251565e-15,False
849,0.978340437532289,0.0384771089733147,0.524336560351412,0.986082613146028,2020,330,11926,14683,4.73939393939394,1564,0.12879168589935,-0.736563389995007,-0.129673920094245,0.0172625046349811,1,0,606.387022387305,617.583967851153,629.083945891012,648.86660935041,683.383655102591,"(117.42709019173334, 23.919046885166665)",117.4270901917333,23.91904688516667,849,1,2248,2021,1894,4.739393939393939,5.739393939393939,11944,14699,True,951,4.739393939393939,8.881784197001252e-16,False
850,0.784572325419912,0.807206286020749,0.891791818650655,0.747428323022698,2020,122,7282,15113,0.557377049180328,68,0.0150474720002803,0.693556959474872,0.342715072791771,-0.0892294393272331,1,1,522.705240549342,529.916679198425,533.665474455351,551.370873404093,562.652340143417,"(117.42234526213333, 23.918610936833332)",117.4223452621333,23.91861093683333,850,1,2256,2021,190,0.5573770491803278,1.5573770491803278,7282,15113,True,952,0.5573770491803278,2.220446049250313e-16,False
851,0.83099084066216,0.404390322943647,0.857248977892913,0.882929798289247,2020,203,8700,15747,0.945812807881773,192,0.0422956991158412,-0.0558295905458828,0.298307876572842,-0.0287661830269764,1,2,676.627531219351,687.806665405918,696.852629081358,703.0210185781,709.86383748769,"(117.42379408000001, 23.9179681665)",117.42379408,23.9179681665,851,1,2262,2021,395,0.9458128078817734,1.9458128078817734,8704,15753,True,954,0.9458128078817734,-3.3306690738754696e-16,False
852,0.827734290853694,0.404964696408844,0.860884633011016,0.888625241961476,2020,159,8746,16089,0.949685534591195,151,0.040384065184184,-0.0547610436436722,0.302981761136832,-0.0262247710621236,1,2,849.149320617875,853.462559140287,863.982586454432,870.049561166766,874.92032820783,"(117.42384107973334, 23.9176214355)",117.4238410797333,23.9176214355,852,1,2267,2021,310,0.949685534591195,1.949685534591195,8748,16097,True,955,0.949685534591195,0.0,False
853,0.953410844528192,0.262684490818139,0.618214487621726,1.0,2020,347,13154,16207,5.05187319884726,1753,0.11415771476673,-0.319454805006484,-0.0089873915554813,0.0234726992230932,1,0,1375.72796438866,1388.99491184725,1406.91975920578,1438.22604075403,1475.4835249909,"(117.42834488026668, 23.917501803166665)",117.4283448802667,23.91750180316667,853,1,2268,2021,2100,5.051873198847262,6.051873198847262,13172,16225,True,956,5.051873198847262,-1.7763568394002505e-15,False
