source_row,archive_x,archive_y,archived_size,recovered_pixels,exclusive_max_pixels,bbox_exclusive_max_pixels,width,height,touches_roi_edge,image,ambiguous_bbox,absolute_pixel_difference,relative_pixel_difference,full_image_row,full_image_col,role
0,225,4190,2473,2483.0,2473.0,2473.0,56.0,58.0,False,201408ddyw.tif,False,10.0,0.0040436716538617065,4225,14190,coordinate_hypothesis_discovery
1,253,4348,3121,3149.0,3121.0,3121.0,70.0,56.0,False,201408ddyw.tif,False,28.0,0.008971483498878564,4253,14348,coordinate_hypothesis_discovery
2,453,3510,9601,9622.0,9601.0,9601.0,116.0,112.0,False,201408ddyw.tif,False,21.0,0.0021872721591500886,4453,13510,coordinate_hypothesis_discovery
3,477,3342,9658,9668.0,9658.0,9658.0,116.0,112.0,False,201408ddyw.tif,False,10.0,0.0010354110581901014,4477,13342,coordinate_hypothesis_discovery
4,609,2470,936,960.0,936.0,936.0,40.0,32.0,False,201408ddyw.tif,False,24.0,0.02564102564102564,4609,12470,coordinate_hypothesis_discovery
5,919,1846,228,245.0,228.0,228.0,20.0,16.0,False,201408ddyw.tif,False,17.0,0.07456140350877193,4919,11846,coordinate_hypothesis_discovery
6,1271,3896,2166,2184.0,2166.0,2166.0,54.0,52.0,False,201408ddyw.tif,False,18.0,0.008310249307479225,5271,13896,coordinate_hypothesis_discovery
7,1443,2021,3276,3290.0,3276.0,3276.0,71.0,62.0,False,201408ddyw.tif,False,14.0,0.004273504273504274,5443,12021,coordinate_hypothesis_discovery
8,1455,2106,6145,6190.0,6145.0,6145.0,95.0,90.0,False,201408ddyw.tif,False,45.0,0.007323026851098454,5455,12106,coordinate_hypothesis_discovery
9,1465,6447,2947,2973.0,2947.0,2947.0,63.0,67.0,False,201408ddyw.tif,False,26.0,0.008822531387852052,5465,16447,coordinate_hypothesis_discovery
10,1649,6514,3592,3612.0,3592.0,3592.0,74.0,64.0,False,201408ddyw.tif,False,20.0,0.005567928730512249,5649,16514,coordinate_hypothesis_discovery
11,1835,3127,2623,2634.0,2623.0,2623.0,63.0,54.0,False,201408ddyw.tif,False,11.0,0.0041936713686618375,5835,13127,coordinate_hypothesis_discovery
12,1837,6258,3094,3104.0,3094.0,3094.0,68.0,64.0,False,201408ddyw.tif,False,10.0,0.003232062055591467,5837,16258,coordinate_hypothesis_discovery
13,2001,6120,2024,2072.0,2024.0,2024.0,54.0,46.0,False,201408ddyw.tif,False,48.0,0.023715415019762844,6001,16120,coordinate_hypothesis_discovery
14,2013,7072,4611,4610.0,4582.0,4611.0,77.0,79.0,False,201408ddyw.tif,False,-1.0,-0.00021687269572760788,6013,17072,coordinate_hypothesis_discovery
15,2071,7020,2524,2541.0,2515.0,2524.0,56.0,59.0,False,201408ddyw.tif,False,17.0,0.006735340729001585,6071,17020,coordinate_hypothesis_discovery
16,2085,3497,4483,4492.0,4483.0,4483.0,80.0,72.0,False,201408ddyw.tif,False,9.0,0.002007584207004238,6085,13497,coordinate_hypothesis_discovery
17,2105,6530,6343,6367.0,6343.0,6343.0,92.0,90.0,False,201408ddyw.tif,False,24.0,0.0037836985653476275,6105,16530,coordinate_hypothesis_discovery
18,2109,6106,4902,4956.0,4902.0,4902.0,80.0,80.0,False,201408ddyw.tif,False,54.0,0.011015911872705019,6109,16106,coordinate_hypothesis_discovery
19,2131,4844,1419,1442.0,1419.0,1419.0,44.0,42.0,False,201408ddyw.tif,False,23.0,0.01620859760394644,6131,14844,coordinate_hypothesis_discovery
20,2153,2990,2577,2599.0,2577.0,2577.0,62.0,55.0,False,201408ddyw.tif,False,22.0,0.008537058595265812,6153,12990,coordinate_hypothesis_discovery
21,2183,3660,4609,4618.0,4609.0,4609.0,79.0,76.0,False,201408ddyw.tif,False,9.0,0.0019527012367107832,6183,13660,coordinate_hypothesis_discovery
22,2187,2556,2638,2646.0,2638.0,2638.0,60.0,62.0,False,201408ddyw.tif,False,8.0,0.003032600454890068,6187,12556,coordinate_hypothesis_discovery
23,2201,6322,136,144.0,136.0,136.0,14.0,14.0,False,201408ddyw.tif,False,8.0,0.058823529411764705,6201,16322,coordinate_hypothesis_discovery
24,2243,2820,571,587.0,571.0,571.0,32.0,24.0,False,201408ddyw.tif,False,16.0,0.028021015761821366,6243,12820,coordinate_hypothesis_discovery
25,2253,2931,3446,3454.0,3446.0,3446.0,70.0,68.0,False,201408ddyw.tif,False,8.0,0.0023215322112594312,6253,12931,coordinate_hypothesis_discovery
26,2293,4222,1421,1450.0,1421.0,1421.0,42.0,44.0,False,201408ddyw.tif,False,29.0,0.02040816326530612,6293,14222,coordinate_hypothesis_discovery
27,2295,7514,3477,3488.0,3477.0,3477.0,72.0,64.0,False,201408ddyw.tif,False,11.0,0.0031636468219729654,6295,17514,coordinate_hypothesis_discovery
28,2303,4382,1767,1776.0,1767.0,1767.0,49.0,48.0,False,201408ddyw.tif,False,9.0,0.0050933786078098476,6303,14382,coordinate_hypothesis_discovery
29,2319,4282,1996,2007.0,1996.0,1996.0,57.0,49.0,False,201408ddyw.tif,False,11.0,0.005511022044088177,6319,14282,coordinate_hypothesis_discovery
30,2321,7594,7717,7733.0,7717.0,7717.0,108.0,94.0,False,201408ddyw.tif,False,16.0,0.0020733445639497215,6321,17594,coordinate_hypothesis_discovery
31,2329,5922,5817,5873.0,5817.0,5817.0,84.0,84.0,False,201408ddyw.tif,False,56.0,0.009626955475330927,6329,15922,coordinate_hypothesis_discovery
32,2337,3658,2221,2244.0,2221.0,2221.0,56.0,49.0,False,201408ddyw.tif,False,23.0,0.010355695632597929,6337,13658,coordinate_hypothesis_discovery
33,2359,2750,985,992.0,985.0,985.0,38.0,35.0,False,201408ddyw.tif,False,7.0,0.007106598984771574,6359,12750,coordinate_hypothesis_discovery
34,2369,3587,4223,4220.0,4195.0,4223.0,77.0,70.0,False,201408ddyw.tif,False,-3.0,-0.0007103954534690978,6369,13587,coordinate_hypothesis_discovery
35,2391,6054,2580,2622.0,2580.0,2580.0,56.0,60.0,False,201408ddyw.tif,False,42.0,0.01627906976744186,6391,16054,coordinate_hypothesis_discovery
36,2393,3448,1939,1964.0,1939.0,1939.0,50.0,52.0,False,201408ddyw.tif,False,25.0,0.012893243940175348,6393,13448,coordinate_hypothesis_discovery
37,2407,4334,3268,3281.0,3268.0,3268.0,65.0,64.0,False,201408ddyw.tif,False,13.0,0.00397796817625459,6407,14334,coordinate_hypothesis_discovery
38,2415,2247,1891,1914.0,1891.0,1891.0,51.0,50.0,False,201408ddyw.tif,False,23.0,0.012162876784769964,6415,12247,coordinate_hypothesis_discovery
39,2433,6982,6758,6768.0,6758.0,6758.0,92.0,94.0,False,201408ddyw.tif,False,10.0,0.001479727730097662,6433,16982,coordinate_hypothesis_discovery
40,2451,2832,2338,2361.0,2338.0,2338.0,56.0,54.0,False,201408ddyw.tif,False,23.0,0.009837467921300257,6451,12832,coordinate_hypothesis_discovery
41,2457,6332,4156,4192.0,4156.0,4156.0,74.0,74.0,False,201408ddyw.tif,False,36.0,0.008662175168431183,6457,16332,coordinate_hypothesis_discovery
42,2466,3942,940,950.0,940.0,940.0,40.0,33.0,False,201408ddyw.tif,False,10.0,0.010638297872340425,6466,13942,coordinate_hypothesis_discovery
43,2497,2627,2006,2024.0,2006.0,2006.0,55.0,48.0,False,201408ddyw.tif,False,18.0,0.00897308075772682,6497,12627,coordinate_hypothesis_discovery
44,2511,7726,6067,6107.0,6067.0,6067.0,100.0,82.0,False,201408ddyw.tif,False,40.0,0.0065930443382231745,6511,17726,coordinate_hypothesis_discovery
45,2519,2560,2330,2339.0,2330.0,2330.0,54.0,57.0,False,201408ddyw.tif,False,9.0,0.0038626609442060085,6519,12560,coordinate_hypothesis_discovery
46,2551,6816,2050,2080.0,2050.0,2050.0,50.0,52.0,False,201408ddyw.tif,False,30.0,0.014634146341463415,6551,16816,coordinate_hypothesis_discovery
47,2557,7002,3097,3115.0,3097.0,3097.0,63.0,64.0,False,201408ddyw.tif,False,18.0,0.005812076202776881,6557,17002,coordinate_hypothesis_discovery
48,2585,4053,4373,4407.0,4373.0,4373.0,75.0,72.0,False,201408ddyw.tif,False,34.0,0.007774982849302539,6585,14053,coordinate_hypothesis_discovery
49,2587,2064,1228,1244.0,1228.0,1228.0,44.0,38.0,False,201408ddyw.tif,False,16.0,0.013029315960912053,6587,12064,coordinate_hypothesis_discovery
50,2603,3928,1810,1832.0,1810.0,1810.0,50.0,48.0,False,201408ddyw.tif,False,22.0,0.012154696132596685,6603,13928,coordinate_hypothesis_discovery
51,2613,4148,1351,1356.0,1351.0,1351.0,42.0,43.0,False,201408ddyw.tif,False,5.0,0.003700962250185048,6613,14148,coordinate_hypothesis_discovery
52,2617,5352,2958,2984.0,2958.0,2958.0,58.0,68.0,False,201408ddyw.tif,False,26.0,0.00878972278566599,6617,15352,coordinate_hypothesis_discovery
53,2641,3880,1161,1179.0,1161.0,1161.0,40.0,40.0,False,201408ddyw.tif,False,18.0,0.015503875968992248,6641,13880,coordinate_hypothesis_discovery
54,2663,2566,1323,1342.0,1323.0,1323.0,42.0,40.0,False,201408ddyw.tif,False,19.0,0.01436130007558579,6663,12566,coordinate_hypothesis_discovery
55,2681,6266,4313,4326.0,4313.0,4313.0,77.0,70.0,False,201408ddyw.tif,False,13.0,0.0030141432877347552,6681,16266,coordinate_hypothesis_discovery
56,2685,4406,1683,1700.0,1683.0,1683.0,48.0,48.0,False,201408ddyw.tif,False,17.0,0.010101010101010102,6685,14406,coordinate_hypothesis_discovery
57,2689,7558,313,324.0,313.0,313.0,22.0,20.0,False,201408ddyw.tif,False,11.0,0.03514376996805112,6689,17558,coordinate_hypothesis_discovery
58,2701,3790,2827,2872.0,2827.0,2827.0,60.0,60.0,False,201408ddyw.tif,False,45.0,0.01591793420587195,6701,13790,coordinate_hypothesis_discovery
59,2705,8112,4244,4258.0,4244.0,4244.0,80.0,70.0,False,201408ddyw.tif,False,14.0,0.003298774740810556,6705,18112,coordinate_hypothesis_discovery
60,2713,3652,3721,3743.0,3721.0,3721.0,76.0,67.0,False,201408ddyw.tif,False,22.0,0.005912389142703574,6713,13652,coordinate_hypothesis_discovery
61,2757,6100,3647,3661.0,3647.0,3647.0,68.0,66.0,False,201408ddyw.tif,False,14.0,0.003838771593090211,6757,16100,coordinate_hypothesis_discovery
62,2763,8484,8046,8068.0,8046.0,8046.0,110.0,98.0,False,201408ddyw.tif,False,22.0,0.002734277902063137,6763,18484,coordinate_hypothesis_discovery
63,2767,5048,4012,4016.0,4010.0,4012.0,72.0,74.0,False,201408ddyw.tif,False,4.0,0.0009970089730807576,6767,15048,coordinate_hypothesis_discovery
64,2779,3072,4515,4550.0,4515.0,4515.0,78.0,74.0,False,201408ddyw.tif,False,35.0,0.007751937984496124,6779,13072,coordinate_hypothesis_discovery
65,2785,1729,3465,3477.0,3465.0,3465.0,68.0,66.0,False,201408ddyw.tif,False,12.0,0.003463203463203463,6785,11729,coordinate_hypothesis_discovery
66,2819,4584,5005,5030.0,5005.0,5005.0,82.0,82.0,False,201408ddyw.tif,False,25.0,0.004995004995004995,6819,14584,coordinate_hypothesis_discovery
67,2827,3770,4229,4255.0,4229.0,4229.0,78.0,70.0,False,201408ddyw.tif,False,26.0,0.0061480255379522345,6827,13770,coordinate_hypothesis_discovery
68,2837,5008,2449,2479.0,2449.0,2449.0,54.0,60.0,False,201408ddyw.tif,False,30.0,0.012249897917517355,6837,15008,coordinate_hypothesis_discovery
69,2839,4052,2684,2699.0,2684.0,2684.0,62.0,58.0,False,201408ddyw.tif,False,15.0,0.005588673621460507,6839,14052,coordinate_hypothesis_discovery
70,2843,3904,2904,2938.0,2904.0,2904.0,62.0,62.0,False,201408ddyw.tif,False,34.0,0.011707988980716254,6843,13904,coordinate_hypothesis_discovery
71,2851,6276,2203,2235.0,2203.0,2203.0,58.0,50.0,False,201408ddyw.tif,False,32.0,0.014525646845211076,6851,16276,coordinate_hypothesis_discovery
72,2881,1620,3161,3170.0,3161.0,3161.0,62.0,70.0,False,201408ddyw.tif,False,9.0,0.002847200253084467,6881,11620,coordinate_hypothesis_discovery
73,2889,5870,1840,1875.0,1840.0,1840.0,50.0,48.0,False,201408ddyw.tif,False,35.0,0.019021739130434784,6889,15870,coordinate_hypothesis_discovery
74,2895,1706,3109,3129.0,3109.0,3109.0,66.0,62.0,False,201408ddyw.tif,False,20.0,0.0064329366355741395,6895,11706,coordinate_hypothesis_discovery
75,2895,2701,6372,6392.0,6372.0,6372.0,94.0,90.0,False,201408ddyw.tif,False,20.0,0.003138731952291274,6895,12701,coordinate_hypothesis_discovery
76,2907,1861,3124,3157.0,3124.0,3124.0,67.0,62.0,False,201408ddyw.tif,False,33.0,0.01056338028169014,6907,11861,coordinate_hypothesis_discovery
77,2951,3870,1461,1483.0,1461.0,1461.0,47.0,42.0,False,201408ddyw.tif,False,22.0,0.015058179329226557,6951,13870,coordinate_hypothesis_discovery
78,2967,2224,8427,8449.0,8427.0,8427.0,102.0,106.0,False,201408ddyw.tif,False,22.0,0.0026106562240417706,6967,12224,coordinate_hypothesis_discovery
79,2991,4474,2370,2378.0,2370.0,2370.0,59.0,51.0,False,201408ddyw.tif,False,8.0,0.0033755274261603376,6991,14474,coordinate_hypothesis_discovery
80,2995,3930,2162,2179.0,2162.0,2162.0,58.0,50.0,False,201408ddyw.tif,False,17.0,0.00786308973172988,6995,13930,coordinate_hypothesis_discovery
81,3025,6854,7918,7944.0,7918.0,7918.0,106.0,100.0,False,201408ddyw.tif,False,26.0,0.003283657489264966,7025,16854,coordinate_hypothesis_discovery
82,3027,3460,2682,2696.0,2682.0,2682.0,58.0,58.0,False,201408ddyw.tif,False,14.0,0.005219985085756898,7027,13460,coordinate_hypothesis_discovery
83,3053,4550,3478,3482.0,3456.0,3478.0,64.0,72.0,False,201408ddyw.tif,False,4.0,0.0011500862564692352,7053,14550,coordinate_hypothesis_discovery
84,3063,3140,1950,1955.0,1950.0,1950.0,56.0,48.0,False,201408ddyw.tif,False,5.0,0.002564102564102564,7063,13140,coordinate_hypothesis_discovery
85,3065,6147,2344,2358.0,2344.0,2344.0,54.0,57.0,False,201408ddyw.tif,False,14.0,0.005972696245733789,7065,16147,coordinate_hypothesis_discovery
86,3071,4402,788,804.0,788.0,788.0,32.0,32.0,False,201408ddyw.tif,False,16.0,0.02030456852791878,7071,14402,coordinate_hypothesis_discovery
87,3077,6434,168,175.0,168.0,168.0,18.0,14.0,False,201408ddyw.tif,False,7.0,0.041666666666666664,7077,16434,coordinate_hypothesis_discovery
88,3083,4026,5682,5708.0,5682.0,5682.0,88.0,86.0,False,201408ddyw.tif,False,26.0,0.0045758535726856744,7083,14026,coordinate_hypothesis_discovery
89,3110,4606,2472,2496.0,2472.0,2472.0,52.0,61.0,False,201408ddyw.tif,False,24.0,0.009708737864077669,7110,14606,coordinate_hypothesis_discovery
90,3121,6942,15286,15320.0,15286.0,15286.0,140.0,156.0,False,201408ddyw.tif,False,34.0,0.002224257490514196,7121,16942,coordinate_hypothesis_discovery
91,3137,2525,10140,10169.0,10140.0,10140.0,117.0,116.0,False,201408ddyw.tif,False,29.0,0.0028599605522682445,7137,12525,coordinate_hypothesis_discovery
92,3149,1814,7784,7829.0,7784.0,7784.0,104.0,94.0,False,201408ddyw.tif,False,45.0,0.005781089414182939,7149,11814,coordinate_hypothesis_discovery
93,3163,9384,6534,6555.0,6534.0,6534.0,101.0,90.0,False,201408ddyw.tif,False,21.0,0.0032139577594123047,7163,19384,coordinate_hypothesis_discovery
94,3169,5106,2468,2479.0,2468.0,2468.0,57.0,57.0,False,201408ddyw.tif,False,11.0,0.004457050243111832,7169,15106,coordinate_hypothesis_discovery
95,3173,4252,4431,4469.0,4431.0,4431.0,74.0,78.0,False,201408ddyw.tif,False,38.0,0.008575942225231325,7173,14252,coordinate_hypothesis_discovery
96,3204,2364,2288,2305.0,2288.0,2288.0,52.0,58.0,False,201408ddyw.tif,False,17.0,0.00743006993006993,7204,12364,coordinate_hypothesis_discovery
97,3229,3486,2858,2870.0,2858.0,2858.0,67.0,60.0,False,201408ddyw.tif,False,12.0,0.004198740377886634,7229,13486,coordinate_hypothesis_discovery
98,3263,2428,4423,4464.0,4423.0,4423.0,77.0,74.0,False,201408ddyw.tif,False,41.0,0.00926972643002487,7263,12428,coordinate_hypothesis_discovery
99,3350,2382,2580,2610.0,2580.0,2580.0,66.0,54.0,False,201408ddyw.tif,False,30.0,0.011627906976744186,7350,12382,coordinate_hypothesis_discovery
100,3359,11758,1589,1598.0,1589.0,1589.0,48.0,46.0,False,201408ddyw.tif,False,9.0,0.005663939584644431,7359,21758,coordinate_hypothesis_discovery
101,3377,10278,23547,23536.0,23494.0,23547.0,172.0,180.0,False,201408ddyw.tif,False,-11.0,-0.00046715080477343187,7377,20278,coordinate_hypothesis_discovery
102,3381,4170,24788,24836.0,24788.0,24788.0,176.0,200.0,False,201408ddyw.tif,False,48.0,0.0019364208487978054,7381,14170,coordinate_hypothesis_discovery
103,3407,11152,311,322.0,311.0,311.0,24.0,19.0,False,201408ddyw.tif,False,11.0,0.03536977491961415,7407,21152,coordinate_hypothesis_discovery
104,3435,7246,839,858.0,839.0,839.0,34.0,33.0,False,201408ddyw.tif,False,19.0,0.02264600715137068,7435,17246,coordinate_hypothesis_discovery
105,3449,8392,157,162.0,157.0,157.0,16.0,15.0,False,201408ddyw.tif,False,5.0,0.03184713375796178,7449,18392,coordinate_hypothesis_discovery
106,3449,10464,8640,8679.0,8640.0,8640.0,106.0,104.0,False,201408ddyw.tif,False,39.0,0.0045138888888888885,7449,20464,coordinate_hypothesis_discovery
107,3457,7908,2816,2844.0,2816.0,2816.0,62.0,56.0,False,201408ddyw.tif,False,28.0,0.009943181818181818,7457,17908,coordinate_hypothesis_discovery
108,3483,3662,10417,10452.0,10417.0,10417.0,116.0,116.0,False,201408ddyw.tif,False,35.0,0.00335989248344053,7483,13662,coordinate_hypothesis_discovery
109,3493,1981,3453,3486.0,3453.0,3453.0,69.0,64.0,False,201408ddyw.tif,False,33.0,0.009556907037358819,7493,11981,coordinate_hypothesis_discovery
110,3522,4554,4919,4969.0,4919.0,4919.0,84.0,77.0,False,201408ddyw.tif,False,50.0,0.010164667615368977,7522,14554,coordinate_hypothesis_discovery
111,3523,4734,2272,2313.0,2272.0,2272.0,56.0,52.0,False,201408ddyw.tif,False,41.0,0.018045774647887324,7523,14734,coordinate_hypothesis_discovery
112,3539,12990,1847,1854.0,1847.0,1847.0,53.0,47.0,False,201408ddyw.tif,False,7.0,0.003789929615592853,7539,22990,coordinate_hypothesis_discovery
113,3543,1837,4022,4046.0,4022.0,4022.0,73.0,70.0,False,201408ddyw.tif,False,24.0,0.005967180507210343,7543,11837,coordinate_hypothesis_discovery
114,3585,1733,4876,4917.0,4876.0,4876.0,84.0,74.0,False,201408ddyw.tif,False,41.0,0.008408531583264971,7585,11733,coordinate_hypothesis_discovery
115,3597,2128,3428,3440.0,3428.0,3428.0,70.0,62.0,False,201408ddyw.tif,False,12.0,0.003500583430571762,7597,12128,coordinate_hypothesis_discovery
116,3627,6410,2324,2343.0,2324.0,2324.0,54.0,56.0,False,201408ddyw.tif,False,19.0,0.008175559380378658,7627,16410,coordinate_hypothesis_discovery
117,3649,2300,2020,2048.0,2020.0,2020.0,56.0,50.0,False,201408ddyw.tif,False,28.0,0.013861386138613862,7649,12300,coordinate_hypothesis_discovery
118,3653,3235,7217,7241.0,7217.0,7217.0,107.0,92.0,False,201408ddyw.tif,False,24.0,0.003325481502009145,7653,13235,coordinate_hypothesis_discovery
119,3657,2362,24762,24780.0,24762.0,24762.0,187.0,184.0,False,201408ddyw.tif,False,18.0,0.000726920281075842,7657,12362,coordinate_hypothesis_discovery
120,3657,12204,4421,4447.0,4421.0,4421.0,76.0,76.0,False,201408ddyw.tif,False,26.0,0.005881022393123728,7657,22204,coordinate_hypothesis_discovery
121,3665,1639,5284,5322.0,5284.0,5284.0,85.0,86.0,False,201408ddyw.tif,False,38.0,0.007191521574564724,7665,11639,coordinate_hypothesis_discovery
122,3671,12086,6123,6138.0,6123.0,6123.0,88.0,90.0,False,201408ddyw.tif,False,15.0,0.002449779519843214,7671,22086,coordinate_hypothesis_discovery
123,3721,12480,1522,1548.0,1522.0,1522.0,48.0,42.0,False,201408ddyw.tif,False,26.0,0.017082785808147174,7721,22480,coordinate_hypothesis_discovery
124,3725,12907,11336,11357.0,11336.0,11336.0,119.0,128.0,False,201408ddyw.tif,False,21.0,0.0018525052928722655,7725,22907,coordinate_hypothesis_discovery
125,3733,11849,14376,14412.0,14376.0,14376.0,157.0,128.0,False,201408ddyw.tif,False,36.0,0.0025041736227045075,7733,21849,coordinate_hypothesis_discovery
126,3797,1665,2916,2940.0,2916.0,2916.0,65.0,58.0,False,201408ddyw.tif,False,24.0,0.00823045267489712,7797,11665,coordinate_hypothesis_discovery
127,3805,1594,472,486.0,472.0,472.0,28.0,23.0,False,201408ddyw.tif,False,14.0,0.029661016949152543,7805,11594,coordinate_hypothesis_discovery
128,3809,2605,4521,4533.0,4521.0,4521.0,79.0,78.0,False,201408ddyw.tif,False,12.0,0.0026542800265428003,7809,12605,coordinate_hypothesis_discovery
129,3817,13232,4054,4074.0,4054.0,4054.0,75.0,70.0,False,201408ddyw.tif,False,20.0,0.00493339911198816,7817,23232,coordinate_hypothesis_discovery
130,3823,5400,128,137.0,128.0,128.0,16.0,12.0,False,201408ddyw.tif,False,9.0,0.0703125,7823,15400,coordinate_hypothesis_discovery
131,3823,7414,282,292.0,282.0,282.0,22.0,19.0,False,201408ddyw.tif,False,10.0,0.03546099290780142,7823,17414,coordinate_hypothesis_discovery
132,3853,4711,1086,1100.0,1086.0,1086.0,37.0,40.0,False,201408ddyw.tif,False,14.0,0.01289134438305709,7853,14711,coordinate_hypothesis_discovery
133,3879,2412,2102,2123.0,2102.0,2102.0,51.0,54.0,False,201408ddyw.tif,False,21.0,0.009990485252140819,7879,12412,coordinate_hypothesis_discovery
134,3889,2012,9134,9170.0,9134.0,9134.0,117.0,104.0,False,201408ddyw.tif,False,36.0,0.003941318151959711,7889,12012,coordinate_hypothesis_discovery
135,3893,2784,3019,3063.0,3019.0,3019.0,62.0,60.0,False,201408ddyw.tif,False,44.0,0.01457436237164624,7893,12784,coordinate_hypothesis_discovery
136,3909,9533,3229,3243.0,3229.0,3229.0,67.0,68.0,False,201408ddyw.tif,False,14.0,0.004335707649427067,7909,19533,coordinate_hypothesis_discovery
137,3913,2186,2071,2101.0,2071.0,2071.0,48.0,56.0,False,201408ddyw.tif,False,30.0,0.014485755673587638,7913,12186,coordinate_hypothesis_discovery
138,3931,8493,329,344.0,329.0,329.0,21.0,22.0,False,201408ddyw.tif,False,15.0,0.04559270516717325,7931,18493,coordinate_hypothesis_discovery
139,3937,4928,16545,16569.0,16545.0,16545.0,152.0,144.0,False,201408ddyw.tif,False,24.0,0.0014505893019038985,7937,14928,coordinate_hypothesis_discovery
140,3949,6542,3997,4011.0,3997.0,3997.0,73.0,74.0,False,201408ddyw.tif,False,14.0,0.0035026269702276708,7949,16542,coordinate_hypothesis_discovery
141,4005,3291,2252,2270.0,2252.0,2252.0,53.0,54.0,False,201408ddyw.tif,False,18.0,0.007992895204262877,8005,13291,coordinate_hypothesis_discovery
142,4025,969,2887,2920.0,2887.0,2887.0,63.0,64.0,False,201408ddyw.tif,False,33.0,0.0114305507447177,8025,10969,coordinate_hypothesis_discovery
143,4039,1845,14775,14778.0,14750.0,14775.0,151.0,139.0,False,201408ddyw.tif,False,3.0,0.0002030456852791878,8039,11845,coordinate_hypothesis_discovery
144,4045,3001,3053,3093.0,3053.0,3053.0,61.0,62.0,False,201408ddyw.tif,False,40.0,0.013101867016049788,8045,13001,coordinate_hypothesis_discovery
145,4047,2053,4604,4632.0,4604.0,4604.0,77.0,76.0,False,201408ddyw.tif,False,28.0,0.006081668114682885,8047,12053,coordinate_hypothesis_discovery
146,4067,4790,2770,2788.0,2770.0,2770.0,60.0,60.0,False,201408ddyw.tif,False,18.0,0.006498194945848376,8067,14790,coordinate_hypothesis_discovery
147,4069,8810,1214,1252.0,1214.0,1214.0,36.0,40.0,False,201408ddyw.tif,False,38.0,0.03130148270181219,8069,18810,coordinate_hypothesis_discovery
148,4087,5858,263,275.0,263.0,263.0,20.0,20.0,False,201408ddyw.tif,False,12.0,0.045627376425855515,8087,15858,coordinate_hypothesis_discovery
149,4105,2501,3148,3177.0,3148.0,3148.0,64.0,62.0,False,201408ddyw.tif,False,29.0,0.009212198221092757,8105,12501,coordinate_hypothesis_discovery
150,4109,3950,1520,1529.0,1520.0,1520.0,47.0,44.0,False,201408ddyw.tif,False,9.0,0.0059210526315789476,8109,13950,coordinate_hypothesis_discovery
151,4119,6744,392,399.0,392.0,392.0,23.0,25.0,False,201408ddyw.tif,False,7.0,0.017857142857142856,8119,16744,coordinate_hypothesis_discovery
152,4125,8548,1326,1338.0,1326.0,1326.0,42.0,42.0,False,201408ddyw.tif,False,12.0,0.00904977375565611,8125,18548,coordinate_hypothesis_discovery
153,4127,6624,138,148.0,138.0,138.0,16.0,12.0,False,201408ddyw.tif,False,10.0,0.07246376811594203,8127,16624,coordinate_hypothesis_discovery
154,4129,2374,2673,2697.0,2673.0,2673.0,58.0,60.0,False,201408ddyw.tif,False,24.0,0.008978675645342313,8129,12374,coordinate_hypothesis_discovery
155,4169,12828,1879,1908.0,1879.0,1879.0,50.0,48.0,False,201408ddyw.tif,False,29.0,0.015433741351782864,8169,22828,coordinate_hypothesis_discovery
156,4201,5818,500,506.0,500.0,500.0,26.0,26.0,False,201408ddyw.tif,False,6.0,0.012,8201,15818,coordinate_hypothesis_discovery
157,4205,6501,3098,3124.0,3098.0,3098.0,62.0,62.0,False,201408ddyw.tif,False,26.0,0.008392511297611363,8205,16501,coordinate_hypothesis_discovery
158,4241,7214,249,266.0,249.0,249.0,18.0,20.0,False,201408ddyw.tif,False,17.0,0.06827309236947791,8241,17214,coordinate_hypothesis_discovery
159,4251,2612,1174,1189.0,1174.0,1174.0,42.0,40.0,False,201408ddyw.tif,False,15.0,0.012776831345826235,8251,12612,coordinate_hypothesis_discovery
160,4251,5896,321,333.0,321.0,321.0,24.0,18.0,False,201408ddyw.tif,False,12.0,0.037383177570093455,8251,15896,coordinate_hypothesis_discovery
161,4295,4270,2055,2075.0,2055.0,2055.0,53.0,52.0,False,201408ddyw.tif,False,20.0,0.009732360097323601,8295,14270,coordinate_hypothesis_discovery
162,4311,8823,636,650.0,636.0,636.0,29.0,28.0,False,201408ddyw.tif,False,14.0,0.0220125786163522,8311,18823,coordinate_hypothesis_discovery
163,4335,8794,356,368.0,356.0,356.0,23.0,20.0,False,201408ddyw.tif,False,12.0,0.033707865168539325,8335,18794,coordinate_hypothesis_discovery
164,4341,12992,17254,17279.0,17254.0,17254.0,152.0,166.0,False,201408ddyw.tif,False,25.0,0.0014489393763764925,8341,22992,coordinate_hypothesis_discovery
165,4347,4174,6083,6093.0,6083.0,6083.0,94.0,84.0,False,201408ddyw.tif,False,10.0,0.001643925694558606,8347,14174,coordinate_hypothesis_discovery
166,4418,1289,17359,17375.0,17359.0,17359.0,160.0,132.0,False,201408ddyw.tif,False,16.0,0.000921712080188951,8418,11289,coordinate_hypothesis_discovery
167,4423,9330,1838,1850.0,1838.0,1838.0,51.0,48.0,False,201408ddyw.tif,False,12.0,0.006528835690968444,8423,19330,coordinate_hypothesis_discovery
168,4429,8312,1145,1162.0,1145.0,1145.0,36.0,41.0,False,201408ddyw.tif,False,17.0,0.014847161572052401,8429,18312,coordinate_hypothesis_discovery
169,4437,2746,3481,3494.0,3481.0,3481.0,66.0,66.0,False,201408ddyw.tif,False,13.0,0.0037345590347601263,8437,12746,coordinate_hypothesis_discovery
170,4445,4470,9060,9087.0,9060.0,9060.0,110.0,102.0,False,201408ddyw.tif,False,27.0,0.002980132450331126,8445,14470,coordinate_hypothesis_discovery
171,4465,1876,4433,4445.0,4433.0,4433.0,69.0,84.0,False,201408ddyw.tif,False,12.0,0.0027069704489059328,8465,11876,coordinate_hypothesis_discovery
172,4467,3118,2811,2826.0,2811.0,2811.0,59.0,64.0,False,201408ddyw.tif,False,15.0,0.005336179295624333,8467,13118,coordinate_hypothesis_discovery
173,4490,1617,12394,12414.0,12394.0,12394.0,124.0,124.0,False,201408ddyw.tif,False,20.0,0.0016136840406648378,8490,11617,coordinate_hypothesis_discovery
174,4498,2801,1861,1873.0,1861.0,1861.0,50.0,52.0,False,201408ddyw.tif,False,12.0,0.006448146157979581,8498,12801,coordinate_hypothesis_discovery
175,4503,3443,11632,11639.0,11632.0,11632.0,123.0,124.0,False,201408ddyw.tif,False,7.0,0.0006017881705639615,8503,13443,coordinate_hypothesis_discovery
176,4518,1757,4968,4976.0,4968.0,4968.0,84.0,81.0,False,201408ddyw.tif,False,8.0,0.001610305958132045,8518,11757,coordinate_hypothesis_discovery
177,4543,7946,2414,2454.0,2414.0,2414.0,56.0,54.0,False,201408ddyw.tif,False,40.0,0.016570008285004142,8543,17946,coordinate_hypothesis_discovery
178,4553,8756,132,147.0,132.0,132.0,14.0,13.0,False,201408ddyw.tif,False,15.0,0.11363636363636363,8553,18756,coordinate_hypothesis_discovery
179,4565,3928,2045,2068.0,2045.0,2045.0,54.0,48.0,False,201408ddyw.tif,False,23.0,0.011246943765281174,8565,13928,coordinate_hypothesis_discovery
180,4567,3782,3620,3633.0,3620.0,3620.0,63.0,74.0,False,201408ddyw.tif,False,13.0,0.0035911602209944752,8567,13782,coordinate_hypothesis_discovery
181,4642,12882,428,448.0,428.0,428.0,20.0,28.0,False,201408ddyw.tif,False,20.0,0.04672897196261682,8642,22882,coordinate_hypothesis_discovery
182,4645,13284,6418,6428.0,6418.0,6418.0,98.0,92.0,False,201408ddyw.tif,False,10.0,0.0015581177937052041,8645,23284,coordinate_hypothesis_discovery
183,4650,2550,2370,2387.0,2370.0,2370.0,52.0,61.0,False,201408ddyw.tif,False,17.0,0.007172995780590718,8650,12550,coordinate_hypothesis_discovery
184,4651,7726,236,248.0,236.0,236.0,18.0,18.0,False,201408ddyw.tif,False,12.0,0.05084745762711865,8651,17726,coordinate_hypothesis_discovery
185,4681,4490,2434,2463.0,2434.0,2434.0,62.0,52.0,False,201408ddyw.tif,False,29.0,0.01191454396055875,8681,14490,coordinate_hypothesis_discovery
186,4695,3434,2984,3020.0,2984.0,2984.0,60.0,66.0,False,201408ddyw.tif,False,36.0,0.012064343163538873,8695,13434,coordinate_hypothesis_discovery
187,4697,4226,5174,5178.0,5174.0,5174.0,82.0,84.0,False,201408ddyw.tif,False,4.0,0.0007730962504831851,8697,14226,coordinate_hypothesis_discovery
188,4746,8574,3108,3125.0,3108.0,3108.0,63.0,67.0,False,201408ddyw.tif,False,17.0,0.0054697554697554695,8746,18574,coordinate_hypothesis_discovery
189,4757,8766,171,179.0,171.0,171.0,17.0,15.0,False,201408ddyw.tif,False,8.0,0.04678362573099415,8757,18766,coordinate_hypothesis_discovery
190,4781,4624,4572,4599.0,4572.0,4572.0,78.0,80.0,False,201408ddyw.tif,False,27.0,0.005905511811023622,8781,14624,coordinate_hypothesis_discovery
191,4783,6649,1620,1646.0,1620.0,1620.0,47.0,48.0,False,201408ddyw.tif,False,26.0,0.016049382716049384,8783,16649,coordinate_hypothesis_discovery
192,4785,3494,1715,1734.0,1715.0,1715.0,46.0,48.0,False,201408ddyw.tif,False,19.0,0.011078717201166181,8785,13494,coordinate_hypothesis_discovery
193,4842,2229,6606,6634.0,6606.0,6606.0,92.0,95.0,False,201408ddyw.tif,False,28.0,0.004238570996064184,8842,12229,coordinate_hypothesis_discovery
194,4857,1554,4825,4848.0,4825.0,4825.0,76.0,86.0,False,201408ddyw.tif,False,23.0,0.004766839378238342,8857,11554,coordinate_hypothesis_discovery
195,4889,3113,3169,3187.0,3169.0,3169.0,72.0,60.0,False,201408ddyw.tif,False,18.0,0.005680025244556642,8889,13113,coordinate_hypothesis_discovery
196,4902,3785,2451,2474.0,2451.0,2451.0,57.0,56.0,False,201408ddyw.tif,False,23.0,0.009383924928600572,8902,13785,coordinate_hypothesis_discovery
197,4925,3428,1338,1366.0,1338.0,1338.0,44.0,42.0,False,201408ddyw.tif,False,28.0,0.02092675635276532,8925,13428,coordinate_hypothesis_discovery
198,4935,3356,2332,2360.0,2332.0,2332.0,56.0,60.0,False,201408ddyw.tif,False,28.0,0.012006861063464836,8935,13356,coordinate_hypothesis_discovery
199,4959,1458,8529,8572.0,8529.0,8529.0,103.0,104.0,False,201408ddyw.tif,False,43.0,0.005041622699026849,8959,11458,coordinate_hypothesis_discovery
200,4959,3149,4190,4209.0,4190.0,4190.0,77.0,81.0,False,201408ddyw.tif,False,19.0,0.004534606205250597,8959,13149,coordinate_hypothesis_discovery
201,4997,3460,3916,3950.0,3916.0,3916.0,72.0,70.0,False,201408ddyw.tif,False,34.0,0.008682328907048007,8997,13460,coordinate_hypothesis_discovery
202,4999,10514,195,206.0,195.0,195.0,20.0,16.0,False,201408ddyw.tif,False,11.0,0.05641025641025641,8999,20514,coordinate_hypothesis_discovery
203,5011,4307,3826,3836.0,3826.0,3826.0,72.0,71.0,False,201408ddyw.tif,False,10.0,0.0026136957658128594,9011,14307,coordinate_hypothesis_discovery
204,5015,7326,1783,1798.0,1783.0,1783.0,50.0,47.0,False,201408ddyw.tif,False,15.0,0.008412787436904094,9015,17326,coordinate_hypothesis_discovery
205,5022,3590,2616,2632.0,2616.0,2616.0,61.0,57.0,False,201408ddyw.tif,False,16.0,0.0061162079510703364,9022,13590,coordinate_hypothesis_discovery
206,5040,4620,5176,5193.0,5176.0,5176.0,83.0,79.0,False,201408ddyw.tif,False,17.0,0.0032843894899536323,9040,14620,coordinate_hypothesis_discovery
207,5045,5828,3788,3798.0,3788.0,3788.0,73.0,74.0,False,201408ddyw.tif,False,10.0,0.0026399155227032735,9045,15828,coordinate_hypothesis_discovery
208,5059,3748,1570,1585.0,1570.0,1570.0,46.0,48.0,False,201408ddyw.tif,False,15.0,0.009554140127388535,9059,13748,coordinate_hypothesis_discovery
209,5122,5774,3371,3386.0,3371.0,3371.0,76.0,67.0,False,201408ddyw.tif,False,15.0,0.004449718184514981,9122,15774,coordinate_hypothesis_discovery
210,5147,3234,3939,3951.0,3939.0,3939.0,70.0,74.0,False,201408ddyw.tif,False,12.0,0.0030464584920030465,9147,13234,coordinate_hypothesis_discovery
211,5153,4574,3804,3823.0,3804.0,3804.0,70.0,70.0,False,201408ddyw.tif,False,19.0,0.004994742376445847,9153,14574,coordinate_hypothesis_discovery
212,5170,3968,3750,3788.0,3750.0,3750.0,64.0,79.0,False,201408ddyw.tif,False,38.0,0.010133333333333333,9170,13968,coordinate_hypothesis_discovery
213,5177,5445,3924,3953.0,3924.0,3924.0,72.0,70.0,False,201408ddyw.tif,False,29.0,0.007390417940876657,9177,15445,coordinate_hypothesis_discovery
214,5231,5357,3871,3896.0,3871.0,3871.0,75.0,68.0,False,201408ddyw.tif,False,25.0,0.006458279514337381,9231,15357,coordinate_hypothesis_discovery
215,5242,6018,7280,7292.0,7280.0,7280.0,106.0,96.0,False,201408ddyw.tif,False,12.0,0.0016483516483516484,9242,16018,coordinate_hypothesis_discovery
216,5283,4508,4225,4242.0,4225.0,4225.0,75.0,74.0,False,201408ddyw.tif,False,17.0,0.004023668639053254,9283,14508,coordinate_hypothesis_discovery
217,5287,3366,2259,2289.0,2259.0,2259.0,52.0,56.0,False,201408ddyw.tif,False,30.0,0.013280212483399735,9287,13366,coordinate_hypothesis_discovery
218,5309,4974,5224,5243.0,5224.0,5224.0,80.0,84.0,False,201408ddyw.tif,False,19.0,0.0036370597243491577,9309,14974,coordinate_hypothesis_discovery
219,5309,6154,3103,3112.0,3103.0,3103.0,62.0,70.0,False,201408ddyw.tif,False,9.0,0.0029004189494038026,9309,16154,coordinate_hypothesis_discovery
220,5385,4728,2823,2851.0,2823.0,2823.0,66.0,60.0,False,201408ddyw.tif,False,28.0,0.00991852639036486,9385,14728,coordinate_hypothesis_discovery
221,5393,3768,2684,2716.0,2684.0,2684.0,58.0,58.0,False,201408ddyw.tif,False,32.0,0.011922503725782414,9393,13768,coordinate_hypothesis_discovery
222,5397,2790,5600,5633.0,5600.0,5600.0,80.0,94.0,False,201408ddyw.tif,False,33.0,0.005892857142857143,9397,12790,coordinate_hypothesis_discovery
223,5459,4874,3584,3603.0,3584.0,3584.0,62.0,79.0,False,201408ddyw.tif,False,19.0,0.005301339285714286,9459,14874,coordinate_hypothesis_discovery
224,5461,6652,4683,4709.0,4683.0,4683.0,86.0,74.0,False,201408ddyw.tif,False,26.0,0.005551996583386718,9461,16652,coordinate_hypothesis_discovery
225,5489,3690,5505,5525.0,5505.0,5505.0,83.0,86.0,False,201408ddyw.tif,False,20.0,0.0036330608537693005,9489,13690,coordinate_hypothesis_discovery
226,5491,3826,3914,3922.0,3914.0,3914.0,78.0,70.0,False,201408ddyw.tif,False,8.0,0.002043944813490036,9491,13826,coordinate_hypothesis_discovery
227,5498,2553,8276,8318.0,8276.0,8276.0,107.0,95.0,False,201408ddyw.tif,False,42.0,0.005074915418076365,9498,12553,coordinate_hypothesis_discovery
228,5499,4792,3256,3269.0,3256.0,3256.0,65.0,67.0,False,201408ddyw.tif,False,13.0,0.003992628992628993,9499,14792,coordinate_hypothesis_discovery
229,5531,6435,4284,4311.0,4284.0,4284.0,75.0,74.0,False,201408ddyw.tif,False,27.0,0.0063025210084033615,9531,16435,coordinate_hypothesis_discovery
230,5583,4484,1769,1797.0,1769.0,1769.0,46.0,48.0,False,201408ddyw.tif,False,28.0,0.01582815149802148,9583,14484,coordinate_hypothesis_discovery
231,5591,6346,3241,3266.0,3241.0,3241.0,64.0,64.0,False,201408ddyw.tif,False,25.0,0.007713668620796051,9591,16346,coordinate_hypothesis_discovery
232,5639,5284,4479,4500.0,4479.0,4479.0,84.0,72.0,False,201408ddyw.tif,False,21.0,0.004688546550569324,9639,15284,coordinate_hypothesis_discovery
233,5657,3432,2219,2242.0,2219.0,2219.0,50.0,56.0,False,201408ddyw.tif,False,23.0,0.010365029292474088,9657,13432,coordinate_hypothesis_discovery
234,5695,3546,5355,5369.0,5355.0,5355.0,83.0,86.0,False,201408ddyw.tif,False,14.0,0.00261437908496732,9695,13546,coordinate_hypothesis_discovery
235,5699,5502,4365,4380.0,4365.0,4365.0,80.0,74.0,False,201408ddyw.tif,False,15.0,0.003436426116838488,9699,15502,coordinate_hypothesis_discovery
236,5719,6616,5711,5733.0,5711.0,5711.0,88.0,84.0,False,201408ddyw.tif,False,22.0,0.0038522150236385924,9719,16616,coordinate_hypothesis_discovery
237,5726,4584,2161,2175.0,2161.0,2161.0,53.0,53.0,False,201408ddyw.tif,False,14.0,0.006478482184173994,9726,14584,coordinate_hypothesis_discovery
238,5742,3710,3062,3089.0,3062.0,3062.0,64.0,63.0,False,201408ddyw.tif,False,27.0,0.008817766165904637,9742,13710,coordinate_hypothesis_discovery
239,5762,3366,13063,13110.0,13063.0,13063.0,132.0,131.0,False,201408ddyw.tif,False,47.0,0.0035979484038888465,9762,13366,coordinate_hypothesis_discovery
240,5779,4014,8179,8200.0,8179.0,8179.0,104.0,110.0,False,201408ddyw.tif,False,21.0,0.0025675510453600685,9779,14014,coordinate_hypothesis_discovery
241,5807,4637,5943,5953.0,5943.0,5943.0,92.0,86.0,False,201408ddyw.tif,False,10.0,0.0016826518593303045,9807,14637,coordinate_hypothesis_discovery
242,5811,5674,5725,5755.0,5725.0,5725.0,92.0,82.0,False,201408ddyw.tif,False,30.0,0.005240174672489083,9811,15674,coordinate_hypothesis_discovery
243,5821,7749,246,255.0,246.0,246.0,21.0,16.0,False,201408ddyw.tif,False,9.0,0.036585365853658534,9821,17749,coordinate_hypothesis_discovery
244,5869,4412,228,252.0,228.0,228.0,18.0,16.0,False,201408ddyw.tif,False,24.0,0.10526315789473684,9869,14412,coordinate_hypothesis_discovery
245,5869,13514,260,271.0,260.0,260.0,20.0,20.0,False,201408ddyw.tif,False,11.0,0.04230769230769231,9869,23514,coordinate_hypothesis_discovery
246,5905,5185,4796,4813.0,4796.0,4796.0,85.0,78.0,False,201408ddyw.tif,False,17.0,0.0035446205170975814,9905,15185,coordinate_hypothesis_discovery
247,5929,4105,228,239.0,228.0,228.0,19.0,17.0,False,201408ddyw.tif,False,11.0,0.04824561403508772,9929,14105,coordinate_hypothesis_discovery
248,5951,5108,2711,2720.0,2711.0,2711.0,58.0,63.0,False,201408ddyw.tif,False,9.0,0.0033198081888601992,9951,15108,coordinate_hypothesis_discovery
249,5983,8275,559,569.0,559.0,559.0,24.0,31.0,False,201408ddyw.tif,False,10.0,0.017889087656529516,9983,18275,coordinate_hypothesis_discovery
250,5990,4636,5729,5753.0,5729.0,5729.0,84.0,91.0,False,201408ddyw.tif,False,24.0,0.0041892127770989706,9990,14636,coordinate_hypothesis_discovery
251,6011,3979,552,574.0,552.0,552.0,31.0,24.0,False,201408ddyw.tif,False,22.0,0.03985507246376811,10011,13979,coordinate_hypothesis_discovery
252,6021,4758,4714,4732.0,4714.0,4714.0,77.0,76.0,False,201408ddyw.tif,False,18.0,0.003818413237165889,10021,14758,coordinate_hypothesis_discovery
253,6029,3659,12906,12916.0,12906.0,12906.0,132.0,126.0,False,201408ddyw.tif,False,10.0,0.0007748334108166745,10029,13659,coordinate_hypothesis_discovery
254,6031,8010,164,176.0,164.0,164.0,18.0,14.0,False,201408ddyw.tif,False,12.0,0.07317073170731707,10031,18010,coordinate_hypothesis_discovery
255,6091,7997,3055,3081.0,3055.0,3055.0,65.0,62.0,False,201408ddyw.tif,False,26.0,0.00851063829787234,10091,17997,coordinate_hypothesis_discovery
256,6097,4670,4755,4783.0,4755.0,4755.0,76.0,78.0,False,201408ddyw.tif,False,28.0,0.005888538380651945,10097,14670,coordinate_hypothesis_discovery
257,6115,3974,1256,1275.0,1256.0,1256.0,43.0,39.0,False,201408ddyw.tif,False,19.0,0.015127388535031847,10115,13974,coordinate_hypothesis_discovery
258,6138,4428,7227,7268.0,7227.0,7227.0,98.0,95.0,False,201408ddyw.tif,False,41.0,0.005673170056731701,10138,14428,coordinate_hypothesis_discovery
259,6181,8537,805,819.0,805.0,805.0,33.0,32.0,False,201408ddyw.tif,False,14.0,0.017391304347826087,10181,18537,coordinate_hypothesis_discovery
260,6231,4702,4538,4564.0,4538.0,4538.0,72.0,80.0,False,201408ddyw.tif,False,26.0,0.0057293962097840455,10231,14702,coordinate_hypothesis_discovery
261,6258,3442,18891,18912.0,18891.0,18891.0,158.0,161.0,False,201408ddyw.tif,False,21.0,0.0011116404637128792,10258,13442,coordinate_hypothesis_discovery
262,6259,3636,2857,2898.0,2857.0,2857.0,58.0,62.0,False,201408ddyw.tif,False,41.0,0.014350717535876793,10259,13636,coordinate_hypothesis_discovery
263,6261,4964,3921,3951.0,3921.0,3921.0,70.0,76.0,False,201408ddyw.tif,False,30.0,0.0076511094108645756,10261,14964,coordinate_hypothesis_discovery
264,6303,7085,1725,1731.0,1725.0,1725.0,49.0,52.0,False,201408ddyw.tif,False,6.0,0.0034782608695652175,10303,17085,coordinate_hypothesis_discovery
265,6318,4670,1779,1802.0,1779.0,1779.0,46.0,49.0,False,201408ddyw.tif,False,23.0,0.012928611579539067,10318,14670,coordinate_hypothesis_discovery
266,6326,3616,1176,1185.0,1176.0,1176.0,41.0,39.0,False,201408ddyw.tif,False,9.0,0.007653061224489796,10326,13616,coordinate_hypothesis_discovery
267,6331,3834,2004,2020.0,2004.0,2004.0,55.0,50.0,False,201408ddyw.tif,False,16.0,0.007984031936127744,10331,13834,coordinate_hypothesis_discovery
268,6337,3978,2953,2968.0,2953.0,2953.0,64.0,63.0,False,201408ddyw.tif,False,15.0,0.005079580088046055,10337,13978,coordinate_hypothesis_discovery
269,6377,4826,4668,4682.0,4668.0,4668.0,76.0,78.0,False,201408ddyw.tif,False,14.0,0.0029991431019708655,10377,14826,coordinate_hypothesis_discovery
270,6425,7162,5459,5475.0,5459.0,5459.0,80.0,94.0,False,201408ddyw.tif,False,16.0,0.0029309397325517493,10425,17162,coordinate_hypothesis_discovery
271,6451,3862,261,274.0,261.0,261.0,18.0,20.0,False,201408ddyw.tif,False,13.0,0.04980842911877394,10451,13862,coordinate_hypothesis_discovery
272,6651,4514,5442,5455.0,5442.0,5442.0,84.0,84.0,False,201408ddyw.tif,False,13.0,0.002388827636898199,10651,14514,coordinate_hypothesis_discovery
273,6671,9590,198,207.0,198.0,198.0,18.0,16.0,False,201408ddyw.tif,False,9.0,0.045454545454545456,10671,19590,coordinate_hypothesis_discovery
274,6693,5606,184,200.0,184.0,184.0,14.0,18.0,False,201408ddyw.tif,False,16.0,0.08695652173913043,10693,15606,coordinate_hypothesis_discovery
275,6721,5598,12199,12228.0,12199.0,12199.0,132.0,124.0,False,201408ddyw.tif,False,29.0,0.002377244036396426,10721,15598,coordinate_hypothesis_discovery
276,6801,7592,6796,6823.0,6796.0,6796.0,101.0,90.0,False,201408ddyw.tif,False,27.0,0.003972925250147146,10801,17592,coordinate_hypothesis_discovery
277,6855,5806,2407,2424.0,2400.0,2407.0,64.0,50.0,False,201408ddyw.tif,False,17.0,0.007062733693394266,10855,15806,coordinate_hypothesis_discovery
278,6863,6946,10488,10524.0,10488.0,10488.0,104.0,131.0,False,201408ddyw.tif,False,36.0,0.003432494279176201,10863,16946,coordinate_hypothesis_discovery
279,6895,3741,606,627.0,606.0,606.0,27.0,32.0,False,201408ddyw.tif,False,21.0,0.034653465346534656,10895,13741,coordinate_hypothesis_discovery
280,6951,4944,6046,6076.0,6046.0,6046.0,82.0,94.0,False,201408ddyw.tif,False,30.0,0.004961958319550115,10951,14944,coordinate_hypothesis_discovery
281,6961,3788,124,130.0,124.0,124.0,14.0,12.0,False,201408ddyw.tif,False,6.0,0.04838709677419355,10961,13788,coordinate_hypothesis_discovery
282,7029,3496,5131,5153.0,5131.0,5131.0,82.0,82.0,False,201408ddyw.tif,False,22.0,0.004287663223543169,11029,13496,coordinate_hypothesis_discovery
283,7102,7748,5659,5690.0,5659.0,5659.0,88.0,83.0,False,201408ddyw.tif,False,31.0,0.005477999646580668,11102,17748,coordinate_hypothesis_discovery
284,7141,3672,6453,6473.0,6453.0,6453.0,98.0,86.0,False,201408ddyw.tif,False,20.0,0.003099333643266698,11141,13672,coordinate_hypothesis_discovery
285,7141,5980,5111,5139.0,5111.0,5111.0,94.0,70.0,False,201408ddyw.tif,False,28.0,0.005478379964781843,11141,15980,coordinate_hypothesis_discovery
286,7167,5448,741,770.0,741.0,741.0,34.0,27.0,False,201408ddyw.tif,False,29.0,0.03913630229419703,11167,15448,coordinate_hypothesis_discovery
287,7195,5010,6201,6225.0,6201.0,6201.0,84.0,94.0,False,201408ddyw.tif,False,24.0,0.0038703434929850023,11195,15010,coordinate_hypothesis_discovery
288,7219,4500,403,419.0,403.0,403.0,26.0,23.0,False,201408ddyw.tif,False,16.0,0.03970223325062035,11219,14500,coordinate_hypothesis_discovery
289,7249,8238,4740,4777.0,4740.0,4740.0,76.0,80.0,False,201408ddyw.tif,False,37.0,0.007805907172995781,11249,18238,coordinate_hypothesis_discovery
290,7311,3687,1811,1828.0,1811.0,1811.0,52.0,46.0,False,201408ddyw.tif,False,17.0,0.009387078961899503,11311,13687,coordinate_hypothesis_discovery
291,7330,8326,1774,1814.0,1774.0,1774.0,48.0,49.0,False,201408ddyw.tif,False,40.0,0.02254791431792559,11330,18326,coordinate_hypothesis_discovery
292,7359,8378,3875,3895.0,3875.0,3875.0,74.0,66.0,False,201408ddyw.tif,False,20.0,0.005161290322580645,11359,18378,coordinate_hypothesis_discovery
293,7418,2174,3077,3104.0,3077.0,3077.0,62.0,65.0,False,201408ddyw.tif,False,27.0,0.008774780630484237,11418,12174,coordinate_hypothesis_discovery
294,7446,4082,5713,5724.0,5713.0,5713.0,90.0,85.0,False,201408ddyw.tif,False,11.0,0.0019254332224750569,11446,14082,coordinate_hypothesis_discovery
295,7463,14062,315,328.0,315.0,315.0,24.0,19.0,False,201408ddyw.tif,False,13.0,0.04126984126984127,11463,24062,coordinate_hypothesis_discovery
296,7495,6354,2215,2235.0,2215.0,2215.0,57.0,52.0,False,201408ddyw.tif,False,20.0,0.009029345372460496,11495,16354,coordinate_hypothesis_discovery
297,7513,8147,1380,1407.0,1380.0,1380.0,43.0,41.0,False,201408ddyw.tif,False,27.0,0.01956521739130435,11513,18147,coordinate_hypothesis_discovery
298,7522,2260,1925,1949.0,1925.0,1925.0,48.0,53.0,False,201408ddyw.tif,False,24.0,0.012467532467532468,11522,12260,coordinate_hypothesis_discovery
299,7565,11878,1170,1191.0,1170.0,1170.0,40.0,40.0,False,201408ddyw.tif,False,21.0,0.017948717948717947,11565,21878,coordinate_hypothesis_discovery
300,7589,8706,1571,1593.0,1571.0,1571.0,48.0,44.0,False,201408ddyw.tif,False,22.0,0.014003819223424571,11589,18706,coordinate_hypothesis_discovery
301,7637,8658,5258,5278.0,5258.0,5258.0,84.0,86.0,False,201408ddyw.tif,False,20.0,0.003803727653100038,11637,18658,coordinate_hypothesis_discovery
302,7679,6642,701,716.0,701.0,701.0,30.0,30.0,False,201408ddyw.tif,False,15.0,0.021398002853067047,11679,16642,coordinate_hypothesis_discovery
303,7733,5990,2787,2798.0,2787.0,2787.0,60.0,58.0,False,201408ddyw.tif,False,11.0,0.003946896304269824,11733,15990,coordinate_hypothesis_discovery
304,7797,9038,5041,5065.0,5041.0,5041.0,84.0,78.0,False,201408ddyw.tif,False,24.0,0.004760960126958937,11797,19038,coordinate_hypothesis_discovery
305,7887,9128,3158,3184.0,3158.0,3158.0,66.0,64.0,False,201408ddyw.tif,False,26.0,0.008233058898036731,11887,19128,coordinate_hypothesis_discovery
306,7938,9358,4117,4124.0,4117.0,4117.0,75.0,71.0,False,201408ddyw.tif,False,7.0,0.0017002671848433326,11938,19358,coordinate_hypothesis_discovery
307,8006,7286,2595,2617.0,2595.0,2595.0,62.0,55.0,False,201408ddyw.tif,False,22.0,0.008477842003853564,12006,17286,coordinate_hypothesis_discovery
308,8015,9456,892,912.0,892.0,892.0,36.0,34.0,False,201408ddyw.tif,False,20.0,0.02242152466367713,12015,19456,coordinate_hypothesis_discovery
309,8051,7420,468,480.0,468.0,468.0,24.0,29.0,False,201408ddyw.tif,False,12.0,0.02564102564102564,12051,17420,coordinate_hypothesis_discovery
310,8110,7596,2405,2430.0,2405.0,2405.0,58.0,58.0,False,201408ddyw.tif,False,25.0,0.010395010395010396,12110,17596,coordinate_hypothesis_discovery
311,8137,7703,1678,1684.0,1678.0,1678.0,50.0,46.0,False,201408ddyw.tif,False,6.0,0.003575685339690107,12137,17703,coordinate_hypothesis_discovery
312,8225,5868,16424,16457.0,16424.0,16424.0,142.0,148.0,False,201408ddyw.tif,False,33.0,0.002009254749147589,12225,15868,coordinate_hypothesis_discovery
313,8225,9574,8122,8143.0,8122.0,8122.0,110.0,99.0,False,201408ddyw.tif,False,21.0,0.0025855700566362965,12225,19574,coordinate_hypothesis_discovery
314,8250,5334,4427,4465.0,4427.0,4427.0,76.0,73.0,False,201408ddyw.tif,False,38.0,0.008583690987124463,12250,15334,coordinate_hypothesis_discovery
315,8253,7550,619,626.0,619.0,619.0,31.0,27.0,False,201408ddyw.tif,False,7.0,0.011308562197092083,12253,17550,coordinate_hypothesis_discovery
316,8319,2730,1933,1955.0,1933.0,1933.0,52.0,50.0,False,201408ddyw.tif,False,22.0,0.011381272633212623,12319,12730,coordinate_hypothesis_discovery
317,8321,5057,10876,10895.0,10876.0,10876.0,117.0,128.0,False,201408ddyw.tif,False,19.0,0.001746965796248621,12321,15057,coordinate_hypothesis_discovery
318,8327,7102,1288,1312.0,1288.0,1288.0,40.0,42.0,False,201408ddyw.tif,False,24.0,0.018633540372670808,12327,17102,coordinate_hypothesis_discovery
319,8342,5250,15767,15817.0,15767.0,15767.0,146.0,141.0,False,201408ddyw.tif,False,50.0,0.003171180313312615,12342,15250,coordinate_hypothesis_discovery
320,8349,9286,2684,2726.0,2684.0,2684.0,56.0,58.0,False,201408ddyw.tif,False,42.0,0.01564828614008942,12349,19286,coordinate_hypothesis_discovery
321,8383,8178,1717,1748.0,1717.0,1717.0,48.0,50.0,False,201408ddyw.tif,False,31.0,0.0180547466511357,12383,18178,coordinate_hypothesis_discovery
322,8398,9950,3683,3704.0,3683.0,3683.0,72.0,70.0,False,201408ddyw.tif,False,21.0,0.005701873472712463,12398,19950,coordinate_hypothesis_discovery
323,8431,1877,1432,1443.0,1432.0,1432.0,41.0,47.0,False,201408ddyw.tif,False,11.0,0.007681564245810056,12431,11877,coordinate_hypothesis_discovery
324,8437,4490,4862,4885.0,4862.0,4862.0,72.0,86.0,False,201408ddyw.tif,False,23.0,0.004730563554092966,12437,14490,coordinate_hypothesis_discovery
325,8445,6662,14276,14298.0,14276.0,14276.0,124.0,150.0,False,201408ddyw.tif,False,22.0,0.0015410479125805548,12445,16662,coordinate_hypothesis_discovery
326,8481,1650,2367,2390.0,2367.0,2367.0,58.0,51.0,False,201408ddyw.tif,False,23.0,0.009716941275876637,12481,11650,coordinate_hypothesis_discovery
327,8491,8900,10380,10386.0,10380.0,10380.0,116.0,121.0,False,201408ddyw.tif,False,6.0,0.0005780346820809249,12491,18900,coordinate_hypothesis_discovery
328,8523,8822,1464,1478.0,1464.0,1464.0,41.0,44.0,False,201408ddyw.tif,False,14.0,0.009562841530054645,12523,18822,coordinate_hypothesis_discovery
329,8531,7812,354,368.0,354.0,354.0,24.0,21.0,False,201408ddyw.tif,False,14.0,0.03954802259887006,12531,17812,coordinate_hypothesis_discovery
330,8561,2005,467,480.0,467.0,467.0,28.0,24.0,False,201408ddyw.tif,False,13.0,0.027837259100642397,12561,12005,coordinate_hypothesis_discovery
331,8609,2743,2009,2036.0,2009.0,2009.0,51.0,52.0,False,201408ddyw.tif,False,27.0,0.013439522150323544,12609,12743,coordinate_hypothesis_discovery
332,8631,2800,3930,3940.0,3930.0,3930.0,73.0,76.0,False,201408ddyw.tif,False,10.0,0.002544529262086514,12631,12800,coordinate_hypothesis_discovery
333,8643,7738,350,361.0,350.0,350.0,25.0,21.0,False,201408ddyw.tif,False,11.0,0.03142857142857143,12643,17738,coordinate_hypothesis_discovery
334,8674,4710,4997,5012.0,4997.0,4997.0,84.0,81.0,False,201408ddyw.tif,False,15.0,0.003001801080648389,12674,14710,coordinate_hypothesis_discovery
335,8685,7222,298,316.0,298.0,298.0,22.0,18.0,False,201408ddyw.tif,False,18.0,0.06040268456375839,12685,17222,coordinate_hypothesis_discovery
336,8699,9845,1477,1487.0,1477.0,1477.0,45.0,42.0,False,201408ddyw.tif,False,10.0,0.006770480704129994,12699,19845,coordinate_hypothesis_discovery
337,8723,9808,136,143.0,136.0,136.0,13.0,16.0,False,201408ddyw.tif,False,7.0,0.051470588235294115,12723,19808,coordinate_hypothesis_discovery
338,8801,1643,2733,2769.0,2733.0,2733.0,63.0,56.0,False,201408ddyw.tif,False,36.0,0.013172338090010977,12801,11643,coordinate_hypothesis_discovery
339,8802,4914,3264,3296.0,3264.0,3264.0,60.0,68.0,False,201408ddyw.tif,False,32.0,0.00980392156862745,12802,14914,coordinate_hypothesis_discovery
340,8853,2103,1573,1595.0,1573.0,1573.0,45.0,46.0,False,201408ddyw.tif,False,22.0,0.013986013986013986,12853,12103,coordinate_hypothesis_discovery
341,8862,1787,1689,1699.0,1689.0,1689.0,51.0,43.0,False,201408ddyw.tif,False,10.0,0.005920663114268798,12862,11787,coordinate_hypothesis_discovery
342,8885,7878,222,228.0,222.0,222.0,20.0,17.0,False,201408ddyw.tif,False,6.0,0.02702702702702703,12885,17878,coordinate_hypothesis_discovery
343,8889,10206,709,727.0,709.0,709.0,33.0,29.0,False,201408ddyw.tif,False,18.0,0.02538787023977433,12889,20206,coordinate_hypothesis_discovery
344,8939,2067,1638,1644.0,1638.0,1638.0,43.0,51.0,False,201408ddyw.tif,False,6.0,0.003663003663003663,12939,12067,coordinate_hypothesis_discovery
345,8949,1994,1396,1418.0,1396.0,1396.0,44.0,43.0,False,201408ddyw.tif,False,22.0,0.015759312320916905,12949,11994,coordinate_hypothesis_discovery
346,8974,2415,4812,4844.0,4812.0,4812.0,81.0,77.0,False,201408ddyw.tif,False,32.0,0.006650041562759767,12974,12415,coordinate_hypothesis_discovery
347,8994,8362,5992,6009.0,5992.0,5992.0,83.0,96.0,False,201408ddyw.tif,False,17.0,0.0028371161548731644,12994,18362,coordinate_hypothesis_discovery
348,9019,1985,803,822.0,803.0,803.0,33.0,34.0,False,201408ddyw.tif,False,19.0,0.023661270236612703,13019,11985,coordinate_hypothesis_discovery
349,9026,1497,2981,3007.0,2981.0,2981.0,60.0,65.0,False,201408ddyw.tif,False,26.0,0.00872190540087219,13026,11497,coordinate_hypothesis_discovery
350,9033,7034,3070,3110.0,3070.0,3070.0,70.0,62.0,False,201408ddyw.tif,False,40.0,0.013029315960912053,13033,17034,coordinate_hypothesis_discovery
351,9035,2524,2713,2752.0,2713.0,2713.0,60.0,56.0,False,201408ddyw.tif,False,39.0,0.014375230372281608,13035,12524,coordinate_hypothesis_discovery
352,9047,1674,2298,2315.0,2298.0,2298.0,60.0,52.0,False,201408ddyw.tif,False,17.0,0.0073977371627502175,13047,11674,coordinate_hypothesis_discovery
353,9085,1586,4028,3939.0,3905.0,4028.0,70.0,74.0,False,201408ddyw.tif,False,-89.0,-0.022095332671300892,13085,11586,coordinate_hypothesis_discovery
354,9107,2632,253,267.0,253.0,253.0,18.0,21.0,False,201408ddyw.tif,False,14.0,0.05533596837944664,13107,12632,coordinate_hypothesis_discovery
355,9141,8434,1375,1388.0,1375.0,1375.0,44.0,41.0,False,201408ddyw.tif,False,13.0,0.009454545454545455,13141,18434,coordinate_hypothesis_discovery
356,9149,1536,5390,5338.0,5318.0,5390.0,80.0,83.0,False,201408ddyw.tif,False,-52.0,-0.009647495361781076,13149,11536,coordinate_hypothesis_discovery
357,9151,1789,1362,1382.0,1362.0,1362.0,45.0,40.0,False,201408ddyw.tif,False,20.0,0.014684287812041116,13151,11789,coordinate_hypothesis_discovery
358,9169,6418,145,158.0,145.0,145.0,12.0,16.0,False,201408ddyw.tif,False,13.0,0.0896551724137931,13169,16418,coordinate_hypothesis_discovery
359,9171,14349,12459,12488.0,12459.0,12459.0,135.0,120.0,False,201408ddyw.tif,False,29.0,0.0023276346416245285,13171,24349,coordinate_hypothesis_discovery
360,9193,8516,102,107.0,102.0,102.0,12.0,13.0,False,201408ddyw.tif,False,5.0,0.049019607843137254,13193,18516,coordinate_hypothesis_discovery
361,9207,1830,1677,1695.0,1677.0,1677.0,44.0,47.0,False,201408ddyw.tif,False,18.0,0.01073345259391771,13207,11830,coordinate_hypothesis_discovery
362,9257,1848,4740,4778.0,4740.0,4740.0,80.0,76.0,False,201408ddyw.tif,False,38.0,0.008016877637130802,13257,11848,coordinate_hypothesis_discovery
363,9275,7662,124,132.0,124.0,124.0,16.0,12.0,False,201408ddyw.tif,False,8.0,0.06451612903225806,13275,17662,coordinate_hypothesis_discovery
364,9286,2601,1545,1560.0,1545.0,1545.0,48.0,44.0,False,201408ddyw.tif,False,15.0,0.009708737864077669,13286,12601,coordinate_hypothesis_discovery
365,9302,2105,1465,1498.0,1465.0,1465.0,43.0,43.0,False,201408ddyw.tif,False,33.0,0.022525597269624574,13302,12105,coordinate_hypothesis_discovery
366,9311,1450,174,183.0,174.0,174.0,18.0,14.0,False,201408ddyw.tif,False,9.0,0.05172413793103448,13311,11450,coordinate_hypothesis_discovery
367,9334,1921,4752,4762.0,4752.0,4752.0,96.0,69.0,False,201408ddyw.tif,False,10.0,0.0021043771043771043,13334,11921,coordinate_hypothesis_discovery
368,9373,1390,587,606.0,587.0,587.0,30.0,26.0,False,201408ddyw.tif,False,19.0,0.03236797274275979,13373,11390,coordinate_hypothesis_discovery
369,9389,9471,785,804.0,785.0,785.0,33.0,31.0,False,201408ddyw.tif,False,19.0,0.024203821656050957,13389,19471,coordinate_hypothesis_discovery
370,9415,2202,1626,1646.0,1626.0,1626.0,46.0,48.0,False,201408ddyw.tif,False,20.0,0.012300123001230012,13415,12202,coordinate_hypothesis_discovery
371,9437,1461,2146,2178.0,2146.0,2146.0,53.0,52.0,False,201408ddyw.tif,False,32.0,0.014911463187325256,13437,11461,coordinate_hypothesis_discovery
372,9438,7226,6904,6929.0,6904.0,6904.0,96.0,95.0,False,201408ddyw.tif,False,25.0,0.0036210892236384707,13438,17226,coordinate_hypothesis_discovery
373,9447,1890,1237,1264.0,1237.0,1237.0,42.0,38.0,False,201408ddyw.tif,False,27.0,0.021827000808407437,13447,11890,coordinate_hypothesis_discovery
374,9467,3626,1770,1774.0,1770.0,1770.0,50.0,48.0,False,201408ddyw.tif,False,4.0,0.0022598870056497176,13467,13626,coordinate_hypothesis_discovery
375,9475,1352,1863,1880.0,1863.0,1863.0,53.0,46.0,False,201408ddyw.tif,False,17.0,0.00912506709608159,13475,11352,coordinate_hypothesis_discovery
376,9487,8292,271,279.0,271.0,271.0,21.0,20.0,False,201408ddyw.tif,False,8.0,0.02952029520295203,13487,18292,coordinate_hypothesis_discovery
377,9499,2757,1862,1882.0,1862.0,1862.0,50.0,50.0,False,201408ddyw.tif,False,20.0,0.010741138560687433,13499,12757,coordinate_hypothesis_discovery
378,9510,5382,353,376.0,353.0,353.0,24.0,20.0,False,201408ddyw.tif,False,23.0,0.06515580736543909,13510,15382,coordinate_hypothesis_discovery
379,9511,2496,932,941.0,932.0,932.0,33.0,38.0,False,201408ddyw.tif,False,9.0,0.009656652360515022,13511,12496,coordinate_hypothesis_discovery
380,9529,1805,6619,6647.0,6619.0,6619.0,101.0,89.0,False,201408ddyw.tif,False,28.0,0.004230246260764466,13529,11805,coordinate_hypothesis_discovery
381,9535,4280,356,372.0,356.0,356.0,22.0,22.0,False,201408ddyw.tif,False,16.0,0.0449438202247191,13535,14280,coordinate_hypothesis_discovery
382,9537,8356,289,306.0,289.0,289.0,18.0,22.0,False,201408ddyw.tif,False,17.0,0.058823529411764705,13537,18356,coordinate_hypothesis_discovery
383,9546,1489,3255,3283.0,3255.0,3255.0,67.0,65.0,False,201408ddyw.tif,False,28.0,0.008602150537634409,13546,11489,coordinate_hypothesis_discovery
384,9593,9375,362,375.0,362.0,362.0,23.0,21.0,False,201408ddyw.tif,False,13.0,0.03591160220994475,13593,19375,coordinate_hypothesis_discovery
385,9607,3016,1242,1261.0,1242.0,1242.0,38.0,46.0,False,201408ddyw.tif,False,19.0,0.015297906602254429,13607,13016,coordinate_hypothesis_discovery
386,9637,2830,3410,3428.0,3410.0,3410.0,72.0,59.0,False,201408ddyw.tif,False,18.0,0.005278592375366569,13637,12830,coordinate_hypothesis_discovery
387,9647,2921,1759,1788.0,1759.0,1759.0,57.0,44.0,False,201408ddyw.tif,False,29.0,0.01648664013644116,13647,12921,coordinate_hypothesis_discovery
388,9715,8902,317,326.0,317.0,317.0,25.0,18.0,False,201408ddyw.tif,False,9.0,0.028391167192429023,13715,18902,coordinate_hypothesis_discovery
389,9727,2832,508,520.0,508.0,508.0,24.0,29.0,False,201408ddyw.tif,False,12.0,0.023622047244094488,13727,12832,coordinate_hypothesis_discovery
390,9741,3224,536,546.0,536.0,536.0,30.0,24.0,False,201408ddyw.tif,False,10.0,0.018656716417910446,13741,13224,coordinate_hypothesis_discovery
391,9751,2993,1669,1687.0,1669.0,1669.0,47.0,46.0,False,201408ddyw.tif,False,18.0,0.01078490113840623,13751,12993,coordinate_hypothesis_discovery
392,9769,3182,1417,1438.0,1417.0,1417.0,42.0,43.0,False,201408ddyw.tif,False,21.0,0.014820042342978124,13769,13182,coordinate_hypothesis_discovery
393,9769,9885,1065,1069.0,1065.0,1065.0,39.0,36.0,False,201408ddyw.tif,False,4.0,0.003755868544600939,13769,19885,coordinate_hypothesis_discovery
394,9794,2011,4004,4023.0,4004.0,4004.0,75.0,71.0,False,201408ddyw.tif,False,19.0,0.004745254745254745,13794,12011,coordinate_hypothesis_discovery
395,9799,2976,1178,1185.0,1178.0,1178.0,44.0,38.0,False,201408ddyw.tif,False,7.0,0.005942275042444821,13799,12976,coordinate_hypothesis_discovery
396,9799,5960,4722,4738.0,4722.0,4722.0,82.0,79.0,False,201408ddyw.tif,False,16.0,0.0033883947479881405,13799,15960,coordinate_hypothesis_discovery
397,9803,2766,2424,2453.0,2424.0,2424.0,60.0,52.0,False,201408ddyw.tif,False,29.0,0.011963696369636964,13803,12766,coordinate_hypothesis_discovery
398,9803,3142,829,852.0,829.0,829.0,34.0,32.0,False,201408ddyw.tif,False,23.0,0.027744270205066344,13803,13142,coordinate_hypothesis_discovery
399,9867,5900,1159,1170.0,1159.0,1159.0,42.0,37.0,False,201408ddyw.tif,False,11.0,0.009490940465918895,13867,15900,coordinate_hypothesis_discovery
400,9893,7230,239,256.0,239.0,239.0,16.0,21.0,False,201408ddyw.tif,False,17.0,0.07112970711297072,13893,17230,coordinate_hypothesis_discovery
401,9921,1597,1896,1912.0,1896.0,1896.0,50.0,48.0,False,201408ddyw.tif,False,16.0,0.008438818565400843,13921,11597,coordinate_hypothesis_discovery
402,9939,1917,3784,3806.0,3784.0,3784.0,76.0,72.0,False,201408ddyw.tif,False,22.0,0.005813953488372093,13939,11917,coordinate_hypothesis_discovery
403,9965,830,270,283.0,270.0,270.0,18.0,22.0,False,201408ddyw.tif,False,13.0,0.04814814814814815,13965,10830,coordinate_hypothesis_discovery
404,9975,4706,1220,1238.0,1220.0,1220.0,42.0,40.0,False,201408ddyw.tif,False,18.0,0.014754098360655738,13975,14706,coordinate_hypothesis_discovery
405,9981,1513,6509,6516.0,6509.0,6509.0,92.0,89.0,False,201408ddyw.tif,False,7.0,0.0010754340144415425,13981,11513,coordinate_hypothesis_discovery
406,10027,4790,2106,2133.0,2106.0,2106.0,52.0,52.0,False,201408ddyw.tif,False,27.0,0.01282051282051282,14027,14790,coordinate_hypothesis_discovery
407,10041,2413,4536,4547.0,4536.0,4536.0,76.0,84.0,False,201408ddyw.tif,False,11.0,0.0024250440917107582,14041,12413,coordinate_hypothesis_discovery
408,10049,2085,4706,4732.0,4706.0,4706.0,83.0,74.0,False,201408ddyw.tif,False,26.0,0.0055248618784530384,14049,12085,coordinate_hypothesis_discovery
409,10065,1863,2995,3003.0,2995.0,2995.0,67.0,58.0,False,201408ddyw.tif,False,8.0,0.002671118530884808,14065,11863,coordinate_hypothesis_discovery
410,10083,1934,2257,2265.0,2257.0,2257.0,57.0,54.0,False,201408ddyw.tif,False,8.0,0.003544528134692069,14083,11934,coordinate_hypothesis_discovery
411,10129,2527,2439,2457.0,2439.0,2439.0,55.0,58.0,False,201408ddyw.tif,False,18.0,0.007380073800738007,14129,12527,coordinate_hypothesis_discovery
412,10139,3452,2402,2408.0,2402.0,2402.0,57.0,58.0,False,201408ddyw.tif,False,6.0,0.002497918401332223,14139,13452,coordinate_hypothesis_discovery
413,10208,3532,4605,4620.0,4605.0,4605.0,77.0,75.0,False,201408ddyw.tif,False,15.0,0.003257328990228013,14208,13532,coordinate_hypothesis_discovery
414,10213,1704,6575,6595.0,6575.0,6575.0,84.0,100.0,False,201408ddyw.tif,False,20.0,0.003041825095057034,14213,11704,coordinate_hypothesis_discovery
415,10234,2093,3336,3353.0,3336.0,3336.0,67.0,67.0,False,201408ddyw.tif,False,17.0,0.005095923261390888,14234,12093,coordinate_hypothesis_discovery
416,10251,3750,2276,2300.0,2276.0,2276.0,54.0,55.0,False,201408ddyw.tif,False,24.0,0.01054481546572935,14251,13750,coordinate_hypothesis_discovery
417,10255,3474,1613,1625.0,1613.0,1613.0,48.0,44.0,False,201408ddyw.tif,False,12.0,0.007439553626782393,14255,13474,coordinate_hypothesis_discovery
418,10261,2190,5606,5637.0,5606.0,5606.0,87.0,84.0,False,201408ddyw.tif,False,31.0,0.005529789511237959,14261,12190,coordinate_hypothesis_discovery
419,10261,2308,1698,1717.0,1698.0,1698.0,48.0,45.0,False,201408ddyw.tif,False,19.0,0.011189634864546525,14261,12308,coordinate_hypothesis_discovery
420,10265,2728,3196,3236.0,3196.0,3196.0,64.0,60.0,False,201408ddyw.tif,False,40.0,0.012515644555694618,14265,12728,coordinate_hypothesis_discovery
421,10309,3798,3843,3880.0,3843.0,3843.0,76.0,68.0,False,201408ddyw.tif,False,37.0,0.009627894873796514,14309,13798,coordinate_hypothesis_discovery
422,10319,3364,2062,2076.0,2062.0,2062.0,59.0,49.0,False,201408ddyw.tif,False,14.0,0.006789524733268671,14319,13364,coordinate_hypothesis_discovery
423,10373,2772,2044,2072.0,2044.0,2044.0,48.0,55.0,False,201408ddyw.tif,False,28.0,0.0136986301369863,14373,12772,coordinate_hypothesis_discovery
424,10377,2280,1366,1387.0,1366.0,1366.0,48.0,36.0,False,201408ddyw.tif,False,21.0,0.015373352855051245,14377,12280,coordinate_hypothesis_discovery
425,10417,3069,1554,1581.0,1554.0,1554.0,49.0,42.0,False,201408ddyw.tif,False,27.0,0.017374517374517374,14417,13069,coordinate_hypothesis_discovery
426,10417,3508,2840,2865.0,2840.0,2840.0,66.0,57.0,False,201408ddyw.tif,False,25.0,0.008802816901408451,14417,13508,coordinate_hypothesis_discovery
427,10425,6791,3152,3184.0,3152.0,3152.0,65.0,62.0,False,201408ddyw.tif,False,32.0,0.01015228426395939,14425,16791,coordinate_hypothesis_discovery
428,10427,3221,3041,3073.0,3041.0,3041.0,68.0,59.0,False,201408ddyw.tif,False,32.0,0.01052285432423545,14427,13221,coordinate_hypothesis_discovery
429,10449,3744,2721,2744.0,2721.0,2721.0,56.0,61.0,False,201408ddyw.tif,False,23.0,0.008452774715178243,14449,13744,coordinate_hypothesis_discovery
430,10451,2737,3934,3958.0,3934.0,3934.0,73.0,66.0,False,201408ddyw.tif,False,24.0,0.006100660904931368,14451,12737,coordinate_hypothesis_discovery
431,10521,3113,611,638.0,611.0,611.0,28.0,28.0,False,201408ddyw.tif,False,27.0,0.044189852700491,14521,13113,coordinate_hypothesis_discovery
432,10542,2849,2899,2920.0,2899.0,2899.0,56.0,72.0,False,201408ddyw.tif,False,21.0,0.0072438771990341495,14542,12849,coordinate_hypothesis_discovery
433,10552,3982,772,780.0,772.0,772.0,32.0,36.0,False,201408ddyw.tif,False,8.0,0.010362694300518135,14552,13982,coordinate_hypothesis_discovery
434,10561,5024,485,491.0,485.0,485.0,26.0,27.0,False,201408ddyw.tif,False,6.0,0.012371134020618556,14561,15024,coordinate_hypothesis_discovery
435,10567,2340,6209,6224.0,6209.0,6209.0,94.0,91.0,False,201408ddyw.tif,False,15.0,0.002415847962634885,14567,12340,coordinate_hypothesis_discovery
436,10587,2492,3503,3535.0,3503.0,3503.0,70.0,66.0,False,201408ddyw.tif,False,32.0,0.009135027119611762,14587,12492,coordinate_hypothesis_discovery
437,10599,2618,4881,4905.0,4881.0,4881.0,80.0,81.0,False,201408ddyw.tif,False,24.0,0.004917025199754148,14599,12618,coordinate_hypothesis_discovery
438,10613,3045,992,1013.0,992.0,992.0,41.0,33.0,False,201408ddyw.tif,False,21.0,0.021169354838709676,14613,13045,coordinate_hypothesis_discovery
439,10669,2868,3927,3943.0,3927.0,3927.0,73.0,74.0,False,201408ddyw.tif,False,16.0,0.004074357015533486,14669,12868,coordinate_hypothesis_discovery
440,10759,3350,3701,3735.0,3701.0,3701.0,67.0,68.0,False,201408ddyw.tif,False,34.0,0.009186706295595785,14759,13350,coordinate_hypothesis_discovery
441,10770,3555,1701,1717.0,1701.0,1701.0,55.0,39.0,False,201408ddyw.tif,False,16.0,0.00940623162845385,14770,13555,coordinate_hypothesis_discovery
442,10801,5196,120,132.0,120.0,120.0,14.0,14.0,False,201408ddyw.tif,False,12.0,0.1,14801,15196,coordinate_hypothesis_discovery
443,10815,4167,429,437.0,429.0,429.0,25.0,23.0,False,201408ddyw.tif,False,8.0,0.018648018648018648,14815,14167,coordinate_hypothesis_discovery
444,10844,2660,2604,2629.0,2604.0,2604.0,57.0,61.0,False,201408ddyw.tif,False,25.0,0.009600614439324117,14844,12660,coordinate_hypothesis_discovery
445,10851,2914,1299,1321.0,1299.0,1299.0,44.0,39.0,False,201408ddyw.tif,False,22.0,0.016936104695919937,14851,12914,coordinate_hypothesis_discovery
446,10871,7542,2341,2356.0,2341.0,2341.0,56.0,56.0,False,201408ddyw.tif,False,15.0,0.006407518154634771,14871,17542,coordinate_hypothesis_discovery
447,10915,1970,1270,1283.0,1270.0,1270.0,37.0,43.0,False,201408ddyw.tif,False,13.0,0.010236220472440945,14915,11970,coordinate_hypothesis_discovery
448,10933,4958,188,201.0,188.0,188.0,16.0,16.0,False,201408ddyw.tif,False,13.0,0.06914893617021277,14933,14958,coordinate_hypothesis_discovery
449,10955,8339,242,253.0,242.0,242.0,19.0,17.0,False,201408ddyw.tif,False,11.0,0.045454545454545456,14955,18339,coordinate_hypothesis_discovery
450,10963,1928,2394,2412.0,2394.0,2394.0,54.0,54.0,False,201408ddyw.tif,False,18.0,0.007518796992481203,14963,11928,coordinate_hypothesis_discovery
451,10989,2794,1149,1158.0,1149.0,1149.0,42.0,36.0,False,201408ddyw.tif,False,9.0,0.007832898172323759,14989,12794,coordinate_hypothesis_discovery
452,10989,10134,2001,2017.0,2001.0,2001.0,56.0,50.0,False,201408ddyw.tif,False,16.0,0.0079960019990005,14989,20134,coordinate_hypothesis_discovery
453,11163,3694,472,478.0,472.0,472.0,26.0,25.0,False,201408ddyw.tif,False,6.0,0.012711864406779662,15163,13694,coordinate_hypothesis_discovery
454,11169,4652,465,476.0,465.0,465.0,25.0,24.0,False,201408ddyw.tif,False,11.0,0.023655913978494623,15169,14652,coordinate_hypothesis_discovery
455,11171,2349,1398,1415.0,1398.0,1398.0,43.0,42.0,False,201408ddyw.tif,False,17.0,0.012160228898426323,15171,12349,coordinate_hypothesis_discovery
456,11179,2424,1854,1887.0,1854.0,1854.0,49.0,50.0,False,201408ddyw.tif,False,33.0,0.01779935275080906,15179,12424,coordinate_hypothesis_discovery
457,11201,3097,1852,1863.0,1852.0,1852.0,48.0,49.0,False,201408ddyw.tif,False,11.0,0.005939524838012959,15201,13097,coordinate_hypothesis_discovery
458,11258,2520,2141,2159.0,2141.0,2141.0,50.0,55.0,False,201408ddyw.tif,False,18.0,0.008407286314806165,15258,12520,coordinate_hypothesis_discovery
459,11271,2441,1643,1666.0,1643.0,1643.0,52.0,42.0,False,201408ddyw.tif,False,23.0,0.01399878271454656,15271,12441,coordinate_hypothesis_discovery
460,11407,2666,828,852.0,828.0,828.0,36.0,31.0,False,201408ddyw.tif,False,24.0,0.028985507246376812,15407,12666,coordinate_hypothesis_discovery
461,11425,4810,1423,1430.0,1423.0,1423.0,46.0,43.0,False,201408ddyw.tif,False,7.0,0.004919184820801124,15425,14810,coordinate_hypothesis_discovery
462,11447,2012,3153,3174.0,3153.0,3153.0,61.0,68.0,False,201408ddyw.tif,False,21.0,0.006660323501427212,15447,12012,coordinate_hypothesis_discovery
463,11461,1602,710,737.0,710.0,710.0,28.0,32.0,False,201408ddyw.tif,False,27.0,0.038028169014084505,15461,11602,coordinate_hypothesis_discovery
464,11489,3772,483,497.0,483.0,483.0,24.0,27.0,False,201408ddyw.tif,False,14.0,0.028985507246376812,15489,13772,coordinate_hypothesis_discovery
465,11497,2625,1620,1631.0,1620.0,1620.0,51.0,44.0,False,201408ddyw.tif,False,11.0,0.006790123456790123,15497,12625,coordinate_hypothesis_discovery
466,11543,6271,828,840.0,828.0,828.0,33.0,35.0,False,201408ddyw.tif,False,12.0,0.014492753623188406,15543,16271,coordinate_hypothesis_discovery
467,11675,6728,120,130.0,120.0,120.0,12.0,16.0,False,201408ddyw.tif,False,10.0,0.08333333333333333,15675,16728,coordinate_hypothesis_discovery
468,11859,3294,5405,5417.0,5405.0,5405.0,84.0,87.0,False,201408ddyw.tif,False,12.0,0.0022201665124884367,15859,13294,coordinate_hypothesis_discovery
469,11894,2209,1258,1278.0,1258.0,1258.0,41.0,41.0,False,201408ddyw.tif,False,20.0,0.01589825119236884,15894,12209,coordinate_hypothesis_discovery
470,11950,2798,2647,2676.0,2647.0,2647.0,56.0,63.0,False,201408ddyw.tif,False,29.0,0.01095579901775595,15950,12798,coordinate_hypothesis_discovery
471,11971,3526,373,393.0,373.0,373.0,22.0,22.0,False,201408ddyw.tif,False,20.0,0.05361930294906166,15971,13526,coordinate_hypothesis_discovery
472,12039,2872,388,406.0,388.0,388.0,22.0,26.0,False,201408ddyw.tif,False,18.0,0.04639175257731959,16039,12872,coordinate_hypothesis_discovery
473,12067,2668,212,223.0,212.0,212.0,20.0,16.0,False,201408ddyw.tif,False,11.0,0.05188679245283019,16067,12668,coordinate_hypothesis_discovery
474,12335,6784,11852,11894.0,11852.0,11852.0,126.0,126.0,False,201408ddyw.tif,False,42.0,0.003543705703678704,16335,16784,coordinate_hypothesis_discovery
475,12365,3809,367,384.0,367.0,367.0,23.0,22.0,False,201408ddyw.tif,False,17.0,0.04632152588555858,16365,13809,coordinate_hypothesis_discovery
476,12403,7844,10267,10273.0,10267.0,10267.0,123.0,114.0,False,201408ddyw.tif,False,6.0,0.0005843966104996591,16403,17844,coordinate_hypothesis_discovery
477,12415,6411,7325,7347.0,7325.0,7325.0,99.0,98.0,False,201408ddyw.tif,False,22.0,0.0030034129692832765,16415,16411,coordinate_hypothesis_discovery
478,12515,3702,312,319.0,312.0,312.0,20.0,21.0,False,201408ddyw.tif,False,7.0,0.022435897435897436,16515,13702,coordinate_hypothesis_discovery
479,12547,2058,5722,5744.0,5722.0,5722.0,98.0,84.0,False,201408ddyw.tif,False,22.0,0.003844809507165327,16547,12058,coordinate_hypothesis_discovery
480,12590,7618,2368,2408.0,2368.0,2368.0,52.0,57.0,False,201408ddyw.tif,False,40.0,0.016891891891891893,16590,17618,coordinate_hypothesis_discovery
481,12653,4728,4546,4580.0,4546.0,4546.0,74.0,78.0,False,201408ddyw.tif,False,34.0,0.007479102507699076,16653,14728,coordinate_hypothesis_discovery
482,12711,4852,588,606.0,588.0,588.0,26.0,30.0,False,201408ddyw.tif,False,18.0,0.030612244897959183,16711,14852,coordinate_hypothesis_discovery
483,12772,7618,3727,3740.0,3727.0,3727.0,63.0,77.0,False,201408ddyw.tif,False,13.0,0.00348806010195868,16772,17618,coordinate_hypothesis_discovery
484,12957,6618,6551,6589.0,6551.0,6551.0,92.0,92.0,False,201408ddyw.tif,False,38.0,0.005800641123492597,16957,16618,coordinate_hypothesis_discovery
485,12979,8486,175,184.0,175.0,175.0,16.0,16.0,False,201408ddyw.tif,False,9.0,0.05142857142857143,16979,18486,coordinate_hypothesis_discovery
486,13013,6369,6926,6950.0,6926.0,6926.0,97.0,93.0,False,201408ddyw.tif,False,24.0,0.0034652035807103665,17013,16369,coordinate_hypothesis_discovery
487,13097,7518,4590,4616.0,4590.0,4590.0,76.0,78.0,False,201408ddyw.tif,False,26.0,0.005664488017429194,17097,17518,coordinate_hypothesis_discovery
488,13161,6854,6039,6077.0,6039.0,6039.0,86.0,92.0,False,201408ddyw.tif,False,38.0,0.006292432521940719,17161,16854,coordinate_hypothesis_discovery
489,13289,4302,1965,1993.0,1965.0,1965.0,53.0,50.0,False,201408ddyw.tif,False,28.0,0.014249363867684479,17289,14302,coordinate_hypothesis_discovery
490,13303,4049,1201,1232.0,1201.0,1201.0,35.0,43.0,False,201408ddyw.tif,False,31.0,0.025811823480432972,17303,14049,coordinate_hypothesis_discovery
491,13481,4014,174,182.0,174.0,174.0,16.0,15.0,False,201408ddyw.tif,False,8.0,0.04597701149425287,17481,14014,coordinate_hypothesis_discovery
492,13523,5836,219,230.0,219.0,219.0,16.0,19.0,False,201408ddyw.tif,False,11.0,0.0502283105022831,17523,15836,coordinate_hypothesis_discovery
493,13531,7084,6064,6106.0,6064.0,6064.0,86.0,96.0,False,201408ddyw.tif,False,42.0,0.006926121372031662,17531,17084,coordinate_hypothesis_discovery
494,13595,3970,2133,2167.0,2133.0,2133.0,62.0,48.0,False,201408ddyw.tif,False,34.0,0.015939990623534926,17595,13970,coordinate_hypothesis_discovery
495,13599,4464,3013,3021.0,3013.0,3013.0,64.0,61.0,False,201408ddyw.tif,False,8.0,0.002655160969133754,17599,14464,coordinate_hypothesis_discovery
496,13745,4340,3391,3414.0,3391.0,3391.0,66.0,70.0,False,201408ddyw.tif,False,23.0,0.006782659982306104,17745,14340,coordinate_hypothesis_discovery
497,13767,8700,909,924.0,909.0,909.0,34.0,38.0,False,201408ddyw.tif,False,15.0,0.0165016501650165,17767,18700,coordinate_hypothesis_discovery
498,13783,6303,2910,2937.0,2910.0,2910.0,59.0,64.0,False,201408ddyw.tif,False,27.0,0.009278350515463918,17783,16303,coordinate_hypothesis_discovery
499,13787,6944,1732,1752.0,1732.0,1732.0,42.0,53.0,False,201408ddyw.tif,False,20.0,0.011547344110854504,17787,16944,coordinate_hypothesis_discovery
500,13901,6890,1857,1873.0,1857.0,1857.0,47.0,50.0,False,201408ddyw.tif,False,16.0,0.008616047388260635,17901,16890,coordinate_hypothesis_discovery
501,13929,4366,7174,7188.0,7174.0,7174.0,99.0,98.0,False,201408ddyw.tif,False,14.0,0.0019514914970727628,17929,14366,coordinate_hypothesis_discovery
502,13959,6872,353,360.0,353.0,353.0,24.0,22.0,False,201408ddyw.tif,False,7.0,0.019830028328611898,17959,16872,coordinate_hypothesis_discovery
503,13971,4826,402,412.0,402.0,402.0,24.0,24.0,False,201408ddyw.tif,False,10.0,0.024875621890547265,17971,14826,coordinate_hypothesis_discovery
504,13979,4502,4895,4929.0,4895.0,4895.0,80.0,78.0,False,201408ddyw.tif,False,34.0,0.006945863125638407,17979,14502,coordinate_hypothesis_discovery
505,14009,7822,180,192.0,180.0,180.0,17.0,14.0,False,201408ddyw.tif,False,12.0,0.06666666666666667,18009,17822,coordinate_hypothesis_discovery
506,14067,6692,1417,1432.0,1417.0,1417.0,44.0,44.0,False,201408ddyw.tif,False,15.0,0.01058574453069866,18067,16692,coordinate_hypothesis_discovery
507,14115,6456,7745,7782.0,7745.0,7745.0,102.0,104.0,False,201408ddyw.tif,False,37.0,0.004777275661717237,18115,16456,coordinate_hypothesis_discovery
508,14163,4674,408,423.0,408.0,408.0,26.0,22.0,False,201408ddyw.tif,False,15.0,0.03676470588235294,18163,14674,coordinate_hypothesis_discovery
509,14211,5242,4472,4496.0,4472.0,4472.0,76.0,78.0,False,201408ddyw.tif,False,24.0,0.005366726296958855,18211,15242,coordinate_hypothesis_discovery
510,14238,4845,1967,1980.0,1967.0,1967.0,49.0,55.0,False,201408ddyw.tif,False,13.0,0.0066090493136756485,18238,14845,coordinate_hypothesis_discovery
511,14243,6102,3541,3562.0,3541.0,3541.0,72.0,66.0,False,201408ddyw.tif,False,21.0,0.005930528099406947,18243,16102,coordinate_hypothesis_discovery
512,14373,6460,445,458.0,445.0,445.0,28.0,20.0,False,201408ddyw.tif,False,13.0,0.029213483146067417,18373,16460,coordinate_hypothesis_discovery
513,14439,6151,2409,2416.0,2409.0,2409.0,56.0,58.0,False,201408ddyw.tif,False,7.0,0.0029057700290577005,18439,16151,coordinate_hypothesis_discovery
514,14497,5834,366,377.0,366.0,366.0,22.0,24.0,False,201408ddyw.tif,False,11.0,0.030054644808743168,18497,15834,coordinate_hypothesis_discovery
515,14551,5937,1497,1510.0,1497.0,1497.0,42.0,46.0,False,201408ddyw.tif,False,13.0,0.008684034736138945,18551,15937,coordinate_hypothesis_discovery
516,14585,5360,524,546.0,524.0,524.0,28.0,26.0,False,201408ddyw.tif,False,22.0,0.04198473282442748,18585,15360,coordinate_hypothesis_discovery
517,14653,7906,213,228.0,213.0,213.0,18.0,16.0,False,201408ddyw.tif,False,15.0,0.07042253521126761,18653,17906,coordinate_hypothesis_discovery
518,14671,5752,2554,2568.0,2554.0,2554.0,52.0,66.0,False,201408ddyw.tif,False,14.0,0.00548159749412686,18671,15752,coordinate_hypothesis_discovery
519,14763,5712,3703,3730.0,3703.0,3703.0,69.0,74.0,False,201408ddyw.tif,False,27.0,0.007291385363219011,18763,15712,coordinate_hypothesis_discovery
520,14935,7706,234,240.0,234.0,234.0,17.0,19.0,False,201408ddyw.tif,False,6.0,0.02564102564102564,18935,17706,coordinate_hypothesis_discovery
521,14965,6856,284,300.0,284.0,284.0,22.0,18.0,False,201408ddyw.tif,False,16.0,0.056338028169014086,18965,16856,coordinate_hypothesis_discovery
522,15047,6804,508,525.0,508.0,508.0,28.0,24.0,False,201408ddyw.tif,False,17.0,0.03346456692913386,19047,16804,coordinate_hypothesis_discovery
523,15135,6260,1381,1400.0,1381.0,1381.0,42.0,44.0,False,201408ddyw.tif,False,19.0,0.013758146270818247,19135,16260,coordinate_hypothesis_discovery
524,15179,7916,288,294.0,288.0,288.0,22.0,19.0,False,201408ddyw.tif,False,6.0,0.020833333333333332,19179,17916,coordinate_hypothesis_discovery
525,15319,6673,1345,1373.0,1345.0,1345.0,37.0,48.0,False,201408ddyw.tif,False,28.0,0.020817843866171002,19319,16673,coordinate_hypothesis_discovery
526,15363,9370,9019,9035.0,9019.0,9019.0,112.0,110.0,False,201408ddyw.tif,False,16.0,0.0017740325978489854,19363,19370,coordinate_hypothesis_discovery
527,15421,6111,198,210.0,198.0,198.0,15.0,20.0,False,201408ddyw.tif,False,12.0,0.06060606060606061,19421,16111,coordinate_hypothesis_discovery
528,15529,6338,1217,1223.0,1217.0,1217.0,39.0,41.0,False,201408ddyw.tif,False,6.0,0.0049301561216105174,19529,16338,coordinate_hypothesis_discovery
529,15560,9634,4648,4670.0,4648.0,4648.0,76.0,81.0,False,201408ddyw.tif,False,22.0,0.004733218588640275,19560,19634,coordinate_hypothesis_discovery
530,15566,9324,19110,19152.0,19110.0,19110.0,156.0,157.0,False,201408ddyw.tif,False,42.0,0.002197802197802198,19566,19324,coordinate_hypothesis_discovery
531,15640,9170,7756,7803.0,7756.0,7756.0,100.0,99.0,False,201408ddyw.tif,False,47.0,0.006059824651882414,19640,19170,coordinate_hypothesis_discovery
532,15687,7272,410,417.0,410.0,410.0,26.0,22.0,False,201408ddyw.tif,False,7.0,0.01707317073170732,19687,17272,coordinate_hypothesis_discovery
533,15741,9076,3262,3284.0,3262.0,3262.0,70.0,66.0,False,201408ddyw.tif,False,22.0,0.00674432863274065,19741,19076,coordinate_hypothesis_discovery
534,15776,6514,560,576.0,560.0,560.0,28.0,24.0,False,201408ddyw.tif,False,16.0,0.02857142857142857,19776,16514,coordinate_hypothesis_discovery
535,15819,9994,20772,20783.0,20772.0,20772.0,170.0,165.0,False,201408ddyw.tif,False,11.0,0.0005295590217600616,19819,19994,coordinate_hypothesis_discovery
536,15849,6756,381,389.0,381.0,381.0,26.0,22.0,False,201408ddyw.tif,False,8.0,0.02099737532808399,19849,16756,coordinate_hypothesis_discovery
537,15855,9366,12002,12046.0,12002.0,12002.0,122.0,128.0,False,201408ddyw.tif,False,44.0,0.0036660556573904347,19855,19366,coordinate_hypothesis_discovery
538,15868,7034,1013,1018.0,1013.0,1013.0,37.0,38.0,False,201408ddyw.tif,False,5.0,0.004935834155972359,19868,17034,coordinate_hypothesis_discovery
539,15879,6632,344,354.0,344.0,344.0,24.0,21.0,False,201408ddyw.tif,False,10.0,0.029069767441860465,19879,16632,coordinate_hypothesis_discovery
540,15880,8924,6463,6501.0,6463.0,6463.0,88.0,95.0,False,201408ddyw.tif,False,38.0,0.005879622466346898,19880,18924,coordinate_hypothesis_discovery
541,15933,10400,6927,6964.0,6927.0,6927.0,90.0,102.0,False,201408ddyw.tif,False,37.0,0.005341417641114479,19933,20400,coordinate_hypothesis_discovery
542,15987,10728,6116,6150.0,6116.0,6116.0,90.0,92.0,False,201408ddyw.tif,False,34.0,0.005559189012426423,19987,20728,coordinate_hypothesis_discovery
543,16000,6821,1264,1282.0,1264.0,1264.0,39.0,41.0,False,201408ddyw.tif,False,18.0,0.014240506329113924,20000,16821,coordinate_hypothesis_discovery
544,16003,8860,2506,2527.0,2506.0,2506.0,53.0,66.0,False,201408ddyw.tif,False,21.0,0.008379888268156424,20003,18860,coordinate_hypothesis_discovery
545,16011,6550,173,179.0,173.0,173.0,16.0,15.0,False,201408ddyw.tif,False,6.0,0.03468208092485549,20011,16550,coordinate_hypothesis_discovery
546,16060,10188,14074,14100.0,14074.0,14074.0,134.0,145.0,False,201408ddyw.tif,False,26.0,0.0018473781440954953,20060,20188,coordinate_hypothesis_discovery
547,16079,8614,8736,8748.0,8736.0,8736.0,102.0,116.0,False,201408ddyw.tif,False,12.0,0.0013736263736263737,20079,18614,coordinate_hypothesis_discovery
548,16150,8380,2797,2822.0,2797.0,2797.0,64.0,59.0,False,201408ddyw.tif,False,25.0,0.00893814801573114,20150,18380,coordinate_hypothesis_discovery
549,16283,10102,7608,7648.0,7608.0,7608.0,100.0,96.0,False,201408ddyw.tif,False,40.0,0.005257623554153523,20283,20102,coordinate_hypothesis_discovery
550,16284,10595,2958,2984.0,2958.0,2958.0,67.0,59.0,False,201408ddyw.tif,False,26.0,0.00878972278566599,20284,20595,coordinate_hypothesis_discovery
551,16323,8788,1510,1522.0,1510.0,1510.0,44.0,46.0,False,201408ddyw.tif,False,12.0,0.007947019867549669,20323,18788,coordinate_hypothesis_discovery
552,16415,9378,9830,9847.0,9830.0,9830.0,120.0,108.0,False,201408ddyw.tif,False,17.0,0.0017293997965412004,20415,19378,coordinate_hypothesis_discovery
553,16419,7886,135,149.0,135.0,135.0,14.0,14.0,False,201408ddyw.tif,False,14.0,0.1037037037037037,20419,17886,coordinate_hypothesis_discovery
554,16419,8770,19852,19896.0,19852.0,19852.0,168.0,158.0,False,201408ddyw.tif,False,44.0,0.002216401370139029,20419,18770,coordinate_hypothesis_discovery
555,16477,11576,284,300.0,284.0,284.0,20.0,19.0,False,201408ddyw.tif,False,16.0,0.056338028169014086,20477,21576,coordinate_hypothesis_discovery
556,16481,9020,1791,1809.0,1791.0,1791.0,52.0,50.0,False,201408ddyw.tif,False,18.0,0.010050251256281407,20481,19020,coordinate_hypothesis_discovery
557,16585,9466,3098,3106.0,3098.0,3098.0,64.0,67.0,False,201408ddyw.tif,False,8.0,0.0025823111684958036,20585,19466,coordinate_hypothesis_discovery
558,16646,12136,1124,1137.0,1124.0,1124.0,36.0,41.0,False,201408ddyw.tif,False,13.0,0.011565836298932384,20646,22136,coordinate_hypothesis_discovery
559,16677,8906,6595,6615.0,6595.0,6595.0,90.0,94.0,False,201408ddyw.tif,False,20.0,0.003032600454890068,20677,18906,coordinate_hypothesis_discovery
560,16795,12364,234,241.0,234.0,234.0,21.0,18.0,False,201408ddyw.tif,False,7.0,0.029914529914529916,20795,22364,coordinate_hypothesis_discovery
561,16801,10322,2280,2302.0,2280.0,2280.0,44.0,68.0,False,201408ddyw.tif,False,22.0,0.009649122807017544,20801,20322,coordinate_hypothesis_discovery
562,16810,12406,1412,1429.0,1412.0,1412.0,43.0,45.0,False,201408ddyw.tif,False,17.0,0.012039660056657223,20810,22406,coordinate_hypothesis_discovery
563,16943,9530,6426,6468.0,6426.0,6426.0,88.0,96.0,False,201408ddyw.tif,False,42.0,0.006535947712418301,20943,19530,coordinate_hypothesis_discovery
564,17079,9738,128,144.0,128.0,128.0,12.0,16.0,False,201408ddyw.tif,False,16.0,0.125,21079,19738,coordinate_hypothesis_discovery
565,17140,9824,1062,1077.0,1062.0,1062.0,36.0,40.0,False,201408ddyw.tif,False,15.0,0.014124293785310734,21140,19824,coordinate_hypothesis_discovery
566,17623,7894,2589,2606.0,2589.0,2589.0,58.0,58.0,False,201408ddyw.tif,False,17.0,0.00656624179219776,21623,17894,coordinate_hypothesis_discovery
567,17835,11490,114,125.0,114.0,114.0,12.0,14.0,False,201408ddyw.tif,False,11.0,0.09649122807017543,21835,21490,coordinate_hypothesis_discovery
19,2067,4884,2885,2902.0,2885.0,2885.0,65.0,62.0,False,201508ddyw.tif,False,17.0,0.0058925476603119585,6067,14884,fixed_coordinate_hypothesis_validation
28,2249,4418,2560,2608.0,2560.0,2560.0,56.0,56.0,False,201508ddyw.tif,False,48.0,0.01875,6249,14418,fixed_coordinate_hypothesis_validation
42,2409,3978,2219,2246.0,2219.0,2219.0,52.0,53.0,False,201508ddyw.tif,False,27.0,0.01216764308246958,6409,13978,fixed_coordinate_hypothesis_validation
70,2761,3934,6148,6180.0,6148.0,6148.0,92.0,94.0,False,201508ddyw.tif,False,32.0,0.00520494469746259,6761,13934,fixed_coordinate_hypothesis_validation
82,2955,3466,5812,5852.0,5812.0,5812.0,84.0,92.0,False,201508ddyw.tif,False,40.0,0.006882312456985547,6955,13466,fixed_coordinate_hypothesis_validation
88,3009,4040,14192,14248.0,14192.0,14192.0,142.0,134.0,False,201508ddyw.tif,False,56.0,0.003945885005636978,7009,14040,fixed_coordinate_hypothesis_validation
95,3117,4290,8064,8112.0,8064.0,8064.0,100.0,108.0,False,201508ddyw.tif,False,48.0,0.005952380952380952,7117,14290,fixed_coordinate_hypothesis_validation
97,3169,3494,6476,6504.0,6476.0,6476.0,96.0,96.0,False,201508ddyw.tif,False,28.0,0.004323656578134651,7169,13494,fixed_coordinate_hypothesis_validation
103,3411,11126,4852,4878.0,4852.0,4852.0,84.0,82.0,False,201508ddyw.tif,False,26.0,0.0053586150041220115,7411,21126,fixed_coordinate_hypothesis_validation
104,3439,7218,5974,5989.0,5974.0,5974.0,90.0,90.0,False,201508ddyw.tif,False,15.0,0.0025108804820890528,7439,17218,fixed_coordinate_hypothesis_validation
105,3373,8386,2056,2072.0,2056.0,2056.0,55.0,52.0,False,201508ddyw.tif,False,16.0,0.007782101167315175,7373,18386,fixed_coordinate_hypothesis_validation
108,3429,3682,12701,12722.0,12701.0,12701.0,137.0,124.0,False,201508ddyw.tif,False,21.0,0.0016534131170773956,7429,13682,fixed_coordinate_hypothesis_validation
110,3459,4594,10406,10444.0,10406.0,10406.0,116.0,126.0,False,201508ddyw.tif,False,38.0,0.003651739381126273,7459,14594,fixed_coordinate_hypothesis_validation
111,3469,4770,6138,6172.0,6138.0,6138.0,88.0,92.0,False,201508ddyw.tif,False,34.0,0.005539263603779733,7469,14770,fixed_coordinate_hypothesis_validation
113,3477,1865,3885,3906.0,3885.0,3885.0,72.0,76.0,False,201508ddyw.tif,False,21.0,0.005405405405405406,7477,11865,fixed_coordinate_hypothesis_validation
115,3509,2126,6604,6616.0,6604.0,6604.0,90.0,94.0,False,201508ddyw.tif,False,12.0,0.0018170805572380376,7509,12126,fixed_coordinate_hypothesis_validation
116,3625,6412,7681,7712.0,7681.0,7681.0,99.0,100.0,False,201508ddyw.tif,False,31.0,0.004035932821247233,7625,16412,fixed_coordinate_hypothesis_validation
118,3570,3222,14543,14565.0,14543.0,14543.0,152.0,135.0,False,201508ddyw.tif,False,22.0,0.0015127552774530702,7570,13222,fixed_coordinate_hypothesis_validation
123,3718,12477,3704,3732.0,3704.0,3704.0,71.0,71.0,False,201508ddyw.tif,False,28.0,0.00755939524838013,7718,22477,fixed_coordinate_hypothesis_validation
124,3717,12890,18906,19012.0,18906.0,18906.0,150.0,166.0,False,201508ddyw.tif,False,106.0,0.00560668570824077,7717,22890,fixed_coordinate_hypothesis_validation
125,3733,11842,30538,30560.0,30538.0,30538.0,204.0,198.0,False,201508ddyw.tif,False,22.0,0.0007204139105376908,7733,21842,fixed_coordinate_hypothesis_validation
127,3723,1588,1000,1018.0,1000.0,1000.0,36.0,36.0,False,201508ddyw.tif,False,18.0,0.018,7723,11588,fixed_coordinate_hypothesis_validation
128,3749,2614,9286,9306.0,9286.0,9286.0,103.0,116.0,False,201508ddyw.tif,False,20.0,0.002153779883695886,7749,12614,fixed_coordinate_hypothesis_validation
131,3825,7404,4456,4478.0,4456.0,4456.0,79.0,71.0,False,201508ddyw.tif,False,22.0,0.004937163375224416,7825,17404,fixed_coordinate_hypothesis_validation
133,3829,2421,4306,4328.0,4306.0,4306.0,80.0,68.0,False,201508ddyw.tif,False,22.0,0.005109150023223409,7829,12421,fixed_coordinate_hypothesis_validation
135,3829,2778,7650,7664.0,7650.0,7650.0,100.0,102.0,False,201508ddyw.tif,False,14.0,0.0018300653594771241,7829,12778,fixed_coordinate_hypothesis_validation
138,3957,8480,4350,4380.0,4350.0,4350.0,76.0,78.0,False,201508ddyw.tif,False,30.0,0.006896551724137931,7957,18480,fixed_coordinate_hypothesis_validation
141,3941,3278,5567,5621.0,5567.0,5567.0,88.0,84.0,False,201508ddyw.tif,False,54.0,0.009700017962996228,7941,13278,fixed_coordinate_hypothesis_validation
144,3983,2979,8113,8138.0,8113.0,8113.0,105.0,102.0,False,201508ddyw.tif,False,25.0,0.0030814741772463945,7983,12979,fixed_coordinate_hypothesis_validation
146,4025,4842,5272,5340.0,5272.0,5272.0,88.0,80.0,False,201508ddyw.tif,False,68.0,0.012898330804248861,8025,14842,fixed_coordinate_hypothesis_validation
149,4035,2514,6714,6741.0,6714.0,6714.0,95.0,100.0,False,201508ddyw.tif,False,27.0,0.004021447721179625,8035,12514,fixed_coordinate_hypothesis_validation
150,4055,3990,1928,1936.0,1928.0,1928.0,60.0,47.0,False,201508ddyw.tif,False,8.0,0.004149377593360996,8055,13990,fixed_coordinate_hypothesis_validation
151,4105,6742,5655,5658.0,5655.0,5655.0,87.0,88.0,False,201508ddyw.tif,False,3.0,0.0005305039787798408,8105,16742,fixed_coordinate_hypothesis_validation
152,4025,8574,2675,2707.0,2675.0,2675.0,60.0,54.0,False,201508ddyw.tif,False,32.0,0.011962616822429906,8025,18574,fixed_coordinate_hypothesis_validation
153,4103,6620,4964,4974.0,4964.0,4964.0,78.0,84.0,False,201508ddyw.tif,False,10.0,0.00201450443190975,8103,16620,fixed_coordinate_hypothesis_validation
154,4065,2390,3786,3810.0,3786.0,3786.0,70.0,76.0,False,201508ddyw.tif,False,24.0,0.006339144215530904,8065,12390,fixed_coordinate_hypothesis_validation
158,4242,7206,5910,5944.0,5910.0,5910.0,92.0,87.0,False,201508ddyw.tif,False,34.0,0.005752961082910322,8242,17206,fixed_coordinate_hypothesis_validation
159,4197,2614,2642,2664.0,2642.0,2642.0,62.0,57.0,False,201508ddyw.tif,False,22.0,0.008327024981074944,8197,12614,fixed_coordinate_hypothesis_validation
167,4453,9312,8673,8683.0,8673.0,8673.0,114.0,106.0,False,201508ddyw.tif,False,10.0,0.0011530035743110803,8453,19312,fixed_coordinate_hypothesis_validation
168,4357,8266,1989,1997.0,1989.0,1989.0,51.0,52.0,False,201508ddyw.tif,False,8.0,0.004022121669180492,8357,18266,fixed_coordinate_hypothesis_validation
170,4393,4498,16419,16466.0,16419.0,16419.0,152.0,141.0,False,201508ddyw.tif,False,47.0,0.00286253730434253,8393,14498,fixed_coordinate_hypothesis_validation
172,4434,3101,5045,5063.0,5045.0,5045.0,80.0,88.0,False,201508ddyw.tif,False,18.0,0.00356788899900892,8434,13101,fixed_coordinate_hypothesis_validation
175,4459,3402,21088,21114.0,21088.0,21088.0,176.0,162.0,False,201508ddyw.tif,False,26.0,0.0012329286798179059,8459,13402,fixed_coordinate_hypothesis_validation
178,4581,8732,3766,3791.0,3766.0,3766.0,74.0,66.0,False,201508ddyw.tif,False,25.0,0.006638343069569836,8581,18732,fixed_coordinate_hypothesis_validation
179,4539,3929,6511,6525.0,6511.0,6511.0,102.0,88.0,False,201508ddyw.tif,False,14.0,0.0021502073414222085,8539,13929,fixed_coordinate_hypothesis_validation
180,4542,3766,8675,8714.0,8675.0,8675.0,112.0,107.0,False,201508ddyw.tif,False,39.0,0.004495677233429395,8542,13766,fixed_coordinate_hypothesis_validation
183,4586,2549,6414,6446.0,6414.0,6414.0,89.0,99.0,False,201508ddyw.tif,False,32.0,0.004989086373557842,8586,12549,fixed_coordinate_hypothesis_validation
184,4675,7722,5181,5195.0,5181.0,5181.0,76.0,93.0,False,201508ddyw.tif,False,14.0,0.0027021810461300907,8675,17722,fixed_coordinate_hypothesis_validation
185,4625,4502,9644,9696.0,9644.0,9644.0,112.0,109.0,False,201508ddyw.tif,False,52.0,0.005391953546246371,8625,14502,fixed_coordinate_hypothesis_validation
186,4659,3406,6737,6753.0,6737.0,6737.0,96.0,98.0,False,201508ddyw.tif,False,16.0,0.0023749443372420957,8659,13406,fixed_coordinate_hypothesis_validation
187,4638,4242,11994,12030.0,11994.0,11994.0,132.0,120.0,False,201508ddyw.tif,False,36.0,0.0030015007503751876,8638,14242,fixed_coordinate_hypothesis_validation
190,4742,4646,9739,9776.0,9739.0,9739.0,116.0,115.0,False,201508ddyw.tif,False,37.0,0.003799158024437827,8742,14646,fixed_coordinate_hypothesis_validation
191,4681,6648,2443,2462.0,2443.0,2443.0,59.0,56.0,False,201508ddyw.tif,False,19.0,0.007777322963569382,8681,16648,fixed_coordinate_hypothesis_validation
196,4869,3766,6876,6904.0,6876.0,6876.0,98.0,96.0,False,201508ddyw.tif,False,28.0,0.004072134962187318,8869,13766,fixed_coordinate_hypothesis_validation
202,5014,10498,3675,3698.0,3675.0,3675.0,73.0,68.0,False,201508ddyw.tif,False,23.0,0.006258503401360544,9014,20498,fixed_coordinate_hypothesis_validation
203,4959,4310,10991,11019.0,10991.0,10991.0,124.0,116.0,False,201508ddyw.tif,False,28.0,0.0025475388954599217,8959,14310,fixed_coordinate_hypothesis_validation
204,5027,7310,8680,8716.0,8680.0,8680.0,108.0,106.0,False,201508ddyw.tif,False,36.0,0.004147465437788019,9027,17310,fixed_coordinate_hypothesis_validation
205,4987,3560,7734,7755.0,7734.0,7734.0,106.0,103.0,False,201508ddyw.tif,False,21.0,0.0027152831652443757,8987,13560,fixed_coordinate_hypothesis_validation
210,5110,3189,7954,7984.0,7954.0,7954.0,99.0,105.0,False,201508ddyw.tif,False,30.0,0.0037716872014080965,9110,13189,fixed_coordinate_hypothesis_validation
211,5111,4598,8312,8336.0,8312.0,8312.0,96.0,110.0,False,201508ddyw.tif,False,24.0,0.0028873917228103944,9111,14598,fixed_coordinate_hypothesis_validation
212,5158,3946,11320,11370.0,11320.0,11320.0,122.0,121.0,False,201508ddyw.tif,False,50.0,0.00441696113074205,9158,13946,fixed_coordinate_hypothesis_validation
216,5238,4506,11352,11388.0,11352.0,11352.0,134.0,116.0,False,201508ddyw.tif,False,36.0,0.003171247357293869,9238,14506,fixed_coordinate_hypothesis_validation
217,5265,3322,5784,5842.0,5784.0,5784.0,88.0,88.0,False,201508ddyw.tif,False,58.0,0.010027662517289074,9265,13322,fixed_coordinate_hypothesis_validation
218,5277,4994,14838,14880.0,14838.0,14838.0,148.0,134.0,False,201508ddyw.tif,False,42.0,0.0028305701577031944,9277,14994,fixed_coordinate_hypothesis_validation
221,5373,3748,4791,4817.0,4791.0,4791.0,86.0,78.0,False,201508ddyw.tif,False,26.0,0.005426841995408057,9373,13748,fixed_coordinate_hypothesis_validation
225,5442,3642,18207,18098.0,18044.0,18207.0,148.0,159.0,False,201508ddyw.tif,False,-109.0,-0.005986708408853738,9442,13642,fixed_coordinate_hypothesis_validation
234,5666,3494,14202,14242.0,14202.0,14202.0,128.0,141.0,False,201508ddyw.tif,False,40.0,0.002816504717645402,9666,13494,fixed_coordinate_hypothesis_validation
235,5594,5458,2965,2983.0,2965.0,2965.0,64.0,63.0,False,201508ddyw.tif,False,18.0,0.0060708263069139965,9594,15458,fixed_coordinate_hypothesis_validation
238,5718,3662,9434,9468.0,9434.0,9434.0,114.0,109.0,False,201508ddyw.tif,False,34.0,0.003603985584057664,9718,13662,fixed_coordinate_hypothesis_validation
243,5834,7710,5237,5248.0,5237.0,5237.0,82.0,81.0,False,201508ddyw.tif,False,11.0,0.002100439182738209,9834,17710,fixed_coordinate_hypothesis_validation
253,6011,3618,19261,19292.0,19261.0,19261.0,168.0,152.0,False,201508ddyw.tif,False,31.0,0.0016094699132962983,10011,13618,fixed_coordinate_hypothesis_validation
259,6182,8510,7321,7351.0,7321.0,7321.0,100.0,103.0,False,201508ddyw.tif,False,30.0,0.004097800846878842,10182,18510,fixed_coordinate_hypothesis_validation
267,6305,3788,6354,6373.0,6354.0,6354.0,89.0,96.0,False,201508ddyw.tif,False,19.0,0.0029902423670129055,10305,13788,fixed_coordinate_hypothesis_validation
268,6312,3924,9564,9589.0,9564.0,9564.0,112.0,113.0,False,201508ddyw.tif,False,25.0,0.0026139690506064408,10312,13924,fixed_coordinate_hypothesis_validation
269,6357,4802,13223,13262.0,13223.0,13223.0,144.0,126.0,False,201508ddyw.tif,False,39.0,0.0029494063374423353,10357,14802,fixed_coordinate_hypothesis_validation
270,6442,7138,11123,11150.0,11123.0,11123.0,110.0,131.0,False,201508ddyw.tif,False,27.0,0.002427402679133327,10442,17138,fixed_coordinate_hypothesis_validation
271,6414,3789,7189,7204.0,7189.0,7189.0,95.0,99.0,False,201508ddyw.tif,False,15.0,0.002086521073862846,10414,13789,fixed_coordinate_hypothesis_validation
273,6686,9546,3974,3987.0,3974.0,3974.0,74.0,74.0,False,201508ddyw.tif,False,13.0,0.0032712632108706594,10686,19546,fixed_coordinate_hypothesis_validation
274,6619,5540,1088,1098.0,1088.0,1088.0,37.0,38.0,False,201508ddyw.tif,False,10.0,0.009191176470588236,10619,15540,fixed_coordinate_hypothesis_validation
276,6791,7566,17865,17879.0,17865.0,17865.0,154.0,156.0,False,201508ddyw.tif,False,14.0,0.0007836551917156452,10791,17566,fixed_coordinate_hypothesis_validation
277,6822,5802,15553,15586.0,15553.0,15553.0,148.0,131.0,False,201508ddyw.tif,False,33.0,0.0021217771491030667,10822,15802,fixed_coordinate_hypothesis_validation
278,6841,6902,20554,20574.0,20554.0,20554.0,149.0,185.0,False,201508ddyw.tif,False,20.0,0.0009730466089325679,10841,16902,fixed_coordinate_hypothesis_validation
281,6915,3830,1684,1691.0,1684.0,1684.0,52.0,48.0,False,201508ddyw.tif,False,7.0,0.004156769596199525,10915,13830,fixed_coordinate_hypothesis_validation
282,6993,3437,13073,13107.0,13073.0,13073.0,129.0,131.0,False,201508ddyw.tif,False,34.0,0.002600780234070221,10993,13437,fixed_coordinate_hypothesis_validation
283,7105,7716,13701,13728.0,13701.0,13701.0,142.0,132.0,False,201508ddyw.tif,False,27.0,0.0019706590759798557,11105,17716,fixed_coordinate_hypothesis_validation
285,7121,5982,17803,17834.0,17803.0,17803.0,156.0,148.0,False,201508ddyw.tif,False,31.0,0.0017412795596247824,11121,15982,fixed_coordinate_hypothesis_validation
290,7285,3642,4360,4374.0,4360.0,4360.0,79.0,78.0,False,201508ddyw.tif,False,14.0,0.003211009174311927,11285,13642,fixed_coordinate_hypothesis_validation
297,7494,8104,5224,5230.0,5224.0,5224.0,87.0,81.0,False,201508ddyw.tif,False,6.0,0.0011485451761102604,11494,18104,fixed_coordinate_hypothesis_validation
302,7675,6654,2997,3007.0,2997.0,2997.0,64.0,62.0,False,201508ddyw.tif,False,10.0,0.00333667000333667,11675,16654,fixed_coordinate_hypothesis_validation
318,8305,7114,3664,3699.0,3664.0,3664.0,66.0,72.0,False,201508ddyw.tif,False,35.0,0.00955240174672489,12305,17114,fixed_coordinate_hypothesis_validation
320,8342,9266,9785,9786.0,9768.0,9785.0,112.0,123.0,False,201508ddyw.tif,False,1.0,0.00010219724067450178,12342,19266,fixed_coordinate_hypothesis_validation
329,8530,7770,2872,2912.0,2872.0,2872.0,64.0,56.0,False,201508ddyw.tif,False,40.0,0.013927576601671309,12530,17770,fixed_coordinate_hypothesis_validation
333,8622,7680,6466,6490.0,6466.0,6466.0,94.0,89.0,False,201508ddyw.tif,False,24.0,0.0037117228580266005,12622,17680,fixed_coordinate_hypothesis_validation
335,8641,7219,6161,6189.0,6161.0,6161.0,95.0,85.0,False,201508ddyw.tif,False,28.0,0.004544716766758643,12641,17219,fixed_coordinate_hypothesis_validation
337,8685,9730,718,740.0,718.0,718.0,32.0,28.0,False,201508ddyw.tif,False,22.0,0.03064066852367688,12685,19730,fixed_coordinate_hypothesis_validation
358,9147,6409,3042,3068.0,3042.0,3042.0,65.0,62.0,False,201508ddyw.tif,False,26.0,0.008547008547008548,13147,16409,fixed_coordinate_hypothesis_validation
363,9253,7615,3211,3226.0,3211.0,3211.0,66.0,66.0,False,201508ddyw.tif,False,15.0,0.004671441918405481,13253,17615,fixed_coordinate_hypothesis_validation
364,9235,2542,3944,3969.0,3944.0,3944.0,78.0,70.0,False,201508ddyw.tif,False,25.0,0.006338742393509128,13235,12542,fixed_coordinate_hypothesis_validation
369,9386,9453,5689,5715.0,5689.0,5689.0,85.0,85.0,False,201508ddyw.tif,False,26.0,0.004570223237827386,13386,19453,fixed_coordinate_hypothesis_validation
376,9489,8260,2184,2205.0,2184.0,2184.0,50.0,60.0,False,201508ddyw.tif,False,21.0,0.009615384615384616,13489,18260,fixed_coordinate_hypothesis_validation
377,9457,2712,3689,3701.0,3689.0,3689.0,70.0,69.0,False,201508ddyw.tif,False,12.0,0.003252914068853348,13457,12712,fixed_coordinate_hypothesis_validation
384,9597,9342,6743,6752.0,6743.0,6743.0,99.0,90.0,False,201508ddyw.tif,False,9.0,0.001334717484799051,13597,19342,fixed_coordinate_hypothesis_validation
393,9815,9852,3987,4013.0,3987.0,3987.0,68.0,76.0,False,201508ddyw.tif,False,26.0,0.0065211938801103585,13815,19852,fixed_coordinate_hypothesis_validation
397,9778,2717,3980,4003.0,3980.0,3980.0,76.0,71.0,False,201508ddyw.tif,False,23.0,0.005778894472361809,13778,12717,fixed_coordinate_hypothesis_validation
400,9865,7206,3614,3619.0,3614.0,3614.0,71.0,71.0,False,201508ddyw.tif,False,5.0,0.001383508577753182,13865,17206,fixed_coordinate_hypothesis_validation
432,10502,2825,5940,5959.0,5940.0,5940.0,84.0,100.0,False,201508ddyw.tif,False,19.0,0.0031986531986531986,14502,12825,fixed_coordinate_hypothesis_validation
442,10753,5165,6776,6811.0,6776.0,6776.0,93.0,94.0,False,201508ddyw.tif,False,35.0,0.005165289256198347,14753,15165,fixed_coordinate_hypothesis_validation
446,10775,7510,1810,1822.0,1810.0,1810.0,46.0,52.0,False,201508ddyw.tif,False,12.0,0.0066298342541436465,14775,17510,fixed_coordinate_hypothesis_validation
454,11142,4612,8377,8393.0,8377.0,8377.0,118.0,96.0,False,201508ddyw.tif,False,16.0,0.0019099916437865583,15142,14612,fixed_coordinate_hypothesis_validation
461,11401,4782,7521,7530.0,7521.0,7521.0,102.0,98.0,False,201508ddyw.tif,False,9.0,0.0011966493817311527,15401,14782,fixed_coordinate_hypothesis_validation
464,11446,3734,8113,8154.0,8113.0,8113.0,98.0,107.0,False,201508ddyw.tif,False,41.0,0.005053617650684087,15446,13734,fixed_coordinate_hypothesis_validation
466,11527,6263,4041,4062.0,4041.0,4041.0,77.0,72.0,False,201508ddyw.tif,False,21.0,0.005196733481811433,15527,16263,fixed_coordinate_hypothesis_validation
467,11637,6732,2799,2820.0,2799.0,2799.0,62.0,64.0,False,201508ddyw.tif,False,21.0,0.007502679528403001,15637,16732,fixed_coordinate_hypothesis_validation
470,11953,2792,5643,5671.0,5643.0,5643.0,84.0,90.0,False,201508ddyw.tif,False,28.0,0.004961899698741804,15953,12792,fixed_coordinate_hypothesis_validation
472,12033,2880,1658,1676.0,1658.0,1658.0,54.0,46.0,False,201508ddyw.tif,False,18.0,0.010856453558504222,16033,12880,fixed_coordinate_hypothesis_validation
473,12052,2636,6033,6046.0,6033.0,6033.0,89.0,95.0,False,201508ddyw.tif,False,13.0,0.0021548151831592907,16052,12636,fixed_coordinate_hypothesis_validation
474,12285,6786,21555,21205.0,21188.0,21555.0,174.0,162.0,False,201508ddyw.tif,False,-350.0,-0.016237531895151938,16285,16786,fixed_coordinate_hypothesis_validation
476,12373,7810,21164,21185.0,21164.0,21164.0,166.0,170.0,False,201508ddyw.tif,False,21.0,0.0009922509922509922,16373,17810,fixed_coordinate_hypothesis_validation
477,12349,6406,20401,20419.0,20401.0,20401.0,166.0,156.0,False,201508ddyw.tif,False,18.0,0.0008823096907014362,16349,16406,fixed_coordinate_hypothesis_validation
478,12477,3688,4724,4756.0,4724.0,4724.0,78.0,77.0,False,201508ddyw.tif,False,32.0,0.006773920406435224,16477,13688,fixed_coordinate_hypothesis_validation
480,12553,7580,8990,9018.0,8990.0,8990.0,104.0,110.0,False,201508ddyw.tif,False,28.0,0.003114571746384872,16553,17580,fixed_coordinate_hypothesis_validation
483,12731,7575,11677,11711.0,11677.0,11677.0,117.0,130.0,False,201508ddyw.tif,False,34.0,0.0029117067740001713,16731,17575,fixed_coordinate_hypothesis_validation
484,12907,6630,14815,14847.0,14815.0,14815.0,142.0,134.0,False,201508ddyw.tif,False,32.0,0.0021599730003374956,16907,16630,fixed_coordinate_hypothesis_validation
485,12963,8456,2515,2545.0,2515.0,2515.0,56.0,58.0,False,201508ddyw.tif,False,30.0,0.011928429423459244,16963,18456,fixed_coordinate_hypothesis_validation
486,12951,6362,18227,18266.0,18227.0,18227.0,159.0,148.0,False,201508ddyw.tif,False,39.0,0.002139682888023262,16951,16362,fixed_coordinate_hypothesis_validation
487,13055,7494,11556,11580.0,11556.0,11556.0,124.0,124.0,False,201508ddyw.tif,False,24.0,0.0020768431983385254,17055,17494,fixed_coordinate_hypothesis_validation
488,13119,6828,16847,16874.0,16847.0,16847.0,150.0,146.0,False,201508ddyw.tif,False,27.0,0.001602659227162106,17119,16828,fixed_coordinate_hypothesis_validation
492,13491,5862,6329,6359.0,6329.0,6329.0,92.0,91.0,False,201508ddyw.tif,False,30.0,0.004740085321535787,17491,15862,fixed_coordinate_hypothesis_validation
497,13739,8666,5761,5794.0,5761.0,5761.0,91.0,88.0,False,201508ddyw.tif,False,33.0,0.005728172192327721,17739,18666,fixed_coordinate_hypothesis_validation
498,13737,6322,10145,10199.0,10145.0,10145.0,115.0,114.0,False,201508ddyw.tif,False,54.0,0.005322819122720552,17737,16322,fixed_coordinate_hypothesis_validation
502,13961,6800,2305,2316.0,2305.0,2305.0,52.0,62.0,False,201508ddyw.tif,False,11.0,0.004772234273318872,17961,16800,fixed_coordinate_hypothesis_validation
503,13943,4844,3780,3800.0,3780.0,3780.0,65.0,74.0,False,201508ddyw.tif,False,20.0,0.005291005291005291,17943,14844,fixed_coordinate_hypothesis_validation
505,13953,7796,3431,3459.0,3431.0,3431.0,66.0,68.0,False,201508ddyw.tif,False,28.0,0.00816088603905567,17953,17796,fixed_coordinate_hypothesis_validation
508,14127,4690,4373,4411.0,4373.0,4373.0,73.0,76.0,False,201508ddyw.tif,False,38.0,0.008689686713926366,18127,14690,fixed_coordinate_hypothesis_validation
509,14179,5234,14598,14620.0,14598.0,14598.0,138.0,138.0,False,201508ddyw.tif,False,22.0,0.0015070557610631593,18179,15234,fixed_coordinate_hypothesis_validation
511,14205,6122,15344,15376.0,15344.0,15344.0,144.0,134.0,False,201508ddyw.tif,False,32.0,0.0020855057351407717,18205,16122,fixed_coordinate_hypothesis_validation
512,14347,6458,1839,1849.0,1839.0,1839.0,52.0,52.0,False,201508ddyw.tif,False,10.0,0.005437737901033171,18347,16458,fixed_coordinate_hypothesis_validation
517,14625,7870,6484,6509.0,6484.0,6484.0,94.0,100.0,False,201508ddyw.tif,False,25.0,0.0038556446637877852,18625,17870,fixed_coordinate_hypothesis_validation
520,14899,7710,2387,2405.0,2387.0,2387.0,54.0,56.0,False,201508ddyw.tif,False,18.0,0.00754084625052367,18899,17710,fixed_coordinate_hypothesis_validation
521,14933,6842,3354,3369.0,3354.0,3354.0,67.0,66.0,False,201508ddyw.tif,False,15.0,0.004472271914132379,18933,16842,fixed_coordinate_hypothesis_validation
522,15008,6791,5161,5192.0,5161.0,5161.0,82.0,79.0,False,201508ddyw.tif,False,31.0,0.006006587870567719,19008,16791,fixed_coordinate_hypothesis_validation
524,15141,7898,7940,7994.0,7940.0,7940.0,106.0,98.0,False,201508ddyw.tif,False,54.0,0.006801007556675063,19141,17898,fixed_coordinate_hypothesis_validation
538,15807,7036,7918,7936.0,7918.0,7918.0,98.0,108.0,False,201508ddyw.tif,False,18.0,0.0022733013387218996,19807,17036,fixed_coordinate_hypothesis_validation
540,15797,8906,16455,16246.0,16210.0,16455.0,140.0,146.0,False,201508ddyw.tif,False,-209.0,-0.012701306593740504,19797,18906,fixed_coordinate_hypothesis_validation
544,15927,8854,6106,6146.0,6090.0,6106.0,88.0,92.0,False,201508ddyw.tif,False,40.0,0.006550933508024894,19927,18854,fixed_coordinate_hypothesis_validation
547,16035,8612,12892,12952.0,12892.0,12892.0,120.0,138.0,False,201508ddyw.tif,False,60.0,0.004654049022649705,20035,18612,fixed_coordinate_hypothesis_validation
548,16117,8402,3700,3718.0,3700.0,3700.0,76.0,70.0,False,201508ddyw.tif,False,18.0,0.004864864864864865,20117,18402,fixed_coordinate_hypothesis_validation
553,16403,7830,3988,4000.0,3988.0,3988.0,71.0,76.0,False,201508ddyw.tif,False,12.0,0.003009027081243731,20403,17830,fixed_coordinate_hypothesis_validation
557,16511,9468,11220,11229.0,11220.0,11220.0,124.0,119.0,False,201508ddyw.tif,False,9.0,0.0008021390374331551,20511,19468,fixed_coordinate_hypothesis_validation
568,105,4212,5067,5075.0,5067.0,5067.0,88.0,80.0,False,201508ddyw.tif,False,8.0,0.0015788434971383462,4105,14212,fixed_coordinate_hypothesis_validation
569,559,670,532,551.0,532.0,532.0,28.0,24.0,False,201508ddyw.tif,False,19.0,0.03571428571428571,4559,10670,fixed_coordinate_hypothesis_validation
570,1927,6805,2524,2548.0,2524.0,2524.0,57.0,58.0,False,201508ddyw.tif,False,24.0,0.009508716323296355,5927,16805,fixed_coordinate_hypothesis_validation
571,2237,7272,2340,2358.0,2340.0,2340.0,60.0,56.0,False,201508ddyw.tif,False,18.0,0.007692307692307693,6237,17272,fixed_coordinate_hypothesis_validation
572,2249,7172,1790,1812.0,1790.0,1790.0,53.0,44.0,False,201508ddyw.tif,False,22.0,0.012290502793296089,6249,17172,fixed_coordinate_hypothesis_validation
573,2331,7198,1467,1491.0,1467.0,1467.0,44.0,42.0,False,201508ddyw.tif,False,24.0,0.016359918200409,6331,17198,fixed_coordinate_hypothesis_validation
574,2383,2482,4984,4996.0,4984.0,4984.0,82.0,86.0,False,201508ddyw.tif,False,12.0,0.002407704654895666,6383,12482,fixed_coordinate_hypothesis_validation
575,2397,7139,2904,2928.0,2904.0,2904.0,67.0,60.0,False,201508ddyw.tif,False,24.0,0.008264462809917356,6397,17139,fixed_coordinate_hypothesis_validation
576,2473,7446,1220,1226.0,1220.0,1220.0,36.0,44.0,False,201508ddyw.tif,False,6.0,0.004918032786885246,6473,17446,fixed_coordinate_hypothesis_validation
577,2513,6524,2677,2695.0,2677.0,2677.0,67.0,55.0,False,201508ddyw.tif,False,18.0,0.006723944714232349,6513,16524,fixed_coordinate_hypothesis_validation
578,2521,6638,1450,1458.0,1450.0,1450.0,44.0,47.0,False,201508ddyw.tif,False,8.0,0.005517241379310344,6521,16638,fixed_coordinate_hypothesis_validation
579,2529,7454,1390,1406.0,1390.0,1390.0,42.0,43.0,False,201508ddyw.tif,False,16.0,0.011510791366906475,6529,17454,fixed_coordinate_hypothesis_validation
580,2554,7358,3720,3741.0,3720.0,3720.0,76.0,69.0,False,201508ddyw.tif,False,21.0,0.00564516129032258,6554,17358,fixed_coordinate_hypothesis_validation
581,2581,6372,4093,4108.0,4093.0,4093.0,72.0,73.0,False,201508ddyw.tif,False,15.0,0.003664793549963352,6581,16372,fixed_coordinate_hypothesis_validation
582,2601,6584,289,302.0,289.0,289.0,20.0,20.0,False,201508ddyw.tif,False,13.0,0.04498269896193772,6601,16584,fixed_coordinate_hypothesis_validation
583,2643,6492,3157,3191.0,3157.0,3157.0,62.0,66.0,False,201508ddyw.tif,False,34.0,0.010769718086791258,6643,16492,fixed_coordinate_hypothesis_validation
584,2675,6441,620,625.0,620.0,620.0,32.0,29.0,False,201508ddyw.tif,False,5.0,0.008064516129032258,6675,16441,fixed_coordinate_hypothesis_validation
585,2699,6646,1676,1687.0,1676.0,1676.0,48.0,46.0,False,201508ddyw.tif,False,11.0,0.0065632458233890216,6699,16646,fixed_coordinate_hypothesis_validation
586,2739,6798,1017,1038.0,1017.0,1017.0,36.0,40.0,False,201508ddyw.tif,False,21.0,0.02064896755162242,6739,16798,fixed_coordinate_hypothesis_validation
587,2759,7442,4170,4183.0,4170.0,4170.0,76.0,71.0,False,201508ddyw.tif,False,13.0,0.003117505995203837,6759,17442,fixed_coordinate_hypothesis_validation
588,2771,6538,1837,1858.0,1837.0,1837.0,48.0,50.0,False,201508ddyw.tif,False,21.0,0.011431682090364725,6771,16538,fixed_coordinate_hypothesis_validation
589,2889,7202,1572,1585.0,1572.0,1572.0,47.0,44.0,False,201508ddyw.tif,False,13.0,0.00826972010178117,6889,17202,fixed_coordinate_hypothesis_validation
590,2937,6676,3927,3944.0,3927.0,3927.0,62.0,81.0,False,201508ddyw.tif,False,17.0,0.004329004329004329,6937,16676,fixed_coordinate_hypothesis_validation
591,2959,8638,4475,4490.0,4475.0,4475.0,78.0,72.0,False,201508ddyw.tif,False,15.0,0.0033519553072625698,6959,18638,fixed_coordinate_hypothesis_validation
592,2994,8938,2778,2801.0,2778.0,2778.0,61.0,61.0,False,201508ddyw.tif,False,23.0,0.00827933765298776,6994,18938,fixed_coordinate_hypothesis_validation
593,2999,7272,3145,3163.0,3145.0,3145.0,71.0,59.0,False,201508ddyw.tif,False,18.0,0.005723370429252782,6999,17272,fixed_coordinate_hypothesis_validation
594,3011,2202,156,170.0,156.0,156.0,12.0,18.0,False,201508ddyw.tif,False,14.0,0.08974358974358974,7011,12202,fixed_coordinate_hypothesis_validation
595,3035,8192,1641,1657.0,1641.0,1641.0,48.0,47.0,False,201508ddyw.tif,False,16.0,0.009750152346130409,7035,18192,fixed_coordinate_hypothesis_validation
596,3045,6614,1795,1807.0,1795.0,1795.0,48.0,51.0,False,201508ddyw.tif,False,12.0,0.006685236768802228,7045,16614,fixed_coordinate_hypothesis_validation
597,3057,7338,3091,3101.0,3091.0,3091.0,68.0,64.0,False,201508ddyw.tif,False,10.0,0.003235198964736331,7057,17338,fixed_coordinate_hypothesis_validation
598,3059,8444,831,844.0,831.0,831.0,36.0,32.0,False,201508ddyw.tif,False,13.0,0.015643802647412757,7059,18444,fixed_coordinate_hypothesis_validation
599,3073,6556,1264,1278.0,1264.0,1264.0,46.0,40.0,False,201508ddyw.tif,False,14.0,0.011075949367088608,7073,16556,fixed_coordinate_hypothesis_validation
600,3133,8442,909,917.0,909.0,909.0,36.0,36.0,False,201508ddyw.tif,False,8.0,0.0088008800880088,7133,18442,fixed_coordinate_hypothesis_validation
601,3134,6430,1717,1742.0,1717.0,1717.0,48.0,50.0,False,201508ddyw.tif,False,25.0,0.014560279557367502,7134,16430,fixed_coordinate_hypothesis_validation
602,3137,6086,156,176.0,156.0,156.0,16.0,12.0,False,201508ddyw.tif,False,20.0,0.1282051282051282,7137,16086,fixed_coordinate_hypothesis_validation
603,3157,6080,220,240.0,220.0,220.0,18.0,16.0,False,201508ddyw.tif,False,20.0,0.09090909090909091,7157,16080,fixed_coordinate_hypothesis_validation
604,3165,7364,1850,1869.0,1850.0,1850.0,50.0,50.0,False,201508ddyw.tif,False,19.0,0.01027027027027027,7165,17364,fixed_coordinate_hypothesis_validation
605,3179,6374,4519,4513.0,4484.0,4519.0,76.0,78.0,False,201508ddyw.tif,False,-6.0,-0.0013277273733126797,7179,16374,fixed_coordinate_hypothesis_validation
606,3183,7950,1718,1732.0,1718.0,1718.0,46.0,53.0,False,201508ddyw.tif,False,14.0,0.008149010477299184,7183,17950,fixed_coordinate_hypothesis_validation
607,3223,8202,3870,3879.0,3870.0,3870.0,75.0,73.0,False,201508ddyw.tif,False,9.0,0.002325581395348837,7223,18202,fixed_coordinate_hypothesis_validation
608,3225,9226,2396,2408.0,2396.0,2396.0,61.0,53.0,False,201508ddyw.tif,False,12.0,0.005008347245409015,7225,19226,fixed_coordinate_hypothesis_validation
609,3233,7746,2881,2889.0,2881.0,2881.0,65.0,60.0,False,201508ddyw.tif,False,8.0,0.0027768136063866713,7233,17746,fixed_coordinate_hypothesis_validation
610,3235,6812,5454,5478.0,5454.0,5454.0,94.0,82.0,False,201508ddyw.tif,False,24.0,0.0044004400440044,7235,16812,fixed_coordinate_hypothesis_validation
611,3245,6620,2378,2390.0,2378.0,2378.0,54.0,56.0,False,201508ddyw.tif,False,12.0,0.005046257359125316,7245,16620,fixed_coordinate_hypothesis_validation
612,3251,8316,2809,2832.0,2809.0,2809.0,62.0,60.0,False,201508ddyw.tif,False,23.0,0.008187967248131008,7251,18316,fixed_coordinate_hypothesis_validation
613,3255,8412,307,336.0,307.0,307.0,20.0,22.0,False,201508ddyw.tif,False,29.0,0.09446254071661238,7255,18412,fixed_coordinate_hypothesis_validation
614,3265,6449,2884,2902.0,2884.0,2884.0,61.0,64.0,False,201508ddyw.tif,False,18.0,0.0062413314840499305,7265,16449,fixed_coordinate_hypothesis_validation
615,3271,8075,3481,3501.0,3481.0,3481.0,68.0,68.0,False,201508ddyw.tif,False,20.0,0.005745475438092502,7271,18075,fixed_coordinate_hypothesis_validation
616,3293,8540,3308,3332.0,3308.0,3308.0,66.0,67.0,False,201508ddyw.tif,False,24.0,0.007255139056831923,7293,18540,fixed_coordinate_hypothesis_validation
617,3297,8458,176,192.0,176.0,176.0,16.0,16.0,False,201508ddyw.tif,False,16.0,0.09090909090909091,7297,18458,fixed_coordinate_hypothesis_validation
618,3315,7720,5936,5972.0,5936.0,5936.0,90.0,85.0,False,201508ddyw.tif,False,36.0,0.006064690026954178,7315,17720,fixed_coordinate_hypothesis_validation
619,3319,7934,1270,1282.0,1270.0,1270.0,42.0,40.0,False,201508ddyw.tif,False,12.0,0.009448818897637795,7319,17934,fixed_coordinate_hypothesis_validation
620,3325,6730,2084,2116.0,2084.0,2084.0,56.0,48.0,False,201508ddyw.tif,False,32.0,0.015355086372360844,7325,16730,fixed_coordinate_hypothesis_validation
621,3337,7602,2457,2479.0,2457.0,2457.0,60.0,56.0,False,201508ddyw.tif,False,22.0,0.008954008954008955,7337,17602,fixed_coordinate_hypothesis_validation
622,3361,8283,3712,3740.0,3712.0,3712.0,71.0,72.0,False,201508ddyw.tif,False,28.0,0.007543103448275862,7361,18283,fixed_coordinate_hypothesis_validation
623,3375,7410,1926,1937.0,1926.0,1926.0,51.0,47.0,False,201508ddyw.tif,False,11.0,0.005711318795430945,7375,17410,fixed_coordinate_hypothesis_validation
624,3381,9424,3236,3265.0,3236.0,3236.0,70.0,64.0,False,201508ddyw.tif,False,29.0,0.00896168108776267,7381,19424,fixed_coordinate_hypothesis_validation
625,3441,8214,1724,1737.0,1724.0,1724.0,52.0,46.0,False,201508ddyw.tif,False,13.0,0.0075406032482598605,7441,18214,fixed_coordinate_hypothesis_validation
626,3441,9545,2198,2215.0,2198.0,2198.0,55.0,56.0,False,201508ddyw.tif,False,17.0,0.0077343039126478615,7441,19545,fixed_coordinate_hypothesis_validation
627,3469,6902,3457,3481.0,3457.0,3457.0,72.0,63.0,False,201508ddyw.tif,False,24.0,0.0069424356378362745,7469,16902,fixed_coordinate_hypothesis_validation
628,3475,8044,685,696.0,685.0,685.0,36.0,28.0,False,201508ddyw.tif,False,11.0,0.016058394160583942,7475,18044,fixed_coordinate_hypothesis_validation
629,3505,6996,568,575.0,568.0,568.0,30.0,27.0,False,201508ddyw.tif,False,7.0,0.01232394366197183,7505,16996,fixed_coordinate_hypothesis_validation
630,3507,7526,1228,1249.0,1228.0,1228.0,43.0,36.0,False,201508ddyw.tif,False,21.0,0.01710097719869707,7507,17526,fixed_coordinate_hypothesis_validation
631,3507,8669,5724,5742.0,5724.0,5724.0,85.0,88.0,False,201508ddyw.tif,False,18.0,0.0031446540880503146,7507,18669,fixed_coordinate_hypothesis_validation
632,3523,7673,1400,1405.0,1400.0,1400.0,47.0,42.0,False,201508ddyw.tif,False,5.0,0.0035714285714285713,7523,17673,fixed_coordinate_hypothesis_validation
633,3549,8306,4557,4588.0,4557.0,4557.0,78.0,76.0,False,201508ddyw.tif,False,31.0,0.006802721088435374,7549,18306,fixed_coordinate_hypothesis_validation
634,3565,9414,4174,4188.0,4174.0,4174.0,82.0,71.0,False,201508ddyw.tif,False,14.0,0.0033540967896502154,7565,19414,fixed_coordinate_hypothesis_validation
635,3567,6440,948,964.0,948.0,948.0,34.0,38.0,False,201508ddyw.tif,False,16.0,0.016877637130801686,7567,16440,fixed_coordinate_hypothesis_validation
636,3571,8086,2145,2162.0,2145.0,2145.0,54.0,52.0,False,201508ddyw.tif,False,17.0,0.007925407925407926,7571,18086,fixed_coordinate_hypothesis_validation
637,3571,9778,3701,3718.0,3701.0,3701.0,72.0,68.0,False,201508ddyw.tif,False,17.0,0.0045933531477978925,7571,19778,fixed_coordinate_hypothesis_validation
638,3579,6534,1148,1163.0,1148.0,1148.0,37.0,40.0,False,201508ddyw.tif,False,15.0,0.013066202090592335,7579,16534,fixed_coordinate_hypothesis_validation
639,3587,7064,325,340.0,325.0,325.0,22.0,20.0,False,201508ddyw.tif,False,15.0,0.046153846153846156,7587,17064,fixed_coordinate_hypothesis_validation
640,3637,7880,2725,2738.0,2725.0,2725.0,61.0,58.0,False,201508ddyw.tif,False,13.0,0.0047706422018348625,7637,17880,fixed_coordinate_hypothesis_validation
641,3649,7636,2193,2226.0,2193.0,2193.0,56.0,50.0,False,201508ddyw.tif,False,33.0,0.015047879616963064,7649,17636,fixed_coordinate_hypothesis_validation
642,3653,7745,1802,1816.0,1802.0,1802.0,52.0,46.0,False,201508ddyw.tif,False,14.0,0.00776914539400666,7653,17745,fixed_coordinate_hypothesis_validation
643,3663,7392,3339,3346.0,3339.0,3339.0,73.0,62.0,False,201508ddyw.tif,False,7.0,0.0020964360587002098,7663,17392,fixed_coordinate_hypothesis_validation
644,3665,10143,3545,3572.0,3545.0,3545.0,69.0,68.0,False,201508ddyw.tif,False,27.0,0.007616361071932299,7665,20143,fixed_coordinate_hypothesis_validation
645,3669,9430,2888,2904.0,2888.0,2888.0,62.0,60.0,False,201508ddyw.tif,False,16.0,0.00554016620498615,7669,19430,fixed_coordinate_hypothesis_validation
646,3704,12398,2969,3003.0,2969.0,2969.0,62.0,61.0,False,201508ddyw.tif,False,34.0,0.011451667228022903,7704,22398,fixed_coordinate_hypothesis_validation
647,3705,6983,3659,3693.0,3659.0,3659.0,71.0,69.0,False,201508ddyw.tif,False,34.0,0.009292156326865263,7705,16983,fixed_coordinate_hypothesis_validation
648,3710,11546,2995,3021.0,2995.0,2995.0,64.0,63.0,False,201508ddyw.tif,False,26.0,0.008681135225375626,7710,21546,fixed_coordinate_hypothesis_validation
649,3711,12626,1592,1609.0,1592.0,1592.0,46.0,44.0,False,201508ddyw.tif,False,17.0,0.010678391959798994,7711,22626,fixed_coordinate_hypothesis_validation
650,3721,7700,2769,2787.0,2769.0,2769.0,70.0,54.0,False,201508ddyw.tif,False,18.0,0.0065005417118093175,7721,17700,fixed_coordinate_hypothesis_validation
651,3749,11071,2869,2895.0,2869.0,2869.0,63.0,64.0,False,201508ddyw.tif,False,26.0,0.009062391077030324,7749,21071,fixed_coordinate_hypothesis_validation
652,3761,8358,1799,1805.0,1799.0,1799.0,50.0,50.0,False,201508ddyw.tif,False,6.0,0.0033351862145636463,7761,18358,fixed_coordinate_hypothesis_validation
653,3769,11484,2081,2095.0,2081.0,2081.0,58.0,50.0,False,201508ddyw.tif,False,14.0,0.006727534839019702,7769,21484,fixed_coordinate_hypothesis_validation
654,3799,10320,2427,2440.0,2427.0,2427.0,60.0,51.0,False,201508ddyw.tif,False,13.0,0.005356407086938607,7799,20320,fixed_coordinate_hypothesis_validation
655,3809,5678,305,336.0,305.0,305.0,16.0,24.0,False,201508ddyw.tif,False,31.0,0.10163934426229508,7809,15678,fixed_coordinate_hypothesis_validation
656,3881,11162,4281,4295.0,4281.0,4281.0,78.0,76.0,False,201508ddyw.tif,False,14.0,0.003270263957019388,7881,21162,fixed_coordinate_hypothesis_validation
657,3885,5454,1405,1424.0,1405.0,1405.0,42.0,42.0,False,201508ddyw.tif,False,19.0,0.013523131672597865,7885,15454,fixed_coordinate_hypothesis_validation
658,3891,10098,2191,2203.0,2191.0,2191.0,58.0,53.0,False,201508ddyw.tif,False,12.0,0.005476951163852123,7891,20098,fixed_coordinate_hypothesis_validation
659,3909,5797,942,962.0,942.0,942.0,36.0,36.0,False,201508ddyw.tif,False,20.0,0.021231422505307854,7909,15797,fixed_coordinate_hypothesis_validation
660,3925,8412,1660,1677.0,1660.0,1660.0,50.0,44.0,False,201508ddyw.tif,False,17.0,0.010240963855421687,7925,18412,fixed_coordinate_hypothesis_validation
661,3935,10616,703,723.0,703.0,703.0,30.0,32.0,False,201508ddyw.tif,False,20.0,0.02844950213371266,7935,20616,fixed_coordinate_hypothesis_validation
662,3959,7336,3969,4011.0,3969.0,3969.0,72.0,70.0,False,201508ddyw.tif,False,42.0,0.010582010582010581,7959,17336,fixed_coordinate_hypothesis_validation
663,3971,10208,1144,1171.0,1144.0,1144.0,40.0,36.0,False,201508ddyw.tif,False,27.0,0.0236013986013986,7971,20208,fixed_coordinate_hypothesis_validation
664,3985,11908,5064,5101.0,5064.0,5064.0,86.0,77.0,False,201508ddyw.tif,False,37.0,0.007306477093206951,7985,21908,fixed_coordinate_hypothesis_validation
665,3987,5350,1826,1833.0,1826.0,1826.0,55.0,45.0,False,201508ddyw.tif,False,7.0,0.0038335158817086527,7987,15350,fixed_coordinate_hypothesis_validation
666,3987,11354,1065,1099.0,1065.0,1065.0,40.0,34.0,False,201508ddyw.tif,False,34.0,0.03192488262910798,7987,21354,fixed_coordinate_hypothesis_validation
667,3989,5434,1401,1415.0,1401.0,1401.0,41.0,46.0,False,201508ddyw.tif,False,14.0,0.009992862241256246,7989,15434,fixed_coordinate_hypothesis_validation
668,3993,10726,4227,4244.0,4227.0,4227.0,71.0,78.0,False,201508ddyw.tif,False,17.0,0.0040217648450437665,7993,20726,fixed_coordinate_hypothesis_validation
669,3993,11075,2026,2056.0,2026.0,2026.0,57.0,48.0,False,201508ddyw.tif,False,30.0,0.014807502467917079,7993,21075,fixed_coordinate_hypothesis_validation
670,4007,5980,2057,2069.0,2057.0,2057.0,54.0,52.0,False,201508ddyw.tif,False,12.0,0.00583373845405931,8007,15980,fixed_coordinate_hypothesis_validation
671,4017,9354,1768,1791.0,1768.0,1768.0,48.0,48.0,False,201508ddyw.tif,False,23.0,0.013009049773755657,8017,19354,fixed_coordinate_hypothesis_validation
672,4033,11130,3067,3078.0,3067.0,3067.0,66.0,62.0,False,201508ddyw.tif,False,11.0,0.0035865666775350504,8033,21130,fixed_coordinate_hypothesis_validation
673,4035,9843,2607,2619.0,2607.0,2607.0,61.0,60.0,False,201508ddyw.tif,False,12.0,0.004602991944764097,8035,19843,fixed_coordinate_hypothesis_validation
674,4047,7068,3990,4015.0,3990.0,3990.0,73.0,70.0,False,201508ddyw.tif,False,25.0,0.006265664160401002,8047,17068,fixed_coordinate_hypothesis_validation
675,4053,7564,2634,2652.0,2634.0,2634.0,62.0,60.0,False,201508ddyw.tif,False,18.0,0.00683371298405467,8053,17564,fixed_coordinate_hypothesis_validation
676,4081,9686,3680,3730.0,3680.0,3680.0,64.0,70.0,False,201508ddyw.tif,False,50.0,0.01358695652173913,8081,19686,fixed_coordinate_hypothesis_validation
677,4093,10864,2320,2338.0,2320.0,2320.0,58.0,54.0,False,201508ddyw.tif,False,18.0,0.007758620689655172,8093,20864,fixed_coordinate_hypothesis_validation
678,4109,10574,4639,4651.0,4639.0,4639.0,80.0,77.0,False,201508ddyw.tif,False,12.0,0.002586764388876913,8109,20574,fixed_coordinate_hypothesis_validation
679,4111,9818,904,912.0,904.0,904.0,40.0,32.0,False,201508ddyw.tif,False,8.0,0.008849557522123894,8111,19818,fixed_coordinate_hypothesis_validation
680,4114,8682,1917,1931.0,1917.0,1917.0,50.0,51.0,False,201508ddyw.tif,False,14.0,0.007303077725612937,8114,18682,fixed_coordinate_hypothesis_validation
681,4117,7313,4780,4805.0,4780.0,4780.0,79.0,80.0,False,201508ddyw.tif,False,25.0,0.005230125523012552,8117,17313,fixed_coordinate_hypothesis_validation
682,4133,2726,1960,2003.0,1960.0,1960.0,52.0,48.0,False,201508ddyw.tif,False,43.0,0.02193877551020408,8133,12726,fixed_coordinate_hypothesis_validation
683,4159,13254,2573,2591.0,2573.0,2573.0,60.0,54.0,False,201508ddyw.tif,False,18.0,0.006995724834823164,8159,23254,fixed_coordinate_hypothesis_validation
684,4211,8090,1364,1381.0,1364.0,1364.0,42.0,43.0,False,201508ddyw.tif,False,17.0,0.012463343108504398,8211,18090,fixed_coordinate_hypothesis_validation
685,4222,9631,1860,1872.0,1860.0,1860.0,53.0,47.0,False,201508ddyw.tif,False,12.0,0.0064516129032258064,8222,19631,fixed_coordinate_hypothesis_validation
686,4253,10054,786,797.0,786.0,786.0,36.0,30.0,False,201508ddyw.tif,False,11.0,0.013994910941475827,8253,20054,fixed_coordinate_hypothesis_validation
687,4266,9758,1364,1375.0,1364.0,1364.0,44.0,40.0,False,201508ddyw.tif,False,11.0,0.008064516129032258,8266,19758,fixed_coordinate_hypothesis_validation
688,4278,10360,4027,4057.0,4027.0,4027.0,72.0,73.0,False,201508ddyw.tif,False,30.0,0.007449714427613608,8278,20360,fixed_coordinate_hypothesis_validation
689,4289,9888,2696,2719.0,2696.0,2696.0,62.0,56.0,False,201508ddyw.tif,False,23.0,0.008531157270029673,8289,19888,fixed_coordinate_hypothesis_validation
690,4309,9102,2601,2622.0,2601.0,2601.0,60.0,57.0,False,201508ddyw.tif,False,21.0,0.008073817762399077,8309,19102,fixed_coordinate_hypothesis_validation
691,4325,7868,2506,2521.0,2506.0,2506.0,60.0,54.0,False,201508ddyw.tif,False,15.0,0.005985634477254589,8325,17868,fixed_coordinate_hypothesis_validation
692,4333,6546,4042,4048.0,4042.0,4042.0,73.0,75.0,False,201508ddyw.tif,False,6.0,0.0014844136566056407,8333,16546,fixed_coordinate_hypothesis_validation
693,4335,8376,2314,2330.0,2314.0,2314.0,60.0,51.0,False,201508ddyw.tif,False,16.0,0.006914433880726016,8335,18376,fixed_coordinate_hypothesis_validation
694,4357,9940,505,513.0,505.0,505.0,30.0,24.0,False,201508ddyw.tif,False,8.0,0.015841584158415842,8357,19940,fixed_coordinate_hypothesis_validation
695,4364,10618,2728,2750.0,2728.0,2728.0,60.0,59.0,False,201508ddyw.tif,False,22.0,0.008064516129032258,8364,20618,fixed_coordinate_hypothesis_validation
696,4365,6628,908,922.0,908.0,908.0,33.0,37.0,False,201508ddyw.tif,False,14.0,0.015418502202643172,8365,16628,fixed_coordinate_hypothesis_validation
697,4393,8116,2715,2730.0,2715.0,2715.0,66.0,56.0,False,201508ddyw.tif,False,15.0,0.0055248618784530384,8393,18116,fixed_coordinate_hypothesis_validation
698,4417,6118,6830,6843.0,6830.0,6830.0,98.0,94.0,False,201508ddyw.tif,False,13.0,0.001903367496339678,8417,16118,fixed_coordinate_hypothesis_validation
699,4421,8506,4578,4604.0,4578.0,4578.0,84.0,72.0,False,201508ddyw.tif,False,26.0,0.005679335954565312,8421,18506,fixed_coordinate_hypothesis_validation
700,4433,7709,3506,3534.0,3506.0,3506.0,71.0,64.0,False,201508ddyw.tif,False,28.0,0.007986309184255563,8433,17709,fixed_coordinate_hypothesis_validation
701,4433,7970,3919,3947.0,3919.0,3919.0,76.0,68.0,False,201508ddyw.tif,False,28.0,0.007144679765246236,8433,17970,fixed_coordinate_hypothesis_validation
702,4434,11834,2151,2173.0,2151.0,2151.0,59.0,51.0,False,201508ddyw.tif,False,22.0,0.010227801022780102,8434,21834,fixed_coordinate_hypothesis_validation
703,4443,10208,2552,2568.0,2552.0,2552.0,58.0,59.0,False,201508ddyw.tif,False,16.0,0.006269592476489028,8443,20208,fixed_coordinate_hypothesis_validation
704,4453,6623,1932,1956.0,1932.0,1932.0,49.0,52.0,False,201508ddyw.tif,False,24.0,0.012422360248447204,8453,16623,fixed_coordinate_hypothesis_validation
705,4471,8950,745,762.0,745.0,745.0,30.0,31.0,False,201508ddyw.tif,False,17.0,0.022818791946308724,8471,18950,fixed_coordinate_hypothesis_validation
706,4502,10344,2870,2891.0,2870.0,2870.0,62.0,61.0,False,201508ddyw.tif,False,21.0,0.007317073170731708,8502,20344,fixed_coordinate_hypothesis_validation
707,4506,8102,3324,3350.0,3324.0,3324.0,66.0,67.0,False,201508ddyw.tif,False,26.0,0.007821901323706379,8506,18102,fixed_coordinate_hypothesis_validation
708,4507,9006,1761,1776.0,1761.0,1761.0,52.0,48.0,False,201508ddyw.tif,False,15.0,0.008517887563884156,8507,19006,fixed_coordinate_hypothesis_validation
709,4527,8824,3092,3110.0,3092.0,3092.0,62.0,67.0,False,201508ddyw.tif,False,18.0,0.005821474773609315,8527,18824,fixed_coordinate_hypothesis_validation
710,4549,8441,3229,3248.0,3229.0,3229.0,69.0,60.0,False,201508ddyw.tif,False,19.0,0.005884174667079591,8549,18441,fixed_coordinate_hypothesis_validation
711,4573,9590,3156,3184.0,3156.0,3156.0,66.0,62.0,False,201508ddyw.tif,False,28.0,0.008871989860583017,8573,19590,fixed_coordinate_hypothesis_validation
712,4581,5642,2627,2645.0,2627.0,2627.0,58.0,60.0,False,201508ddyw.tif,False,18.0,0.006851922344880091,8581,15642,fixed_coordinate_hypothesis_validation
713,4587,9408,2099,2112.0,2099.0,2099.0,58.0,50.0,False,201508ddyw.tif,False,13.0,0.006193425440686041,8587,19408,fixed_coordinate_hypothesis_validation
714,4617,6616,1461,1478.0,1461.0,1461.0,43.0,46.0,False,201508ddyw.tif,False,17.0,0.01163586584531143,8617,16616,fixed_coordinate_hypothesis_validation
715,4641,8344,2235,2247.0,2235.0,2235.0,56.0,53.0,False,201508ddyw.tif,False,12.0,0.005369127516778523,8641,18344,fixed_coordinate_hypothesis_validation
716,4655,5320,1199,1208.0,1199.0,1199.0,42.0,38.0,False,201508ddyw.tif,False,9.0,0.007506255212677231,8655,15320,fixed_coordinate_hypothesis_validation
717,4665,10193,2932,2947.0,2932.0,2932.0,67.0,61.0,False,201508ddyw.tif,False,15.0,0.005115961800818554,8665,20193,fixed_coordinate_hypothesis_validation
718,4670,5678,917,939.0,917.0,917.0,32.0,36.0,False,201508ddyw.tif,False,22.0,0.023991275899672846,8670,15678,fixed_coordinate_hypothesis_validation
719,4757,6302,2997,3014.0,2997.0,2997.0,60.0,66.0,False,201508ddyw.tif,False,17.0,0.005672339005672339,8757,16302,fixed_coordinate_hypothesis_validation
720,4797,2924,8507,8539.0,8507.0,8507.0,112.0,102.0,False,201508ddyw.tif,False,32.0,0.003761608087457388,8797,12924,fixed_coordinate_hypothesis_validation
721,4797,9862,2103,2117.0,2103.0,2103.0,48.0,58.0,False,201508ddyw.tif,False,14.0,0.006657156443176415,8797,19862,fixed_coordinate_hypothesis_validation
722,4799,8388,2556,2573.0,2556.0,2556.0,60.0,57.0,False,201508ddyw.tif,False,17.0,0.006651017214397496,8799,18388,fixed_coordinate_hypothesis_validation
723,4821,5777,4307,4328.0,4307.0,4307.0,79.0,74.0,False,201508ddyw.tif,False,21.0,0.00487578360807987,8821,15777,fixed_coordinate_hypothesis_validation
724,4821,12778,2289,2310.0,2289.0,2289.0,58.0,52.0,False,201508ddyw.tif,False,21.0,0.009174311926605505,8821,22778,fixed_coordinate_hypothesis_validation
725,4823,10978,2919,2949.0,2919.0,2919.0,62.0,60.0,False,201508ddyw.tif,False,30.0,0.010277492291880781,8823,20978,fixed_coordinate_hypothesis_validation
726,4857,8424,1424,1441.0,1424.0,1424.0,46.0,41.0,False,201508ddyw.tif,False,17.0,0.011938202247191011,8857,18424,fixed_coordinate_hypothesis_validation
727,4865,8242,2869,2887.0,2869.0,2869.0,60.0,62.0,False,201508ddyw.tif,False,18.0,0.006273963053328686,8865,18242,fixed_coordinate_hypothesis_validation
728,4966,8351,1245,1263.0,1245.0,1245.0,41.0,43.0,False,201508ddyw.tif,False,18.0,0.014457831325301205,8966,18351,fixed_coordinate_hypothesis_validation
729,4981,10934,1909,1919.0,1909.0,1909.0,52.0,52.0,False,201508ddyw.tif,False,10.0,0.005238344683080147,8981,20934,fixed_coordinate_hypothesis_validation
730,4990,5650,569,590.0,569.0,569.0,29.0,28.0,False,201508ddyw.tif,False,21.0,0.03690685413005272,8990,15650,fixed_coordinate_hypothesis_validation
731,4991,8152,2976,2988.0,2976.0,2976.0,62.0,64.0,False,201508ddyw.tif,False,12.0,0.004032258064516129,8991,18152,fixed_coordinate_hypothesis_validation
732,5017,10250,3046,3086.0,3046.0,3046.0,66.0,60.0,False,201508ddyw.tif,False,40.0,0.013131976362442548,9017,20250,fixed_coordinate_hypothesis_validation
733,5030,8406,3311,3335.0,3311.0,3311.0,66.0,67.0,False,201508ddyw.tif,False,24.0,0.007248565388100272,9030,18406,fixed_coordinate_hypothesis_validation
734,5037,9070,1469,1490.0,1469.0,1469.0,46.0,42.0,False,201508ddyw.tif,False,21.0,0.014295439074200136,9037,19070,fixed_coordinate_hypothesis_validation
735,5091,9134,1764,1774.0,1764.0,1764.0,53.0,48.0,False,201508ddyw.tif,False,10.0,0.005668934240362812,9091,19134,fixed_coordinate_hypothesis_validation
736,5094,10398,2096,2117.0,2096.0,2096.0,52.0,50.0,False,201508ddyw.tif,False,21.0,0.010019083969465648,9094,20398,fixed_coordinate_hypothesis_validation
737,5103,4962,2294,2314.0,2294.0,2294.0,53.0,56.0,False,201508ddyw.tif,False,20.0,0.008718395815170008,9103,14962,fixed_coordinate_hypothesis_validation
738,5111,9762,2717,2732.0,2717.0,2717.0,67.0,57.0,False,201508ddyw.tif,False,15.0,0.005520794994479205,9111,19762,fixed_coordinate_hypothesis_validation
739,5117,9528,3208,3238.0,3208.0,3208.0,65.0,64.0,False,201508ddyw.tif,False,30.0,0.009351620947630923,9117,19528,fixed_coordinate_hypothesis_validation
740,5157,9126,1648,1657.0,1648.0,1648.0,43.0,51.0,False,201508ddyw.tif,False,9.0,0.0054611650485436895,9157,19126,fixed_coordinate_hypothesis_validation
741,5197,12350,1829,1853.0,1829.0,1829.0,52.0,45.0,False,201508ddyw.tif,False,24.0,0.013121924548933843,9197,22350,fixed_coordinate_hypothesis_validation
742,5201,10406,2904,2940.0,2904.0,2904.0,62.0,60.0,False,201508ddyw.tif,False,36.0,0.012396694214876033,9201,20406,fixed_coordinate_hypothesis_validation
743,5209,6924,2610,2635.0,2610.0,2610.0,58.0,58.0,False,201508ddyw.tif,False,25.0,0.009578544061302681,9209,16924,fixed_coordinate_hypothesis_validation
744,5210,9099,2766,2777.0,2766.0,2766.0,66.0,58.0,False,201508ddyw.tif,False,11.0,0.0039768618944323935,9210,19099,fixed_coordinate_hypothesis_validation
745,5213,9171,907,916.0,907.0,907.0,33.0,37.0,False,201508ddyw.tif,False,9.0,0.009922822491730982,9213,19171,fixed_coordinate_hypothesis_validation
746,5237,8758,2094,2120.0,2094.0,2094.0,52.0,52.0,False,201508ddyw.tif,False,26.0,0.012416427889207259,9237,18758,fixed_coordinate_hypothesis_validation
747,5239,4906,3510,3532.0,3510.0,3510.0,72.0,64.0,False,201508ddyw.tif,False,22.0,0.0062678062678062675,9239,14906,fixed_coordinate_hypothesis_validation
748,5247,7994,3112,3145.0,3112.0,3112.0,66.0,65.0,False,201508ddyw.tif,False,33.0,0.010604113110539846,9247,17994,fixed_coordinate_hypothesis_validation
749,5254,9616,2349,2367.0,2349.0,2349.0,60.0,53.0,False,201508ddyw.tif,False,18.0,0.007662835249042145,9254,19616,fixed_coordinate_hypothesis_validation
750,5264,3770,3819,3824.0,3819.0,3819.0,76.0,71.0,False,201508ddyw.tif,False,5.0,0.0013092432573972245,9264,13770,fixed_coordinate_hypothesis_validation
751,5265,5168,2768,2789.0,2768.0,2768.0,64.0,56.0,False,201508ddyw.tif,False,21.0,0.007586705202312138,9265,15168,fixed_coordinate_hypothesis_validation
752,5291,7936,1423,1449.0,1423.0,1423.0,46.0,42.0,False,201508ddyw.tif,False,26.0,0.018271257905832748,9291,17936,fixed_coordinate_hypothesis_validation
753,5293,3847,1918,1934.0,1918.0,1918.0,49.0,50.0,False,201508ddyw.tif,False,16.0,0.008342022940563087,9293,13847,fixed_coordinate_hypothesis_validation
754,5293,10372,858,864.0,858.0,858.0,33.0,36.0,False,201508ddyw.tif,False,6.0,0.006993006993006993,9293,20372,fixed_coordinate_hypothesis_validation
755,5298,3122,1257,1277.0,1257.0,1257.0,39.0,46.0,False,201508ddyw.tif,False,20.0,0.015910898965791568,9298,13122,fixed_coordinate_hypothesis_validation
756,5319,6534,852,863.0,852.0,852.0,34.0,36.0,False,201508ddyw.tif,False,11.0,0.012910798122065728,9319,16534,fixed_coordinate_hypothesis_validation
757,5320,8042,1478,1504.0,1478.0,1478.0,46.0,41.0,False,201508ddyw.tif,False,26.0,0.017591339648173207,9320,18042,fixed_coordinate_hypothesis_validation
758,5346,6412,2191,2200.0,2191.0,2191.0,60.0,51.0,False,201508ddyw.tif,False,9.0,0.004107713372889092,9346,16412,fixed_coordinate_hypothesis_validation
759,5355,9912,2341,2353.0,2341.0,2341.0,60.0,52.0,False,201508ddyw.tif,False,12.0,0.0051260145237078175,9355,19912,fixed_coordinate_hypothesis_validation
760,5361,7272,905,916.0,905.0,905.0,42.0,30.0,False,201508ddyw.tif,False,11.0,0.012154696132596685,9361,17272,fixed_coordinate_hypothesis_validation
761,5369,9580,901,923.0,901.0,901.0,36.0,32.0,False,201508ddyw.tif,False,22.0,0.0244173140954495,9369,19580,fixed_coordinate_hypothesis_validation
762,5398,6595,1552,1584.0,1552.0,1552.0,47.0,43.0,False,201508ddyw.tif,False,32.0,0.020618556701030927,9398,16595,fixed_coordinate_hypothesis_validation
763,5405,7060,3835,3857.0,3835.0,3835.0,70.0,74.0,False,201508ddyw.tif,False,22.0,0.005736636245110821,9405,17060,fixed_coordinate_hypothesis_validation
764,5438,9966,4677,4695.0,4677.0,4677.0,82.0,75.0,False,201508ddyw.tif,False,18.0,0.003848620910840282,9438,19966,fixed_coordinate_hypothesis_validation
765,5469,9278,1659,1670.0,1659.0,1659.0,54.0,45.0,False,201508ddyw.tif,False,11.0,0.006630500301386378,9469,19278,fixed_coordinate_hypothesis_validation
766,5529,12434,2408,2432.0,2408.0,2408.0,62.0,56.0,False,201508ddyw.tif,False,24.0,0.009966777408637873,9529,22434,fixed_coordinate_hypothesis_validation
767,5548,6111,3262,3306.0,3262.0,3262.0,63.0,65.0,False,201508ddyw.tif,False,44.0,0.0134886572654813,9548,16111,fixed_coordinate_hypothesis_validation
768,5567,5963,2648,2664.0,2648.0,2648.0,59.0,60.0,False,201508ddyw.tif,False,16.0,0.006042296072507553,9567,15963,fixed_coordinate_hypothesis_validation
769,5586,8954,3535,3558.0,3535.0,3535.0,67.0,69.0,False,201508ddyw.tif,False,23.0,0.006506364922206506,9586,18954,fixed_coordinate_hypothesis_validation
770,5639,10265,1624,1642.0,1624.0,1624.0,49.0,46.0,False,201508ddyw.tif,False,18.0,0.011083743842364532,9639,20265,fixed_coordinate_hypothesis_validation
771,5643,10884,2725,2738.0,2725.0,2725.0,59.0,63.0,False,201508ddyw.tif,False,13.0,0.0047706422018348625,9643,20884,fixed_coordinate_hypothesis_validation
772,5683,10946,1929,1947.0,1929.0,1929.0,52.0,51.0,False,201508ddyw.tif,False,18.0,0.00933125972006221,9683,20946,fixed_coordinate_hypothesis_validation
773,5696,9786,1993,2012.0,1993.0,1993.0,52.0,53.0,False,201508ddyw.tif,False,19.0,0.009533366783743101,9696,19786,fixed_coordinate_hypothesis_validation
774,5703,7602,2131,2150.0,2131.0,2131.0,54.0,56.0,False,201508ddyw.tif,False,19.0,0.008916001877053027,9703,17602,fixed_coordinate_hypothesis_validation
775,5723,5898,1577,1599.0,1577.0,1577.0,44.0,48.0,False,201508ddyw.tif,False,22.0,0.013950538998097653,9723,15898,fixed_coordinate_hypothesis_validation
776,5730,10612,3920,3946.0,3920.0,3920.0,68.0,77.0,False,201508ddyw.tif,False,26.0,0.0066326530612244895,9730,20612,fixed_coordinate_hypothesis_validation
777,5737,5164,2559,2567.0,2559.0,2559.0,62.0,58.0,False,201508ddyw.tif,False,8.0,0.0031262211801484957,9737,15164,fixed_coordinate_hypothesis_validation
778,5741,11860,1137,1157.0,1137.0,1137.0,40.0,38.0,False,201508ddyw.tif,False,20.0,0.01759014951627089,9741,21860,fixed_coordinate_hypothesis_validation
779,5775,11014,1996,2018.0,1996.0,1996.0,55.0,50.0,False,201508ddyw.tif,False,22.0,0.011022044088176353,9775,21014,fixed_coordinate_hypothesis_validation
780,5785,11140,1686,1696.0,1686.0,1686.0,53.0,41.0,False,201508ddyw.tif,False,10.0,0.005931198102016607,9785,21140,fixed_coordinate_hypothesis_validation
781,5787,5096,1711,1719.0,1711.0,1711.0,44.0,52.0,False,201508ddyw.tif,False,8.0,0.004675628287551139,9787,15096,fixed_coordinate_hypothesis_validation
782,5799,11606,1783,1787.0,1783.0,1783.0,51.0,49.0,False,201508ddyw.tif,False,4.0,0.002243409983174425,9799,21606,fixed_coordinate_hypothesis_validation
783,5808,9058,2283,2301.0,2283.0,2283.0,56.0,57.0,False,201508ddyw.tif,False,18.0,0.00788436268068331,9808,19058,fixed_coordinate_hypothesis_validation
784,5835,12050,939,958.0,939.0,939.0,40.0,32.0,False,201508ddyw.tif,False,19.0,0.02023429179978701,9835,22050,fixed_coordinate_hypothesis_validation
785,5851,10168,1365,1389.0,1365.0,1365.0,42.0,43.0,False,201508ddyw.tif,False,24.0,0.017582417582417582,9851,20168,fixed_coordinate_hypothesis_validation
786,5866,11400,1901,1920.0,1901.0,1901.0,54.0,47.0,False,201508ddyw.tif,False,19.0,0.009994739610731194,9866,21400,fixed_coordinate_hypothesis_validation
787,5869,11105,3192,3210.0,3192.0,3192.0,69.0,62.0,False,201508ddyw.tif,False,18.0,0.005639097744360902,9869,21105,fixed_coordinate_hypothesis_validation
788,5911,13278,4693,4718.0,4693.0,4693.0,82.0,76.0,False,201508ddyw.tif,False,25.0,0.005327082889409759,9911,23278,fixed_coordinate_hypothesis_validation
789,5933,9272,3401,3414.0,3401.0,3401.0,72.0,62.0,False,201508ddyw.tif,False,13.0,0.0038224051749485444,9933,19272,fixed_coordinate_hypothesis_validation
790,5947,4968,2563,2576.0,2563.0,2563.0,60.0,57.0,False,201508ddyw.tif,False,13.0,0.005072181037846274,9947,14968,fixed_coordinate_hypothesis_validation
791,5967,10720,1749,1764.0,1749.0,1749.0,54.0,44.0,False,201508ddyw.tif,False,15.0,0.008576329331046312,9967,20720,fixed_coordinate_hypothesis_validation
792,5974,10980,2547,2589.0,2547.0,2547.0,58.0,59.0,False,201508ddyw.tif,False,42.0,0.016489988221436984,9974,20980,fixed_coordinate_hypothesis_validation
793,5975,164,214,230.0,214.0,214.0,14.0,20.0,False,201508ddyw.tif,False,16.0,0.07476635514018691,9975,10164,fixed_coordinate_hypothesis_validation
794,5985,6624,1060,1077.0,1060.0,1060.0,36.0,38.0,False,201508ddyw.tif,False,17.0,0.016037735849056604,9985,16624,fixed_coordinate_hypothesis_validation
795,6021,8990,2208,2181.0,2178.0,2208.0,56.0,56.0,False,201508ddyw.tif,False,-27.0,-0.012228260869565218,10021,18990,fixed_coordinate_hypothesis_validation
796,6058,4897,3066,3090.0,3066.0,3066.0,62.0,67.0,False,201508ddyw.tif,False,24.0,0.007827788649706457,10058,14897,fixed_coordinate_hypothesis_validation
797,6061,9038,2265,2267.0,2258.0,2265.0,56.0,51.0,False,201508ddyw.tif,False,2.0,0.0008830022075055188,10061,19038,fixed_coordinate_hypothesis_validation
798,6063,4351,1885,1888.0,1885.0,1885.0,49.0,51.0,False,201508ddyw.tif,False,3.0,0.0015915119363395225,10063,14351,fixed_coordinate_hypothesis_validation
799,6065,9524,5421,5439.0,5421.0,5421.0,88.0,85.0,False,201508ddyw.tif,False,18.0,0.003320420586607637,10065,19524,fixed_coordinate_hypothesis_validation
800,6103,12286,2575,2597.0,2575.0,2575.0,60.0,58.0,False,201508ddyw.tif,False,22.0,0.00854368932038835,10103,22286,fixed_coordinate_hypothesis_validation
801,6110,3800,2960,2978.0,2960.0,2960.0,63.0,64.0,False,201508ddyw.tif,False,18.0,0.006081081081081081,10110,13800,fixed_coordinate_hypothesis_validation
802,6142,8848,2431,2460.0,2431.0,2431.0,58.0,55.0,False,201508ddyw.tif,False,29.0,0.01192924722336487,10142,18848,fixed_coordinate_hypothesis_validation
803,6157,11136,3146,3162.0,3146.0,3146.0,68.0,62.0,False,201508ddyw.tif,False,16.0,0.0050858232676414495,10157,21136,fixed_coordinate_hypothesis_validation
804,6163,4948,259,274.0,259.0,259.0,18.0,20.0,False,201508ddyw.tif,False,15.0,0.05791505791505792,10163,14948,fixed_coordinate_hypothesis_validation
805,6170,2970,2308,2329.0,2308.0,2308.0,58.0,53.0,False,201508ddyw.tif,False,21.0,0.009098786828422877,10170,12970,fixed_coordinate_hypothesis_validation
806,6197,10336,1845,1852.0,1845.0,1845.0,47.0,51.0,False,201508ddyw.tif,False,7.0,0.003794037940379404,10197,20336,fixed_coordinate_hypothesis_validation
807,6262,3718,3683,3694.0,3683.0,3683.0,69.0,69.0,False,201508ddyw.tif,False,11.0,0.002986695628563671,10262,13718,fixed_coordinate_hypothesis_validation
808,6370,10016,3929,3934.0,3929.0,3929.0,75.0,75.0,False,201508ddyw.tif,False,5.0,0.0012725884448969204,10370,20016,fixed_coordinate_hypothesis_validation
809,6391,4190,1703,1723.0,1703.0,1703.0,50.0,47.0,False,201508ddyw.tif,False,20.0,0.011743981209630064,10391,14190,fixed_coordinate_hypothesis_validation
810,6470,8034,1586,1612.0,1586.0,1586.0,44.0,45.0,False,201508ddyw.tif,False,26.0,0.01639344262295082,10470,18034,fixed_coordinate_hypothesis_validation
811,6485,3948,4373,4406.0,4373.0,4373.0,78.0,73.0,False,201508ddyw.tif,False,33.0,0.007546306883146581,10485,13948,fixed_coordinate_hypothesis_validation
812,6493,7442,633,643.0,633.0,633.0,30.0,29.0,False,201508ddyw.tif,False,10.0,0.01579778830963665,10493,17442,fixed_coordinate_hypothesis_validation
813,6507,3688,4371,4378.0,4371.0,4371.0,80.0,72.0,False,201508ddyw.tif,False,7.0,0.001601464195836193,10507,13688,fixed_coordinate_hypothesis_validation
814,6515,8572,2263,2291.0,2263.0,2263.0,54.0,58.0,False,201508ddyw.tif,False,28.0,0.012372956252761821,10515,18572,fixed_coordinate_hypothesis_validation
815,6541,7486,6193,6224.0,6189.0,6193.0,96.0,84.0,False,201508ddyw.tif,False,31.0,0.00500565154206362,10541,17486,fixed_coordinate_hypothesis_validation
816,6549,10862,1359,1375.0,1359.0,1359.0,46.0,43.0,False,201508ddyw.tif,False,16.0,0.01177336276674025,10549,20862,fixed_coordinate_hypothesis_validation
817,6555,9550,2863,2875.0,2863.0,2863.0,62.0,62.0,False,201508ddyw.tif,False,12.0,0.0041914076143905,10555,19550,fixed_coordinate_hypothesis_validation
818,6557,10202,2700,2725.0,2700.0,2700.0,62.0,56.0,False,201508ddyw.tif,False,25.0,0.009259259259259259,10557,20202,fixed_coordinate_hypothesis_validation
819,6603,4384,2093,2110.0,2093.0,2093.0,57.0,52.0,False,201508ddyw.tif,False,17.0,0.008122312470138558,10603,14384,fixed_coordinate_hypothesis_validation
820,6603,10628,2801,2810.0,2801.0,2801.0,64.0,59.0,False,201508ddyw.tif,False,9.0,0.0032131381649410924,10603,20628,fixed_coordinate_hypothesis_validation
821,6615,7566,3093,3102.0,3089.0,3093.0,68.0,62.0,False,201508ddyw.tif,False,9.0,0.002909796314258002,10615,17566,fixed_coordinate_hypothesis_validation
822,6635,11213,1663,1685.0,1663.0,1663.0,47.0,45.0,False,201508ddyw.tif,False,22.0,0.0132291040288635,10635,21213,fixed_coordinate_hypothesis_validation
823,6669,11254,2796,2807.0,2792.0,2796.0,66.0,59.0,False,201508ddyw.tif,False,11.0,0.003934191702432046,10669,21254,fixed_coordinate_hypothesis_validation
824,6685,3710,2470,2497.0,2470.0,2470.0,64.0,54.0,False,201508ddyw.tif,False,27.0,0.010931174089068825,10685,13710,fixed_coordinate_hypothesis_validation
825,6690,8722,4585,4611.0,4585.0,4585.0,78.0,77.0,False,201508ddyw.tif,False,26.0,0.0056706652126499455,10690,18722,fixed_coordinate_hypothesis_validation
826,6694,7530,2126,2141.0,2126.0,2126.0,49.0,60.0,False,201508ddyw.tif,False,15.0,0.0070555032925682035,10694,17530,fixed_coordinate_hypothesis_validation
827,6698,9146,1869,1893.0,1869.0,1869.0,50.0,51.0,False,201508ddyw.tif,False,24.0,0.012841091492776886,10698,19146,fixed_coordinate_hypothesis_validation
828,6709,10158,1468,1482.0,1468.0,1468.0,43.0,45.0,False,201508ddyw.tif,False,14.0,0.009536784741144414,10709,20158,fixed_coordinate_hypothesis_validation
829,6715,11760,1841,1857.0,1841.0,1841.0,54.0,50.0,False,201508ddyw.tif,False,16.0,0.008690928843020097,10715,21760,fixed_coordinate_hypothesis_validation
830,6721,8492,2869,2897.0,2869.0,2869.0,62.0,58.0,False,201508ddyw.tif,False,28.0,0.009759498082955734,10721,18492,fixed_coordinate_hypothesis_validation
831,6723,7748,2193,2214.0,2193.0,2193.0,54.0,54.0,False,201508ddyw.tif,False,21.0,0.009575923392612859,10723,17748,fixed_coordinate_hypothesis_validation
832,6725,8564,3967,3986.0,3967.0,3967.0,70.0,80.0,False,201508ddyw.tif,False,19.0,0.004789513486261659,10725,18564,fixed_coordinate_hypothesis_validation
833,6753,5508,3278,3293.0,3278.0,3278.0,70.0,60.0,False,201508ddyw.tif,False,15.0,0.004575960951799878,10753,15508,fixed_coordinate_hypothesis_validation
834,6774,11176,2295,2317.0,2295.0,2295.0,60.0,51.0,False,201508ddyw.tif,False,22.0,0.009586056644880174,10774,21176,fixed_coordinate_hypothesis_validation
835,6781,8823,4806,4810.0,4806.0,4806.0,81.0,80.0,False,201508ddyw.tif,False,4.0,0.0008322929671244278,10781,18823,fixed_coordinate_hypothesis_validation
836,6781,9472,1182,1197.0,1182.0,1182.0,42.0,40.0,False,201508ddyw.tif,False,15.0,0.012690355329949238,10781,19472,fixed_coordinate_hypothesis_validation
837,6787,8724,3430,3456.0,3430.0,3430.0,65.0,72.0,False,201508ddyw.tif,False,26.0,0.007580174927113703,10787,18724,fixed_coordinate_hypothesis_validation
838,6789,4738,2683,2689.0,2683.0,2683.0,65.0,55.0,False,201508ddyw.tif,False,6.0,0.0022363026462914647,10789,14738,fixed_coordinate_hypothesis_validation
839,6799,11346,2135,2144.0,2135.0,2135.0,59.0,52.0,False,201508ddyw.tif,False,9.0,0.004215456674473068,10799,21346,fixed_coordinate_hypothesis_validation
840,6812,9286,3308,3322.0,3308.0,3308.0,70.0,62.0,False,201508ddyw.tif,False,14.0,0.004232164449818622,10812,19286,fixed_coordinate_hypothesis_validation
841,6822,4622,4578,4604.0,4578.0,4578.0,78.0,77.0,False,201508ddyw.tif,False,26.0,0.005679335954565312,10822,14622,fixed_coordinate_hypothesis_validation
842,6823,9935,3434,3448.0,3434.0,3434.0,72.0,63.0,False,201508ddyw.tif,False,14.0,0.004076878276062901,10823,19935,fixed_coordinate_hypothesis_validation
843,6829,3483,2514,2524.0,2514.0,2514.0,57.0,60.0,False,201508ddyw.tif,False,10.0,0.003977724741447892,10829,13483,fixed_coordinate_hypothesis_validation
844,6849,4708,5039,5066.0,5039.0,5039.0,82.0,81.0,False,201508ddyw.tif,False,27.0,0.00535820599325263,10849,14708,fixed_coordinate_hypothesis_validation
845,6857,3597,1144,1162.0,1144.0,1144.0,43.0,38.0,False,201508ddyw.tif,False,18.0,0.015734265734265736,10857,13597,fixed_coordinate_hypothesis_validation
846,6862,7428,3215,3234.0,3215.0,3215.0,62.0,67.0,False,201508ddyw.tif,False,19.0,0.005909797822706065,10862,17428,fixed_coordinate_hypothesis_validation
847,6885,10362,3392,3412.0,3392.0,3392.0,68.0,65.0,False,201508ddyw.tif,False,20.0,0.00589622641509434,10885,20362,fixed_coordinate_hypothesis_validation
848,6914,8834,5460,5485.0,5460.0,5460.0,99.0,72.0,False,201508ddyw.tif,False,25.0,0.004578754578754579,10914,18834,fixed_coordinate_hypothesis_validation
849,6941,4680,1880,1910.0,1880.0,1880.0,50.0,50.0,False,201508ddyw.tif,False,30.0,0.015957446808510637,10941,14680,fixed_coordinate_hypothesis_validation
850,6951,3208,2857,2867.0,2857.0,2857.0,60.0,69.0,False,201508ddyw.tif,False,10.0,0.0035001750087504373,10951,13208,fixed_coordinate_hypothesis_validation
851,6999,5456,4077,4093.0,4077.0,4077.0,76.0,74.0,False,201508ddyw.tif,False,16.0,0.003924454255580083,10999,15456,fixed_coordinate_hypothesis_validation
852,7033,10778,471,479.0,471.0,471.0,24.0,28.0,False,201508ddyw.tif,False,8.0,0.016985138004246284,11033,20778,fixed_coordinate_hypothesis_validation
853,7037,5708,4702,4719.0,4702.0,4702.0,80.0,76.0,False,201508ddyw.tif,False,17.0,0.0036154827732879625,11037,15708,fixed_coordinate_hypothesis_validation
854,7058,3834,1815,1835.0,1815.0,1815.0,48.0,51.0,False,201508ddyw.tif,False,20.0,0.011019283746556474,11058,13834,fixed_coordinate_hypothesis_validation
855,7109,3776,292,298.0,292.0,292.0,22.0,20.0,False,201508ddyw.tif,False,6.0,0.02054794520547945,11109,13776,fixed_coordinate_hypothesis_validation
856,7113,14027,102,111.0,102.0,102.0,15.0,10.0,False,201508ddyw.tif,False,9.0,0.08823529411764706,11113,24027,fixed_coordinate_hypothesis_validation
857,7149,14028,192,202.0,192.0,192.0,18.0,16.0,False,201508ddyw.tif,False,10.0,0.052083333333333336,11149,24028,fixed_coordinate_hypothesis_validation
858,7178,3285,671,712.0,671.0,671.0,33.0,28.0,False,201508ddyw.tif,False,41.0,0.06110283159463487,11178,13285,fixed_coordinate_hypothesis_validation
859,7201,8396,1511,1528.0,1511.0,1511.0,45.0,44.0,False,201508ddyw.tif,False,17.0,0.011250827266710787,11201,18396,fixed_coordinate_hypothesis_validation
860,7201,9830,892,911.0,892.0,892.0,38.0,30.0,False,201508ddyw.tif,False,19.0,0.021300448430493273,11201,19830,fixed_coordinate_hypothesis_validation
861,7205,3796,4613,4619.0,4613.0,4613.0,86.0,74.0,False,201508ddyw.tif,False,6.0,0.001300672013873835,11205,13796,fixed_coordinate_hypothesis_validation
862,7227,6210,1518,1535.0,1518.0,1518.0,44.0,46.0,False,201508ddyw.tif,False,17.0,0.011198945981554678,11227,16210,fixed_coordinate_hypothesis_validation
863,7239,8546,6663,6693.0,6663.0,6663.0,91.0,98.0,False,201508ddyw.tif,False,30.0,0.004502476361999099,11239,18546,fixed_coordinate_hypothesis_validation
864,7311,6228,3948,3955.0,3948.0,3948.0,76.0,70.0,False,201508ddyw.tif,False,7.0,0.0017730496453900709,11311,16228,fixed_coordinate_hypothesis_validation
865,7347,10298,3350,3372.0,3350.0,3350.0,67.0,68.0,False,201508ddyw.tif,False,22.0,0.006567164179104477,11347,20298,fixed_coordinate_hypothesis_validation
866,7401,4644,2162,2182.0,2162.0,2162.0,58.0,52.0,False,201508ddyw.tif,False,20.0,0.009250693802035153,11401,14644,fixed_coordinate_hypothesis_validation
867,7410,9658,3529,3543.0,3529.0,3529.0,69.0,67.0,False,201508ddyw.tif,False,14.0,0.003967129498441485,11410,19658,fixed_coordinate_hypothesis_validation
868,7422,8786,3158,3172.0,3158.0,3158.0,64.0,64.0,False,201508ddyw.tif,False,14.0,0.004433185560481318,11422,18786,fixed_coordinate_hypothesis_validation
869,7465,4356,4613,4638.0,4613.0,4613.0,78.0,77.0,False,201508ddyw.tif,False,25.0,0.005419466724474312,11465,14356,fixed_coordinate_hypothesis_validation
870,7470,11298,1330,1358.0,1330.0,1330.0,40.0,45.0,False,201508ddyw.tif,False,28.0,0.021052631578947368,11470,21298,fixed_coordinate_hypothesis_validation
871,7491,5830,4386,4417.0,4386.0,4386.0,76.0,76.0,False,201508ddyw.tif,False,31.0,0.007067943456452348,11491,15830,fixed_coordinate_hypothesis_validation
872,7506,7223,1722,1732.0,1722.0,1722.0,45.0,53.0,False,201508ddyw.tif,False,10.0,0.005807200929152149,11506,17223,fixed_coordinate_hypothesis_validation
873,7511,9892,1910,1924.0,1910.0,1910.0,48.0,51.0,False,201508ddyw.tif,False,14.0,0.007329842931937173,11511,19892,fixed_coordinate_hypothesis_validation
874,7521,6688,2051,2083.0,2051.0,2051.0,54.0,50.0,False,201508ddyw.tif,False,32.0,0.015602145294978059,11521,16688,fixed_coordinate_hypothesis_validation
875,7521,8636,167,177.0,167.0,167.0,12.0,19.0,False,201508ddyw.tif,False,10.0,0.059880239520958084,11521,18636,fixed_coordinate_hypothesis_validation
876,7534,4472,1908,1919.0,1908.0,1908.0,49.0,51.0,False,201508ddyw.tif,False,11.0,0.005765199161425576,11534,14472,fixed_coordinate_hypothesis_validation
877,7534,5950,3981,4014.0,3981.0,3981.0,72.0,75.0,False,201508ddyw.tif,False,33.0,0.008289374529012811,11534,15950,fixed_coordinate_hypothesis_validation
878,7553,4209,3284,3315.0,3284.0,3284.0,69.0,62.0,False,201508ddyw.tif,False,31.0,0.009439707673568819,11553,14209,fixed_coordinate_hypothesis_validation
879,7573,3629,3283,3317.0,3283.0,3283.0,71.0,61.0,False,201508ddyw.tif,False,34.0,0.010356381358513555,11573,13629,fixed_coordinate_hypothesis_validation
880,7581,6444,1331,1345.0,1331.0,1331.0,44.0,42.0,False,201508ddyw.tif,False,14.0,0.010518407212622089,11581,16444,fixed_coordinate_hypothesis_validation
881,7599,6554,3401,3430.0,3401.0,3401.0,68.0,66.0,False,201508ddyw.tif,False,29.0,0.008526903851808291,11599,16554,fixed_coordinate_hypothesis_validation
882,7606,7174,2114,2136.0,2114.0,2114.0,54.0,49.0,False,201508ddyw.tif,False,22.0,0.010406811731315043,11606,17174,fixed_coordinate_hypothesis_validation
883,7611,5510,3375,3401.0,3375.0,3375.0,68.0,64.0,False,201508ddyw.tif,False,26.0,0.007703703703703704,11611,15510,fixed_coordinate_hypothesis_validation
884,7615,3508,376,387.0,376.0,376.0,26.0,20.0,False,201508ddyw.tif,False,11.0,0.02925531914893617,11615,13508,fixed_coordinate_hypothesis_validation
885,7706,7260,1412,1430.0,1412.0,1412.0,39.0,47.0,False,201508ddyw.tif,False,18.0,0.012747875354107648,11706,17260,fixed_coordinate_hypothesis_validation
886,7707,5394,1569,1590.0,1569.0,1569.0,44.0,46.0,False,201508ddyw.tif,False,21.0,0.01338432122370937,11707,15394,fixed_coordinate_hypothesis_validation
887,7717,10426,1237,1264.0,1237.0,1237.0,44.0,37.0,False,201508ddyw.tif,False,27.0,0.021827000808407437,11717,20426,fixed_coordinate_hypothesis_validation
888,7730,10501,3723,3743.0,3723.0,3723.0,69.0,69.0,False,201508ddyw.tif,False,20.0,0.005372011818426001,11730,20501,fixed_coordinate_hypothesis_validation
889,7735,8068,2665,2683.0,2665.0,2665.0,64.0,56.0,False,201508ddyw.tif,False,18.0,0.00675422138836773,11735,18068,fixed_coordinate_hypothesis_validation
890,7758,7607,3321,3341.0,3321.0,3321.0,66.0,67.0,False,201508ddyw.tif,False,20.0,0.006022282445046673,11758,17607,fixed_coordinate_hypothesis_validation
891,7759,5454,1363,1384.0,1363.0,1363.0,44.0,42.0,False,201508ddyw.tif,False,21.0,0.015407190022010272,11759,15454,fixed_coordinate_hypothesis_validation
892,7769,7310,4246,4270.0,4246.0,4246.0,72.0,82.0,False,201508ddyw.tif,False,24.0,0.005652378709373528,11769,17310,fixed_coordinate_hypothesis_validation
893,7783,11386,1500,1515.0,1500.0,1500.0,46.0,41.0,False,201508ddyw.tif,False,15.0,0.01,11783,21386,fixed_coordinate_hypothesis_validation
894,7793,10638,2328,2338.0,2328.0,2328.0,60.0,54.0,False,201508ddyw.tif,False,10.0,0.00429553264604811,11793,20638,fixed_coordinate_hypothesis_validation
895,7798,4864,1846,1870.0,1846.0,1846.0,49.0,47.0,False,201508ddyw.tif,False,24.0,0.013001083423618635,11798,14864,fixed_coordinate_hypothesis_validation
896,7821,6840,2449,2468.0,2449.0,2449.0,57.0,58.0,False,201508ddyw.tif,False,19.0,0.007758268681094325,11821,16840,fixed_coordinate_hypothesis_validation
897,7823,4437,2496,2510.0,2496.0,2496.0,57.0,59.0,False,201508ddyw.tif,False,14.0,0.005608974358974359,11823,14437,fixed_coordinate_hypothesis_validation
898,7845,7478,2446,2473.0,2446.0,2446.0,56.0,57.0,False,201508ddyw.tif,False,27.0,0.011038430089942763,11845,17478,fixed_coordinate_hypothesis_validation
899,7866,8522,4350,4358.0,4350.0,4350.0,80.0,75.0,False,201508ddyw.tif,False,8.0,0.0018390804597701149,11866,18522,fixed_coordinate_hypothesis_validation
900,7883,10626,2403,2419.0,2403.0,2403.0,60.0,58.0,False,201508ddyw.tif,False,16.0,0.006658343736995423,11883,20626,fixed_coordinate_hypothesis_validation
901,7889,4798,2288,2316.0,2288.0,2288.0,54.0,54.0,False,201508ddyw.tif,False,28.0,0.012237762237762238,11889,14798,fixed_coordinate_hypothesis_validation
902,7889,11236,2002,2032.0,2002.0,2002.0,54.0,50.0,False,201508ddyw.tif,False,30.0,0.014985014985014986,11889,21236,fixed_coordinate_hypothesis_validation
903,7893,5031,2277,2301.0,2277.0,2277.0,54.0,52.0,False,201508ddyw.tif,False,24.0,0.010540184453227932,11893,15031,fixed_coordinate_hypothesis_validation
904,7905,7176,4530,4559.0,4530.0,4530.0,72.0,80.0,False,201508ddyw.tif,False,29.0,0.0064017660044150115,11905,17176,fixed_coordinate_hypothesis_validation
905,7911,4412,5416,5446.0,5416.0,5416.0,86.0,83.0,False,201508ddyw.tif,False,30.0,0.005539143279172821,11911,14412,fixed_coordinate_hypothesis_validation
906,7911,4618,2253,2282.0,2253.0,2253.0,52.0,54.0,False,201508ddyw.tif,False,29.0,0.01287172658677319,11911,14618,fixed_coordinate_hypothesis_validation
907,7911,10869,1498,1514.0,1498.0,1498.0,45.0,44.0,False,201508ddyw.tif,False,16.0,0.010680907877169559,11911,20869,fixed_coordinate_hypothesis_validation
908,7929,6669,2243,2267.0,2243.0,2243.0,53.0,58.0,False,201508ddyw.tif,False,24.0,0.01069995541685243,11929,16669,fixed_coordinate_hypothesis_validation
909,7937,3574,1676,1691.0,1676.0,1676.0,50.0,44.0,False,201508ddyw.tif,False,15.0,0.008949880668257757,11937,13574,fixed_coordinate_hypothesis_validation
910,7949,10090,1983,1999.0,1983.0,1983.0,54.0,51.0,False,201508ddyw.tif,False,16.0,0.008068582955118508,11949,20090,fixed_coordinate_hypothesis_validation
911,7961,4658,6597,6617.0,6589.0,6597.0,88.0,92.0,False,201508ddyw.tif,False,20.0,0.0030316810671517356,11961,14658,fixed_coordinate_hypothesis_validation
912,7961,7792,5642,5657.0,5642.0,5642.0,86.0,86.0,False,201508ddyw.tif,False,15.0,0.0026586316908897554,11961,17792,fixed_coordinate_hypothesis_validation
913,7974,4874,3839,3859.0,3839.0,3839.0,78.0,69.0,False,201508ddyw.tif,False,20.0,0.005209690023443605,11974,14874,fixed_coordinate_hypothesis_validation
914,7990,11186,2407,2429.0,2407.0,2407.0,56.0,56.0,False,201508ddyw.tif,False,22.0,0.009140008309098464,11990,21186,fixed_coordinate_hypothesis_validation
915,8005,1718,187,208.0,187.0,187.0,16.0,16.0,False,201508ddyw.tif,False,21.0,0.11229946524064172,12005,11718,fixed_coordinate_hypothesis_validation
916,8025,3820,499,511.0,499.0,499.0,30.0,24.0,False,201508ddyw.tif,False,12.0,0.02404809619238477,12025,13820,fixed_coordinate_hypothesis_validation
917,8029,3710,164,176.0,164.0,164.0,16.0,14.0,False,201508ddyw.tif,False,12.0,0.07317073170731707,12029,13710,fixed_coordinate_hypothesis_validation
918,8059,3990,979,999.0,979.0,979.0,32.0,43.0,False,201508ddyw.tif,False,20.0,0.020429009193054137,12059,13990,fixed_coordinate_hypothesis_validation
919,8061,11465,2987,2998.0,2987.0,2987.0,65.0,62.0,False,201508ddyw.tif,False,11.0,0.0036826247070639436,12061,21465,fixed_coordinate_hypothesis_validation
920,8075,6536,3950,3974.0,3950.0,3950.0,74.0,71.0,False,201508ddyw.tif,False,24.0,0.0060759493670886075,12075,16536,fixed_coordinate_hypothesis_validation
921,8085,9002,8338,8374.0,8338.0,8338.0,124.0,93.0,False,201508ddyw.tif,False,36.0,0.004317582153993763,12085,19002,fixed_coordinate_hypothesis_validation
922,8098,6138,2221,2238.0,2221.0,2221.0,54.0,53.0,False,201508ddyw.tif,False,17.0,0.00765420981539847,12098,16138,fixed_coordinate_hypothesis_validation
923,8110,5274,2385,2410.0,2385.0,2385.0,56.0,57.0,False,201508ddyw.tif,False,25.0,0.010482180293501049,12110,15274,fixed_coordinate_hypothesis_validation
924,8118,5410,3244,3270.0,3244.0,3244.0,64.0,68.0,False,201508ddyw.tif,False,26.0,0.008014796547472256,12118,15410,fixed_coordinate_hypothesis_validation
925,8139,7204,550,566.0,550.0,550.0,28.0,26.0,False,201508ddyw.tif,False,16.0,0.02909090909090909,12139,17204,fixed_coordinate_hypothesis_validation
926,8154,7904,1876,1900.0,1876.0,1876.0,51.0,48.0,False,201508ddyw.tif,False,24.0,0.01279317697228145,12154,17904,fixed_coordinate_hypothesis_validation
927,8163,5783,2929,2943.0,2929.0,2929.0,63.0,60.0,False,201508ddyw.tif,False,14.0,0.004779788323659952,12163,15783,fixed_coordinate_hypothesis_validation
928,8211,5066,2583,2597.0,2583.0,2583.0,58.0,58.0,False,201508ddyw.tif,False,14.0,0.005420054200542005,12211,15066,fixed_coordinate_hypothesis_validation
929,8218,4814,2651,2670.0,2651.0,2651.0,61.0,57.0,False,201508ddyw.tif,False,19.0,0.007167106752168993,12218,14814,fixed_coordinate_hypothesis_validation
930,8225,9198,1072,1085.0,1072.0,1072.0,38.0,39.0,False,201508ddyw.tif,False,13.0,0.012126865671641791,12225,19198,fixed_coordinate_hypothesis_validation
931,8237,3772,373,380.0,373.0,373.0,24.0,23.0,False,201508ddyw.tif,False,7.0,0.01876675603217158,12237,13772,fixed_coordinate_hypothesis_validation
932,8245,9306,1169,1184.0,1169.0,1169.0,40.0,42.0,False,201508ddyw.tif,False,15.0,0.01283147989734816,12245,19306,fixed_coordinate_hypothesis_validation
933,8253,4529,1154,1161.0,1154.0,1154.0,41.0,40.0,False,201508ddyw.tif,False,7.0,0.006065857885615251,12253,14529,fixed_coordinate_hypothesis_validation
934,8266,6136,2246,2264.0,2246.0,2246.0,54.0,55.0,False,201508ddyw.tif,False,18.0,0.008014247551202136,12266,16136,fixed_coordinate_hypothesis_validation
935,8273,4696,2734,2752.0,2734.0,2734.0,60.0,62.0,False,201508ddyw.tif,False,18.0,0.006583760058522311,12273,14696,fixed_coordinate_hypothesis_validation
936,8317,11168,1418,1423.0,1418.0,1418.0,47.0,41.0,False,201508ddyw.tif,False,5.0,0.003526093088857546,12317,21168,fixed_coordinate_hypothesis_validation
937,8329,10826,1029,1035.0,1029.0,1029.0,40.0,36.0,False,201508ddyw.tif,False,6.0,0.0058309037900874635,12329,20826,fixed_coordinate_hypothesis_validation
938,8335,8874,1279,1298.0,1279.0,1279.0,42.0,40.0,False,201508ddyw.tif,False,19.0,0.014855355746677092,12335,18874,fixed_coordinate_hypothesis_validation
939,8382,6934,2711,2722.0,2711.0,2711.0,62.0,59.0,False,201508ddyw.tif,False,11.0,0.004057543341940244,12382,16934,fixed_coordinate_hypothesis_validation
940,8387,7270,2602,2623.0,2602.0,2602.0,59.0,58.0,False,201508ddyw.tif,False,21.0,0.008070714834742506,12387,17270,fixed_coordinate_hypothesis_validation
941,8409,9914,319,332.0,319.0,319.0,24.0,21.0,False,201508ddyw.tif,False,13.0,0.04075235109717868,12409,19914,fixed_coordinate_hypothesis_validation
942,8427,9374,2392,2408.0,2392.0,2392.0,64.0,51.0,False,201508ddyw.tif,False,16.0,0.006688963210702341,12427,19374,fixed_coordinate_hypothesis_validation
943,8439,9678,837,841.0,837.0,837.0,38.0,34.0,False,201508ddyw.tif,False,4.0,0.0047789725209080045,12439,19678,fixed_coordinate_hypothesis_validation
944,8442,7718,3946,3954.0,3946.0,3946.0,71.0,73.0,False,201508ddyw.tif,False,8.0,0.0020273694880892043,12442,17718,fixed_coordinate_hypothesis_validation
945,8479,9089,5948,5978.0,5948.0,5948.0,89.0,87.0,False,201508ddyw.tif,False,30.0,0.005043712172158709,12479,19089,fixed_coordinate_hypothesis_validation
946,8480,11506,2531,2547.0,2531.0,2531.0,60.0,59.0,False,201508ddyw.tif,False,16.0,0.006321612011062821,12480,21506,fixed_coordinate_hypothesis_validation
947,8483,10660,1176,1188.0,1176.0,1176.0,44.0,39.0,False,201508ddyw.tif,False,12.0,0.01020408163265306,12483,20660,fixed_coordinate_hypothesis_validation
948,8509,6540,4247,4271.0,4247.0,4247.0,79.0,70.0,False,201508ddyw.tif,False,24.0,0.0056510477984459614,12509,16540,fixed_coordinate_hypothesis_validation
949,8514,10896,2264,2286.0,2264.0,2264.0,58.0,53.0,False,201508ddyw.tif,False,22.0,0.009717314487632508,12514,20896,fixed_coordinate_hypothesis_validation
950,8534,5614,2092,2125.0,2092.0,2092.0,52.0,51.0,False,201508ddyw.tif,False,33.0,0.01577437858508604,12534,15614,fixed_coordinate_hypothesis_validation
951,8535,6250,536,546.0,536.0,536.0,26.0,27.0,False,201508ddyw.tif,False,10.0,0.018656716417910446,12535,16250,fixed_coordinate_hypothesis_validation
952,8580,9662,4861,4875.0,4861.0,4861.0,86.0,74.0,False,201508ddyw.tif,False,14.0,0.002880065830076116,12580,19662,fixed_coordinate_hypothesis_validation
953,8607,8062,3639,3659.0,3639.0,3639.0,72.0,68.0,False,201508ddyw.tif,False,20.0,0.005496015388843089,12607,18062,fixed_coordinate_hypothesis_validation
954,8618,7952,2016,2038.0,2016.0,2016.0,54.0,49.0,False,201508ddyw.tif,False,22.0,0.010912698412698412,12618,17952,fixed_coordinate_hypothesis_validation
955,8622,5728,2892,2922.0,2892.0,2892.0,60.0,63.0,False,201508ddyw.tif,False,30.0,0.01037344398340249,12622,15728,fixed_coordinate_hypothesis_validation
956,8630,5052,2093,2133.0,2093.0,2093.0,48.0,55.0,False,201508ddyw.tif,False,40.0,0.019111323459149548,12630,15052,fixed_coordinate_hypothesis_validation
957,8630,6904,3611,3643.0,3611.0,3611.0,70.0,65.0,False,201508ddyw.tif,False,32.0,0.008861811132650235,12630,16904,fixed_coordinate_hypothesis_validation
958,8669,10922,1845,1856.0,1845.0,1845.0,50.0,52.0,False,201508ddyw.tif,False,11.0,0.005962059620596206,12669,20922,fixed_coordinate_hypothesis_validation
959,8695,6592,3001,3014.0,3001.0,3001.0,66.0,59.0,False,201508ddyw.tif,False,13.0,0.00433188937020993,12695,16592,fixed_coordinate_hypothesis_validation
960,8699,8064,2789,2806.0,2789.0,2789.0,58.0,64.0,False,201508ddyw.tif,False,17.0,0.006095374686267479,12699,18064,fixed_coordinate_hypothesis_validation
961,8717,4362,508,517.0,508.0,508.0,26.0,27.0,False,201508ddyw.tif,False,9.0,0.017716535433070866,12717,14362,fixed_coordinate_hypothesis_validation
962,8721,11006,2254,2288.0,2254.0,2254.0,58.0,54.0,False,201508ddyw.tif,False,34.0,0.015084294587400177,12721,21006,fixed_coordinate_hypothesis_validation
963,8729,5808,2514,2541.0,2514.0,2514.0,56.0,58.0,False,201508ddyw.tif,False,27.0,0.010739856801909307,12729,15808,fixed_coordinate_hypothesis_validation
964,8736,8226,1991,1999.0,1991.0,1991.0,56.0,50.0,False,201508ddyw.tif,False,8.0,0.004018081366147665,12736,18226,fixed_coordinate_hypothesis_validation
965,8741,7816,1440,1455.0,1440.0,1440.0,48.0,42.0,False,201508ddyw.tif,False,15.0,0.010416666666666666,12741,17816,fixed_coordinate_hypothesis_validation
966,8745,5638,2209,2217.0,2209.0,2209.0,53.0,55.0,False,201508ddyw.tif,False,8.0,0.0036215482118605704,12745,15638,fixed_coordinate_hypothesis_validation
967,8747,7241,1938,1957.0,1938.0,1938.0,48.0,52.0,False,201508ddyw.tif,False,19.0,0.00980392156862745,12747,17241,fixed_coordinate_hypothesis_validation
968,8761,7366,5315,5346.0,5315.0,5315.0,80.0,92.0,False,201508ddyw.tif,False,31.0,0.005832549388523048,12761,17366,fixed_coordinate_hypothesis_validation
969,8813,6984,3455,3474.0,3455.0,3455.0,67.0,66.0,False,201508ddyw.tif,False,19.0,0.005499276410998553,12813,16984,fixed_coordinate_hypothesis_validation
970,8822,9334,2758,2778.0,2758.0,2758.0,60.0,59.0,False,201508ddyw.tif,False,20.0,0.007251631617113851,12822,19334,fixed_coordinate_hypothesis_validation
971,8842,8567,5740,5778.0,5740.0,5740.0,87.0,89.0,False,201508ddyw.tif,False,38.0,0.00662020905923345,12842,18567,fixed_coordinate_hypothesis_validation
972,8857,9694,6021,6033.0,6021.0,6021.0,78.0,96.0,False,201508ddyw.tif,False,12.0,0.001993024414549078,12857,19694,fixed_coordinate_hypothesis_validation
973,8858,5741,4839,4862.0,4839.0,4839.0,77.0,83.0,False,201508ddyw.tif,False,23.0,0.0047530481504443065,12858,15741,fixed_coordinate_hypothesis_validation
974,8890,8146,2283,2308.0,2283.0,2283.0,51.0,55.0,False,201508ddyw.tif,False,25.0,0.010950503723171266,12890,18146,fixed_coordinate_hypothesis_validation
975,8898,7328,4516,4537.0,4516.0,4516.0,78.0,75.0,False,201508ddyw.tif,False,21.0,0.004650132860938884,12898,17328,fixed_coordinate_hypothesis_validation
976,8901,7678,2753,2768.0,2753.0,2753.0,60.0,62.0,False,201508ddyw.tif,False,15.0,0.005448601525608427,12901,17678,fixed_coordinate_hypothesis_validation
977,8909,9098,4685,4699.0,4685.0,4685.0,81.0,77.0,False,201508ddyw.tif,False,14.0,0.0029882604055496264,12909,19098,fixed_coordinate_hypothesis_validation
978,8954,6804,2368,2379.0,2368.0,2368.0,57.0,56.0,False,201508ddyw.tif,False,11.0,0.0046452702702702705,12954,16804,fixed_coordinate_hypothesis_validation
979,8955,9900,484,503.0,484.0,484.0,24.0,28.0,False,201508ddyw.tif,False,19.0,0.03925619834710744,12955,19900,fixed_coordinate_hypothesis_validation
980,8959,7131,4681,4717.0,4681.0,4681.0,79.0,77.0,False,201508ddyw.tif,False,36.0,0.0076906643879512925,12959,17131,fixed_coordinate_hypothesis_validation
981,8977,7486,3094,3108.0,3094.0,3094.0,66.0,62.0,False,201508ddyw.tif,False,14.0,0.004524886877828055,12977,17486,fixed_coordinate_hypothesis_validation
982,9005,6423,1896,1905.0,1896.0,1896.0,52.0,50.0,False,201508ddyw.tif,False,9.0,0.004746835443037975,13005,16423,fixed_coordinate_hypothesis_validation
983,9041,7648,3345,3369.0,3345.0,3345.0,63.0,66.0,False,201508ddyw.tif,False,24.0,0.007174887892376682,13041,17648,fixed_coordinate_hypothesis_validation
984,9061,8480,524,527.0,524.0,524.0,24.0,30.0,False,201508ddyw.tif,False,3.0,0.0057251908396946565,13061,18480,fixed_coordinate_hypothesis_validation
985,9071,4414,341,343.0,341.0,341.0,23.0,21.0,False,201508ddyw.tif,False,2.0,0.005865102639296188,13071,14414,fixed_coordinate_hypothesis_validation
986,9075,7150,2364,2371.0,2364.0,2364.0,60.0,55.0,False,201508ddyw.tif,False,7.0,0.002961082910321489,13075,17150,fixed_coordinate_hypothesis_validation
987,9106,5682,1481,1509.0,1481.0,1481.0,46.0,43.0,False,201508ddyw.tif,False,28.0,0.018906144496961513,13106,15682,fixed_coordinate_hypothesis_validation
988,9117,10576,1786,1796.0,1786.0,1786.0,52.0,48.0,False,201508ddyw.tif,False,10.0,0.005599104143337066,13117,20576,fixed_coordinate_hypothesis_validation
989,9173,4535,1171,1179.0,1171.0,1171.0,45.0,36.0,False,201508ddyw.tif,False,8.0,0.006831767719897523,13173,14535,fixed_coordinate_hypothesis_validation
990,9194,6782,2169,2174.0,2169.0,2169.0,55.0,55.0,False,201508ddyw.tif,False,5.0,0.002305209774089442,13194,16782,fixed_coordinate_hypothesis_validation
991,9198,5634,1822,1833.0,1822.0,1822.0,49.0,51.0,False,201508ddyw.tif,False,11.0,0.0060373216245883645,13198,15634,fixed_coordinate_hypothesis_validation
992,9211,4588,447,466.0,447.0,447.0,26.0,24.0,False,201508ddyw.tif,False,19.0,0.042505592841163314,13211,14588,fixed_coordinate_hypothesis_validation
993,9211,10158,1875,1899.0,1875.0,1875.0,54.0,46.0,False,201508ddyw.tif,False,24.0,0.0128,13211,20158,fixed_coordinate_hypothesis_validation
994,9225,8064,1853,1872.0,1853.0,1853.0,52.0,46.0,False,201508ddyw.tif,False,19.0,0.01025364274150027,13225,18064,fixed_coordinate_hypothesis_validation
995,9229,7528,2958,2979.0,2958.0,2958.0,65.0,60.0,False,201508ddyw.tif,False,21.0,0.007099391480730223,13229,17528,fixed_coordinate_hypothesis_validation
996,9234,6230,2701,2725.0,2701.0,2701.0,60.0,58.0,False,201508ddyw.tif,False,24.0,0.008885597926693817,13234,16230,fixed_coordinate_hypothesis_validation
997,9241,5978,2842,2850.0,2842.0,2842.0,60.0,64.0,False,201508ddyw.tif,False,8.0,0.0028149190710767065,13241,15978,fixed_coordinate_hypothesis_validation
998,9305,14266,26190,26220.0,26190.0,26190.0,184.0,189.0,False,201508ddyw.tif,False,30.0,0.001145475372279496,13305,24266,fixed_coordinate_hypothesis_validation
999,9323,5638,2507,2518.0,2507.0,2507.0,52.0,62.0,False,201508ddyw.tif,False,11.0,0.0043877143996808934,13323,15638,fixed_coordinate_hypothesis_validation
1000,9351,8960,1254,1281.0,1254.0,1254.0,42.0,40.0,False,201508ddyw.tif,False,27.0,0.0215311004784689,13351,18960,fixed_coordinate_hypothesis_validation
1001,9361,6816,4430,4480.0,4430.0,4430.0,82.0,68.0,False,201508ddyw.tif,False,50.0,0.011286681715575621,13361,16816,fixed_coordinate_hypothesis_validation
1002,9361,7990,1868,1873.0,1868.0,1868.0,49.0,51.0,False,201508ddyw.tif,False,5.0,0.0026766595289079227,13361,17990,fixed_coordinate_hypothesis_validation
1003,9361,8684,304,316.0,304.0,304.0,20.0,22.0,False,201508ddyw.tif,False,12.0,0.039473684210526314,13361,18684,fixed_coordinate_hypothesis_validation
1004,9383,5034,108,120.0,108.0,108.0,14.0,12.0,False,201508ddyw.tif,False,12.0,0.1111111111111111,13383,15034,fixed_coordinate_hypothesis_validation
1005,9383,5938,3160,3182.0,3160.0,3160.0,65.0,64.0,False,201508ddyw.tif,False,22.0,0.006962025316455696,13383,15938,fixed_coordinate_hypothesis_validation
1006,9405,4974,181,191.0,181.0,181.0,18.0,16.0,False,201508ddyw.tif,False,10.0,0.055248618784530384,13405,14974,fixed_coordinate_hypothesis_validation
1007,9455,5788,1526,1543.0,1526.0,1526.0,49.0,44.0,False,201508ddyw.tif,False,17.0,0.011140235910878113,13455,15788,fixed_coordinate_hypothesis_validation
1008,9457,7562,240,259.0,240.0,240.0,18.0,19.0,False,201508ddyw.tif,False,19.0,0.07916666666666666,13457,17562,fixed_coordinate_hypothesis_validation
1009,9484,6120,3643,3648.0,3643.0,3643.0,69.0,73.0,False,201508ddyw.tif,False,5.0,0.001372495196266813,13484,16120,fixed_coordinate_hypothesis_validation
1010,9489,7544,1619,1627.0,1619.0,1619.0,48.0,48.0,False,201508ddyw.tif,False,8.0,0.004941321803582459,13489,17544,fixed_coordinate_hypothesis_validation
1011,9501,5024,607,620.0,607.0,607.0,30.0,28.0,False,201508ddyw.tif,False,13.0,0.0214168039538715,13501,15024,fixed_coordinate_hypothesis_validation
1012,9549,6746,3468,3496.0,3468.0,3468.0,66.0,66.0,False,201508ddyw.tif,False,28.0,0.008073817762399077,13549,16746,fixed_coordinate_hypothesis_validation
1013,9561,9032,4411,4428.0,4411.0,4411.0,84.0,69.0,False,201508ddyw.tif,False,17.0,0.003854001360235774,13561,19032,fixed_coordinate_hypothesis_validation
1014,9563,8872,939,950.0,939.0,939.0,37.0,38.0,False,201508ddyw.tif,False,11.0,0.011714589989350373,13563,18872,fixed_coordinate_hypothesis_validation
1015,9591,4980,826,843.0,826.0,826.0,36.0,31.0,False,201508ddyw.tif,False,17.0,0.020581113801452784,13591,14980,fixed_coordinate_hypothesis_validation
1016,9605,5896,2727,2739.0,2727.0,2727.0,64.0,58.0,False,201508ddyw.tif,False,12.0,0.0044004400440044,13605,15896,fixed_coordinate_hypothesis_validation
1017,9629,6608,616,628.0,616.0,616.0,28.0,30.0,False,201508ddyw.tif,False,12.0,0.01948051948051948,13629,16608,fixed_coordinate_hypothesis_validation
1018,9631,5686,2629,2638.0,2629.0,2629.0,62.0,56.0,False,201508ddyw.tif,False,9.0,0.003423354887790034,13631,15686,fixed_coordinate_hypothesis_validation
1019,9631,5780,1791,1802.0,1791.0,1791.0,52.0,49.0,False,201508ddyw.tif,False,11.0,0.006141820212171971,13631,15780,fixed_coordinate_hypothesis_validation
1020,9649,5416,381,387.0,381.0,381.0,22.0,24.0,False,201508ddyw.tif,False,6.0,0.015748031496062992,13649,15416,fixed_coordinate_hypothesis_validation
1021,9658,5487,298,314.0,298.0,298.0,21.0,21.0,False,201508ddyw.tif,False,16.0,0.053691275167785234,13658,15487,fixed_coordinate_hypothesis_validation
1022,9661,5528,936,946.0,936.0,936.0,36.0,38.0,False,201508ddyw.tif,False,10.0,0.010683760683760684,13661,15528,fixed_coordinate_hypothesis_validation
1023,9697,7852,1760,1778.0,1760.0,1760.0,45.0,54.0,False,201508ddyw.tif,False,18.0,0.010227272727272727,13697,17852,fixed_coordinate_hypothesis_validation
1024,9725,8964,509,523.0,509.0,509.0,26.0,30.0,False,201508ddyw.tif,False,14.0,0.0275049115913556,13725,18964,fixed_coordinate_hypothesis_validation
1025,9777,7564,2068,2085.0,2068.0,2068.0,54.0,54.0,False,201508ddyw.tif,False,17.0,0.008220502901353965,13777,17564,fixed_coordinate_hypothesis_validation
1026,9795,5785,1560,1575.0,1560.0,1560.0,47.0,43.0,False,201508ddyw.tif,False,15.0,0.009615384615384616,13795,15785,fixed_coordinate_hypothesis_validation
1027,9805,7184,2154,2173.0,2154.0,2154.0,52.0,57.0,False,201508ddyw.tif,False,19.0,0.008820798514391829,13805,17184,fixed_coordinate_hypothesis_validation
1028,9818,6430,2421,2455.0,2421.0,2421.0,56.0,56.0,False,201508ddyw.tif,False,34.0,0.014043783560512184,13818,16430,fixed_coordinate_hypothesis_validation
1029,9831,8028,3898,3914.0,3898.0,3898.0,74.0,74.0,False,201508ddyw.tif,False,16.0,0.004104669061056952,13831,18028,fixed_coordinate_hypothesis_validation
1030,9847,5544,478,485.0,478.0,478.0,26.0,24.0,False,201508ddyw.tif,False,7.0,0.014644351464435146,13847,15544,fixed_coordinate_hypothesis_validation
1031,9849,8654,4646,4660.0,4646.0,4646.0,84.0,74.0,False,201508ddyw.tif,False,14.0,0.003013344812742144,13849,18654,fixed_coordinate_hypothesis_validation
1032,9851,8552,362,375.0,362.0,362.0,22.0,22.0,False,201508ddyw.tif,False,13.0,0.03591160220994475,13851,18552,fixed_coordinate_hypothesis_validation
1033,9897,6611,3618,3643.0,3618.0,3618.0,67.0,72.0,False,201508ddyw.tif,False,25.0,0.006909894969596462,13897,16611,fixed_coordinate_hypothesis_validation
1034,9903,8580,314,326.0,314.0,314.0,20.0,21.0,False,201508ddyw.tif,False,12.0,0.03821656050955414,13903,18580,fixed_coordinate_hypothesis_validation
1035,9913,9308,1326,1340.0,1326.0,1326.0,42.0,44.0,False,201508ddyw.tif,False,14.0,0.010558069381598794,13913,19308,fixed_coordinate_hypothesis_validation
1036,9925,7880,668,688.0,668.0,668.0,34.0,28.0,False,201508ddyw.tif,False,20.0,0.029940119760479042,13925,17880,fixed_coordinate_hypothesis_validation
1037,9997,8598,887,901.0,887.0,887.0,39.0,30.0,False,201508ddyw.tif,False,14.0,0.015783540022547914,13997,18598,fixed_coordinate_hypothesis_validation
1038,10053,7886,2680,2696.0,2680.0,2680.0,63.0,58.0,False,201508ddyw.tif,False,16.0,0.005970149253731343,14053,17886,fixed_coordinate_hypothesis_validation
1039,10077,7084,2142,2167.0,2142.0,2142.0,58.0,48.0,False,201508ddyw.tif,False,25.0,0.011671335200746966,14077,17084,fixed_coordinate_hypothesis_validation
1040,10093,9308,1293,1299.0,1293.0,1293.0,43.0,44.0,False,201508ddyw.tif,False,6.0,0.004640371229698376,14093,19308,fixed_coordinate_hypothesis_validation
1041,10102,6268,1954,1974.0,1954.0,1954.0,48.0,52.0,False,201508ddyw.tif,False,20.0,0.01023541453428864,14102,16268,fixed_coordinate_hypothesis_validation
1042,10117,4828,873,896.0,873.0,873.0,34.0,32.0,False,201508ddyw.tif,False,23.0,0.026345933562428408,14117,14828,fixed_coordinate_hypothesis_validation
1043,10127,7878,360,366.0,360.0,360.0,23.0,22.0,False,201508ddyw.tif,False,6.0,0.016666666666666666,14127,17878,fixed_coordinate_hypothesis_validation
1044,10129,7396,576,587.0,576.0,576.0,28.0,28.0,False,201508ddyw.tif,False,11.0,0.019097222222222224,14129,17396,fixed_coordinate_hypothesis_validation
1045,10143,9488,169,187.0,169.0,169.0,18.0,14.0,False,201508ddyw.tif,False,18.0,0.10650887573964497,14143,19488,fixed_coordinate_hypothesis_validation
1046,10151,5706,767,785.0,767.0,767.0,32.0,34.0,False,201508ddyw.tif,False,18.0,0.02346805736636245,14151,15706,fixed_coordinate_hypothesis_validation
1047,10154,9160,2848,2854.0,2848.0,2848.0,66.0,57.0,False,201508ddyw.tif,False,6.0,0.002106741573033708,14154,19160,fixed_coordinate_hypothesis_validation
1048,10169,7565,647,664.0,647.0,647.0,31.0,28.0,False,201508ddyw.tif,False,17.0,0.02627511591962906,14169,17565,fixed_coordinate_hypothesis_validation
1049,10185,5742,117,123.0,117.0,117.0,16.0,12.0,False,201508ddyw.tif,False,6.0,0.05128205128205128,14185,15742,fixed_coordinate_hypothesis_validation
1050,10191,6231,642,654.0,642.0,642.0,31.0,28.0,False,201508ddyw.tif,False,12.0,0.018691588785046728,14191,16231,fixed_coordinate_hypothesis_validation
1051,10219,7221,756,769.0,756.0,756.0,29.0,36.0,False,201508ddyw.tif,False,13.0,0.017195767195767195,14219,17221,fixed_coordinate_hypothesis_validation
1052,10229,6732,1841,1861.0,1841.0,1841.0,56.0,44.0,False,201508ddyw.tif,False,20.0,0.010863661053775122,14229,16732,fixed_coordinate_hypothesis_validation
1053,10249,5156,1220,1240.0,1220.0,1220.0,44.0,38.0,False,201508ddyw.tif,False,20.0,0.01639344262295082,14249,15156,fixed_coordinate_hypothesis_validation
1054,10269,7382,2356,2377.0,2356.0,2356.0,54.0,56.0,False,201508ddyw.tif,False,21.0,0.008913412563667233,14269,17382,fixed_coordinate_hypothesis_validation
1055,10286,6272,2826,2842.0,2826.0,2826.0,68.0,57.0,False,201508ddyw.tif,False,16.0,0.005661712668082095,14286,16272,fixed_coordinate_hypothesis_validation
1056,10336,4889,287,294.0,287.0,287.0,20.0,21.0,False,201508ddyw.tif,False,7.0,0.024390243902439025,14336,14889,fixed_coordinate_hypothesis_validation
1057,10400,3535,379,388.0,379.0,379.0,24.0,24.0,False,201508ddyw.tif,False,9.0,0.023746701846965697,14400,13535,fixed_coordinate_hypothesis_validation
1058,10401,7464,1742,1756.0,1742.0,1742.0,45.0,54.0,False,201508ddyw.tif,False,14.0,0.008036739380022962,14401,17464,fixed_coordinate_hypothesis_validation
1059,10415,4764,2400,2427.0,2400.0,2400.0,56.0,60.0,False,201508ddyw.tif,False,27.0,0.01125,14415,14764,fixed_coordinate_hypothesis_validation
1060,10419,8256,539,553.0,539.0,539.0,30.0,26.0,False,201508ddyw.tif,False,14.0,0.025974025974025976,14419,18256,fixed_coordinate_hypothesis_validation
1061,10431,5128,2657,2678.0,2657.0,2657.0,58.0,63.0,False,201508ddyw.tif,False,21.0,0.007903650733910425,14431,15128,fixed_coordinate_hypothesis_validation
1062,10441,8476,3967,3988.0,3967.0,3967.0,72.0,72.0,False,201508ddyw.tif,False,21.0,0.005293672800604991,14441,18476,fixed_coordinate_hypothesis_validation
1063,10475,4731,235,245.0,235.0,235.0,19.0,19.0,False,201508ddyw.tif,False,10.0,0.0425531914893617,14475,14731,fixed_coordinate_hypothesis_validation
1064,10505,6351,960,971.0,960.0,960.0,37.0,37.0,False,201508ddyw.tif,False,11.0,0.011458333333333333,14505,16351,fixed_coordinate_hypothesis_validation
1065,10591,7058,585,594.0,585.0,585.0,30.0,29.0,False,201508ddyw.tif,False,9.0,0.015384615384615385,14591,17058,fixed_coordinate_hypothesis_validation
1066,10597,4684,861,870.0,861.0,861.0,36.0,34.0,False,201508ddyw.tif,False,9.0,0.010452961672473868,14597,14684,fixed_coordinate_hypothesis_validation
1067,10597,6386,133,141.0,133.0,133.0,14.0,13.0,False,201508ddyw.tif,False,8.0,0.06015037593984962,14597,16386,fixed_coordinate_hypothesis_validation
1068,10603,7114,659,681.0,659.0,659.0,30.0,31.0,False,201508ddyw.tif,False,22.0,0.03338391502276176,14603,17114,fixed_coordinate_hypothesis_validation
1069,10629,9058,406,416.0,406.0,406.0,21.0,25.0,False,201508ddyw.tif,False,10.0,0.024630541871921183,14629,19058,fixed_coordinate_hypothesis_validation
1070,10635,7073,341,359.0,341.0,341.0,21.0,22.0,False,201508ddyw.tif,False,18.0,0.05278592375366569,14635,17073,fixed_coordinate_hypothesis_validation
1071,10649,7132,412,429.0,412.0,412.0,22.0,26.0,False,201508ddyw.tif,False,17.0,0.0412621359223301,14649,17132,fixed_coordinate_hypothesis_validation
1072,10662,7208,1404,1426.0,1404.0,1404.0,44.0,45.0,False,201508ddyw.tif,False,22.0,0.01566951566951567,14662,17208,fixed_coordinate_hypothesis_validation
1073,10670,2853,1548,1600.0,1548.0,1548.0,40.0,48.0,False,201508ddyw.tif,False,52.0,0.03359173126614987,14670,12853,fixed_coordinate_hypothesis_validation
1074,10701,8568,508,520.0,508.0,508.0,26.0,30.0,False,201508ddyw.tif,False,12.0,0.023622047244094488,14701,18568,fixed_coordinate_hypothesis_validation
1075,10715,4706,4852,4866.0,4852.0,4852.0,81.0,80.0,False,201508ddyw.tif,False,14.0,0.0028854080791426216,14715,14706,fixed_coordinate_hypothesis_validation
1076,10722,2968,1540,1562.0,1540.0,1540.0,45.0,44.0,False,201508ddyw.tif,False,22.0,0.014285714285714285,14722,12968,fixed_coordinate_hypothesis_validation
1077,10731,9145,474,491.0,474.0,474.0,25.0,24.0,False,201508ddyw.tif,False,17.0,0.035864978902953586,14731,19145,fixed_coordinate_hypothesis_validation
1078,10738,8602,1129,1164.0,1129.0,1129.0,40.0,36.0,False,201508ddyw.tif,False,35.0,0.03100088573959256,14738,18602,fixed_coordinate_hypothesis_validation
1079,10745,8232,189,197.0,189.0,189.0,16.0,15.0,False,201508ddyw.tif,False,8.0,0.042328042328042326,14745,18232,fixed_coordinate_hypothesis_validation
1080,10758,7268,2741,2763.0,2741.0,2741.0,62.0,60.0,False,201508ddyw.tif,False,22.0,0.008026267785479753,14758,17268,fixed_coordinate_hypothesis_validation
1081,10786,8646,1366,1390.0,1366.0,1366.0,44.0,38.0,False,201508ddyw.tif,False,24.0,0.017569546120058566,14786,18646,fixed_coordinate_hypothesis_validation
1082,10805,7438,3103,3117.0,3103.0,3103.0,63.0,64.0,False,201508ddyw.tif,False,14.0,0.0045117628101836935,14805,17438,fixed_coordinate_hypothesis_validation
1083,10849,9790,3574,3593.0,3574.0,3574.0,69.0,68.0,False,201508ddyw.tif,False,19.0,0.005316172355903749,14849,19790,fixed_coordinate_hypothesis_validation
1084,10867,10846,282,289.0,282.0,282.0,19.0,20.0,False,201508ddyw.tif,False,7.0,0.024822695035460994,14867,20846,fixed_coordinate_hypothesis_validation
1085,10873,8558,230,249.0,230.0,230.0,18.0,18.0,False,201508ddyw.tif,False,19.0,0.08260869565217391,14873,18558,fixed_coordinate_hypothesis_validation
1086,10881,7750,1888,1921.0,1888.0,1888.0,52.0,49.0,False,201508ddyw.tif,False,33.0,0.017478813559322032,14881,17750,fixed_coordinate_hypothesis_validation
1087,10899,11006,317,330.0,317.0,317.0,24.0,20.0,False,201508ddyw.tif,False,13.0,0.04100946372239748,14899,21006,fixed_coordinate_hypothesis_validation
1088,10941,10804,796,829.0,796.0,796.0,30.0,34.0,False,201508ddyw.tif,False,33.0,0.0414572864321608,14941,20804,fixed_coordinate_hypothesis_validation
1089,10995,7686,644,655.0,644.0,644.0,30.0,30.0,False,201508ddyw.tif,False,11.0,0.017080745341614908,14995,17686,fixed_coordinate_hypothesis_validation
1090,11017,7842,245,256.0,245.0,245.0,18.0,18.0,False,201508ddyw.tif,False,11.0,0.044897959183673466,15017,17842,fixed_coordinate_hypothesis_validation
1091,11037,7520,814,831.0,814.0,814.0,32.0,33.0,False,201508ddyw.tif,False,17.0,0.020884520884520884,15037,17520,fixed_coordinate_hypothesis_validation
1092,11047,4344,5916,5952.0,5916.0,5916.0,84.0,94.0,False,201508ddyw.tif,False,36.0,0.006085192697768763,15047,14344,fixed_coordinate_hypothesis_validation
1093,11073,4972,7039,7067.0,7039.0,7039.0,92.0,101.0,False,201508ddyw.tif,False,28.0,0.003977837761045603,15073,14972,fixed_coordinate_hypothesis_validation
1094,11098,3778,205,218.0,205.0,205.0,16.0,20.0,False,201508ddyw.tif,False,13.0,0.06341463414634146,15098,13778,fixed_coordinate_hypothesis_validation
1095,11114,4481,2900,2911.0,2900.0,2900.0,67.0,57.0,False,201508ddyw.tif,False,11.0,0.003793103448275862,15114,14481,fixed_coordinate_hypothesis_validation
1096,11141,5620,2223,2252.0,2223.0,2223.0,56.0,50.0,False,201508ddyw.tif,False,29.0,0.013045434098065677,15141,15620,fixed_coordinate_hypothesis_validation
1097,11143,4415,1120,1131.0,1120.0,1120.0,36.0,41.0,False,201508ddyw.tif,False,11.0,0.009821428571428571,15143,14415,fixed_coordinate_hypothesis_validation
1098,11146,4882,2494,2509.0,2494.0,2494.0,61.0,57.0,False,201508ddyw.tif,False,15.0,0.006014434643143544,15146,14882,fixed_coordinate_hypothesis_validation
1099,11167,4332,2729,2739.0,2729.0,2729.0,55.0,63.0,False,201508ddyw.tif,False,10.0,0.003664345914254306,15167,14332,fixed_coordinate_hypothesis_validation
1100,11267,4462,2457,2484.0,2457.0,2457.0,54.0,60.0,False,201508ddyw.tif,False,27.0,0.01098901098901099,15267,14462,fixed_coordinate_hypothesis_validation
1101,11370,5790,4227,4273.0,4227.0,4227.0,72.0,77.0,False,201508ddyw.tif,False,46.0,0.010882422521883131,15370,15790,fixed_coordinate_hypothesis_validation
1102,11421,4166,2469,2477.0,2469.0,2469.0,57.0,58.0,False,201508ddyw.tif,False,8.0,0.0032401782098015392,15421,14166,fixed_coordinate_hypothesis_validation
1103,11458,4046,2141,2151.0,2141.0,2141.0,52.0,57.0,False,201508ddyw.tif,False,10.0,0.004670714619336758,15458,14046,fixed_coordinate_hypothesis_validation
1104,11459,3957,2883,2911.0,2883.0,2883.0,69.0,55.0,False,201508ddyw.tif,False,28.0,0.009712105445716268,15459,13957,fixed_coordinate_hypothesis_validation
1105,11582,7090,3160,3184.0,3160.0,3160.0,60.0,67.0,False,201508ddyw.tif,False,24.0,0.007594936708860759,15582,17090,fixed_coordinate_hypothesis_validation
1106,11589,6200,368,375.0,368.0,368.0,22.0,22.0,False,201508ddyw.tif,False,7.0,0.019021739130434784,15589,16200,fixed_coordinate_hypothesis_validation
1107,11595,5198,4977,5008.0,4977.0,4977.0,80.0,80.0,False,201508ddyw.tif,False,31.0,0.006228651798272052,15595,15198,fixed_coordinate_hypothesis_validation
1108,11597,4910,3776,3794.0,3776.0,3776.0,70.0,70.0,False,201508ddyw.tif,False,18.0,0.004766949152542373,15597,14910,fixed_coordinate_hypothesis_validation
1109,11606,6602,2435,2462.0,2435.0,2435.0,60.0,55.0,False,201508ddyw.tif,False,27.0,0.01108829568788501,15606,16602,fixed_coordinate_hypothesis_validation
1110,11611,5978,2162,2179.0,2162.0,2162.0,52.0,59.0,False,201508ddyw.tif,False,17.0,0.00786308973172988,15611,15978,fixed_coordinate_hypothesis_validation
1111,11619,5042,10646,10664.0,10646.0,10646.0,124.0,116.0,False,201508ddyw.tif,False,18.0,0.0016907758782641368,15619,15042,fixed_coordinate_hypothesis_validation
1112,11719,4484,1594,1610.0,1594.0,1594.0,42.0,51.0,False,201508ddyw.tif,False,16.0,0.010037641154328732,15719,14484,fixed_coordinate_hypothesis_validation
1113,11747,6454,4244,4255.0,4244.0,4244.0,77.0,72.0,False,201508ddyw.tif,False,11.0,0.0025918944392082943,15747,16454,fixed_coordinate_hypothesis_validation
1114,11749,6542,5650,5690.0,5650.0,5650.0,79.0,93.0,False,201508ddyw.tif,False,40.0,0.007079646017699115,15749,16542,fixed_coordinate_hypothesis_validation
1115,11795,3122,1377,1388.0,1377.0,1377.0,44.0,43.0,False,201508ddyw.tif,False,11.0,0.007988380537400145,15795,13122,fixed_coordinate_hypothesis_validation
1116,11806,4512,2223,2234.0,2223.0,2223.0,56.0,55.0,False,201508ddyw.tif,False,11.0,0.004948268106162843,15806,14512,fixed_coordinate_hypothesis_validation
1117,11825,3184,1424,1441.0,1424.0,1424.0,44.0,44.0,False,201508ddyw.tif,False,17.0,0.011938202247191011,15825,13184,fixed_coordinate_hypothesis_validation
1118,11865,5558,5071,5105.0,5071.0,5071.0,84.0,77.0,False,201508ddyw.tif,False,34.0,0.006704791954249655,15865,15558,fixed_coordinate_hypothesis_validation
1119,11895,3172,3739,3765.0,3739.0,3739.0,70.0,74.0,False,201508ddyw.tif,False,26.0,0.006953730944102701,15895,13172,fixed_coordinate_hypothesis_validation
1120,11949,3408,1567,1584.0,1567.0,1567.0,46.0,45.0,False,201508ddyw.tif,False,17.0,0.010848755583918315,15949,13408,fixed_coordinate_hypothesis_validation
1121,11967,3640,3304,3324.0,3304.0,3304.0,62.0,69.0,False,201508ddyw.tif,False,20.0,0.006053268765133172,15967,13640,fixed_coordinate_hypothesis_validation
1122,11983,2936,3292,3310.0,3292.0,3292.0,63.0,69.0,False,201508ddyw.tif,False,18.0,0.0054678007290400975,15983,12936,fixed_coordinate_hypothesis_validation
1123,11997,5352,3920,3951.0,3920.0,3920.0,74.0,69.0,False,201508ddyw.tif,False,31.0,0.007908163265306122,15997,15352,fixed_coordinate_hypothesis_validation
1124,12003,5138,1813,1840.0,1813.0,1813.0,47.0,50.0,False,201508ddyw.tif,False,27.0,0.014892443463872035,16003,15138,fixed_coordinate_hypothesis_validation
1125,12039,3097,1229,1234.0,1229.0,1229.0,39.0,44.0,False,201508ddyw.tif,False,5.0,0.0040683482506102524,16039,13097,fixed_coordinate_hypothesis_validation
1126,12053,4634,2271,2279.0,2271.0,2271.0,56.0,58.0,False,201508ddyw.tif,False,8.0,0.0035226772346983706,16053,14634,fixed_coordinate_hypothesis_validation
1127,12090,6698,4880,4915.0,4880.0,4880.0,80.0,79.0,False,201508ddyw.tif,False,35.0,0.007172131147540984,16090,16698,fixed_coordinate_hypothesis_validation
1128,12098,4296,1466,1489.0,1466.0,1466.0,46.0,43.0,False,201508ddyw.tif,False,23.0,0.015688949522510234,16098,14296,fixed_coordinate_hypothesis_validation
1129,12117,3974,3910,3937.0,3910.0,3910.0,64.0,80.0,False,201508ddyw.tif,False,27.0,0.00690537084398977,16117,13974,fixed_coordinate_hypothesis_validation
1130,12133,7092,5590,5621.0,5590.0,5590.0,86.0,86.0,False,201508ddyw.tif,False,31.0,0.00554561717352415,16133,17092,fixed_coordinate_hypothesis_validation
1131,12155,3621,1191,1215.0,1191.0,1191.0,41.0,39.0,False,201508ddyw.tif,False,24.0,0.020151133501259445,16155,13621,fixed_coordinate_hypothesis_validation
1132,12157,3190,3608,3623.0,3608.0,3608.0,63.0,75.0,False,201508ddyw.tif,False,15.0,0.0041574279379157425,16157,13190,fixed_coordinate_hypothesis_validation
1133,12177,4912,3088,3104.0,3088.0,3088.0,62.0,66.0,False,201508ddyw.tif,False,16.0,0.0051813471502590676,16177,14912,fixed_coordinate_hypothesis_validation
1134,12189,2975,2734,2754.0,2734.0,2734.0,60.0,58.0,False,201508ddyw.tif,False,20.0,0.0073152889539136795,16189,12975,fixed_coordinate_hypothesis_validation
1135,12209,5460,1014,1029.0,1014.0,1014.0,36.0,40.0,False,201508ddyw.tif,False,15.0,0.014792899408284023,16209,15460,fixed_coordinate_hypothesis_validation
1136,12223,6766,3735,3768.0,3735.0,3735.0,64.0,74.0,False,201508ddyw.tif,False,33.0,0.008835341365461847,16223,16766,fixed_coordinate_hypothesis_validation
1137,12238,5030,3762,3768.0,3762.0,3762.0,67.0,75.0,False,201508ddyw.tif,False,6.0,0.001594896331738437,16238,15030,fixed_coordinate_hypothesis_validation
1138,12279,4868,2456,2480.0,2456.0,2456.0,54.0,60.0,False,201508ddyw.tif,False,24.0,0.009771986970684038,16279,14868,fixed_coordinate_hypothesis_validation
1139,12289,8268,1270,1288.0,1270.0,1270.0,40.0,44.0,False,201508ddyw.tif,False,18.0,0.014173228346456693,16289,18268,fixed_coordinate_hypothesis_validation
1140,12311,7186,2403,2439.0,2403.0,2403.0,56.0,52.0,False,201508ddyw.tif,False,36.0,0.0149812734082397,16311,17186,fixed_coordinate_hypothesis_validation
1141,12321,5480,2796,2824.0,2796.0,2796.0,61.0,60.0,False,201508ddyw.tif,False,28.0,0.010014306151645207,16321,15480,fixed_coordinate_hypothesis_validation
1142,12327,5230,2494,2520.0,2494.0,2494.0,56.0,58.0,False,201508ddyw.tif,False,26.0,0.010425020048115477,16327,15230,fixed_coordinate_hypothesis_validation
1143,12358,4872,1737,1759.0,1737.0,1737.0,48.0,49.0,False,201508ddyw.tif,False,22.0,0.012665515256188831,16358,14872,fixed_coordinate_hypothesis_validation
1144,12387,3056,1260,1290.0,1260.0,1260.0,44.0,36.0,False,201508ddyw.tif,False,30.0,0.023809523809523808,16387,13056,fixed_coordinate_hypothesis_validation
1145,12391,3726,4531,4536.0,4531.0,4531.0,76.0,81.0,False,201508ddyw.tif,False,5.0,0.0011035091591260207,16391,13726,fixed_coordinate_hypothesis_validation
1146,12423,5368,1482,1495.0,1482.0,1482.0,44.0,46.0,False,201508ddyw.tif,False,13.0,0.008771929824561403,16423,15368,fixed_coordinate_hypothesis_validation
1147,12431,5026,4504,4517.0,4504.0,4504.0,83.0,75.0,False,201508ddyw.tif,False,13.0,0.002886323268206039,16431,15026,fixed_coordinate_hypothesis_validation
1148,12433,4638,2571,2605.0,2571.0,2571.0,56.0,58.0,False,201508ddyw.tif,False,34.0,0.013224426293271101,16433,14638,fixed_coordinate_hypothesis_validation
1149,12451,3612,1890,1907.0,1890.0,1890.0,51.0,50.0,False,201508ddyw.tif,False,17.0,0.008994708994708995,16451,13612,fixed_coordinate_hypothesis_validation
1150,12465,3820,913,928.0,913.0,913.0,34.0,34.0,False,201508ddyw.tif,False,15.0,0.01642935377875137,16465,13820,fixed_coordinate_hypothesis_validation
1151,12490,4266,2521,2545.0,2521.0,2521.0,60.0,55.0,False,201508ddyw.tif,False,24.0,0.009520031733439112,16490,14266,fixed_coordinate_hypothesis_validation
1152,12517,4518,1300,1318.0,1300.0,1300.0,40.0,44.0,False,201508ddyw.tif,False,18.0,0.013846153846153847,16517,14518,fixed_coordinate_hypothesis_validation
1153,12559,5018,3127,3154.0,3127.0,3127.0,64.0,68.0,False,201508ddyw.tif,False,27.0,0.008634473936680525,16559,15018,fixed_coordinate_hypothesis_validation
1154,12563,4558,2370,2384.0,2370.0,2370.0,56.0,56.0,False,201508ddyw.tif,False,14.0,0.00590717299578059,16563,14558,fixed_coordinate_hypothesis_validation
1155,12615,5500,1654,1682.0,1654.0,1654.0,46.0,48.0,False,201508ddyw.tif,False,28.0,0.016928657799274487,16615,15500,fixed_coordinate_hypothesis_validation
1156,12623,6694,900,920.0,900.0,900.0,38.0,32.0,False,201508ddyw.tif,False,20.0,0.022222222222222223,16623,16694,fixed_coordinate_hypothesis_validation
1157,12637,3730,5499,5528.0,5499.0,5499.0,82.0,84.0,False,201508ddyw.tif,False,29.0,0.005273686124749955,16637,13730,fixed_coordinate_hypothesis_validation
1158,12671,7918,3095,3117.0,3095.0,3095.0,68.0,64.0,False,201508ddyw.tif,False,22.0,0.007108239095315024,16671,17918,fixed_coordinate_hypothesis_validation
1159,12748,7856,2493,2519.0,2493.0,2493.0,56.0,57.0,False,201508ddyw.tif,False,26.0,0.010429201764941836,16748,17856,fixed_coordinate_hypothesis_validation
1160,12749,4611,3464,3473.0,3464.0,3464.0,69.0,67.0,False,201508ddyw.tif,False,9.0,0.002598152424942263,16749,14611,fixed_coordinate_hypothesis_validation
1161,12753,9722,3009,3025.0,3009.0,3009.0,64.0,64.0,False,201508ddyw.tif,False,16.0,0.005317381189764041,16753,19722,fixed_coordinate_hypothesis_validation
1162,12777,5096,1163,1187.0,1163.0,1163.0,38.0,40.0,False,201508ddyw.tif,False,24.0,0.02063628546861565,16777,15096,fixed_coordinate_hypothesis_validation
1163,12781,3564,2993,3019.0,2993.0,2993.0,63.0,60.0,False,201508ddyw.tif,False,26.0,0.008686936184430337,16781,13564,fixed_coordinate_hypothesis_validation
1164,12804,8303,2392,2412.0,2392.0,2392.0,57.0,57.0,False,201508ddyw.tif,False,20.0,0.008361204013377926,16804,18303,fixed_coordinate_hypothesis_validation
1165,12829,5523,3790,3802.0,3790.0,3790.0,75.0,70.0,False,201508ddyw.tif,False,12.0,0.0031662269129287598,16829,15523,fixed_coordinate_hypothesis_validation
1166,12831,3762,4901,4915.0,4901.0,4901.0,78.0,82.0,False,201508ddyw.tif,False,14.0,0.0028565598857376046,16831,13762,fixed_coordinate_hypothesis_validation
1167,12835,4674,1064,1092.0,1064.0,1064.0,36.0,36.0,False,201508ddyw.tif,False,28.0,0.02631578947368421,16835,14674,fixed_coordinate_hypothesis_validation
1168,12905,7988,3627,3634.0,3627.0,3627.0,68.0,72.0,False,201508ddyw.tif,False,7.0,0.0019299696719051558,16905,17988,fixed_coordinate_hypothesis_validation
1169,12925,7654,5098,5125.0,5098.0,5098.0,88.0,80.0,False,201508ddyw.tif,False,27.0,0.005296194586112201,16925,17654,fixed_coordinate_hypothesis_validation
1170,12941,4794,1923,1933.0,1923.0,1923.0,48.0,54.0,False,201508ddyw.tif,False,10.0,0.005200208008320333,16941,14794,fixed_coordinate_hypothesis_validation
1171,12969,4991,1480,1498.0,1480.0,1480.0,42.0,46.0,False,201508ddyw.tif,False,18.0,0.012162162162162163,16969,14991,fixed_coordinate_hypothesis_validation
1172,12999,9371,4310,4324.0,4310.0,4310.0,72.0,76.0,False,201508ddyw.tif,False,14.0,0.0032482598607888632,16999,19371,fixed_coordinate_hypothesis_validation
1173,13007,3802,1234,1276.0,1234.0,1234.0,40.0,44.0,False,201508ddyw.tif,False,42.0,0.03403565640194489,17007,13802,fixed_coordinate_hypothesis_validation
1174,13007,4810,1968,1995.0,1968.0,1968.0,52.0,52.0,False,201508ddyw.tif,False,27.0,0.013719512195121951,17007,14810,fixed_coordinate_hypothesis_validation
1175,13055,5928,3593,3621.0,3593.0,3593.0,70.0,64.0,False,201508ddyw.tif,False,28.0,0.007792930698580574,17055,15928,fixed_coordinate_hypothesis_validation
1176,13062,4288,996,1023.0,996.0,996.0,34.0,41.0,False,201508ddyw.tif,False,27.0,0.02710843373493976,17062,14288,fixed_coordinate_hypothesis_validation
1177,13093,5214,2161,2174.0,2161.0,2161.0,53.0,54.0,False,201508ddyw.tif,False,13.0,0.006015733456732994,17093,15214,fixed_coordinate_hypothesis_validation
1178,13103,4368,2672,2692.0,2672.0,2672.0,58.0,58.0,False,201508ddyw.tif,False,20.0,0.0074850299401197605,17103,14368,fixed_coordinate_hypothesis_validation
1179,13116,9689,3540,3564.0,3540.0,3540.0,69.0,71.0,False,201508ddyw.tif,False,24.0,0.006779661016949152,17116,19689,fixed_coordinate_hypothesis_validation
1180,13203,8909,2836,2853.0,2836.0,2836.0,64.0,58.0,False,201508ddyw.tif,False,17.0,0.005994358251057828,17203,18909,fixed_coordinate_hypothesis_validation
1181,13207,9970,1389,1403.0,1389.0,1389.0,44.0,42.0,False,201508ddyw.tif,False,14.0,0.010079193664506839,17207,19970,fixed_coordinate_hypothesis_validation
1182,13234,9778,2661,2685.0,2661.0,2661.0,60.0,58.0,False,201508ddyw.tif,False,24.0,0.009019165727170236,17234,19778,fixed_coordinate_hypothesis_validation
1183,13254,7582,932,947.0,932.0,932.0,32.0,38.0,False,201508ddyw.tif,False,15.0,0.016094420600858368,17254,17582,fixed_coordinate_hypothesis_validation
1184,13263,4252,674,692.0,674.0,674.0,30.0,30.0,False,201508ddyw.tif,False,18.0,0.026706231454005934,17263,14252,fixed_coordinate_hypothesis_validation
1185,13341,7877,3797,3819.0,3797.0,3797.0,69.0,76.0,False,201508ddyw.tif,False,22.0,0.0057940479325783514,17341,17877,fixed_coordinate_hypothesis_validation
1186,13369,5867,2884,2898.0,2884.0,2884.0,63.0,62.0,False,201508ddyw.tif,False,14.0,0.0048543689320388345,17369,15867,fixed_coordinate_hypothesis_validation
1187,13385,4774,2599,2634.0,2599.0,2599.0,54.0,60.0,False,201508ddyw.tif,False,35.0,0.013466717968449404,17385,14774,fixed_coordinate_hypothesis_validation
1188,13391,9858,1531,1551.0,1531.0,1531.0,48.0,44.0,False,201508ddyw.tif,False,20.0,0.013063357282821686,17391,19858,fixed_coordinate_hypothesis_validation
1189,13403,5298,2541,2567.0,2541.0,2541.0,48.0,68.0,False,201508ddyw.tif,False,26.0,0.01023219205037387,17403,15298,fixed_coordinate_hypothesis_validation
1190,13431,7256,4694,4708.0,4694.0,4694.0,66.0,89.0,False,201508ddyw.tif,False,14.0,0.002982530890498509,17431,17256,fixed_coordinate_hypothesis_validation
1191,13432,8707,2919,2931.0,2919.0,2919.0,63.0,65.0,False,201508ddyw.tif,False,12.0,0.0041109969167523125,17432,18707,fixed_coordinate_hypothesis_validation
1192,13467,5607,2323,2341.0,2323.0,2323.0,59.0,50.0,False,201508ddyw.tif,False,18.0,0.007748600947051227,17467,15607,fixed_coordinate_hypothesis_validation
1193,13475,5710,3427,3459.0,3427.0,3427.0,66.0,68.0,False,201508ddyw.tif,False,32.0,0.009337613072658301,17475,15710,fixed_coordinate_hypothesis_validation
1194,13503,7347,1399,1428.0,1399.0,1399.0,45.0,40.0,False,201508ddyw.tif,False,29.0,0.020729092208720514,17503,17347,fixed_coordinate_hypothesis_validation
1195,13523,5519,2748,2755.0,2748.0,2748.0,60.0,60.0,False,201508ddyw.tif,False,7.0,0.002547307132459971,17523,15519,fixed_coordinate_hypothesis_validation
1196,13543,8386,2415,2431.0,2415.0,2415.0,52.0,60.0,False,201508ddyw.tif,False,16.0,0.006625258799171843,17543,18386,fixed_coordinate_hypothesis_validation
1197,13565,4678,4443,4464.0,4443.0,4443.0,71.0,80.0,False,201508ddyw.tif,False,21.0,0.004726536124240378,17565,14678,fixed_coordinate_hypothesis_validation
1198,13613,9759,3584,3607.0,3584.0,3584.0,64.0,78.0,False,201508ddyw.tif,False,23.0,0.006417410714285714,17613,19759,fixed_coordinate_hypothesis_validation
1199,13619,6766,4409,4422.0,4409.0,4409.0,72.0,78.0,False,201508ddyw.tif,False,13.0,0.0029485144023588114,17619,16766,fixed_coordinate_hypothesis_validation
1200,13681,7008,2419,2472.0,2419.0,2419.0,50.0,62.0,False,201508ddyw.tif,False,53.0,0.021909880115750312,17681,17008,fixed_coordinate_hypothesis_validation
1201,13699,8342,12098,12115.0,12098.0,12098.0,131.0,122.0,False,201508ddyw.tif,False,17.0,0.0014051909406513474,17699,18342,fixed_coordinate_hypothesis_validation
1202,13713,4590,2815,2840.0,2815.0,2815.0,62.0,60.0,False,201508ddyw.tif,False,25.0,0.008880994671403197,17713,14590,fixed_coordinate_hypothesis_validation
1203,13717,7192,1182,1197.0,1182.0,1182.0,35.0,42.0,False,201508ddyw.tif,False,15.0,0.012690355329949238,17717,17192,fixed_coordinate_hypothesis_validation
1204,13751,6718,1644,1656.0,1644.0,1644.0,46.0,52.0,False,201508ddyw.tif,False,12.0,0.0072992700729927005,17751,16718,fixed_coordinate_hypothesis_validation
1205,13763,5322,1007,1016.0,1007.0,1007.0,38.0,36.0,False,201508ddyw.tif,False,9.0,0.00893743793445879,17763,15322,fixed_coordinate_hypothesis_validation
1206,13767,6990,222,239.0,220.0,222.0,20.0,16.0,False,201508ddyw.tif,False,17.0,0.07657657657657657,17767,16990,fixed_coordinate_hypothesis_validation
1207,13778,4650,2512,2540.0,2512.0,2512.0,56.0,59.0,False,201508ddyw.tif,False,28.0,0.011146496815286623,17778,14650,fixed_coordinate_hypothesis_validation
1208,13778,5152,1209,1241.0,1209.0,1209.0,38.0,41.0,False,201508ddyw.tif,False,32.0,0.026468155500413565,17778,15152,fixed_coordinate_hypothesis_validation
1209,13849,8504,608,622.0,608.0,608.0,31.0,27.0,False,201508ddyw.tif,False,14.0,0.023026315789473683,17849,18504,fixed_coordinate_hypothesis_validation
1210,13863,7126,1851,1883.0,1851.0,1851.0,50.0,48.0,False,201508ddyw.tif,False,32.0,0.01728795245813074,17863,17126,fixed_coordinate_hypothesis_validation
1211,13871,4740,1653,1656.0,1653.0,1653.0,48.0,48.0,False,201508ddyw.tif,False,3.0,0.0018148820326678765,17871,14740,fixed_coordinate_hypothesis_validation
1212,13919,5012,5039,5086.0,5039.0,5039.0,74.0,90.0,False,201508ddyw.tif,False,47.0,0.00932724746973606,17919,15012,fixed_coordinate_hypothesis_validation
1213,13927,5537,2741,2769.0,2741.0,2741.0,57.0,62.0,False,201508ddyw.tif,False,28.0,0.010215249908792412,17927,15537,fixed_coordinate_hypothesis_validation
1214,13940,5846,2264,2284.0,2264.0,2264.0,56.0,53.0,False,201508ddyw.tif,False,20.0,0.0088339222614841,17940,15846,fixed_coordinate_hypothesis_validation
1215,13963,6561,3064,3087.0,3064.0,3064.0,63.0,66.0,False,201508ddyw.tif,False,23.0,0.007506527415143603,17963,16561,fixed_coordinate_hypothesis_validation
1216,13963,8872,4647,4667.0,4647.0,4647.0,80.0,76.0,False,201508ddyw.tif,False,20.0,0.004303851947493006,17963,18872,fixed_coordinate_hypothesis_validation
1217,13976,6114,2537,2567.0,2537.0,2537.0,60.0,57.0,False,201508ddyw.tif,False,30.0,0.011824990145841546,17976,16114,fixed_coordinate_hypothesis_validation
1218,13984,9160,2526,2538.0,2526.0,2526.0,55.0,63.0,False,201508ddyw.tif,False,12.0,0.004750593824228029,17984,19160,fixed_coordinate_hypothesis_validation
1219,13985,4712,1861,1870.0,1861.0,1861.0,52.0,52.0,False,201508ddyw.tif,False,9.0,0.004836109618484685,17985,14712,fixed_coordinate_hypothesis_validation
1220,13999,7706,2186,2200.0,2186.0,2186.0,55.0,54.0,False,201508ddyw.tif,False,14.0,0.006404391582799634,17999,17706,fixed_coordinate_hypothesis_validation
1221,14022,4910,3507,3529.0,3507.0,3507.0,66.0,73.0,False,201508ddyw.tif,False,22.0,0.006273167949814656,18022,14910,fixed_coordinate_hypothesis_validation
1222,14051,6388,1683,1704.0,1683.0,1683.0,46.0,50.0,False,201508ddyw.tif,False,21.0,0.012477718360071301,18051,16388,fixed_coordinate_hypothesis_validation
1223,14059,6999,1251,1279.0,1251.0,1251.0,39.0,40.0,False,201508ddyw.tif,False,28.0,0.02238209432454037,18059,16999,fixed_coordinate_hypothesis_validation
1224,14115,6362,2343,2355.0,2343.0,2343.0,60.0,52.0,False,201508ddyw.tif,False,12.0,0.005121638924455826,18115,16362,fixed_coordinate_hypothesis_validation
1225,14119,8182,570,582.0,570.0,570.0,32.0,24.0,False,201508ddyw.tif,False,12.0,0.021052631578947368,18119,18182,fixed_coordinate_hypothesis_validation
1226,14143,9256,3068,3098.0,3068.0,3068.0,66.0,62.0,False,201508ddyw.tif,False,30.0,0.009778357235984355,18143,19256,fixed_coordinate_hypothesis_validation
1227,14165,8442,2203,2232.0,2203.0,2203.0,56.0,52.0,False,201508ddyw.tif,False,29.0,0.013163867453472538,18165,18442,fixed_coordinate_hypothesis_validation
1228,14185,5884,1462,1474.0,1462.0,1462.0,45.0,44.0,False,201508ddyw.tif,False,12.0,0.008207934336525308,18185,15884,fixed_coordinate_hypothesis_validation
1229,14325,9291,2844,2880.0,2844.0,2844.0,56.0,64.0,False,201508ddyw.tif,False,36.0,0.012658227848101266,18325,19291,fixed_coordinate_hypothesis_validation
1230,14417,7313,1387,1405.0,1387.0,1387.0,45.0,43.0,False,201508ddyw.tif,False,18.0,0.012977649603460706,18417,17313,fixed_coordinate_hypothesis_validation
1231,14547,6338,563,581.0,563.0,563.0,26.0,28.0,False,201508ddyw.tif,False,18.0,0.03197158081705151,18547,16338,fixed_coordinate_hypothesis_validation
1232,14599,6557,7381,7446.0,7381.0,7381.0,101.0,98.0,False,201508ddyw.tif,False,65.0,0.00880639479745292,18599,16557,fixed_coordinate_hypothesis_validation
1233,14629,6932,2549,2573.0,2549.0,2549.0,56.0,55.0,False,201508ddyw.tif,False,24.0,0.009415457041977247,18629,16932,fixed_coordinate_hypothesis_validation
1234,14667,9030,15952,15988.0,15952.0,15952.0,150.0,154.0,False,201508ddyw.tif,False,36.0,0.0022567703109327986,18667,19030,fixed_coordinate_hypothesis_validation
1235,14693,7206,10220,10238.0,10220.0,10220.0,120.0,126.0,False,201508ddyw.tif,False,18.0,0.0017612524461839531,18693,17206,fixed_coordinate_hypothesis_validation
1236,14891,8894,6234,6250.0,6234.0,6234.0,88.0,92.0,False,201508ddyw.tif,False,16.0,0.0025665704202759063,18891,18894,fixed_coordinate_hypothesis_validation
1237,14929,6441,738,756.0,738.0,738.0,31.0,30.0,False,201508ddyw.tif,False,18.0,0.024390243902439025,18929,16441,fixed_coordinate_hypothesis_validation
1238,14981,6322,377,393.0,377.0,377.0,20.0,26.0,False,201508ddyw.tif,False,16.0,0.042440318302387266,18981,16322,fixed_coordinate_hypothesis_validation
1239,14989,8860,2489,2519.0,2489.0,2489.0,58.0,60.0,False,201508ddyw.tif,False,30.0,0.012053033346725592,18989,18860,fixed_coordinate_hypothesis_validation
1240,15027,7024,7423,7446.0,7423.0,7423.0,110.0,92.0,False,201508ddyw.tif,False,23.0,0.0030984777044321702,19027,17024,fixed_coordinate_hypothesis_validation
1241,15047,7549,2286,2297.0,2286.0,2286.0,56.0,54.0,False,201508ddyw.tif,False,11.0,0.004811898512685914,19047,17549,fixed_coordinate_hypothesis_validation
1242,15063,6354,1260,1312.0,1260.0,1260.0,44.0,36.0,False,201508ddyw.tif,False,52.0,0.04126984126984127,19063,16354,fixed_coordinate_hypothesis_validation
1243,15331,8284,9380,9412.0,9380.0,9380.0,112.0,116.0,False,201508ddyw.tif,False,32.0,0.003411513859275053,19331,18284,fixed_coordinate_hypothesis_validation
1244,15335,8748,6013,6046.0,6013.0,6013.0,82.0,97.0,False,201508ddyw.tif,False,33.0,0.005488109096956594,19335,18748,fixed_coordinate_hypothesis_validation
1245,15338,6326,1734,1746.0,1734.0,1734.0,46.0,50.0,False,201508ddyw.tif,False,12.0,0.006920415224913495,19338,16326,fixed_coordinate_hypothesis_validation
1246,15395,9232,863,877.0,863.0,863.0,36.0,32.0,False,201508ddyw.tif,False,14.0,0.016222479721900347,19395,19232,fixed_coordinate_hypothesis_validation
1247,15479,8680,114,124.0,114.0,114.0,14.0,12.0,False,201508ddyw.tif,False,10.0,0.08771929824561403,19479,18680,fixed_coordinate_hypothesis_validation
1248,15495,7654,1279,1305.0,1279.0,1279.0,40.0,40.0,False,201508ddyw.tif,False,26.0,0.020328381548084442,19495,17654,fixed_coordinate_hypothesis_validation
1249,15513,6812,1461,1492.0,1461.0,1461.0,42.0,46.0,False,201508ddyw.tif,False,31.0,0.021218343600273786,19513,16812,fixed_coordinate_hypothesis_validation
1250,15660,8332,2378,2406.0,2378.0,2378.0,58.0,55.0,False,201508ddyw.tif,False,28.0,0.011774600504625737,19660,18332,fixed_coordinate_hypothesis_validation
1251,15721,8386,7741,7751.0,7741.0,7741.0,110.0,98.0,False,201508ddyw.tif,False,10.0,0.001291822761917065,19721,18386,fixed_coordinate_hypothesis_validation
1252,15839,7450,1946,1957.0,1946.0,1946.0,50.0,49.0,False,201508ddyw.tif,False,11.0,0.005652620760534429,19839,17450,fixed_coordinate_hypothesis_validation
1253,15955,8570,3722,3754.0,3722.0,3722.0,68.0,70.0,False,201508ddyw.tif,False,32.0,0.008597528210639442,19955,18570,fixed_coordinate_hypothesis_validation
1254,16119,8215,3532,3550.0,3532.0,3532.0,77.0,62.0,False,201508ddyw.tif,False,18.0,0.005096262740656852,20119,18215,fixed_coordinate_hypothesis_validation
1255,16201,8314,2187,2211.0,2187.0,2187.0,54.0,54.0,False,201508ddyw.tif,False,24.0,0.010973936899862825,20201,18314,fixed_coordinate_hypothesis_validation
1256,16239,7790,165,192.0,165.0,165.0,12.0,16.0,False,201508ddyw.tif,False,27.0,0.16363636363636364,20239,17790,fixed_coordinate_hypothesis_validation
1257,16274,7610,2197,2233.0,2197.0,2197.0,56.0,53.0,False,201508ddyw.tif,False,36.0,0.016385980883022302,20274,17610,fixed_coordinate_hypothesis_validation
1258,16325,9784,252,261.0,252.0,252.0,22.0,18.0,False,201508ddyw.tif,False,9.0,0.03571428571428571,20325,19784,fixed_coordinate_hypothesis_validation
1259,16347,9862,134,142.0,134.0,134.0,12.0,16.0,False,201508ddyw.tif,False,8.0,0.05970149253731343,20347,19862,fixed_coordinate_hypothesis_validation
1260,16355,7718,3283,3310.0,3283.0,3283.0,64.0,66.0,False,201508ddyw.tif,False,27.0,0.008224185196466647,20355,17718,fixed_coordinate_hypothesis_validation
1261,16365,7926,1445,1460.0,1445.0,1445.0,42.0,48.0,False,201508ddyw.tif,False,15.0,0.010380622837370242,20365,17926,fixed_coordinate_hypothesis_validation
1262,16675,11776,120,127.0,120.0,120.0,14.0,14.0,False,201508ddyw.tif,False,7.0,0.058333333333333334,20675,21776,fixed_coordinate_hypothesis_validation
1263,16995,9980,472,490.0,472.0,472.0,26.0,26.0,False,201508ddyw.tif,False,18.0,0.038135593220338986,20995,19980,fixed_coordinate_hypothesis_validation
103,3387,11115,3270,3297.0,3270.0,3270.0,67.0,66.0,False,20151017sp.tif,False,27.0,0.008256880733944955,7387,21115,fixed_coordinate_hypothesis_validation
108,3415,3630,14646,14655.0,14646.0,14646.0,132.0,150.0,False,20151017sp.tif,False,9.0,0.0006145022531749283,7415,13630,fixed_coordinate_hypothesis_validation
111,3479,4694,6422,6467.0,6422.0,6422.0,94.0,88.0,False,20151017sp.tif,False,45.0,0.007007162877608222,7479,14694,fixed_coordinate_hypothesis_validation
116,3611,6361,6929,6976.0,6929.0,6929.0,91.0,96.0,False,20151017sp.tif,False,47.0,0.006783085582335114,7611,16361,fixed_coordinate_hypothesis_validation
118,3569,3188,13030,13062.0,13030.0,13030.0,130.0,130.0,False,20151017sp.tif,False,32.0,0.0024558710667689945,7569,13188,fixed_coordinate_hypothesis_validation
123,3685,12373,2759,2779.0,2759.0,2759.0,60.0,57.0,False,20151017sp.tif,False,20.0,0.007249003262051468,7685,22373,fixed_coordinate_hypothesis_validation
124,3697,12880,17216,17244.0,17216.0,17216.0,152.0,158.0,False,20151017sp.tif,False,28.0,0.0016263940520446097,7697,22880,fixed_coordinate_hypothesis_validation
131,3813,7375,2344,2352.0,2344.0,2344.0,58.0,55.0,False,20151017sp.tif,False,8.0,0.0034129692832764505,7813,17375,fixed_coordinate_hypothesis_validation
144,3987,2918,8550,8572.0,8550.0,8550.0,116.0,96.0,False,20151017sp.tif,False,22.0,0.0025730994152046785,7987,12918,fixed_coordinate_hypothesis_validation
149,4045,2454,5541,5574.0,5541.0,5541.0,82.0,92.0,False,20151017sp.tif,False,33.0,0.005955603681645912,8045,12454,fixed_coordinate_hypothesis_validation
151,4093,6690,4202,4240.0,4202.0,4202.0,70.0,73.0,False,20151017sp.tif,False,38.0,0.009043312708234174,8093,16690,fixed_coordinate_hypothesis_validation
154,4081,2337,2182,2219.0,2182.0,2182.0,56.0,52.0,False,20151017sp.tif,False,37.0,0.01695692025664528,8081,12337,fixed_coordinate_hypothesis_validation
158,4217,7153,5579,5607.0,5579.0,5579.0,87.0,88.0,False,20151017sp.tif,False,28.0,0.005018820577164366,8217,17153,fixed_coordinate_hypothesis_validation
170,4403,4432,15953,16013.0,15953.0,15953.0,142.0,142.0,False,20151017sp.tif,False,60.0,0.003761048078731273,8403,14432,fixed_coordinate_hypothesis_validation
172,4422,3046,7557,7581.0,7557.0,7557.0,104.0,99.0,False,20151017sp.tif,False,24.0,0.0031758634378721714,8422,13046,fixed_coordinate_hypothesis_validation
175,4463,3362,18703,18752.0,18703.0,18703.0,172.0,154.0,False,20151017sp.tif,False,49.0,0.0026199005507137893,8463,13362,fixed_coordinate_hypothesis_validation
178,4556,8679,3204,3228.0,3204.0,3204.0,73.0,55.0,False,20151017sp.tif,False,24.0,0.00749063670411985,8556,18679,fixed_coordinate_hypothesis_validation
179,4533,3874,5500,5526.0,5500.0,5500.0,94.0,82.0,False,20151017sp.tif,False,26.0,0.0047272727272727275,8533,13874,fixed_coordinate_hypothesis_validation
180,4538,3726,6070,6098.0,6070.0,6070.0,92.0,92.0,False,20151017sp.tif,False,28.0,0.004612850082372323,8538,13726,fixed_coordinate_hypothesis_validation
203,4969,4260,10373,10421.0,10373.0,10373.0,114.0,116.0,False,20151017sp.tif,False,48.0,0.004627398052636652,8969,14260,fixed_coordinate_hypothesis_validation
204,5015,7262,8302,8326.0,8302.0,8302.0,112.0,100.0,False,20151017sp.tif,False,24.0,0.002890869669959046,9015,17262,fixed_coordinate_hypothesis_validation
243,5815,7662,4886,4926.0,4886.0,4886.0,86.0,76.0,False,20151017sp.tif,False,40.0,0.008186655751125664,9815,17662,fixed_coordinate_hypothesis_validation
253,6009,3596,17752,17804.0,17752.0,17752.0,144.0,152.0,False,20151017sp.tif,False,52.0,0.0029292474087426767,10009,13596,fixed_coordinate_hypothesis_validation
267,6301,3767,5121,5146.0,5121.0,5121.0,79.0,84.0,False,20151017sp.tif,False,25.0,0.004881859011911736,10301,13767,fixed_coordinate_hypothesis_validation
273,6680,9520,3359,3372.0,3359.0,3359.0,65.0,73.0,False,20151017sp.tif,False,13.0,0.003870199464126228,10680,19520,fixed_coordinate_hypothesis_validation
282,6989,3422,11811,11837.0,11811.0,11811.0,122.0,126.0,False,20151017sp.tif,False,26.0,0.0022013377360088054,10989,13422,fixed_coordinate_hypothesis_validation
285,7114,5912,18755,18774.0,18755.0,18755.0,166.0,152.0,False,20151017sp.tif,False,19.0,0.0010130631831511596,11114,15912,fixed_coordinate_hypothesis_validation
297,7507,8078,4870,4875.0,4870.0,4870.0,84.0,78.0,False,20151017sp.tif,False,5.0,0.001026694045174538,11507,18078,fixed_coordinate_hypothesis_validation
302,7682,6591,3168,3193.0,3168.0,3168.0,63.0,67.0,False,20151017sp.tif,False,25.0,0.007891414141414142,11682,16591,fixed_coordinate_hypothesis_validation
318,8318,7062,3663,3703.0,3663.0,3663.0,64.0,73.0,False,20151017sp.tif,False,40.0,0.01092001092001092,12318,17062,fixed_coordinate_hypothesis_validation
333,8627,7663,5756,5794.0,5756.0,5756.0,83.0,86.0,False,20151017sp.tif,False,38.0,0.00660180681028492,12627,17663,fixed_coordinate_hypothesis_validation
358,9157,6358,2200,2217.0,2200.0,2200.0,56.0,52.0,False,20151017sp.tif,False,17.0,0.007727272727272728,13157,16358,fixed_coordinate_hypothesis_validation
363,9223,7509,2982,2991.0,2982.0,2982.0,65.0,62.0,False,20151017sp.tif,False,9.0,0.0030181086519114686,13223,17509,fixed_coordinate_hypothesis_validation
369,9386,9400,5327,5348.0,5327.0,5327.0,88.0,81.0,False,20151017sp.tif,False,21.0,0.003942181340341655,13386,19400,fixed_coordinate_hypothesis_validation
384,9598,9310,4849,4904.0,4849.0,4849.0,84.0,76.0,False,20151017sp.tif,False,55.0,0.011342544854609197,13598,19310,fixed_coordinate_hypothesis_validation
446,10803,7408,2122,2156.0,2122.0,2122.0,54.0,52.0,False,20151017sp.tif,False,34.0,0.016022620169651274,14803,17408,fixed_coordinate_hypothesis_validation
461,11397,4742,7248,7276.0,7248.0,7248.0,104.0,96.0,False,20151017sp.tif,False,28.0,0.003863134657836645,15397,14742,fixed_coordinate_hypothesis_validation
470,11949,2743,5657,5668.0,5657.0,5657.0,85.0,90.0,False,20151017sp.tif,False,11.0,0.001944493547816864,15949,12743,fixed_coordinate_hypothesis_validation
476,12371,7790,20161,20211.0,20161.0,20161.0,160.0,166.0,False,20151017sp.tif,False,50.0,0.00248003571251426,16371,17790,fixed_coordinate_hypothesis_validation
477,12367,6352,19684,19726.0,19684.0,19684.0,166.0,150.0,False,20151017sp.tif,False,42.0,0.0021337126600284497,16367,16352,fixed_coordinate_hypothesis_validation
478,12411,3706,2375,2383.0,2375.0,2375.0,58.0,58.0,False,20151017sp.tif,False,8.0,0.003368421052631579,16411,13706,fixed_coordinate_hypothesis_validation
483,12730,7563,10513,10538.0,10513.0,10513.0,111.0,121.0,False,20151017sp.tif,False,25.0,0.0023780081803481405,16730,17563,fixed_coordinate_hypothesis_validation
484,12915,6566,13656,13692.0,13656.0,13656.0,136.0,134.0,False,20151017sp.tif,False,36.0,0.0026362038664323375,16915,16566,fixed_coordinate_hypothesis_validation
486,12963,6310,16565,16567.0,16565.0,16565.0,156.0,141.0,False,20151017sp.tif,False,2.0,0.00012073649260488983,16963,16310,fixed_coordinate_hypothesis_validation
488,13115,6800,16076,16091.0,16076.0,16076.0,151.0,138.0,False,20151017sp.tif,False,15.0,0.0009330679273451107,17115,16800,fixed_coordinate_hypothesis_validation
492,13495,5804,6826,6848.0,6826.0,6826.0,100.0,88.0,False,20151017sp.tif,False,22.0,0.0032229709932610606,17495,15804,fixed_coordinate_hypothesis_validation
497,13723,8644,7536,7576.0,7536.0,7536.0,108.0,90.0,False,20151017sp.tif,False,40.0,0.005307855626326964,17723,18644,fixed_coordinate_hypothesis_validation
498,13737,6256,10066,10108.0,10066.0,10066.0,118.0,110.0,False,20151017sp.tif,False,42.0,0.004172461752433936,17737,16256,fixed_coordinate_hypothesis_validation
505,13939,7786,3299,3308.0,3299.0,3299.0,64.0,68.0,False,20151017sp.tif,False,9.0,0.002728099424067899,17939,17786,fixed_coordinate_hypothesis_validation
512,14337,6432,2390,2415.0,2390.0,2390.0,60.0,53.0,False,20151017sp.tif,False,25.0,0.010460251046025104,18337,16432,fixed_coordinate_hypothesis_validation
517,14599,7856,5534,5560.0,5534.0,5534.0,98.0,80.0,False,20151017sp.tif,False,26.0,0.0046982291290206,18599,17856,fixed_coordinate_hypothesis_validation
521,14991,6768,4983,5019.0,4983.0,4983.0,78.0,80.0,False,20151017sp.tif,False,36.0,0.007224563515954244,18991,16768,fixed_coordinate_hypothesis_validation
522,14991,6768,4983,5019.0,4983.0,4983.0,78.0,80.0,False,20151017sp.tif,False,36.0,0.007224563515954244,18991,16768,fixed_coordinate_hypothesis_validation
524,15099,7874,8500,8532.0,8500.0,8500.0,116.0,100.0,False,20151017sp.tif,False,32.0,0.0037647058823529413,19099,17874,fixed_coordinate_hypothesis_validation
540,15779,8900,14438,14432.0,14422.0,14438.0,136.0,134.0,False,20151017sp.tif,False,-6.0,-0.000415570023548968,19779,18900,fixed_coordinate_hypothesis_validation
544,15908,8842,6068,6099.0,6068.0,6068.0,92.0,91.0,False,20151017sp.tif,False,31.0,0.005108767303889255,19908,18842,fixed_coordinate_hypothesis_validation
592,2957,8902,2754,2798.0,2754.0,2754.0,60.0,56.0,False,20151017sp.tif,False,44.0,0.01597676107480029,6957,18902,fixed_coordinate_hypothesis_validation
606,3149,7906,1028,1040.0,1028.0,1028.0,38.0,38.0,False,20151017sp.tif,False,12.0,0.011673151750972763,7149,17906,fixed_coordinate_hypothesis_validation
607,3181,8150,4148,4184.0,4148.0,4148.0,76.0,72.0,False,20151017sp.tif,False,36.0,0.008678881388621022,7181,18150,fixed_coordinate_hypothesis_validation
611,3225,6563,2363,2379.0,2363.0,2363.0,57.0,54.0,False,20151017sp.tif,False,16.0,0.006771053745239103,7225,16563,fixed_coordinate_hypothesis_validation
612,3213,8275,2001,2008.0,2001.0,2001.0,46.0,55.0,False,20151017sp.tif,False,7.0,0.0034982508745627187,7213,18275,fixed_coordinate_hypothesis_validation
615,3227,8022,3954,3972.0,3954.0,3954.0,80.0,72.0,False,20151017sp.tif,False,18.0,0.004552352048558422,7227,18022,fixed_coordinate_hypothesis_validation
616,3249,8489,3251,3269.0,3251.0,3251.0,67.0,67.0,False,20151017sp.tif,False,18.0,0.005536757920639803,7249,18489,fixed_coordinate_hypothesis_validation
622,3323,8236,2549,2569.0,2549.0,2549.0,60.0,62.0,False,20151017sp.tif,False,20.0,0.007846214201647704,7323,18236,fixed_coordinate_hypothesis_validation
628,3537,8042,1362,1372.0,1362.0,1362.0,46.0,42.0,False,20151017sp.tif,False,10.0,0.007342143906020558,7537,18042,fixed_coordinate_hypothesis_validation
635,3611,6361,6929,6976.0,6929.0,6929.0,91.0,96.0,False,20151017sp.tif,False,47.0,0.006783085582335114,7611,16361,fixed_coordinate_hypothesis_validation
636,3537,8042,1362,1372.0,1362.0,1362.0,46.0,42.0,False,20151017sp.tif,False,10.0,0.007342143906020558,7537,18042,fixed_coordinate_hypothesis_validation
640,3611,7830,2601,2625.0,2601.0,2601.0,58.0,58.0,False,20151017sp.tif,False,24.0,0.00922722029988466,7611,17830,fixed_coordinate_hypothesis_validation
641,3625,7588,2195,2209.0,2195.0,2195.0,54.0,54.0,False,20151017sp.tif,False,14.0,0.006378132118451025,7625,17588,fixed_coordinate_hypothesis_validation
642,3629,7695,1765,1785.0,1765.0,1765.0,53.0,44.0,False,20151017sp.tif,False,20.0,0.0113314447592068,7629,17695,fixed_coordinate_hypothesis_validation
646,3685,12373,2759,2779.0,2759.0,2759.0,60.0,57.0,False,20151017sp.tif,False,20.0,0.007249003262051468,7685,22373,fixed_coordinate_hypothesis_validation
648,3695,11512,2246,2274.0,2246.0,2246.0,56.0,54.0,False,20151017sp.tif,False,28.0,0.012466607301869992,7695,21512,fixed_coordinate_hypothesis_validation
653,3751,11458,1419,1441.0,1419.0,1419.0,42.0,41.0,False,20151017sp.tif,False,22.0,0.015503875968992248,7751,21458,fixed_coordinate_hypothesis_validation
656,3865,11130,3340,3384.0,3340.0,3340.0,72.0,64.0,False,20151017sp.tif,False,44.0,0.013173652694610778,7865,21130,fixed_coordinate_hypothesis_validation
662,3938,7296,3387,3393.0,3387.0,3387.0,68.0,69.0,False,20151017sp.tif,False,6.0,0.001771479185119575,7938,17296,fixed_coordinate_hypothesis_validation
664,3969,11870,4098,4128.0,4098.0,4098.0,80.0,68.0,False,20151017sp.tif,False,30.0,0.007320644216691069,7969,21870,fixed_coordinate_hypothesis_validation
668,3991,10672,3667,3695.0,3667.0,3667.0,74.0,66.0,False,20151017sp.tif,False,28.0,0.00763566948459231,7991,20672,fixed_coordinate_hypothesis_validation
669,3977,11046,1645,1655.0,1645.0,1645.0,48.0,47.0,False,20151017sp.tif,False,10.0,0.0060790273556231,7977,21046,fixed_coordinate_hypothesis_validation
672,4013,11094,2555,2564.0,2555.0,2555.0,64.0,52.0,False,20151017sp.tif,False,9.0,0.0035225048923679062,8013,21094,fixed_coordinate_hypothesis_validation
677,4079,10824,2276,2290.0,2276.0,2276.0,62.0,50.0,False,20151017sp.tif,False,14.0,0.006151142355008787,8079,20824,fixed_coordinate_hypothesis_validation
680,4085,8637,1340,1348.0,1340.0,1340.0,47.0,42.0,False,20151017sp.tif,False,8.0,0.005970149253731343,8085,18637,fixed_coordinate_hypothesis_validation
681,4101,7270,4102,4118.0,4102.0,4102.0,76.0,74.0,False,20151017sp.tif,False,16.0,0.0039005363237445147,8101,17270,fixed_coordinate_hypothesis_validation
684,4185,8040,955,981.0,955.0,955.0,38.0,32.0,False,20151017sp.tif,False,26.0,0.027225130890052355,8185,18040,fixed_coordinate_hypothesis_validation
692,4317,6480,3965,3975.0,3965.0,3965.0,74.0,73.0,False,20151017sp.tif,False,10.0,0.0025220680958385876,8317,16480,fixed_coordinate_hypothesis_validation
693,4303,8316,2180,2213.0,2180.0,2180.0,58.0,48.0,False,20151017sp.tif,False,33.0,0.015137614678899083,8303,18316,fixed_coordinate_hypothesis_validation
695,4349,10566,2341,2370.0,2341.0,2341.0,56.0,53.0,False,20151017sp.tif,False,29.0,0.012387868432293891,8349,20566,fixed_coordinate_hypothesis_validation
696,4439,6563,1274,1295.0,1274.0,1274.0,39.0,44.0,False,20151017sp.tif,False,21.0,0.016483516483516484,8439,16563,fixed_coordinate_hypothesis_validation
697,4363,8064,1875,1886.0,1875.0,1875.0,52.0,48.0,False,20151017sp.tif,False,11.0,0.005866666666666667,8363,18064,fixed_coordinate_hypothesis_validation
698,4407,6062,6064,6087.0,6064.0,6064.0,96.0,86.0,False,20151017sp.tif,False,23.0,0.0037928759894459104,8407,16062,fixed_coordinate_hypothesis_validation
700,4413,7658,3012,3028.0,3012.0,3012.0,66.0,60.0,False,20151017sp.tif,False,16.0,0.005312084993359893,8413,17658,fixed_coordinate_hypothesis_validation
701,4406,7934,2651,2686.0,2651.0,2651.0,60.0,56.0,False,20151017sp.tif,False,35.0,0.013202565069784986,8406,17934,fixed_coordinate_hypothesis_validation
703,4426,10150,2630,2657.0,2630.0,2630.0,64.0,55.0,False,20151017sp.tif,False,27.0,0.01026615969581749,8426,20150,fixed_coordinate_hypothesis_validation
704,4439,6563,1274,1295.0,1274.0,1274.0,39.0,44.0,False,20151017sp.tif,False,21.0,0.016483516483516484,8439,16563,fixed_coordinate_hypothesis_validation
706,4486,10278,3646,3676.0,3646.0,3646.0,68.0,75.0,False,20151017sp.tif,False,30.0,0.008228195282501372,8486,20278,fixed_coordinate_hypothesis_validation
707,4474,8052,3063,3082.0,3063.0,3063.0,64.0,63.0,False,20151017sp.tif,False,19.0,0.006203068886712374,8474,18052,fixed_coordinate_hypothesis_validation
709,4493,8770,3934,3959.0,3934.0,3934.0,74.0,72.0,False,20151017sp.tif,False,25.0,0.006354855109303508,8493,18770,fixed_coordinate_hypothesis_validation
714,4603,6558,926,939.0,926.0,926.0,34.0,38.0,False,20151017sp.tif,False,13.0,0.014038876889848811,8603,16558,fixed_coordinate_hypothesis_validation
715,4615,8290,1732,1748.0,1732.0,1732.0,46.0,48.0,False,20151017sp.tif,False,16.0,0.009237875288683603,8615,18290,fixed_coordinate_hypothesis_validation
717,4653,10142,2299,2318.0,2299.0,2299.0,56.0,56.0,False,20151017sp.tif,False,19.0,0.008264462809917356,8653,20142,fixed_coordinate_hypothesis_validation
719,4742,6241,2588,2602.0,2588.0,2588.0,59.0,59.0,False,20151017sp.tif,False,14.0,0.005409582689335394,8742,16241,fixed_coordinate_hypothesis_validation
722,4773,8336,1954,1965.0,1954.0,1954.0,50.0,54.0,False,20151017sp.tif,False,11.0,0.005629477993858751,8773,18336,fixed_coordinate_hypothesis_validation
723,4820,5725,3296,3336.0,3296.0,3296.0,73.0,58.0,False,20151017sp.tif,False,40.0,0.012135922330097087,8820,15725,fixed_coordinate_hypothesis_validation
727,4842,8196,1452,1497.0,1452.0,1452.0,38.0,47.0,False,20151017sp.tif,False,45.0,0.030991735537190084,8842,18196,fixed_coordinate_hypothesis_validation
728,4943,8299,770,799.0,770.0,770.0,33.0,30.0,False,20151017sp.tif,False,29.0,0.03766233766233766,8943,18299,fixed_coordinate_hypothesis_validation
731,4963,8102,2342,2357.0,2342.0,2342.0,56.0,59.0,False,20151017sp.tif,False,15.0,0.0064047822374039285,8963,18102,fixed_coordinate_hypothesis_validation
732,5005,10190,3378,3402.0,3378.0,3378.0,68.0,65.0,False,20151017sp.tif,False,24.0,0.007104795737122558,9005,20190,fixed_coordinate_hypothesis_validation
733,5010,8360,2226,2245.0,2226.0,2226.0,52.0,57.0,False,20151017sp.tif,False,19.0,0.008535489667565139,9010,18360,fixed_coordinate_hypothesis_validation
734,5019,9034,823,846.0,823.0,823.0,32.0,34.0,False,20151017sp.tif,False,23.0,0.027946537059538274,9019,19034,fixed_coordinate_hypothesis_validation
735,5075,9096,1100,1115.0,1100.0,1100.0,44.0,33.0,False,20151017sp.tif,False,15.0,0.013636363636363636,9075,19096,fixed_coordinate_hypothesis_validation
736,5087,10335,2172,2182.0,2172.0,2172.0,56.0,52.0,False,20151017sp.tif,False,10.0,0.004604051565377533,9087,20335,fixed_coordinate_hypothesis_validation
737,5107,4892,1912,1932.0,1912.0,1912.0,49.0,49.0,False,20151017sp.tif,False,20.0,0.010460251046025104,9107,14892,fixed_coordinate_hypothesis_validation
739,5097,9481,2861,2891.0,2861.0,2861.0,63.0,61.0,False,20151017sp.tif,False,30.0,0.01048584411045089,9097,19481,fixed_coordinate_hypothesis_validation
740,5195,9124,910,928.0,910.0,910.0,36.0,32.0,False,20151017sp.tif,False,18.0,0.01978021978021978,9195,19124,fixed_coordinate_hypothesis_validation
743,5191,6865,1841,1862.0,1841.0,1841.0,49.0,47.0,False,20151017sp.tif,False,21.0,0.011406844106463879,9191,16865,fixed_coordinate_hypothesis_validation
745,5195,9124,910,928.0,910.0,910.0,36.0,32.0,False,20151017sp.tif,False,18.0,0.01978021978021978,9195,19124,fixed_coordinate_hypothesis_validation
746,5222,8718,1884,1913.0,1884.0,1884.0,52.0,46.0,False,20151017sp.tif,False,29.0,0.015392781316348195,9222,18718,fixed_coordinate_hypothesis_validation
754,5289,10302,500,520.0,500.0,500.0,29.0,22.0,False,20151017sp.tif,False,20.0,0.04,9289,20302,fixed_coordinate_hypothesis_validation
755,5305,3084,1200,1218.0,1200.0,1200.0,40.0,40.0,False,20151017sp.tif,False,18.0,0.015,9305,13084,fixed_coordinate_hypothesis_validation
758,5333,6357,1805,1825.0,1805.0,1805.0,55.0,44.0,False,20151017sp.tif,False,20.0,0.0110803324099723,9333,16357,fixed_coordinate_hypothesis_validation
759,5345,9872,1354,1366.0,1354.0,1354.0,44.0,42.0,False,20151017sp.tif,False,12.0,0.008862629246676515,9345,19872,fixed_coordinate_hypothesis_validation
766,5527,12395,2129,2146.0,2129.0,2129.0,59.0,45.0,False,20151017sp.tif,False,17.0,0.007984969469234382,9527,22395,fixed_coordinate_hypothesis_validation
769,5561,8912,4327,4362.0,4327.0,4327.0,76.0,72.0,False,20151017sp.tif,False,35.0,0.008088745088976196,9561,18912,fixed_coordinate_hypothesis_validation
770,5627,10202,1446,1473.0,1446.0,1446.0,46.0,40.0,False,20151017sp.tif,False,27.0,0.01867219917012448,9627,20202,fixed_coordinate_hypothesis_validation
773,5685,9748,1313,1324.0,1313.0,1313.0,42.0,44.0,False,20151017sp.tif,False,11.0,0.008377760853008377,9685,19748,fixed_coordinate_hypothesis_validation
774,5693,7564,1824,1847.0,1824.0,1824.0,50.0,48.0,False,20151017sp.tif,False,23.0,0.012609649122807017,9693,17564,fixed_coordinate_hypothesis_validation
775,5721,5824,1950,1961.0,1950.0,1950.0,50.0,54.0,False,20151017sp.tif,False,11.0,0.0056410256410256415,9721,15824,fixed_coordinate_hypothesis_validation
776,5710,10538,5058,5092.0,5058.0,5058.0,80.0,79.0,False,20151017sp.tif,False,34.0,0.006722024515618822,9710,20538,fixed_coordinate_hypothesis_validation
777,5733,5098,2335,2354.0,2335.0,2335.0,56.0,54.0,False,20151017sp.tif,False,19.0,0.008137044967880086,9733,15098,fixed_coordinate_hypothesis_validation
779,5763,10981,1475,1503.0,1475.0,1475.0,41.0,48.0,False,20151017sp.tif,False,28.0,0.018983050847457626,9763,20981,fixed_coordinate_hypothesis_validation
781,5787,5020,1581,1596.0,1581.0,1581.0,48.0,46.0,False,20151017sp.tif,False,15.0,0.009487666034155597,9787,15020,fixed_coordinate_hypothesis_validation
783,5787,9018,2322,2339.0,2322.0,2322.0,58.0,52.0,False,20151017sp.tif,False,17.0,0.007321274763135229,9787,19018,fixed_coordinate_hypothesis_validation
785,5839,10103,1078,1109.0,1078.0,1078.0,39.0,36.0,False,20151017sp.tif,False,31.0,0.0287569573283859,9839,20103,fixed_coordinate_hypothesis_validation
786,5854,11350,1575,1579.0,1575.0,1575.0,50.0,45.0,False,20151017sp.tif,False,4.0,0.0025396825396825397,9854,21350,fixed_coordinate_hypothesis_validation
792,5954,10942,2815,2831.0,2815.0,2815.0,61.0,61.0,False,20151017sp.tif,False,16.0,0.005683836589698046,9954,20942,fixed_coordinate_hypothesis_validation
799,6047,9488,5254,5276.0,5254.0,5254.0,88.0,84.0,False,20151017sp.tif,False,22.0,0.004187285877426722,10047,19488,fixed_coordinate_hypothesis_validation
800,6099,12230,2675,2690.0,2675.0,2675.0,62.0,58.0,False,20151017sp.tif,False,15.0,0.005607476635514018,10099,22230,fixed_coordinate_hypothesis_validation
802,6127,8821,1628,1657.0,1628.0,1628.0,51.0,46.0,False,20151017sp.tif,False,29.0,0.017813267813267815,10127,18821,fixed_coordinate_hypothesis_validation
808,6350,9978,2879,2904.0,2879.0,2879.0,64.0,65.0,False,20151017sp.tif,False,25.0,0.00868357068426537,10350,19978,fixed_coordinate_hypothesis_validation
810,6469,7983,1258,1285.0,1258.0,1258.0,43.0,37.0,False,20151017sp.tif,False,27.0,0.021462639109697933,10469,17983,fixed_coordinate_hypothesis_validation
812,6497,7408,547,559.0,547.0,547.0,31.0,24.0,False,20151017sp.tif,False,12.0,0.021937842778793418,10497,17408,fixed_coordinate_hypothesis_validation
813,6493,3674,3793,3809.0,3793.0,3793.0,72.0,70.0,False,20151017sp.tif,False,16.0,0.004218296862641709,10493,13674,fixed_coordinate_hypothesis_validation
814,6507,8522,2376,2396.0,2376.0,2376.0,59.0,54.0,False,20151017sp.tif,False,20.0,0.008417508417508417,10507,18522,fixed_coordinate_hypothesis_validation
815,6542,7458,5213,5217.0,5213.0,5213.0,87.0,81.0,False,20151017sp.tif,False,4.0,0.0007673124880107424,10542,17458,fixed_coordinate_hypothesis_validation
816,6537,10820,988,1004.0,988.0,988.0,38.0,36.0,False,20151017sp.tif,False,16.0,0.016194331983805668,10537,20820,fixed_coordinate_hypothesis_validation
817,6533,9519,2659,2686.0,2659.0,2659.0,63.0,58.0,False,20151017sp.tif,False,27.0,0.010154193305754042,10533,19519,fixed_coordinate_hypothesis_validation
818,6529,10150,2814,2842.0,2814.0,2814.0,66.0,60.0,False,20151017sp.tif,False,28.0,0.009950248756218905,10529,20150,fixed_coordinate_hypothesis_validation
820,6587,10590,1719,1734.0,1719.0,1719.0,52.0,46.0,False,20151017sp.tif,False,15.0,0.008726003490401396,10587,20590,fixed_coordinate_hypothesis_validation
825,6693,8686,3756,3783.0,3756.0,3756.0,68.0,73.0,False,20151017sp.tif,False,27.0,0.00718849840255591,10693,18686,fixed_coordinate_hypothesis_validation
826,6697,7494,1352,1368.0,1352.0,1352.0,44.0,44.0,False,20151017sp.tif,False,16.0,0.011834319526627219,10697,17494,fixed_coordinate_hypothesis_validation
827,6697,9115,1224,1235.0,1224.0,1224.0,41.0,39.0,False,20151017sp.tif,False,11.0,0.008986928104575163,10697,19115,fixed_coordinate_hypothesis_validation
828,6677,10113,1323,1343.0,1323.0,1323.0,46.0,41.0,False,20151017sp.tif,False,20.0,0.015117157974300832,10677,20113,fixed_coordinate_hypothesis_validation
830,6721,8452,1736,1753.0,1736.0,1736.0,50.0,50.0,False,20151017sp.tif,False,17.0,0.009792626728110598,10721,18452,fixed_coordinate_hypothesis_validation
839,6781,11294,2406,2427.0,2406.0,2406.0,64.0,54.0,False,20151017sp.tif,False,21.0,0.008728179551122194,10781,21294,fixed_coordinate_hypothesis_validation
843,6831,3470,1991,2007.0,1991.0,1991.0,53.0,48.0,False,20151017sp.tif,False,16.0,0.00803616273229533,10831,13470,fixed_coordinate_hypothesis_validation
846,6853,7400,2426,2451.0,2426.0,2426.0,53.0,57.0,False,20151017sp.tif,False,25.0,0.010305028854080791,10853,17400,fixed_coordinate_hypothesis_validation
849,6941,4630,1825,1845.0,1825.0,1825.0,50.0,48.0,False,20151017sp.tif,False,20.0,0.010958904109589041,10941,14630,fixed_coordinate_hypothesis_validation
851,6994,5402,3902,3914.0,3902.0,3902.0,76.0,71.0,False,20151017sp.tif,False,12.0,0.0030753459764223477,10994,15402,fixed_coordinate_hypothesis_validation
863,7249,8500,6750,6781.0,6750.0,6750.0,98.0,92.0,False,20151017sp.tif,False,31.0,0.0045925925925925926,11249,18500,fixed_coordinate_hypothesis_validation
869,7466,4316,4299,4326.0,4299.0,4299.0,78.0,75.0,False,20151017sp.tif,False,27.0,0.00628053035589672,11466,14316,fixed_coordinate_hypothesis_validation
870,7459,11260,845,859.0,845.0,845.0,34.0,32.0,False,20151017sp.tif,False,14.0,0.016568047337278107,11459,21260,fixed_coordinate_hypothesis_validation
871,7487,5766,4376,4397.0,4376.0,4376.0,80.0,76.0,False,20151017sp.tif,False,21.0,0.0047989031078610606,11487,15766,fixed_coordinate_hypothesis_validation
872,7505,7191,918,924.0,918.0,918.0,39.0,35.0,False,20151017sp.tif,False,6.0,0.006535947712418301,11505,17191,fixed_coordinate_hypothesis_validation
873,7487,9845,1657,1671.0,1657.0,1657.0,45.0,48.0,False,20151017sp.tif,False,14.0,0.008449004224502113,11487,19845,fixed_coordinate_hypothesis_validation
874,7529,6629,2038,2060.0,2038.0,2038.0,55.0,49.0,False,20151017sp.tif,False,22.0,0.010794896957801767,11529,16629,fixed_coordinate_hypothesis_validation
877,7531,5886,4506,4550.0,4506.0,4506.0,76.0,76.0,False,20151017sp.tif,False,44.0,0.009764758100310697,11531,15886,fixed_coordinate_hypothesis_validation
881,7607,6494,3333,3342.0,3333.0,3333.0,68.0,64.0,False,20151017sp.tif,False,9.0,0.0027002700270027003,11607,16494,fixed_coordinate_hypothesis_validation
882,7606,7131,1751,1761.0,1751.0,1751.0,51.0,45.0,False,20151017sp.tif,False,10.0,0.0057110222729868645,11606,17131,fixed_coordinate_hypothesis_validation
885,7709,7214,1783,1797.0,1783.0,1783.0,48.0,46.0,False,20151017sp.tif,False,14.0,0.007851934941110488,11709,17214,fixed_coordinate_hypothesis_validation
886,7705,5344,1525,1538.0,1525.0,1525.0,46.0,45.0,False,20151017sp.tif,False,13.0,0.008524590163934427,11705,15344,fixed_coordinate_hypothesis_validation
887,7705,10381,993,1002.0,993.0,993.0,43.0,31.0,False,20151017sp.tif,False,9.0,0.00906344410876133,11705,20381,fixed_coordinate_hypothesis_validation
888,7719,10454,3172,3200.0,3172.0,3172.0,68.0,63.0,False,20151017sp.tif,False,28.0,0.008827238335435058,11719,20454,fixed_coordinate_hypothesis_validation
889,7754,8038,2524,2543.0,2524.0,2524.0,59.0,55.0,False,20151017sp.tif,False,19.0,0.007527733755942948,11754,18038,fixed_coordinate_hypothesis_validation
890,7763,7578,2902,2921.0,2902.0,2902.0,62.0,59.0,False,20151017sp.tif,False,19.0,0.006547208821502412,11763,17578,fixed_coordinate_hypothesis_validation
891,7757,5406,1417,1421.0,1417.0,1417.0,47.0,40.0,False,20151017sp.tif,False,4.0,0.0028228652081863093,11757,15406,fixed_coordinate_hypothesis_validation
892,7767,7282,4385,4410.0,4385.0,4385.0,80.0,74.0,False,20151017sp.tif,False,25.0,0.005701254275940707,11767,17282,fixed_coordinate_hypothesis_validation
893,7767,11350,1437,1452.0,1437.0,1437.0,44.0,46.0,False,20151017sp.tif,False,15.0,0.010438413361169102,11767,21350,fixed_coordinate_hypothesis_validation
895,7803,4826,2221,2243.0,2221.0,2221.0,56.0,52.0,False,20151017sp.tif,False,22.0,0.00990544799639802,11803,14826,fixed_coordinate_hypothesis_validation
896,7831,6777,2299,2311.0,2299.0,2299.0,57.0,58.0,False,20151017sp.tif,False,12.0,0.005219660722053067,11831,16777,fixed_coordinate_hypothesis_validation
897,7827,4396,2611,2629.0,2611.0,2611.0,59.0,57.0,False,20151017sp.tif,False,18.0,0.0068939103791650705,11827,14396,fixed_coordinate_hypothesis_validation
902,7881,11198,1945,1974.0,1945.0,1945.0,52.0,48.0,False,20151017sp.tif,False,29.0,0.014910025706940874,11881,21198,fixed_coordinate_hypothesis_validation
903,7901,4996,3096,3133.0,3096.0,3096.0,64.0,62.0,False,20151017sp.tif,False,37.0,0.011950904392764857,11901,14996,fixed_coordinate_hypothesis_validation
904,7902,7130,4851,4881.0,4851.0,4851.0,82.0,79.0,False,20151017sp.tif,False,30.0,0.006184291898577613,11902,17130,fixed_coordinate_hypothesis_validation
908,7937,6609,2334,2357.0,2334.0,2334.0,57.0,54.0,False,20151017sp.tif,False,23.0,0.00985432733504713,11937,16609,fixed_coordinate_hypothesis_validation
910,7941,10049,1571,1597.0,1571.0,1571.0,47.0,42.0,False,20151017sp.tif,False,26.0,0.016549968173138127,11941,20049,fixed_coordinate_hypothesis_validation
912,7961,7754,5541,5567.0,5541.0,5541.0,90.0,80.0,False,20151017sp.tif,False,26.0,0.004692293809781628,11961,17754,fixed_coordinate_hypothesis_validation
913,7986,4830,3684,3704.0,3684.0,3684.0,76.0,65.0,False,20151017sp.tif,False,20.0,0.0054288816503800215,11986,14830,fixed_coordinate_hypothesis_validation
914,7983,11148,2685,2709.0,2685.0,2685.0,66.0,59.0,False,20151017sp.tif,False,24.0,0.008938547486033519,11983,21148,fixed_coordinate_hypothesis_validation
919,8057,11430,2320,2336.0,2320.0,2320.0,59.0,53.0,False,20151017sp.tif,False,16.0,0.006896551724137931,12057,21430,fixed_coordinate_hypothesis_validation
920,8079,6482,3637,3658.0,3637.0,3637.0,70.0,70.0,False,20151017sp.tif,False,21.0,0.00577398955182843,12079,16482,fixed_coordinate_hypothesis_validation
934,8268,6096,1937,1978.0,1937.0,1937.0,50.0,50.0,False,20151017sp.tif,False,41.0,0.021166752710376872,12268,16096,fixed_coordinate_hypothesis_validation
936,8308,11145,746,750.0,746.0,746.0,35.0,30.0,False,20151017sp.tif,False,4.0,0.005361930294906166,12308,21145,fixed_coordinate_hypothesis_validation
938,8345,8841,1006,1022.0,1006.0,1006.0,39.0,34.0,False,20151017sp.tif,False,16.0,0.015904572564612324,12345,18841,fixed_coordinate_hypothesis_validation
939,8389,6878,2720,2730.0,2720.0,2720.0,60.0,58.0,False,20151017sp.tif,False,10.0,0.003676470588235294,12389,16878,fixed_coordinate_hypothesis_validation
940,8407,7222,2354,2395.0,2354.0,2354.0,58.0,53.0,False,20151017sp.tif,False,41.0,0.017417162276975363,12407,17222,fixed_coordinate_hypothesis_validation
945,8483,9060,4132,4160.0,4132.0,4132.0,66.0,80.0,False,20151017sp.tif,False,28.0,0.006776379477250726,12483,19060,fixed_coordinate_hypothesis_validation
947,8473,10624,887,899.0,887.0,887.0,35.0,33.0,False,20151017sp.tif,False,12.0,0.013528748590755355,12473,20624,fixed_coordinate_hypothesis_validation
950,8524,5579,1864,1880.0,1864.0,1864.0,51.0,52.0,False,20151017sp.tif,False,16.0,0.008583690987124463,12524,15579,fixed_coordinate_hypothesis_validation
955,8623,5696,1622,1654.0,1622.0,1622.0,46.0,49.0,False,20151017sp.tif,False,32.0,0.01972872996300863,12623,15696,fixed_coordinate_hypothesis_validation
957,8635,6846,3370,3393.0,3370.0,3370.0,68.0,68.0,False,20151017sp.tif,False,23.0,0.006824925816023739,12635,16846,fixed_coordinate_hypothesis_validation
958,8657,10883,2025,2057.0,2025.0,2025.0,53.0,50.0,False,20151017sp.tif,False,32.0,0.01580246913580247,12657,20883,fixed_coordinate_hypothesis_validation
969,8819,6918,3894,3927.0,3894.0,3894.0,74.0,70.0,False,20151017sp.tif,False,33.0,0.00847457627118644,12819,16918,fixed_coordinate_hypothesis_validation
970,8819,9290,2589,2631.0,2589.0,2589.0,60.0,58.0,False,20151017sp.tif,False,42.0,0.016222479721900347,12819,19290,fixed_coordinate_hypothesis_validation
971,8854,8526,4812,4820.0,4812.0,4812.0,88.0,72.0,False,20151017sp.tif,False,8.0,0.0016625103906899418,12854,18526,fixed_coordinate_hypothesis_validation
976,8906,7650,2952,2992.0,2952.0,2952.0,62.0,59.0,False,20151017sp.tif,False,40.0,0.013550135501355014,12906,17650,fixed_coordinate_hypothesis_validation
978,8913,6818,2093,2110.0,2093.0,2093.0,52.0,54.0,False,20151017sp.tif,False,17.0,0.008122312470138558,12913,16818,fixed_coordinate_hypothesis_validation
981,8979,7468,3013,3020.0,3013.0,3013.0,68.0,62.0,False,20151017sp.tif,False,7.0,0.0023232658479920344,12979,17468,fixed_coordinate_hypothesis_validation
982,9017,6374,1249,1254.0,1249.0,1249.0,40.0,44.0,False,20151017sp.tif,False,5.0,0.0040032025620496394,13017,16374,fixed_coordinate_hypothesis_validation
983,9043,7626,2926,2941.0,2926.0,2926.0,62.0,62.0,False,20151017sp.tif,False,15.0,0.005126452494873548,13043,17626,fixed_coordinate_hypothesis_validation
987,9095,5645,1259,1285.0,1259.0,1259.0,41.0,40.0,False,20151017sp.tif,False,26.0,0.020651310563939634,13095,15645,fixed_coordinate_hypothesis_validation
990,9204,6718,2057,2076.0,2057.0,2057.0,52.0,54.0,False,20151017sp.tif,False,19.0,0.009236752552260573,13204,16718,fixed_coordinate_hypothesis_validation
995,9223,7509,2982,2991.0,2982.0,2982.0,65.0,62.0,False,20151017sp.tif,False,9.0,0.0030181086519114686,13223,17509,fixed_coordinate_hypothesis_validation
996,9237,6182,2430,2455.0,2430.0,2430.0,57.0,57.0,False,20151017sp.tif,False,25.0,0.0102880658436214,13237,16182,fixed_coordinate_hypothesis_validation
998,9266,14214,20912,20930.0,20912.0,20912.0,154.0,171.0,False,20151017sp.tif,False,18.0,0.0008607498087222647,13266,24214,fixed_coordinate_hypothesis_validation
1002,9358,7975,1481,1493.0,1481.0,1481.0,41.0,48.0,False,20151017sp.tif,False,12.0,0.008102633355840648,13358,17975,fixed_coordinate_hypothesis_validation
1007,9451,5751,1303,1311.0,1303.0,1303.0,43.0,40.0,False,20151017sp.tif,False,8.0,0.0061396776669224865,13451,15751,fixed_coordinate_hypothesis_validation
1008,9489,7529,1222,1232.0,1222.0,1222.0,45.0,36.0,False,20151017sp.tif,False,10.0,0.008183306055646482,13489,17529,fixed_coordinate_hypothesis_validation
1010,9489,7529,1222,1232.0,1222.0,1222.0,45.0,36.0,False,20151017sp.tif,False,10.0,0.008183306055646482,13489,17529,fixed_coordinate_hypothesis_validation
1012,9558,6677,3228,3253.0,3228.0,3228.0,69.0,63.0,False,20151017sp.tif,False,25.0,0.007744733581164808,13558,16677,fixed_coordinate_hypothesis_validation
1018,9625,5651,1661,1672.0,1661.0,1661.0,51.0,46.0,False,20151017sp.tif,False,11.0,0.006622516556291391,13625,15651,fixed_coordinate_hypothesis_validation
1026,9793,5749,1072,1089.0,1072.0,1072.0,41.0,38.0,False,20151017sp.tif,False,17.0,0.01585820895522388,13793,15749,fixed_coordinate_hypothesis_validation
1028,9833,6394,1354,1361.0,1354.0,1354.0,45.0,43.0,False,20151017sp.tif,False,7.0,0.0051698670605613,13833,16394,fixed_coordinate_hypothesis_validation
1029,9827,8006,3244,3264.0,3244.0,3244.0,72.0,64.0,False,20151017sp.tif,False,20.0,0.006165228113440197,13827,18006,fixed_coordinate_hypothesis_validation
1033,9913,6558,2723,2741.0,2723.0,2723.0,62.0,60.0,False,20151017sp.tif,False,18.0,0.006610356224752111,13913,16558,fixed_coordinate_hypothesis_validation
1075,10709,4666,5359,5390.0,5359.0,5359.0,92.0,77.0,False,20151017sp.tif,False,31.0,0.005784661317409965,14709,14666,fixed_coordinate_hypothesis_validation
1080,10755,7231,2286,2303.0,2286.0,2286.0,54.0,54.0,False,20151017sp.tif,False,17.0,0.0074365704286964126,14755,17231,fixed_coordinate_hypothesis_validation
1082,10803,7408,2122,2156.0,2122.0,2122.0,54.0,52.0,False,20151017sp.tif,False,34.0,0.016022620169651274,14803,17408,fixed_coordinate_hypothesis_validation
1096,11145,5590,1510,1530.0,1510.0,1510.0,42.0,44.0,False,20151017sp.tif,False,20.0,0.013245033112582781,15145,15590,fixed_coordinate_hypothesis_validation
1097,11074,4354,1528,1552.0,1528.0,1528.0,44.0,43.0,False,20151017sp.tif,False,24.0,0.015706806282722512,15074,14354,fixed_coordinate_hypothesis_validation
1108,11595,4866,4077,4105.0,4077.0,4077.0,76.0,74.0,False,20151017sp.tif,False,28.0,0.006867794947265146,15595,14866,fixed_coordinate_hypothesis_validation
1109,11613,6550,2024,2058.0,2024.0,2024.0,48.0,53.0,False,20151017sp.tif,False,34.0,0.016798418972332016,15613,16550,fixed_coordinate_hypothesis_validation
1112,11791,4477,2437,2466.0,2437.0,2437.0,61.0,51.0,False,20151017sp.tif,False,29.0,0.011899876897825195,15791,14477,fixed_coordinate_hypothesis_validation
1116,11791,4477,2437,2466.0,2437.0,2437.0,61.0,51.0,False,20151017sp.tif,False,29.0,0.011899876897825195,15791,14477,fixed_coordinate_hypothesis_validation
1118,11875,5534,3923,3941.0,3923.0,3923.0,77.0,70.0,False,20151017sp.tif,False,18.0,0.004588325261279633,15875,15534,fixed_coordinate_hypothesis_validation
1127,12105,6634,5828,5844.0,5828.0,5828.0,92.0,86.0,False,20151017sp.tif,False,16.0,0.002745367192862045,16105,16634,fixed_coordinate_hypothesis_validation
1128,12097,4254,851,870.0,851.0,851.0,36.0,31.0,False,20151017sp.tif,False,19.0,0.022326674500587545,16097,14254,fixed_coordinate_hypothesis_validation
1129,12127,3940,4166,4187.0,4166.0,4166.0,70.0,80.0,False,20151017sp.tif,False,21.0,0.005040806529044647,16127,13940,fixed_coordinate_hypothesis_validation
1130,12155,7036,4614,4640.0,4614.0,4614.0,82.0,80.0,False,20151017sp.tif,False,26.0,0.005635023840485479,16155,17036,fixed_coordinate_hypothesis_validation
1133,12171,4872,3145,3158.0,3145.0,3145.0,65.0,63.0,False,20151017sp.tif,False,13.0,0.004133545310015898,16171,14872,fixed_coordinate_hypothesis_validation
1137,12246,5002,2144,2162.0,2144.0,2144.0,60.0,53.0,False,20151017sp.tif,False,18.0,0.008395522388059701,16246,15002,fixed_coordinate_hypothesis_validation
1140,12323,7118,3426,3460.0,3426.0,3426.0,68.0,64.0,False,20151017sp.tif,False,34.0,0.0099241097489784,16323,17118,fixed_coordinate_hypothesis_validation
1142,12335,5196,2360,2363.0,2360.0,2360.0,55.0,56.0,False,20151017sp.tif,False,3.0,0.001271186440677966,16335,15196,fixed_coordinate_hypothesis_validation
1145,12411,3706,2375,2383.0,2375.0,2375.0,58.0,58.0,False,20151017sp.tif,False,8.0,0.003368421052631579,16411,13706,fixed_coordinate_hypothesis_validation
1146,12435,5332,1055,1065.0,1055.0,1055.0,40.0,39.0,False,20151017sp.tif,False,10.0,0.009478672985781991,16435,15332,fixed_coordinate_hypothesis_validation
1151,12489,4227,1855,1873.0,1855.0,1855.0,51.0,46.0,False,20151017sp.tif,False,18.0,0.009703504043126684,16489,14227,fixed_coordinate_hypothesis_validation
1152,12519,4476,709,719.0,709.0,709.0,30.0,33.0,False,20151017sp.tif,False,10.0,0.014104372355430184,16519,14476,fixed_coordinate_hypothesis_validation
1154,12563,4512,1652,1665.0,1652.0,1652.0,47.0,47.0,False,20151017sp.tif,False,13.0,0.007869249394673124,16563,14512,fixed_coordinate_hypothesis_validation
1155,12631,5458,1186,1220.0,1186.0,1186.0,42.0,34.0,False,20151017sp.tif,False,34.0,0.02866779089376054,16631,15458,fixed_coordinate_hypothesis_validation
1158,12670,7899,2929,2949.0,2929.0,2929.0,64.0,61.0,False,20151017sp.tif,False,20.0,0.006828269033799932,16670,17899,fixed_coordinate_hypothesis_validation
1159,12751,7838,1623,1633.0,1623.0,1623.0,45.0,47.0,False,20151017sp.tif,False,10.0,0.0061614294516327784,16751,17838,fixed_coordinate_hypothesis_validation
1162,12791,5057,828,837.0,828.0,828.0,35.0,36.0,False,20151017sp.tif,False,9.0,0.010869565217391304,16791,15057,fixed_coordinate_hypothesis_validation
1164,12807,8297,1583,1600.0,1583.0,1583.0,46.0,45.0,False,20151017sp.tif,False,17.0,0.010739102969046115,16807,18297,fixed_coordinate_hypothesis_validation
1165,12842,5498,2038,2058.0,2038.0,2038.0,56.0,48.0,False,20151017sp.tif,False,20.0,0.009813542688910697,16842,15498,fixed_coordinate_hypothesis_validation
1168,12903,7966,3752,3792.0,3752.0,3752.0,78.0,60.0,False,20151017sp.tif,False,40.0,0.010660980810234541,16903,17966,fixed_coordinate_hypothesis_validation
1169,12923,7644,3600,3612.0,3600.0,3600.0,77.0,62.0,False,20151017sp.tif,False,12.0,0.0033333333333333335,16923,17644,fixed_coordinate_hypothesis_validation
1171,12977,4954,1326,1340.0,1326.0,1326.0,41.0,40.0,False,20151017sp.tif,False,14.0,0.010558069381598794,16977,14954,fixed_coordinate_hypothesis_validation
1175,13059,5882,3750,3796.0,3750.0,3750.0,72.0,66.0,False,20151017sp.tif,False,46.0,0.012266666666666667,17059,15882,fixed_coordinate_hypothesis_validation
1177,13099,5184,1904,1924.0,1904.0,1904.0,54.0,48.0,False,20151017sp.tif,False,20.0,0.01050420168067227,17099,15184,fixed_coordinate_hypothesis_validation
1179,13111,9694,2712,2736.0,2712.0,2712.0,60.0,64.0,False,20151017sp.tif,False,24.0,0.008849557522123894,17111,19694,fixed_coordinate_hypothesis_validation
1182,13223,9774,3018,3032.0,3018.0,3018.0,68.0,60.0,False,20151017sp.tif,False,14.0,0.004638833664678595,17223,19774,fixed_coordinate_hypothesis_validation
1185,13339,7870,3922,3972.0,3922.0,3922.0,70.0,72.0,False,20151017sp.tif,False,50.0,0.012748597654258032,17339,17870,fixed_coordinate_hypothesis_validation
1186,13369,5817,2931,2965.0,2931.0,2931.0,61.0,60.0,False,20151017sp.tif,False,34.0,0.01160013647219379,17369,15817,fixed_coordinate_hypothesis_validation
1187,13383,4729,2019,2048.0,2019.0,2019.0,51.0,48.0,False,20151017sp.tif,False,29.0,0.014363546310054482,17383,14729,fixed_coordinate_hypothesis_validation
1190,13423,7230,4512,4528.0,4512.0,4512.0,72.0,84.0,False,20151017sp.tif,False,16.0,0.0035460992907801418,17423,17230,fixed_coordinate_hypothesis_validation
1192,13469,5566,2214,2235.0,2214.0,2214.0,58.0,50.0,False,20151017sp.tif,False,21.0,0.009485094850948509,17469,15566,fixed_coordinate_hypothesis_validation
1193,13481,5662,3432,3446.0,3432.0,3432.0,70.0,66.0,False,20151017sp.tif,False,14.0,0.004079254079254079,17481,15662,fixed_coordinate_hypothesis_validation
1195,13523,5482,2032,2043.0,2032.0,2032.0,55.0,50.0,False,20151017sp.tif,False,11.0,0.0054133858267716535,17523,15482,fixed_coordinate_hypothesis_validation
1196,13559,8374,1234,1244.0,1234.0,1234.0,46.0,34.0,False,20151017sp.tif,False,10.0,0.008103727714748784,17559,18374,fixed_coordinate_hypothesis_validation
1199,13599,6730,5481,5509.0,5481.0,5481.0,90.0,86.0,False,20151017sp.tif,False,28.0,0.005108556832694764,17599,16730,fixed_coordinate_hypothesis_validation
1201,13679,8328,11055,11083.0,11055.0,11055.0,123.0,124.0,False,20151017sp.tif,False,28.0,0.002532790592492085,17679,18328,fixed_coordinate_hypothesis_validation
1204,13744,6638,1328,1333.0,1328.0,1328.0,42.0,43.0,False,20151017sp.tif,False,5.0,0.0037650602409638554,17744,16638,fixed_coordinate_hypothesis_validation
1206,13743,6910,3053,3088.0,3052.0,3053.0,68.0,60.0,False,20151017sp.tif,False,35.0,0.011464133639043564,17743,16910,fixed_coordinate_hypothesis_validation
1216,13951,8862,4866,4896.0,4866.0,4866.0,86.0,74.0,False,20151017sp.tif,False,30.0,0.006165228113440197,17951,18862,fixed_coordinate_hypothesis_validation
1217,13971,6062,2017,2029.0,2017.0,2017.0,51.0,52.0,False,20151017sp.tif,False,12.0,0.005949429846306396,17971,16062,fixed_coordinate_hypothesis_validation
1218,13991,9158,1856,1864.0,1856.0,1856.0,52.0,50.0,False,20151017sp.tif,False,8.0,0.004310344827586207,17991,19158,fixed_coordinate_hypothesis_validation
1223,14055,6998,718,727.0,718.0,718.0,28.0,36.0,False,20151017sp.tif,False,9.0,0.012534818941504178,18055,16998,fixed_coordinate_hypothesis_validation
1226,14147,9256,2656,2696.0,2656.0,2656.0,58.0,58.0,False,20151017sp.tif,False,40.0,0.015060240963855422,18147,19256,fixed_coordinate_hypothesis_validation
1227,14151,8434,2380,2416.0,2380.0,2380.0,56.0,52.0,False,20151017sp.tif,False,36.0,0.015126050420168067,18151,18434,fixed_coordinate_hypothesis_validation
1229,14327,9280,2127,2151.0,2127.0,2127.0,54.0,54.0,False,20151017sp.tif,False,24.0,0.011283497884344146,18327,19280,fixed_coordinate_hypothesis_validation
1232,14591,6534,7651,7693.0,7651.0,7651.0,102.0,96.0,False,20151017sp.tif,False,42.0,0.0054894784995425435,18591,16534,fixed_coordinate_hypothesis_validation
1234,14659,9026,15080,15120.0,15080.0,15080.0,146.0,142.0,False,20151017sp.tif,False,40.0,0.002652519893899204,18659,19026,fixed_coordinate_hypothesis_validation
1235,14659,7182,10412,10436.0,10412.0,10412.0,122.0,122.0,False,20151017sp.tif,False,24.0,0.002305032654629274,18659,17182,fixed_coordinate_hypothesis_validation
1236,14873,8898,3796,3816.0,3796.0,3796.0,72.0,74.0,False,20151017sp.tif,False,20.0,0.005268703898840885,18873,18898,fixed_coordinate_hypothesis_validation
1240,15007,7004,8212,8252.0,8212.0,8212.0,114.0,94.0,False,20151017sp.tif,False,40.0,0.004870920603994155,19007,17004,fixed_coordinate_hypothesis_validation
1244,15297,8736,5442,5476.0,5442.0,5442.0,80.0,94.0,False,20151017sp.tif,False,34.0,0.006247703050349137,19297,18736,fixed_coordinate_hypothesis_validation
1248,15467,7630,1045,1066.0,1045.0,1045.0,39.0,34.0,False,20151017sp.tif,False,21.0,0.020095693779904306,19467,17630,fixed_coordinate_hypothesis_validation
1250,15621,8302,2721,2736.0,2721.0,2721.0,59.0,60.0,False,20151017sp.tif,False,15.0,0.005512679162072767,19621,18302,fixed_coordinate_hypothesis_validation
1251,15689,8364,7270,7316.0,7270.0,7270.0,106.0,86.0,False,20151017sp.tif,False,46.0,0.006327372764786795,19689,18364,fixed_coordinate_hypothesis_validation
1254,16080,8191,3383,3391.0,3383.0,3383.0,72.0,62.0,False,20151017sp.tif,False,8.0,0.0023647650014779783,20080,18191,fixed_coordinate_hypothesis_validation
1264,2005,3474,6860,6875.0,6860.0,6860.0,97.0,94.0,False,20151017sp.tif,False,15.0,0.002186588921282799,6005,13474,fixed_coordinate_hypothesis_validation
1265,2309,2094,3554,3567.0,3554.0,3554.0,68.0,74.0,False,20151017sp.tif,False,13.0,0.0036578503095104106,6309,12094,fixed_coordinate_hypothesis_validation
1266,2893,2158,15468,15485.0,15468.0,15468.0,159.0,140.0,False,20151017sp.tif,False,17.0,0.0010990431859322473,6893,12158,fixed_coordinate_hypothesis_validation
1267,2927,8606,1309,1331.0,1309.0,1309.0,44.0,44.0,False,20151017sp.tif,False,22.0,0.01680672268907563,6927,18606,fixed_coordinate_hypothesis_validation
1268,2933,2107,1010,1016.0,1010.0,1010.0,39.0,34.0,False,20151017sp.tif,False,6.0,0.005940594059405941,6933,12107,fixed_coordinate_hypothesis_validation
1269,3035,6586,116,128.0,116.0,116.0,12.0,14.0,False,20151017sp.tif,False,12.0,0.10344827586206896,7035,16586,fixed_coordinate_hypothesis_validation
1270,3051,6598,193,204.0,193.0,193.0,18.0,15.0,False,20151017sp.tif,False,11.0,0.05699481865284974,7051,16598,fixed_coordinate_hypothesis_validation
1271,3161,3201,4468,4524.0,4468.0,4468.0,68.0,82.0,False,20151017sp.tif,False,56.0,0.012533572068039392,7161,13201,fixed_coordinate_hypothesis_validation
1272,3259,6409,621,641.0,621.0,621.0,27.0,30.0,False,20151017sp.tif,False,20.0,0.0322061191626409,7259,16409,fixed_coordinate_hypothesis_validation
1273,3537,10092,1452,1476.0,1452.0,1452.0,42.0,44.0,False,20151017sp.tif,False,24.0,0.01652892561983471,7537,20092,fixed_coordinate_hypothesis_validation
1274,3567,6480,568,594.0,568.0,568.0,28.0,26.0,False,20151017sp.tif,False,26.0,0.045774647887323945,7567,16480,fixed_coordinate_hypothesis_validation
1275,3685,8858,2977,3005.0,2977.0,2977.0,60.0,64.0,False,20151017sp.tif,False,28.0,0.009405441719852201,7685,18858,fixed_coordinate_hypothesis_validation
1276,3837,2126,5235,5261.0,5235.0,5235.0,83.0,88.0,False,20151017sp.tif,False,26.0,0.0049665711556829036,7837,12126,fixed_coordinate_hypothesis_validation
1277,3903,8374,646,656.0,646.0,646.0,30.0,28.0,False,20151017sp.tif,False,10.0,0.015479876160990712,7903,18374,fixed_coordinate_hypothesis_validation
1278,3916,7370,649,669.0,649.0,649.0,34.0,27.0,False,20151017sp.tif,False,20.0,0.030816640986132512,7916,17370,fixed_coordinate_hypothesis_validation
1279,3997,8534,1114,1140.0,1114.0,1114.0,38.0,40.0,False,20151017sp.tif,False,26.0,0.02333931777378815,7997,18534,fixed_coordinate_hypothesis_validation
1280,4101,10550,109,128.0,109.0,109.0,12.0,12.0,False,20151017sp.tif,False,19.0,0.1743119266055046,8101,20550,fixed_coordinate_hypothesis_validation
1281,4103,6579,1409,1426.0,1409.0,1409.0,43.0,43.0,False,20151017sp.tif,False,17.0,0.0120652945351313,8103,16579,fixed_coordinate_hypothesis_validation
1282,4278,2901,14698,14740.0,14698.0,14698.0,143.0,137.0,False,20151017sp.tif,False,42.0,0.002857531636957409,8278,12901,fixed_coordinate_hypothesis_validation
1283,4655,7682,1367,1383.0,1367.0,1367.0,46.0,38.0,False,20151017sp.tif,False,16.0,0.011704462326261888,8655,17682,fixed_coordinate_hypothesis_validation
1284,4662,6604,856,867.0,856.0,856.0,32.0,37.0,False,20151017sp.tif,False,11.0,0.012850467289719626,8662,16604,fixed_coordinate_hypothesis_validation
1285,4685,3382,3320,3336.0,3320.0,3320.0,76.0,61.0,False,20151017sp.tif,False,16.0,0.004819277108433735,8685,13382,fixed_coordinate_hypothesis_validation
1286,5057,9226,2036,2046.0,2036.0,2036.0,54.0,56.0,False,20151017sp.tif,False,10.0,0.004911591355599214,9057,19226,fixed_coordinate_hypothesis_validation
1287,5120,7423,657,667.0,657.0,657.0,30.0,32.0,False,20151017sp.tif,False,10.0,0.015220700152207,9120,17423,fixed_coordinate_hypothesis_validation
1288,5195,12318,556,562.0,556.0,556.0,28.0,27.0,False,20151017sp.tif,False,6.0,0.01079136690647482,9195,22318,fixed_coordinate_hypothesis_validation
1289,5275,4876,295,308.0,295.0,295.0,18.0,21.0,False,20151017sp.tif,False,13.0,0.04406779661016949,9275,14876,fixed_coordinate_hypothesis_validation
1290,5378,2708,10844,10868.0,10844.0,10844.0,117.0,113.0,False,20151017sp.tif,False,24.0,0.0022132054592401327,9378,12708,fixed_coordinate_hypothesis_validation
1291,5455,9930,1228,1272.0,1228.0,1228.0,36.0,44.0,False,20151017sp.tif,False,44.0,0.035830618892508145,9455,19930,fixed_coordinate_hypothesis_validation
1292,5478,2478,9645,9667.0,9645.0,9645.0,118.0,105.0,False,20151017sp.tif,False,22.0,0.0022809745982374286,9478,12478,fixed_coordinate_hypothesis_validation
1293,5610,5271,6369,6397.0,6369.0,6369.0,85.0,101.0,False,20151017sp.tif,False,28.0,0.004396294551734966,9610,15271,fixed_coordinate_hypothesis_validation
1294,5746,3658,3384,3394.0,3384.0,3384.0,68.0,68.0,False,20151017sp.tif,False,10.0,0.002955082742316785,9746,13658,fixed_coordinate_hypothesis_validation
1295,6176,10275,571,593.0,571.0,571.0,30.0,25.0,False,20151017sp.tif,False,22.0,0.03852889667250438,10176,20275,fixed_coordinate_hypothesis_validation
1296,6333,9658,626,632.0,626.0,626.0,30.0,28.0,False,20151017sp.tif,False,6.0,0.009584664536741214,10333,19658,fixed_coordinate_hypothesis_validation
1297,6650,3916,546,564.0,546.0,546.0,26.0,27.0,False,20151017sp.tif,False,18.0,0.03296703296703297,10650,13916,fixed_coordinate_hypothesis_validation
1298,6797,4687,1278,1304.0,1278.0,1278.0,43.0,38.0,False,20151017sp.tif,False,26.0,0.02034428794992175,10797,14687,fixed_coordinate_hypothesis_validation
1299,6806,8802,1416,1440.0,1416.0,1416.0,48.0,44.0,False,20151017sp.tif,False,24.0,0.01694915254237288,10806,18802,fixed_coordinate_hypothesis_validation
1300,6808,8700,1012,1030.0,1012.0,1012.0,37.0,40.0,False,20151017sp.tif,False,18.0,0.017786561264822136,10808,18700,fixed_coordinate_hypothesis_validation
1301,6845,4586,1760,1775.0,1760.0,1760.0,46.0,48.0,False,20151017sp.tif,False,15.0,0.008522727272727272,10845,14586,fixed_coordinate_hypothesis_validation
1302,6910,8822,2567,2596.0,2567.0,2567.0,66.0,52.0,False,20151017sp.tif,False,29.0,0.011297234125438255,10910,18822,fixed_coordinate_hypothesis_validation
1303,6910,10982,2713,2734.0,2713.0,2713.0,68.0,55.0,False,20151017sp.tif,False,21.0,0.007740508661997788,10910,20982,fixed_coordinate_hypothesis_validation
1304,7083,3574,21858,21908.0,21858.0,21858.0,168.0,166.0,False,20151017sp.tif,False,50.0,0.0022874919937780217,11083,13574,fixed_coordinate_hypothesis_validation
1305,7239,6174,172,176.0,172.0,172.0,16.0,16.0,False,20151017sp.tif,False,4.0,0.023255813953488372,11239,16174,fixed_coordinate_hypothesis_validation
1306,7630,5490,694,728.0,694.0,694.0,32.0,28.0,False,20151017sp.tif,False,34.0,0.04899135446685879,11630,15490,fixed_coordinate_hypothesis_validation
1307,7851,7455,1200,1212.0,1200.0,1200.0,40.0,43.0,False,20151017sp.tif,False,12.0,0.01,11851,17455,fixed_coordinate_hypothesis_validation
1308,7873,4246,4324,4336.0,4324.0,4324.0,77.0,75.0,False,20151017sp.tif,False,12.0,0.0027752081406105457,11873,14246,fixed_coordinate_hypothesis_validation
1309,7904,5558,3423,3463.0,3423.0,3423.0,66.0,61.0,False,20151017sp.tif,False,40.0,0.011685655857435,11904,15558,fixed_coordinate_hypothesis_validation
1310,8514,6898,1548,1584.0,1548.0,1548.0,40.0,52.0,False,20151017sp.tif,False,36.0,0.023255813953488372,12514,16898,fixed_coordinate_hypothesis_validation
1311,8570,6899,384,399.0,384.0,384.0,25.0,23.0,False,20151017sp.tif,False,15.0,0.0390625,12570,16899,fixed_coordinate_hypothesis_validation
1312,8733,8054,314,336.0,314.0,314.0,18.0,22.0,False,20151017sp.tif,False,22.0,0.07006369426751592,12733,18054,fixed_coordinate_hypothesis_validation
1313,8965,9084,300,316.0,300.0,300.0,22.0,20.0,False,20151017sp.tif,False,16.0,0.05333333333333334,12965,19084,fixed_coordinate_hypothesis_validation
1314,9077,7818,2111,2122.0,2111.0,2111.0,54.0,53.0,False,20151017sp.tif,False,11.0,0.005210800568450971,13077,17818,fixed_coordinate_hypothesis_validation
1315,9233,8050,780,796.0,780.0,780.0,36.0,29.0,False,20151017sp.tif,False,16.0,0.020512820512820513,13233,18050,fixed_coordinate_hypothesis_validation
1316,9493,6092,1458,1468.0,1458.0,1458.0,43.0,47.0,False,20151017sp.tif,False,10.0,0.006858710562414266,13493,16092,fixed_coordinate_hypothesis_validation
1317,9737,6692,2630,2652.0,2630.0,2630.0,64.0,54.0,False,20151017sp.tif,False,22.0,0.008365019011406844,13737,16692,fixed_coordinate_hypothesis_validation
1318,10030,14728,2688,2707.0,2688.0,2688.0,60.0,59.0,False,20151017sp.tif,False,19.0,0.007068452380952381,14030,24728,fixed_coordinate_hypothesis_validation
1319,10082,7082,259,267.0,259.0,259.0,22.0,18.0,False,20151017sp.tif,False,8.0,0.03088803088803089,14082,17082,fixed_coordinate_hypothesis_validation
1320,10102,14819,9694,9724.0,9694.0,9694.0,113.0,113.0,False,20151017sp.tif,False,30.0,0.0030946977511863006,14102,24819,fixed_coordinate_hypothesis_validation
1321,10243,6680,259,263.0,259.0,259.0,24.0,17.0,False,20151017sp.tif,False,4.0,0.015444015444015444,14243,16680,fixed_coordinate_hypothesis_validation
1322,10434,8458,312,336.0,312.0,312.0,24.0,16.0,False,20151017sp.tif,False,24.0,0.07692307692307693,14434,18458,fixed_coordinate_hypothesis_validation
1323,10666,14904,4320,4341.0,4320.0,4320.0,78.0,80.0,False,20151017sp.tif,False,21.0,0.004861111111111111,14666,24904,fixed_coordinate_hypothesis_validation
1324,11114,4458,1404,1434.0,1404.0,1404.0,44.0,44.0,False,20151017sp.tif,False,30.0,0.021367521367521368,15114,14458,fixed_coordinate_hypothesis_validation
1325,11424,4156,1067,1070.0,1067.0,1067.0,41.0,32.0,False,20151017sp.tif,False,3.0,0.0028116213683223993,15424,14156,fixed_coordinate_hypothesis_validation
1326,11927,5348,1219,1247.0,1219.0,1219.0,40.0,40.0,False,20151017sp.tif,False,28.0,0.022969647251845776,15927,15348,fixed_coordinate_hypothesis_validation
1327,12063,24,205,219.0,205.0,205.0,18.0,16.0,False,20151017sp.tif,False,14.0,0.06829268292682927,16063,10024,fixed_coordinate_hypothesis_validation
1328,12215,4058,3347,3355.0,3347.0,3347.0,67.0,66.0,False,20151017sp.tif,False,8.0,0.0023902001792650133,16215,14058,fixed_coordinate_hypothesis_validation
1329,12289,4840,540,554.0,540.0,540.0,26.0,25.0,False,20151017sp.tif,False,14.0,0.025925925925925925,16289,14840,fixed_coordinate_hypothesis_validation
1330,12363,4834,716,725.0,716.0,716.0,34.0,29.0,False,20151017sp.tif,False,9.0,0.012569832402234637,16363,14834,fixed_coordinate_hypothesis_validation
1331,13403,5270,985,994.0,985.0,985.0,39.0,34.0,False,20151017sp.tif,False,9.0,0.009137055837563452,17403,15270,fixed_coordinate_hypothesis_validation
1332,14031,8610,3900,3948.0,3900.0,3900.0,80.0,64.0,False,20151017sp.tif,False,48.0,0.012307692307692308,18031,18610,fixed_coordinate_hypothesis_validation
1333,14979,8866,1195,1225.0,1195.0,1195.0,40.0,40.0,False,20151017sp.tif,False,30.0,0.02510460251046025,18979,18866,fixed_coordinate_hypothesis_validation
1334,15123,8872,6150,6168.0,6150.0,6150.0,88.0,94.0,False,20151017sp.tif,False,18.0,0.002926829268292683,19123,18872,fixed_coordinate_hypothesis_validation
1335,16197,8295,148,165.0,148.0,148.0,17.0,11.0,False,20151017sp.tif,False,17.0,0.11486486486486487,20197,18295,fixed_coordinate_hypothesis_validation
1336,16378,9018,5054,5073.0,5054.0,5054.0,78.0,84.0,False,20151017sp.tif,False,19.0,0.0037593984962406013,20378,19018,fixed_coordinate_hypothesis_validation
1337,16893,7110,1070,1083.0,1070.0,1070.0,42.0,35.0,False,20151017sp.tif,False,13.0,0.012149532710280374,20893,17110,fixed_coordinate_hypothesis_validation
1338,17006,7146,122,131.0,122.0,122.0,11.0,16.0,False,20151017sp.tif,False,9.0,0.07377049180327869,21006,17146,fixed_coordinate_hypothesis_validation
1339,17246,7871,199,211.0,199.0,199.0,18.0,16.0,False,20151017sp.tif,False,12.0,0.06030150753768844,21246,17871,fixed_coordinate_hypothesis_validation
118,3545,3193,26020,26070.0,26020.0,26020.0,193.0,180.0,False,20160907.tif,False,50.0,0.001921598770176787,7545,13193,fixed_coordinate_hypothesis_validation
144,3955,2941,18144,18159.0,18144.0,18144.0,151.0,156.0,False,20160907.tif,False,15.0,0.0008267195767195767,7955,12941,fixed_coordinate_hypothesis_validation
149,4024,2486,11321,11343.0,11321.0,11321.0,122.0,125.0,False,20160907.tif,False,22.0,0.001943291228690045,8024,12486,fixed_coordinate_hypothesis_validation
154,4049,2357,6091,6134.0,6091.0,6091.0,82.0,96.0,False,20160907.tif,False,43.0,0.007059596125430964,8049,12357,fixed_coordinate_hypothesis_validation
170,4377,4450,25710,25777.0,25710.0,25710.0,184.0,184.0,False,20160907.tif,False,67.0,0.0026059898872034227,8377,14450,fixed_coordinate_hypothesis_validation
243,5782,7682,13315,13333.0,13315.0,13315.0,124.0,139.0,False,20160907.tif,False,18.0,0.0013518588058580548,9782,17682,fixed_coordinate_hypothesis_validation
282,6963,3422,24108,24134.0,24108.0,24108.0,180.0,172.0,False,20160907.tif,False,26.0,0.0010784801725568277,10963,13422,fixed_coordinate_hypothesis_validation
297,7490,8098,10467,10481.0,10467.0,10467.0,120.0,119.0,False,20160907.tif,False,14.0,0.0013375370211139773,11490,18098,fixed_coordinate_hypothesis_validation
358,9139,6372,8022,8052.0,8022.0,8022.0,100.0,102.0,False,20160907.tif,False,30.0,0.0037397157816005983,13139,16372,fixed_coordinate_hypothesis_validation
461,11382,4754,17520,17544.0,17520.0,17520.0,154.0,147.0,False,20160907.tif,False,24.0,0.0013698630136986301,15382,14754,fixed_coordinate_hypothesis_validation
476,12347,7794,37450,37532.0,37450.0,37450.0,222.0,224.0,False,20160907.tif,False,82.0,0.0021895861148197595,16347,17794,fixed_coordinate_hypothesis_validation
477,12347,6366,35138,35192.0,35138.0,35138.0,212.0,208.0,False,20160907.tif,False,54.0,0.0015367977687973135,16347,16366,fixed_coordinate_hypothesis_validation
483,12727,7582,20439,20470.0,20439.0,20439.0,160.0,168.0,False,20160907.tif,False,31.0,0.0015167082538284653,16727,17582,fixed_coordinate_hypothesis_validation
484,12907,6574,25116,25120.0,25116.0,25116.0,188.0,178.0,False,20160907.tif,False,4.0,0.00015926102882624622,16907,16574,fixed_coordinate_hypothesis_validation
486,12947,6320,31378,31444.0,31378.0,31378.0,202.0,202.0,False,20160907.tif,False,66.0,0.002103384536936707,16947,16320,fixed_coordinate_hypothesis_validation
488,13095,6806,32178,32204.0,32178.0,32178.0,208.0,202.0,False,20160907.tif,False,26.0,0.0008080054695754863,17095,16806,fixed_coordinate_hypothesis_validation
497,13727,8664,14982,15048.0,14982.0,14982.0,150.0,130.0,False,20160907.tif,False,66.0,0.004405286343612335,17727,18664,fixed_coordinate_hypothesis_validation
498,13727,6272,16748,16776.0,16748.0,16748.0,150.0,162.0,False,20160907.tif,False,28.0,0.0016718414139001673,17727,16272,fixed_coordinate_hypothesis_validation
517,14589,7876,14784,14798.0,14784.0,14784.0,141.0,140.0,False,20160907.tif,False,14.0,0.000946969696969697,18589,17876,fixed_coordinate_hypothesis_validation
592,2933,8918,7999,8017.0,7999.0,7999.0,98.0,104.0,False,20160907.tif,False,18.0,0.002250281285160645,6933,18918,fixed_coordinate_hypothesis_validation
611,3195,6577,8292,8314.0,8292.0,8292.0,101.0,104.0,False,20160907.tif,False,22.0,0.002653159671972986,7195,16577,fixed_coordinate_hypothesis_validation
615,3205,8039,10267,10285.0,10267.0,10267.0,115.0,116.0,False,20160907.tif,False,18.0,0.0017531898314989774,7205,18039,fixed_coordinate_hypothesis_validation
628,3507,8052,7624,7648.0,7624.0,7624.0,102.0,100.0,False,20160907.tif,False,24.0,0.0031479538300104933,7507,18052,fixed_coordinate_hypothesis_validation
636,3507,8052,7624,7648.0,7624.0,7624.0,102.0,100.0,False,20160907.tif,False,24.0,0.0031479538300104933,7507,18052,fixed_coordinate_hypothesis_validation
680,4061,8649,6007,6041.0,6007.0,6007.0,90.0,84.0,False,20160907.tif,False,34.0,0.005660063259530548,8061,18649,fixed_coordinate_hypothesis_validation
684,4149,8044,6925,6967.0,6925.0,6925.0,94.0,98.0,False,20160907.tif,False,42.0,0.006064981949458484,8149,18044,fixed_coordinate_hypothesis_validation
693,4267,8328,7694,7710.0,7694.0,7694.0,99.0,104.0,False,20160907.tif,False,16.0,0.002079542500649857,8267,18328,fixed_coordinate_hypothesis_validation
697,4331,8076,7903,7919.0,7903.0,7903.0,106.0,99.0,False,20160907.tif,False,16.0,0.002024547640136657,8331,18076,fixed_coordinate_hypothesis_validation
723,4789,5734,10802,10826.0,10802.0,10802.0,124.0,120.0,False,20160907.tif,False,24.0,0.0022218107757822625,8789,15734,fixed_coordinate_hypothesis_validation
727,4799,8190,10482,10516.0,10482.0,10482.0,115.0,118.0,False,20160907.tif,False,34.0,0.003243655790879603,8799,18190,fixed_coordinate_hypothesis_validation
728,4975,8358,11383,11186.0,11147.0,11383.0,122.0,118.0,False,20160907.tif,False,-197.0,-0.017306509707458492,8975,18358,fixed_coordinate_hypothesis_validation
731,4937,8107,9771,9819.0,9771.0,9771.0,115.0,110.0,False,20160907.tif,False,48.0,0.004912496162112374,8937,18107,fixed_coordinate_hypothesis_validation
733,4975,8358,11383,11186.0,11147.0,11383.0,122.0,118.0,False,20160907.tif,False,-197.0,-0.017306509707458492,8975,18358,fixed_coordinate_hypothesis_validation
734,4998,9049,4000,4019.0,4000.0,4000.0,70.0,71.0,False,20160907.tif,False,19.0,0.00475,8998,19049,fixed_coordinate_hypothesis_validation
746,5193,8732,6769,6820.0,6769.0,6769.0,90.0,94.0,False,20160907.tif,False,51.0,0.007534347761855518,9193,18732,fixed_coordinate_hypothesis_validation
769,5530,8925,12198,12222.0,12198.0,12198.0,124.0,127.0,False,20160907.tif,False,24.0,0.001967535661583866,9530,18925,fixed_coordinate_hypothesis_validation
774,5669,7586,5067,5119.0,5067.0,5067.0,72.0,88.0,False,20160907.tif,False,52.0,0.01026248273139925,9669,17586,fixed_coordinate_hypothesis_validation
775,5702,5846,5485,5506.0,5485.0,5485.0,82.0,87.0,False,20160907.tif,False,21.0,0.003828623518687329,9702,15846,fixed_coordinate_hypothesis_validation
783,5759,9029,8915,8933.0,8915.0,8915.0,109.0,108.0,False,20160907.tif,False,18.0,0.0020190689848569826,9759,19029,fixed_coordinate_hypothesis_validation
786,5833,11366,4950,4973.0,4950.0,4950.0,83.0,80.0,False,20160907.tif,False,23.0,0.004646464646464647,9833,21366,fixed_coordinate_hypothesis_validation
792,5929,10954,7162,7180.0,7162.0,7162.0,90.0,102.0,False,20160907.tif,False,18.0,0.002513264451270595,9929,20954,fixed_coordinate_hypothesis_validation
802,6097,8818,9993,10019.0,9993.0,9993.0,116.0,108.0,False,20160907.tif,False,26.0,0.0026018212748924246,10097,18818,fixed_coordinate_hypothesis_validation
808,6318,9990,9852,9890.0,9852.0,9852.0,110.0,120.0,False,20160907.tif,False,38.0,0.003857084855866829,10318,19990,fixed_coordinate_hypothesis_validation
810,6438,8002,5801,5832.0,5801.0,5801.0,80.0,93.0,False,20160907.tif,False,31.0,0.005343906223064989,10438,18002,fixed_coordinate_hypothesis_validation
814,6485,8542,7674,7712.0,7674.0,7674.0,96.0,101.0,False,20160907.tif,False,38.0,0.0049517852488923635,10485,18542,fixed_coordinate_hypothesis_validation
816,6505,10838,3888,3905.0,3888.0,3888.0,69.0,76.0,False,20160907.tif,False,17.0,0.004372427983539095,10505,20838,fixed_coordinate_hypothesis_validation
817,6503,9534,8775,8788.0,8775.0,8775.0,108.0,110.0,False,20160907.tif,False,13.0,0.0014814814814814814,10503,19534,fixed_coordinate_hypothesis_validation
820,6553,10592,8310,8336.0,8310.0,8310.0,102.0,108.0,False,20160907.tif,False,26.0,0.003128760529482551,10553,20592,fixed_coordinate_hypothesis_validation
827,6661,9121,8748,8768.0,8748.0,8748.0,101.0,110.0,False,20160907.tif,False,20.0,0.002286236854138089,10661,19121,fixed_coordinate_hypothesis_validation
828,6647,10128,5552,5575.0,5552.0,5552.0,82.0,94.0,False,20160907.tif,False,23.0,0.004142651296829971,10647,20128,fixed_coordinate_hypothesis_validation
839,6751,11316,5662,5670.0,5662.0,5662.0,81.0,96.0,False,20160907.tif,False,8.0,0.001412928293889085,10751,21316,fixed_coordinate_hypothesis_validation
843,6814,3486,4207,4228.0,4207.0,4207.0,76.0,80.0,False,20160907.tif,False,21.0,0.004991680532445923,10814,13486,fixed_coordinate_hypothesis_validation
846,6826,7410,8882,8887.0,8882.0,8882.0,105.0,115.0,False,20160907.tif,False,5.0,0.0005629362756136005,10826,17410,fixed_coordinate_hypothesis_validation
863,7233,8510,15251,15304.0,15251.0,15251.0,144.0,140.0,False,20160907.tif,False,53.0,0.0034751819552816207,11233,18510,fixed_coordinate_hypothesis_validation
870,7439,11274,4003,4047.0,4003.0,4003.0,68.0,75.0,False,20160907.tif,False,44.0,0.010991756182862853,11439,21274,fixed_coordinate_hypothesis_validation
872,7486,7198,5322,5379.0,5322.0,5322.0,84.0,84.0,False,20160907.tif,False,57.0,0.010710259301014656,11486,17198,fixed_coordinate_hypothesis_validation
873,7467,9862,5967,5991.0,5967.0,5967.0,84.0,91.0,False,20160907.tif,False,24.0,0.004022121669180492,11467,19862,fixed_coordinate_hypothesis_validation
885,7689,7236,5343,5361.0,5343.0,5343.0,80.0,89.0,False,20160907.tif,False,18.0,0.003368893879842785,11689,17236,fixed_coordinate_hypothesis_validation
889,7733,8057,6773,6803.0,6773.0,6773.0,95.0,98.0,False,20160907.tif,False,30.0,0.004429351838181013,11733,18057,fixed_coordinate_hypothesis_validation
890,7737,7590,10479,10519.0,10479.0,10479.0,112.0,122.0,False,20160907.tif,False,40.0,0.0038171581257753604,11737,17590,fixed_coordinate_hypothesis_validation
893,7737,11354,7134,7162.0,7134.0,7134.0,94.0,98.0,False,20160907.tif,False,28.0,0.003924866834875245,11737,21354,fixed_coordinate_hypothesis_validation
895,7779,4838,7915,7939.0,7915.0,7915.0,103.0,100.0,False,20160907.tif,False,24.0,0.0030322173089071384,11779,14838,fixed_coordinate_hypothesis_validation
903,7877,5014,8801,8834.0,8801.0,8801.0,106.0,104.0,False,20160907.tif,False,33.0,0.003749573912055448,11877,15014,fixed_coordinate_hypothesis_validation
912,7933,7762,16248,16287.0,16248.0,16248.0,146.0,149.0,False,20160907.tif,False,39.0,0.0024002954209748893,11933,17762,fixed_coordinate_hypothesis_validation
919,8027,11438,7587,7609.0,7587.0,7587.0,104.0,100.0,False,20160907.tif,False,22.0,0.0028996968498747858,12027,21438,fixed_coordinate_hypothesis_validation
936,8310,11158,2055,2100.0,2055.0,2055.0,58.0,45.0,False,20160907.tif,False,45.0,0.021897810218978103,12310,21158,fixed_coordinate_hypothesis_validation
938,8327,8862,3700,3744.0,3700.0,3700.0,68.0,70.0,False,20160907.tif,False,44.0,0.011891891891891892,12327,18862,fixed_coordinate_hypothesis_validation
940,8382,7234,9338,9368.0,9338.0,9338.0,114.0,109.0,False,20160907.tif,False,30.0,0.003212679374598415,12382,17234,fixed_coordinate_hypothesis_validation
950,8509,5597,6350,6383.0,6350.0,6350.0,85.0,94.0,False,20160907.tif,False,33.0,0.0051968503937007875,12509,15597,fixed_coordinate_hypothesis_validation
955,8594,5702,8917,8939.0,8917.0,8917.0,102.0,115.0,False,20160907.tif,False,22.0,0.002467197487944376,12594,15702,fixed_coordinate_hypothesis_validation
958,8633,10898,6744,6755.0,6734.0,6744.0,92.0,93.0,False,20160907.tif,False,11.0,0.001631079478054567,12633,20898,fixed_coordinate_hypothesis_validation
969,8801,6934,9763,9778.0,9763.0,9763.0,111.0,116.0,False,20160907.tif,False,15.0,0.0015364129878111237,12801,16934,fixed_coordinate_hypothesis_validation
971,8817,8530,17010,17046.0,17010.0,17010.0,148.0,152.0,False,20160907.tif,False,36.0,0.0021164021164021165,12817,18530,fixed_coordinate_hypothesis_validation
976,8879,7666,10012,10028.0,10012.0,10012.0,116.0,117.0,False,20160907.tif,False,16.0,0.0015980823012385138,12879,17666,fixed_coordinate_hypothesis_validation
981,8958,7482,9219,9242.0,9219.0,9219.0,108.0,109.0,False,20160907.tif,False,23.0,0.002494847597353292,12958,17482,fixed_coordinate_hypothesis_validation
982,8992,6388,5804,5817.0,5804.0,5804.0,84.0,94.0,False,20160907.tif,False,13.0,0.0022398345968297727,12992,16388,fixed_coordinate_hypothesis_validation
983,9019,7638,10009,10033.0,10009.0,10009.0,112.0,118.0,False,20160907.tif,False,24.0,0.002397841942251973,13019,17638,fixed_coordinate_hypothesis_validation
990,9187,6734,6477,6509.0,6477.0,6477.0,88.0,95.0,False,20160907.tif,False,32.0,0.0049405589007256445,13187,16734,fixed_coordinate_hypothesis_validation
1002,9341,7990,6232,6265.0,6232.0,6232.0,82.0,96.0,False,20160907.tif,False,33.0,0.005295250320924262,13341,17990,fixed_coordinate_hypothesis_validation
1007,9427,5758,6223,6256.0,6223.0,6223.0,86.0,94.0,False,20160907.tif,False,33.0,0.005302908565000803,13427,15758,fixed_coordinate_hypothesis_validation
1008,9445,7534,9489,9520.0,9489.0,9489.0,108.0,122.0,False,20160907.tif,False,31.0,0.0032669406681420593,13445,17534,fixed_coordinate_hypothesis_validation
1010,9445,7534,9489,9520.0,9489.0,9489.0,108.0,122.0,False,20160907.tif,False,31.0,0.0032669406681420593,13445,17534,fixed_coordinate_hypothesis_validation
1012,9536,6694,9731,9742.0,9731.0,9731.0,110.0,114.0,False,20160907.tif,False,11.0,0.0011304079745144385,13536,16694,fixed_coordinate_hypothesis_validation
1028,9806,6400,8674,8692.0,8674.0,8674.0,104.0,108.0,False,20160907.tif,False,18.0,0.0020751671662439476,13806,16400,fixed_coordinate_hypothesis_validation
1029,9801,8021,11280,11314.0,11280.0,11280.0,119.0,128.0,False,20160907.tif,False,34.0,0.0030141843971631206,13801,18021,fixed_coordinate_hypothesis_validation
1033,9877,6560,13782,13802.0,13782.0,13782.0,132.0,136.0,False,20160907.tif,False,20.0,0.0014511681903932665,13877,16560,fixed_coordinate_hypothesis_validation
1075,10685,4674,16934,16968.0,16934.0,16934.0,148.0,148.0,False,20160907.tif,False,34.0,0.0020077949687020195,14685,14674,fixed_coordinate_hypothesis_validation
1080,10730,7230,11047,11092.0,11047.0,11047.0,120.0,115.0,False,20160907.tif,False,45.0,0.004073504118765276,14730,17230,fixed_coordinate_hypothesis_validation
1096,11121,5590,9246,9289.0,9246.0,9246.0,112.0,106.0,False,20160907.tif,False,43.0,0.004650659744754489,15121,15590,fixed_coordinate_hypothesis_validation
1108,11584,4882,10587,10610.0,10587.0,10587.0,116.0,119.0,False,20160907.tif,False,23.0,0.002172475677717956,15584,14882,fixed_coordinate_hypothesis_validation
1109,11598,6558,8022,8048.0,8022.0,8022.0,108.0,99.0,False,20160907.tif,False,26.0,0.0032410870107205184,15598,16558,fixed_coordinate_hypothesis_validation
1127,12090,6646,13740,13778.0,13740.0,13740.0,132.0,136.0,False,20160907.tif,False,38.0,0.0027656477438136825,16090,16646,fixed_coordinate_hypothesis_validation
1128,12077,4266,5706,5732.0,5706.0,5706.0,84.0,89.0,False,20160907.tif,False,26.0,0.004556607080266386,16077,14266,fixed_coordinate_hypothesis_validation
1129,12112,3948,12317,12350.0,12317.0,12317.0,120.0,133.0,False,20160907.tif,False,33.0,0.002679223836973289,16112,13948,fixed_coordinate_hypothesis_validation
1130,12127,7040,18064,18105.0,18064.0,18064.0,149.0,160.0,False,20160907.tif,False,41.0,0.002269707705934455,16127,17040,fixed_coordinate_hypothesis_validation
1140,12329,7132,6471,6499.0,6471.0,6471.0,102.0,88.0,False,20160907.tif,False,28.0,0.004326997372894452,16329,17132,fixed_coordinate_hypothesis_validation
1142,12323,5200,7952,7980.0,7952.0,7952.0,108.0,98.0,False,20160907.tif,False,28.0,0.0035211267605633804,16323,15200,fixed_coordinate_hypothesis_validation
1146,12415,5338,7740,7760.0,7740.0,7740.0,98.0,104.0,False,20160907.tif,False,20.0,0.002583979328165375,16415,15338,fixed_coordinate_hypothesis_validation
1151,12476,4228,7679,7711.0,7679.0,7679.0,104.0,99.0,False,20160907.tif,False,32.0,0.00416720927204063,16476,14228,fixed_coordinate_hypothesis_validation
1155,12620,5474,5012,5034.0,5012.0,5012.0,76.0,87.0,False,20160907.tif,False,22.0,0.004389465283320032,16620,15474,fixed_coordinate_hypothesis_validation
1162,12783,5078,4406,4444.0,4406.0,4406.0,74.0,76.0,False,20160907.tif,False,38.0,0.008624602814344077,16783,15078,fixed_coordinate_hypothesis_validation
1164,12795,8310,6862,6882.0,6862.0,6862.0,92.0,96.0,False,20160907.tif,False,20.0,0.002914602156805596,16795,18310,fixed_coordinate_hypothesis_validation
1165,12823,5502,10885,10891.0,10885.0,10885.0,115.0,124.0,False,20160907.tif,False,6.0,0.0005512172714745062,16823,15502,fixed_coordinate_hypothesis_validation
1168,12883,7974,13331,13347.0,13331.0,13331.0,132.0,136.0,False,20160907.tif,False,16.0,0.0012002100367564325,16883,17974,fixed_coordinate_hypothesis_validation
1169,12909,7652,11554,11592.0,11554.0,11554.0,129.0,120.0,False,20160907.tif,False,38.0,0.003288904275575558,16909,17652,fixed_coordinate_hypothesis_validation
1171,12961,4964,6103,6129.0,6103.0,6103.0,88.0,92.0,False,20160907.tif,False,26.0,0.004260199901687694,16961,14964,fixed_coordinate_hypothesis_validation
1175,13049,5888,11191,11201.0,11191.0,11191.0,126.0,116.0,False,20160907.tif,False,10.0,0.0008935751943526047,17049,15888,fixed_coordinate_hypothesis_validation
1177,13079,5190,8958,9012.0,8958.0,8958.0,108.0,106.0,False,20160907.tif,False,54.0,0.006028131279303416,17079,15190,fixed_coordinate_hypothesis_validation
1185,13323,7886,11103,11132.0,11103.0,11103.0,119.0,122.0,False,20160907.tif,False,29.0,0.002611906691885076,17323,17886,fixed_coordinate_hypothesis_validation
1187,13365,4742,8947,8980.0,8947.0,8947.0,98.0,117.0,False,20160907.tif,False,33.0,0.0036883871688834246,17365,14742,fixed_coordinate_hypothesis_validation
1196,13527,8378,7968,8012.0,7968.0,7968.0,104.0,102.0,False,20160907.tif,False,44.0,0.005522088353413655,17527,18378,fixed_coordinate_hypothesis_validation
1199,13591,6742,14384,14412.0,14384.0,14384.0,134.0,138.0,False,20160907.tif,False,28.0,0.001946607341490545,17591,16742,fixed_coordinate_hypothesis_validation
1201,13691,8346,20892,20903.0,20892.0,20892.0,172.0,157.0,False,20160907.tif,False,11.0,0.0005265173272065863,17691,18346,fixed_coordinate_hypothesis_validation
1204,13733,6650,7633,7667.0,7633.0,7633.0,96.0,106.0,False,20160907.tif,False,34.0,0.004454342984409799,17733,16650,fixed_coordinate_hypothesis_validation
1216,13935,8874,16240,16267.0,16240.0,16240.0,142.0,144.0,False,20160907.tif,False,27.0,0.0016625615763546798,17935,18874,fixed_coordinate_hypothesis_validation
1217,13963,6076,7042,7082.0,7042.0,7042.0,94.0,98.0,False,20160907.tif,False,40.0,0.005680204487361545,17963,16076,fixed_coordinate_hypothesis_validation
1218,13975,9178,8133,8173.0,8133.0,8133.0,92.0,110.0,False,20160907.tif,False,40.0,0.004918234353866961,17975,19178,fixed_coordinate_hypothesis_validation
1223,14045,7022,4041,4057.0,4041.0,4041.0,68.0,80.0,False,20160907.tif,False,16.0,0.003959415986142044,18045,17022,fixed_coordinate_hypothesis_validation
1226,14135,9262,10926,10978.0,10926.0,10926.0,126.0,112.0,False,20160907.tif,False,52.0,0.004759289767527,18135,19262,fixed_coordinate_hypothesis_validation
1227,14141,8454,7536,7580.0,7536.0,7536.0,100.0,96.0,False,20160907.tif,False,44.0,0.00583864118895966,18141,18454,fixed_coordinate_hypothesis_validation
1229,14313,9300,8816,8847.0,8816.0,8816.0,101.0,112.0,False,20160907.tif,False,31.0,0.003516333938294011,18313,19300,fixed_coordinate_hypothesis_validation
1232,14579,6554,15397,15410.0,15397.0,15397.0,138.0,144.0,False,20160907.tif,False,13.0,0.0008443203221406767,18579,16554,fixed_coordinate_hypothesis_validation
1234,14643,9040,32738,32752.0,32738.0,32738.0,212.0,214.0,False,20160907.tif,False,14.0,0.0004276376076730405,18643,19040,fixed_coordinate_hypothesis_validation
1235,14647,7210,19966,20008.0,19966.0,19966.0,158.0,176.0,False,20160907.tif,False,42.0,0.002103576079334869,18647,17210,fixed_coordinate_hypothesis_validation
1240,15015,7030,13801,13807.0,13801.0,13801.0,150.0,124.0,False,20160907.tif,False,6.0,0.0004347511049923919,19015,17030,fixed_coordinate_hypothesis_validation
1244,15307,8748,15838,15873.0,15838.0,15838.0,139.0,144.0,False,20160907.tif,False,35.0,0.0022098749842151787,19307,18748,fixed_coordinate_hypothesis_validation
1248,15479,7658,3128,3156.0,3128.0,3128.0,64.0,64.0,False,20160907.tif,False,28.0,0.008951406649616368,19479,17658,fixed_coordinate_hypothesis_validation
1254,16077,8206,10267,10287.0,10267.0,10267.0,122.0,114.0,False,20160907.tif,False,20.0,0.0019479887016655303,20077,18206,fixed_coordinate_hypothesis_validation
1290,5342,2724,21021,21065.0,21021.0,21021.0,165.0,165.0,False,20160907.tif,False,44.0,0.0020931449502878076,9342,12724,fixed_coordinate_hypothesis_validation
1294,5686,3658,15815,15858.0,15815.0,15815.0,134.0,151.0,False,20160907.tif,False,43.0,0.0027189377173569397,9686,13658,fixed_coordinate_hypothesis_validation
1296,6302,9672,4425,4435.0,4425.0,4425.0,73.0,81.0,False,20160907.tif,False,10.0,0.0022598870056497176,10302,19672,fixed_coordinate_hypothesis_validation
1303,6879,10986,8835,8865.0,8835.0,8835.0,116.0,100.0,False,20160907.tif,False,30.0,0.003395585738539898,10879,20986,fixed_coordinate_hypothesis_validation
1306,7578,5466,11964,12004.0,11964.0,11964.0,128.0,125.0,False,20160907.tif,False,40.0,0.003343363423604146,11578,15466,fixed_coordinate_hypothesis_validation
1313,8879,9052,15994,16026.0,15994.0,15994.0,144.0,147.0,False,20160907.tif,False,32.0,0.0020007502813555083,12879,19052,fixed_coordinate_hypothesis_validation
1315,9208,8054,7532,7566.0,7532.0,7532.0,100.0,97.0,False,20160907.tif,False,34.0,0.004514073287307488,13208,18054,fixed_coordinate_hypothesis_validation
1317,9714,6700,9234,9287.0,9234.0,9234.0,106.0,113.0,False,20160907.tif,False,53.0,0.005739657786441412,13714,16700,fixed_coordinate_hypothesis_validation
1319,10047,7058,10657,10700.0,10657.0,10657.0,120.0,116.0,False,20160907.tif,False,43.0,0.004034906634137187,14047,17058,fixed_coordinate_hypothesis_validation
1322,10409,8450,11744,11770.0,11744.0,11744.0,124.0,124.0,False,20160907.tif,False,26.0,0.0022138964577656677,14409,18450,fixed_coordinate_hypothesis_validation
1327,12045,24,454,465.0,454.0,454.0,24.0,25.0,False,20160907.tif,False,11.0,0.024229074889867842,16045,10024,fixed_coordinate_hypothesis_validation
1328,12206,4062,10831,10847.0,10831.0,10831.0,124.0,119.0,False,20160907.tif,False,16.0,0.001477241251961961,16206,14062,fixed_coordinate_hypothesis_validation
1331,13389,5270,8485,8509.0,8485.0,8485.0,108.0,104.0,False,20160907.tif,False,24.0,0.002828520919269299,17389,15270,fixed_coordinate_hypothesis_validation
1332,14011,8626,15913,15931.0,15913.0,15913.0,136.0,160.0,False,20160907.tif,False,18.0,0.0011311506315591026,18011,18626,fixed_coordinate_hypothesis_validation
1334,15129,8896,13621,13649.0,13621.0,13621.0,130.0,142.0,False,20160907.tif,False,28.0,0.0020556493649511783,19129,18896,fixed_coordinate_hypothesis_validation
1340,351,3744,168,192.0,168.0,168.0,14.0,16.0,False,20160907.tif,False,24.0,0.14285714285714285,4351,13744,fixed_coordinate_hypothesis_validation
1341,2105,3682,6616,6660.0,6616.0,6616.0,92.0,100.0,False,20160907.tif,False,44.0,0.006650544135429262,6105,13682,fixed_coordinate_hypothesis_validation
1342,2645,6624,5473,5525.0,5473.0,5473.0,82.0,84.0,False,20160907.tif,False,52.0,0.009501187648456057,6645,16624,fixed_coordinate_hypothesis_validation
1343,2679,6778,5674,5698.0,5674.0,5674.0,80.0,92.0,False,20160907.tif,False,24.0,0.0042298202326401125,6679,16778,fixed_coordinate_hypothesis_validation
1344,2723,6520,5757,5786.0,5757.0,5757.0,82.0,90.0,False,20160907.tif,False,29.0,0.005037345839847143,6723,16520,fixed_coordinate_hypothesis_validation
1345,2833,7212,6716,6737.0,6716.0,6716.0,90.0,98.0,False,20160907.tif,False,21.0,0.0031268612269207863,6833,17212,fixed_coordinate_hypothesis_validation
1346,2835,6915,2083,2103.0,2083.0,2083.0,51.0,58.0,False,20160907.tif,False,20.0,0.009601536245799328,6835,16915,fixed_coordinate_hypothesis_validation
1347,2881,6654,11318,11372.0,11318.0,11318.0,108.0,136.0,False,20160907.tif,False,54.0,0.004771160982505743,6881,16654,fixed_coordinate_hypothesis_validation
1348,3117,4250,14244,14288.0,14244.0,14244.0,144.0,140.0,False,20160907.tif,False,44.0,0.003089019938219601,7117,14250,fixed_coordinate_hypothesis_validation
1349,3173,9198,7335,7350.0,7335.0,7335.0,104.0,98.0,False,20160907.tif,False,15.0,0.002044989775051125,7173,19198,fixed_coordinate_hypothesis_validation
1350,3261,7904,5553,5570.0,5553.0,5553.0,88.0,88.0,False,20160907.tif,False,17.0,0.0030614082477939853,7261,17904,fixed_coordinate_hypothesis_validation
1351,3277,7562,9456,9480.0,9456.0,9456.0,108.0,116.0,False,20160907.tif,False,24.0,0.0025380710659898475,7277,17562,fixed_coordinate_hypothesis_validation
1352,3297,4152,50248,50284.0,50248.0,50248.0,254.0,276.0,False,20160907.tif,False,36.0,0.0007164464257283871,7297,14152,fixed_coordinate_hypothesis_validation
1353,3315,7378,7776,7822.0,7776.0,7776.0,92.0,108.0,False,20160907.tif,False,46.0,0.0059156378600823045,7315,17378,fixed_coordinate_hypothesis_validation
1354,3441,4540,19816,19840.0,19816.0,19816.0,160.0,174.0,False,20160907.tif,False,24.0,0.0012111425111021397,7441,14540,fixed_coordinate_hypothesis_validation
1355,3447,7487,6807,6847.0,6807.0,6807.0,95.0,94.0,False,20160907.tif,False,40.0,0.005876303804906714,7447,17487,fixed_coordinate_hypothesis_validation
1356,3466,7638,6557,6593.0,6557.0,6557.0,84.0,99.0,False,20160907.tif,False,36.0,0.005490315693152357,7466,17638,fixed_coordinate_hypothesis_validation
1357,3497,6674,1478,1498.0,1478.0,1478.0,43.0,48.0,False,20160907.tif,False,20.0,0.013531799729364006,7497,16674,fixed_coordinate_hypothesis_validation
1358,3549,7050,2250,2268.0,2250.0,2250.0,52.0,56.0,False,20160907.tif,False,18.0,0.008,7549,17050,fixed_coordinate_hypothesis_validation
1359,3583,6068,2073,2091.0,2073.0,2073.0,60.0,46.0,False,20160907.tif,False,18.0,0.008683068017366137,7583,16068,fixed_coordinate_hypothesis_validation
1360,3605,7358,12061,12073.0,12061.0,12061.0,124.0,128.0,False,20160907.tif,False,12.0,0.000994942376254042,7605,17358,fixed_coordinate_hypothesis_validation
1361,3921,3249,11904,11926.0,11904.0,11904.0,129.0,128.0,False,20160907.tif,False,22.0,0.0018481182795698926,7921,13249,fixed_coordinate_hypothesis_validation
1362,3929,10168,3929,3943.0,3929.0,3929.0,68.0,72.0,False,20160907.tif,False,14.0,0.003563247645711377,7929,20168,fixed_coordinate_hypothesis_validation
1363,3953,5642,18826,18864.0,18826.0,18826.0,152.0,166.0,False,20160907.tif,False,38.0,0.002018485073834059,7953,15642,fixed_coordinate_hypothesis_validation
1364,4035,3949,5366,5392.0,5366.0,5366.0,89.0,88.0,False,20160907.tif,False,26.0,0.004845322400298174,8035,13949,fixed_coordinate_hypothesis_validation
1365,4105,1218,335,344.0,335.0,335.0,22.0,22.0,False,20160907.tif,False,9.0,0.026865671641791045,8105,11218,fixed_coordinate_hypothesis_validation
1366,4105,2678,8307,8391.0,8307.0,8307.0,103.0,100.0,False,20160907.tif,False,84.0,0.010111953773925604,8105,12678,fixed_coordinate_hypothesis_validation
1367,4179,2582,5173,5187.0,5173.0,5173.0,88.0,84.0,False,20160907.tif,False,14.0,0.0027063599458728013,8179,12582,fixed_coordinate_hypothesis_validation
1368,4462,8990,3633,3653.0,3633.0,3633.0,74.0,68.0,False,20160907.tif,False,20.0,0.005505092210294523,8462,18990,fixed_coordinate_hypothesis_validation
1369,4570,2509,12917,12942.0,12917.0,12917.0,128.0,135.0,False,20160907.tif,False,25.0,0.0019354339242858248,8570,12509,fixed_coordinate_hypothesis_validation
1370,4610,4446,19590,19562.0,19534.0,19590.0,159.0,157.0,False,20160907.tif,False,-28.0,-0.0014293006636038796,8610,14446,fixed_coordinate_hypothesis_validation
1371,4618,4190,22840,22866.0,22840.0,22840.0,182.0,173.0,False,20160907.tif,False,26.0,0.001138353765323993,8618,14190,fixed_coordinate_hypothesis_validation
1372,4630,10626,10240,10292.0,10240.0,10240.0,118.0,107.0,False,20160907.tif,False,52.0,0.005078125,8630,20626,fixed_coordinate_hypothesis_validation
1373,4631,5284,3311,3330.0,3311.0,3311.0,70.0,64.0,False,20160907.tif,False,19.0,0.005738447598912715,8631,15284,fixed_coordinate_hypothesis_validation
1374,4719,4582,17415,17030.0,17021.0,17415.0,160.0,154.0,False,20160907.tif,False,-385.0,-0.022107378696525983,8719,14582,fixed_coordinate_hypothesis_validation
1375,4789,10944,7823,7860.0,7823.0,7823.0,100.0,102.0,False,20160907.tif,False,37.0,0.0047296433593250675,8789,20944,fixed_coordinate_hypothesis_validation
1376,4843,3742,13829,13860.0,13825.0,13829.0,136.0,140.0,False,20160907.tif,False,31.0,0.002241666064068262,8843,13742,fixed_coordinate_hypothesis_validation
1377,4956,10914,4488,4502.0,4488.0,4488.0,74.0,82.0,False,20160907.tif,False,14.0,0.0031194295900178253,8956,20914,fixed_coordinate_hypothesis_validation
1378,5122,3906,22807,22820.0,22807.0,22807.0,170.0,173.0,False,20160907.tif,False,13.0,0.0005700004384618757,9122,13906,fixed_coordinate_hypothesis_validation
1379,5510,6070,10092,10104.0,10092.0,10092.0,114.0,116.0,False,20160907.tif,False,12.0,0.0011890606420927466,9510,16070,fixed_coordinate_hypothesis_validation
1380,5538,5904,9638,9673.0,9638.0,9638.0,106.0,115.0,False,20160907.tif,False,35.0,0.0036314588088815106,9538,15904,fixed_coordinate_hypothesis_validation
1381,5659,1864,1280,1306.0,1280.0,1280.0,42.0,42.0,False,20160907.tif,False,26.0,0.0203125,9659,11864,fixed_coordinate_hypothesis_validation
1382,5663,6834,2956,2989.0,2956.0,2956.0,60.0,64.0,False,20160907.tif,False,33.0,0.011163734776725304,9663,16834,fixed_coordinate_hypothesis_validation
1383,5759,11562,5863,5898.0,5863.0,5863.0,92.0,80.0,False,20160907.tif,False,35.0,0.005969640115981579,9759,21562,fixed_coordinate_hypothesis_validation
1384,5811,8233,2598,2616.0,2598.0,2598.0,63.0,55.0,False,20160907.tif,False,18.0,0.006928406466512702,9811,18233,fixed_coordinate_hypothesis_validation
1385,5937,11292,11991,12043.0,11991.0,11991.0,120.0,134.0,False,20160907.tif,False,52.0,0.004336585772662831,9937,21292,fixed_coordinate_hypothesis_validation
1386,5949,6594,2515,2529.0,2515.0,2515.0,52.0,62.0,False,20160907.tif,False,14.0,0.005566600397614314,9949,16594,fixed_coordinate_hypothesis_validation
1387,6103,11106,8630,8662.0,8630.0,8630.0,100.0,112.0,False,20160907.tif,False,32.0,0.0037079953650057938,10103,21106,fixed_coordinate_hypothesis_validation
1388,6138,8470,17537,17577.0,17537.0,17537.0,152.0,153.0,False,20160907.tif,False,40.0,0.0022808918287050236,10138,18470,fixed_coordinate_hypothesis_validation
1389,6286,3906,17784,17804.0,17784.0,17784.0,152.0,155.0,False,20160907.tif,False,20.0,0.0011246063877642825,10286,13906,fixed_coordinate_hypothesis_validation
1390,6462,3938,8503,8532.0,8503.0,8503.0,106.0,101.0,False,20160907.tif,False,29.0,0.0034105609784781843,10462,13938,fixed_coordinate_hypothesis_validation
1391,6463,3379,1325,1334.0,1325.0,1325.0,45.0,41.0,False,20160907.tif,False,9.0,0.006792452830188679,10463,13379,fixed_coordinate_hypothesis_validation
1392,6663,11710,9267,9311.0,9267.0,9267.0,108.0,114.0,False,20160907.tif,False,44.0,0.004748030646379626,10663,21710,fixed_coordinate_hypothesis_validation
1393,6706,7714,5542,5562.0,5542.0,5542.0,86.0,83.0,False,20160907.tif,False,20.0,0.003608805485384338,10706,17714,fixed_coordinate_hypothesis_validation
1394,6734,11146,5610,5630.0,5610.0,5610.0,88.0,87.0,False,20160907.tif,False,20.0,0.0035650623885918,10734,21146,fixed_coordinate_hypothesis_validation
1395,6765,9464,3091,3117.0,3091.0,3091.0,62.0,64.0,False,20160907.tif,False,26.0,0.008411517308314461,10765,19464,fixed_coordinate_hypothesis_validation
1396,6766,9898,9326,9336.0,9326.0,9326.0,109.0,115.0,False,20160907.tif,False,10.0,0.001072271070126528,10766,19898,fixed_coordinate_hypothesis_validation
1397,6774,9262,11936,11954.0,11936.0,11936.0,124.0,125.0,False,20160907.tif,False,18.0,0.0015080428954423592,10774,19262,fixed_coordinate_hypothesis_validation
1398,6822,10306,11329,11360.0,11329.0,11329.0,118.0,125.0,False,20160907.tif,False,31.0,0.0027363403654338423,10822,20306,fixed_coordinate_hypothesis_validation
1399,6830,3586,5098,5120.0,5098.0,5098.0,92.0,77.0,False,20160907.tif,False,22.0,0.004315417810906237,10830,13586,fixed_coordinate_hypothesis_validation
1400,6977,10734,3340,3394.0,3340.0,3340.0,56.0,76.0,False,20160907.tif,False,54.0,0.016167664670658683,10977,20734,fixed_coordinate_hypothesis_validation
1401,6988,5650,16434,16464.0,16434.0,16434.0,142.0,151.0,False,20160907.tif,False,30.0,0.0018254837531945967,10988,15650,fixed_coordinate_hypothesis_validation
1402,6992,3040,3921,3943.0,3921.0,3921.0,65.0,79.0,False,20160907.tif,False,22.0,0.0056108135679673555,10992,13040,fixed_coordinate_hypothesis_validation
1403,7090,7686,23025,23070.0,23025.0,23025.0,184.0,169.0,False,20160907.tif,False,45.0,0.001954397394136808,11090,17686,fixed_coordinate_hypothesis_validation
1404,7150,9806,3850,3859.0,3850.0,3850.0,67.0,76.0,False,20160907.tif,False,9.0,0.0023376623376623377,11150,19806,fixed_coordinate_hypothesis_validation
1405,7182,8358,6898,6911.0,6898.0,6898.0,98.0,97.0,False,20160907.tif,False,13.0,0.0018846042331110468,11182,18358,fixed_coordinate_hypothesis_validation
1406,7291,10254,12081,12113.0,12081.0,12081.0,122.0,134.0,False,20160907.tif,False,32.0,0.002648787352040394,11291,20254,fixed_coordinate_hypothesis_validation
1407,7322,5718,13703,13742.0,13703.0,13703.0,156.0,121.0,False,20160907.tif,False,39.0,0.002846092096621178,11322,15718,fixed_coordinate_hypothesis_validation
1408,7357,9620,11507,11547.0,11507.0,11507.0,120.0,121.0,False,20160907.tif,False,40.0,0.003476144955244634,11357,19620,fixed_coordinate_hypothesis_validation
1409,7411,8758,9822,9867.0,9822.0,9822.0,112.0,110.0,False,20160907.tif,False,45.0,0.004581551618814905,11411,18758,fixed_coordinate_hypothesis_validation
1410,7585,10104,10880,10912.0,10880.0,10880.0,104.0,132.0,False,20160907.tif,False,32.0,0.0029411764705882353,11585,20104,fixed_coordinate_hypothesis_validation
1411,7588,3501,2477,2493.0,2477.0,2477.0,59.0,57.0,False,20160907.tif,False,16.0,0.006459426725878078,11588,13501,fixed_coordinate_hypothesis_validation
1412,7858,8500,11703,11716.0,11703.0,11703.0,128.0,121.0,False,20160907.tif,False,13.0,0.0011108262838588395,11858,18500,fixed_coordinate_hypothesis_validation
1413,7878,4770,7904,7926.0,7904.0,7904.0,104.0,103.0,False,20160907.tif,False,22.0,0.002783400809716599,11878,14770,fixed_coordinate_hypothesis_validation
1414,7921,3557,7970,8013.0,7970.0,7970.0,101.0,106.0,False,20160907.tif,False,43.0,0.0053952321204516936,11921,13557,fixed_coordinate_hypothesis_validation
1415,7989,4084,6908,6940.0,6908.0,6908.0,94.0,96.0,False,20160907.tif,False,32.0,0.004632310364794441,11989,14084,fixed_coordinate_hypothesis_validation
1416,8030,3694,1819,1846.0,1819.0,1819.0,48.0,52.0,False,20160907.tif,False,27.0,0.014843320505772403,12030,13694,fixed_coordinate_hypothesis_validation
1417,8078,8986,16523,16566.0,16522.0,16523.0,168.0,128.0,False,20160907.tif,False,43.0,0.002602432972220541,12078,18986,fixed_coordinate_hypothesis_validation
1418,8094,5258,7752,7792.0,7752.0,7752.0,98.0,99.0,False,20160907.tif,False,40.0,0.005159958720330237,12094,15258,fixed_coordinate_hypothesis_validation
1419,8098,5390,8429,8456.0,8429.0,8429.0,104.0,109.0,False,20160907.tif,False,27.0,0.0032032269545616324,12098,15390,fixed_coordinate_hypothesis_validation
1420,8107,3724,2603,2624.0,2603.0,2603.0,62.0,58.0,False,20160907.tif,False,21.0,0.008067614291202459,12107,13724,fixed_coordinate_hypothesis_validation
1421,8123,7176,3998,4011.0,3998.0,3998.0,70.0,74.0,False,20160907.tif,False,13.0,0.0032516258129064533,12123,17176,fixed_coordinate_hypothesis_validation
1422,8137,7886,10433,10445.0,10433.0,10433.0,118.0,116.0,False,20160907.tif,False,12.0,0.0011501964919006997,12137,17886,fixed_coordinate_hypothesis_validation
1423,8189,1536,251,259.0,251.0,251.0,19.0,18.0,False,20160907.tif,False,8.0,0.03187250996015936,12189,11536,fixed_coordinate_hypothesis_validation
1424,8220,3754,3531,3556.0,3531.0,3531.0,68.0,67.0,False,20160907.tif,False,25.0,0.007080147267063155,12220,13754,fixed_coordinate_hypothesis_validation
1425,8241,3938,2555,2564.0,2555.0,2555.0,55.0,65.0,False,20160907.tif,False,9.0,0.0035225048923679062,12241,13938,fixed_coordinate_hypothesis_validation
1426,8251,4662,10617,10652.0,10617.0,10617.0,120.0,115.0,False,20160907.tif,False,35.0,0.003296599792785156,12251,14662,fixed_coordinate_hypothesis_validation
1427,8289,10814,3566,3581.0,3566.0,3566.0,64.0,72.0,False,20160907.tif,False,15.0,0.004206393718452047,12289,20814,fixed_coordinate_hypothesis_validation
1428,8299,3978,6609,6575.0,6554.0,6609.0,96.0,85.0,False,20160907.tif,False,-34.0,-0.005144499924345589,12299,13978,fixed_coordinate_hypothesis_validation
1429,8443,11486,9119,9168.0,9119.0,9119.0,110.0,110.0,False,20160907.tif,False,49.0,0.005373396205724312,12443,21486,fixed_coordinate_hypothesis_validation
1430,8477,10879,6239,6256.0,6239.0,6239.0,90.0,90.0,False,20160907.tif,False,17.0,0.0027247956403269754,12477,20879,fixed_coordinate_hypothesis_validation
1431,8493,3910,612,623.0,612.0,612.0,30.0,28.0,False,20160907.tif,False,11.0,0.017973856209150325,12493,13910,fixed_coordinate_hypothesis_validation
1432,8530,4326,3854,3870.0,3854.0,3854.0,76.0,72.0,False,20160907.tif,False,16.0,0.0041515308770108976,12530,14326,fixed_coordinate_hypothesis_validation
1433,8622,5038,6556,6582.0,6556.0,6556.0,88.0,95.0,False,20160907.tif,False,26.0,0.003965832824893227,12622,15038,fixed_coordinate_hypothesis_validation
1434,8683,10984,7336,7250.0,7232.0,7336.0,98.0,100.0,False,20160907.tif,False,-86.0,-0.011723009814612868,12683,20984,fixed_coordinate_hypothesis_validation
1435,8701,5778,7843,7864.0,7843.0,7843.0,98.0,105.0,False,20160907.tif,False,21.0,0.0026775468570699986,12701,15778,fixed_coordinate_hypothesis_validation
1436,8718,5614,7274,7312.0,7274.0,7274.0,92.0,105.0,False,20160907.tif,False,38.0,0.005224085784987627,12718,15614,fixed_coordinate_hypothesis_validation
1437,8727,8212,6127,6154.0,6127.0,6127.0,96.0,83.0,False,20160907.tif,False,27.0,0.004406724334911049,12727,18212,fixed_coordinate_hypothesis_validation
1438,8821,5706,14821,14852.0,14821.0,14821.0,136.0,142.0,False,20160907.tif,False,31.0,0.0020916267458336146,12821,15706,fixed_coordinate_hypothesis_validation
1439,8867,8128,9325,9359.0,9325.0,9325.0,106.0,110.0,False,20160907.tif,False,34.0,0.0036461126005361932,12867,18128,fixed_coordinate_hypothesis_validation
1440,9029,4522,3190,3204.0,3190.0,3190.0,65.0,65.0,False,20160907.tif,False,14.0,0.00438871473354232,13029,14522,fixed_coordinate_hypothesis_validation
1441,9174,5610,6174,6192.0,6174.0,6174.0,90.0,92.0,False,20160907.tif,False,18.0,0.0029154518950437317,13174,15610,fixed_coordinate_hypothesis_validation
1442,9273,4632,3701,3723.0,3701.0,3701.0,66.0,74.0,False,20160907.tif,False,22.0,0.005944339367738449,13273,14632,fixed_coordinate_hypothesis_validation
1443,9298,5610,7610,7664.0,7610.0,7610.0,90.0,104.0,False,20160907.tif,False,54.0,0.00709592641261498,13298,15610,fixed_coordinate_hypothesis_validation
1444,9309,4748,2721,2751.0,2721.0,2721.0,62.0,57.0,False,20160907.tif,False,30.0,0.011025358324145534,13309,14748,fixed_coordinate_hypothesis_validation
1445,9319,1786,358,373.0,358.0,358.0,23.0,24.0,False,20160907.tif,False,15.0,0.04189944134078212,13319,11786,fixed_coordinate_hypothesis_validation
1446,9323,8924,7434,7440.0,7434.0,7434.0,106.0,98.0,False,20160907.tif,False,6.0,0.0008071025020177562,13323,18924,fixed_coordinate_hypothesis_validation
1447,9338,6759,13141,13156.0,13141.0,13141.0,136.0,133.0,False,20160907.tif,False,15.0,0.0011414656418841792,13338,16759,fixed_coordinate_hypothesis_validation
1448,9345,8650,2571,2594.0,2571.0,2571.0,58.0,58.0,False,20160907.tif,False,23.0,0.008945935433683392,13345,18650,fixed_coordinate_hypothesis_validation
1449,9350,5900,10410,10438.0,10410.0,10410.0,118.0,119.0,False,20160907.tif,False,28.0,0.0026897214217098944,13350,15900,fixed_coordinate_hypothesis_validation
1450,9369,8742,2523,2551.0,2523.0,2523.0,54.0,62.0,False,20160907.tif,False,28.0,0.01109789932619897,13369,18742,fixed_coordinate_hypothesis_validation
1451,9423,8103,3547,3568.0,3547.0,3547.0,71.0,66.0,False,20160907.tif,False,21.0,0.005920496193966732,13423,18103,fixed_coordinate_hypothesis_validation
1452,9430,4790,4063,4080.0,4063.0,4063.0,70.0,79.0,False,20160907.tif,False,17.0,0.0041841004184100415,13430,14790,fixed_coordinate_hypothesis_validation
1453,9475,8787,2775,2789.0,2775.0,2775.0,59.0,63.0,False,20160907.tif,False,14.0,0.005045045045045045,13475,18787,fixed_coordinate_hypothesis_validation
1454,9477,8494,6475,6508.0,6475.0,6475.0,98.0,84.0,False,20160907.tif,False,33.0,0.005096525096525096,13477,18494,fixed_coordinate_hypothesis_validation
1455,9537,8846,4783,4805.0,4783.0,4783.0,76.0,81.0,False,20160907.tif,False,22.0,0.004599623667154506,13537,18846,fixed_coordinate_hypothesis_validation
1456,9589,8694,3612,3628.0,3612.0,3612.0,67.0,70.0,False,20160907.tif,False,16.0,0.004429678848283499,13589,18694,fixed_coordinate_hypothesis_validation
1457,9601,5262,5358,5379.0,5358.0,5358.0,79.0,88.0,False,20160907.tif,False,21.0,0.003919372900335946,13601,15262,fixed_coordinate_hypothesis_validation
1458,9629,6570,1859,1886.0,1859.0,1859.0,48.0,50.0,False,20160907.tif,False,27.0,0.014523937600860678,13629,16570,fixed_coordinate_hypothesis_validation
1459,9671,7834,8569,8633.0,8569.0,8569.0,100.0,111.0,False,20160907.tif,False,64.0,0.00746878282179951,13671,17834,fixed_coordinate_hypothesis_validation
1460,9673,2692,592,606.0,592.0,592.0,27.0,30.0,False,20160907.tif,False,14.0,0.02364864864864865,13673,12692,fixed_coordinate_hypothesis_validation
1461,9752,7546,8625,8653.0,8625.0,8625.0,102.0,109.0,False,20160907.tif,False,28.0,0.003246376811594203,13752,17546,fixed_coordinate_hypothesis_validation
1462,9846,5270,5661,5686.0,5661.0,5661.0,82.0,91.0,False,20160907.tif,False,25.0,0.004416180886769122,13846,15270,fixed_coordinate_hypothesis_validation
1463,9882,9286,5832,5864.0,5832.0,5832.0,82.0,91.0,False,20160907.tif,False,32.0,0.0054869684499314125,13882,19286,fixed_coordinate_hypothesis_validation
1464,9965,8581,5026,5046.0,5026.0,5026.0,81.0,80.0,False,20160907.tif,False,20.0,0.003979307600477517,13965,18581,fixed_coordinate_hypothesis_validation
1465,9997,6016,3349,3377.0,3349.0,3349.0,62.0,70.0,False,20160907.tif,False,28.0,0.008360704687966557,13997,16016,fixed_coordinate_hypothesis_validation
1466,10045,2841,1277,1303.0,1277.0,1277.0,44.0,41.0,False,20160907.tif,False,26.0,0.020360219263899765,14045,12841,fixed_coordinate_hypothesis_validation
1467,10051,6462,781,797.0,781.0,781.0,32.0,31.0,False,20160907.tif,False,16.0,0.020486555697823303,14051,16462,fixed_coordinate_hypothesis_validation
1468,10065,9286,5602,5637.0,5602.0,5602.0,80.0,85.0,False,20160907.tif,False,35.0,0.006247768654052124,14065,19286,fixed_coordinate_hypothesis_validation
1469,10109,9132,12600,12626.0,12600.0,12600.0,126.0,128.0,False,20160907.tif,False,26.0,0.0020634920634920637,14109,19132,fixed_coordinate_hypothesis_validation
1470,10119,6064,6419,6442.0,6419.0,6419.0,89.0,94.0,False,20160907.tif,False,23.0,0.003583112634366724,14119,16064,fixed_coordinate_hypothesis_validation
1471,10134,5682,6826,6836.0,6826.0,6826.0,92.0,99.0,False,20160907.tif,False,10.0,0.001464986815118664,14134,15682,fixed_coordinate_hypothesis_validation
1472,10135,3444,1839,1850.0,1839.0,1839.0,46.0,53.0,False,20160907.tif,False,11.0,0.005981511691136488,14135,13444,fixed_coordinate_hypothesis_validation
1473,10149,6593,2072,2096.0,2072.0,2072.0,47.0,57.0,False,20160907.tif,False,24.0,0.011583011583011582,14149,16593,fixed_coordinate_hypothesis_validation
1474,10153,7554,3836,3874.0,3836.0,3836.0,72.0,69.0,False,20160907.tif,False,38.0,0.009906152241918665,14153,17554,fixed_coordinate_hypothesis_validation
1475,10199,7210,4835,4869.0,4835.0,4835.0,74.0,82.0,False,20160907.tif,False,34.0,0.00703205791106515,14199,17210,fixed_coordinate_hypothesis_validation
1476,10245,7363,8625,8656.0,8625.0,8625.0,107.0,106.0,False,20160907.tif,False,31.0,0.0035942028985507246,14245,17363,fixed_coordinate_hypothesis_validation
1477,10251,9746,2816,2834.0,2816.0,2816.0,68.0,54.0,False,20160907.tif,False,18.0,0.006392045454545455,14251,19746,fixed_coordinate_hypothesis_validation
1478,10255,5874,9121,9171.0,9121.0,9121.0,104.0,115.0,False,20160907.tif,False,50.0,0.00548185505975222,14255,15874,fixed_coordinate_hypothesis_validation
1479,10255,9915,603,618.0,603.0,603.0,32.0,24.0,False,20160907.tif,False,15.0,0.024875621890547265,14255,19915,fixed_coordinate_hypothesis_validation
1480,10258,2686,1989,1999.0,1989.0,1989.0,51.0,57.0,False,20160907.tif,False,10.0,0.005027652086475616,14258,12686,fixed_coordinate_hypothesis_validation
1481,10259,6242,10529,10572.0,10529.0,10529.0,120.0,115.0,False,20160907.tif,False,43.0,0.004083958590559407,14259,16242,fixed_coordinate_hypothesis_validation
1482,10369,7424,8605,8631.0,8605.0,8605.0,102.0,108.0,False,20160907.tif,False,26.0,0.003021499128413713,14369,17424,fixed_coordinate_hypothesis_validation
1483,10387,3048,5400,5447.0,5400.0,5400.0,89.0,83.0,False,20160907.tif,False,47.0,0.008703703703703703,14387,13048,fixed_coordinate_hypothesis_validation
1484,10394,8249,3038,3056.0,3038.0,3038.0,63.0,63.0,False,20160907.tif,False,18.0,0.005924950625411455,14394,18249,fixed_coordinate_hypothesis_validation
1485,10401,3450,146,156.0,146.0,146.0,16.0,14.0,False,20160907.tif,False,10.0,0.0684931506849315,14401,13450,fixed_coordinate_hypothesis_validation
1486,10605,9054,2737,2753.0,2737.0,2737.0,56.0,65.0,False,20160907.tif,False,16.0,0.005845816587504567,14605,19054,fixed_coordinate_hypothesis_validation
1487,10646,2890,276,293.0,276.0,276.0,19.0,20.0,False,20160907.tif,False,17.0,0.06159420289855073,14646,12890,fixed_coordinate_hypothesis_validation
1488,10699,7444,2058,2087.0,2058.0,2058.0,50.0,55.0,False,20160907.tif,False,29.0,0.014091350826044704,14699,17444,fixed_coordinate_hypothesis_validation
1489,10705,9142,2652,2677.0,2652.0,2652.0,54.0,59.0,False,20160907.tif,False,25.0,0.00942684766214178,14705,19142,fixed_coordinate_hypothesis_validation
1490,10713,3399,4965,4996.0,4965.0,4965.0,81.0,80.0,False,20160907.tif,False,31.0,0.006243705941591138,14713,13399,fixed_coordinate_hypothesis_validation
1491,10782,3322,461,480.0,461.0,461.0,28.0,24.0,False,20160907.tif,False,19.0,0.04121475054229935,14782,13322,fixed_coordinate_hypothesis_validation
1492,10837,10850,3441,3473.0,3441.0,3441.0,66.0,68.0,False,20160907.tif,False,32.0,0.00929962220284801,14837,20850,fixed_coordinate_hypothesis_validation
1493,10843,8542,3015,3043.0,3015.0,3015.0,62.0,63.0,False,20160907.tif,False,28.0,0.009286898839137645,14843,18542,fixed_coordinate_hypothesis_validation
1494,10858,7726,8266,8304.0,8266.0,8266.0,98.0,104.0,False,20160907.tif,False,38.0,0.004597144931042826,14858,17726,fixed_coordinate_hypothesis_validation
1495,10879,11008,2756,2782.0,2756.0,2756.0,70.0,51.0,False,20160907.tif,False,26.0,0.009433962264150943,14879,21008,fixed_coordinate_hypothesis_validation
1496,10886,7940,2499,2526.0,2499.0,2499.0,62.0,55.0,False,20160907.tif,False,27.0,0.010804321728691477,14886,17940,fixed_coordinate_hypothesis_validation
1497,10905,8134,2466,2497.0,2466.0,2466.0,58.0,57.0,False,20160907.tif,False,31.0,0.012570965125709651,14905,18134,fixed_coordinate_hypothesis_validation
1498,10907,10812,4578,4608.0,4578.0,4578.0,74.0,82.0,False,20160907.tif,False,30.0,0.00655307994757536,14907,20812,fixed_coordinate_hypothesis_validation
1499,10917,3598,1534,1541.0,1534.0,1534.0,42.0,48.0,False,20160907.tif,False,7.0,0.0045632333767926985,14917,13598,fixed_coordinate_hypothesis_validation
1500,10955,10536,8383,8405.0,8383.0,8383.0,118.0,95.0,False,20160907.tif,False,22.0,0.002624358821424311,14955,20536,fixed_coordinate_hypothesis_validation
1501,10965,7674,5246,5268.0,5246.0,5246.0,82.0,82.0,False,20160907.tif,False,22.0,0.0041936713686618375,14965,17674,fixed_coordinate_hypothesis_validation
1502,10995,7841,2134,2140.0,2134.0,2134.0,53.0,56.0,False,20160907.tif,False,6.0,0.0028116213683223993,14995,17841,fixed_coordinate_hypothesis_validation
1503,11010,7510,4932,4951.0,4932.0,4932.0,80.0,84.0,False,20160907.tif,False,19.0,0.0038523925385239256,15010,17510,fixed_coordinate_hypothesis_validation
1504,11106,4586,22924,22960.0,22924.0,22924.0,176.0,168.0,False,20160907.tif,False,36.0,0.001570406560809632,15106,14586,fixed_coordinate_hypothesis_validation
1505,11250,4442,7724,7754.0,7724.0,7724.0,96.0,104.0,False,20160907.tif,False,30.0,0.0038839979285344383,15250,14442,fixed_coordinate_hypothesis_validation
1506,11355,5768,11570,11605.0,11570.0,11570.0,124.0,124.0,False,20160907.tif,False,35.0,0.003025064822817632,15355,15768,fixed_coordinate_hypothesis_validation
1507,11374,6344,5118,5131.0,5118.0,5118.0,82.0,85.0,False,20160907.tif,False,13.0,0.0025400547088706526,15374,16344,fixed_coordinate_hypothesis_validation
1508,11571,7031,9911,9942.0,9911.0,9911.0,111.0,118.0,False,20160907.tif,False,31.0,0.003127837756028655,15571,17031,fixed_coordinate_hypothesis_validation
1509,11629,6681,8073,8105.0,8073.0,8073.0,105.0,106.0,False,20160907.tif,False,32.0,0.003963830050786573,15629,16681,fixed_coordinate_hypothesis_validation
1510,11985,5112,6922,6947.0,6922.0,6922.0,92.0,98.0,False,20160907.tif,False,25.0,0.00361167292689974,15985,15112,fixed_coordinate_hypothesis_validation
1511,12017,3057,5393,5420.0,5393.0,5393.0,79.0,89.0,False,20160907.tif,False,27.0,0.005006489894307436,16017,13057,fixed_coordinate_hypothesis_validation
1512,12035,4602,8672,8700.0,8672.0,8672.0,104.0,110.0,False,20160907.tif,False,28.0,0.0032287822878228783,16035,14602,fixed_coordinate_hypothesis_validation
1513,12150,3136,10325,10361.0,10325.0,10325.0,125.0,112.0,False,20160907.tif,False,36.0,0.003486682808716707,16150,13136,fixed_coordinate_hypothesis_validation
1514,12157,120,330,340.0,330.0,330.0,22.0,22.0,False,20160907.tif,False,10.0,0.030303030303030304,16157,10120,fixed_coordinate_hypothesis_validation
1515,12163,2926,10541,10589.0,10541.0,10541.0,119.0,116.0,False,20160907.tif,False,48.0,0.004553647661512191,16163,12926,fixed_coordinate_hypothesis_validation
1516,12187,90,200,212.0,200.0,200.0,16.0,20.0,False,20160907.tif,False,12.0,0.06,16187,10090,fixed_coordinate_hypothesis_validation
1517,12214,5442,5126,5140.0,5126.0,5126.0,82.0,86.0,False,20160907.tif,False,14.0,0.0027311744049941474,16214,15442,fixed_coordinate_hypothesis_validation
1518,12273,8258,6505,6533.0,6505.0,6505.0,89.0,98.0,False,20160907.tif,False,28.0,0.004304381245196003,16273,18258,fixed_coordinate_hypothesis_validation
1519,12317,5454,9116,9144.0,9116.0,9116.0,112.0,108.0,False,20160907.tif,False,28.0,0.00307152259763054,16317,15454,fixed_coordinate_hypothesis_validation
1520,12547,7574,17476,17516.0,17476.0,17476.0,154.0,154.0,False,20160907.tif,False,40.0,0.0022888532845044634,16547,17574,fixed_coordinate_hypothesis_validation
1521,12625,6648,4504,4524.0,4504.0,4504.0,72.0,80.0,False,20160907.tif,False,20.0,0.004440497335701598,16625,16648,fixed_coordinate_hypothesis_validation
1522,12877,5205,1047,1052.0,1047.0,1047.0,40.0,36.0,False,20160907.tif,False,5.0,0.004775549188156638,16877,15205,fixed_coordinate_hypothesis_validation
1523,12901,4488,5151,5166.0,5151.0,5151.0,82.0,87.0,False,20160907.tif,False,15.0,0.0029120559114735,16901,14488,fixed_coordinate_hypothesis_validation
1524,13063,4254,3284,3296.0,3284.0,3284.0,64.0,72.0,False,20160907.tif,False,12.0,0.0036540803897685747,17063,14254,fixed_coordinate_hypothesis_validation
1525,13183,8922,9573,9607.0,9573.0,9573.0,108.0,116.0,False,20160907.tif,False,34.0,0.0035516556983181866,17183,18922,fixed_coordinate_hypothesis_validation
1526,13247,7582,3715,3734.0,3715.0,3715.0,71.0,70.0,False,20160907.tif,False,19.0,0.0051144010767160165,17247,17582,fixed_coordinate_hypothesis_validation
1527,13303,7386,732,768.0,732.0,732.0,36.0,28.0,False,20160907.tif,False,36.0,0.04918032786885246,17303,17386,fixed_coordinate_hypothesis_validation
1528,13373,9883,4948,4980.0,4948.0,4948.0,83.0,80.0,False,20160907.tif,False,32.0,0.0064672594987873885,17373,19883,fixed_coordinate_hypothesis_validation
1529,13415,8712,8682,8728.0,8682.0,8682.0,108.0,104.0,False,20160907.tif,False,46.0,0.005298318359824925,17415,18712,fixed_coordinate_hypothesis_validation
1530,13483,7348,6457,6489.0,6457.0,6457.0,96.0,92.0,False,20160907.tif,False,32.0,0.004955861855350782,17483,17348,fixed_coordinate_hypothesis_validation
1531,13545,4626,14944,14964.0,14944.0,14944.0,144.0,138.0,False,20160907.tif,False,20.0,0.0013383297644539614,17545,14626,fixed_coordinate_hypothesis_validation
1532,13587,9777,9168,9191.0,9168.0,9168.0,102.0,114.0,False,20160907.tif,False,23.0,0.0025087260034904013,17587,19777,fixed_coordinate_hypothesis_validation
1533,13613,7300,4965,4983.0,4965.0,4965.0,71.0,88.0,False,20160907.tif,False,18.0,0.0036253776435045317,17613,17300,fixed_coordinate_hypothesis_validation
1534,13702,7206,4566,4585.0,4566.0,4566.0,73.0,81.0,False,20160907.tif,False,19.0,0.004161191414805081,17702,17206,fixed_coordinate_hypothesis_validation
1535,13723,5924,8401,8407.0,8401.0,8401.0,101.0,106.0,False,20160907.tif,False,6.0,0.0007142006903940007,17723,15924,fixed_coordinate_hypothesis_validation
1536,13755,5304,4255,4279.0,4255.0,4255.0,76.0,74.0,False,20160907.tif,False,24.0,0.00564042303172738,17755,15304,fixed_coordinate_hypothesis_validation
1537,13775,5135,4260,4278.0,4260.0,4260.0,74.0,76.0,False,20160907.tif,False,18.0,0.004225352112676056,17775,15135,fixed_coordinate_hypothesis_validation
1538,13779,5046,2028,2048.0,2028.0,2028.0,56.0,54.0,False,20160907.tif,False,20.0,0.009861932938856016,17779,15046,fixed_coordinate_hypothesis_validation
1539,13830,7143,6123,6143.0,6123.0,6123.0,87.0,92.0,False,20160907.tif,False,20.0,0.0032663726931242854,17830,17143,fixed_coordinate_hypothesis_validation
1540,13835,8510,3396,3412.0,3396.0,3396.0,67.0,66.0,False,20160907.tif,False,16.0,0.004711425206124852,17835,18510,fixed_coordinate_hypothesis_validation
1541,13863,4702,5902,5964.0,5902.0,5902.0,88.0,88.0,False,20160907.tif,False,62.0,0.010504913588614028,17863,14702,fixed_coordinate_hypothesis_validation
1542,13919,5512,8606,8660.0,8606.0,8606.0,104.0,106.0,False,20160907.tif,False,54.0,0.006274692075296305,17919,15512,fixed_coordinate_hypothesis_validation
1543,13931,5820,5766,5800.0,5766.0,5766.0,86.0,88.0,False,20160907.tif,False,34.0,0.005896635449184877,17931,15820,fixed_coordinate_hypothesis_validation
1544,13975,4678,6198,6220.0,6198.0,6198.0,86.0,92.0,False,20160907.tif,False,22.0,0.0035495321071313327,17975,14678,fixed_coordinate_hypothesis_validation
1545,14083,5302,1572,1584.0,1572.0,1572.0,48.0,50.0,False,20160907.tif,False,12.0,0.007633587786259542,18083,15302,fixed_coordinate_hypothesis_validation
1546,14103,5602,5630,5652.0,5630.0,5630.0,94.0,78.0,False,20160907.tif,False,22.0,0.003907637655417406,18103,15602,fixed_coordinate_hypothesis_validation
1547,14103,8204,2074,2106.0,2074.0,2074.0,54.0,50.0,False,20160907.tif,False,32.0,0.015429122468659595,18103,18204,fixed_coordinate_hypothesis_validation
1548,14115,4648,11460,11500.0,11460.0,11460.0,126.0,126.0,False,20160907.tif,False,40.0,0.0034904013961605585,18115,14648,fixed_coordinate_hypothesis_validation
1549,14170,5850,5269,5301.0,5269.0,5269.0,78.0,85.0,False,20160907.tif,False,32.0,0.006073258682862023,18170,15850,fixed_coordinate_hypothesis_validation
1550,14385,7318,5120,5132.0,5120.0,5120.0,90.0,80.0,False,20160907.tif,False,12.0,0.00234375,18385,17318,fixed_coordinate_hypothesis_validation
1551,14699,6426,7184,7220.0,7184.0,7184.0,88.0,106.0,False,20160907.tif,False,36.0,0.005011135857461025,18699,16426,fixed_coordinate_hypothesis_validation
1552,14871,7709,7212,7242.0,7212.0,7212.0,95.0,98.0,False,20160907.tif,False,30.0,0.004159733777038269,18871,17709,fixed_coordinate_hypothesis_validation
1553,15007,7542,7919,7949.0,7919.0,7919.0,102.0,102.0,False,20160907.tif,False,30.0,0.0037883571157974493,19007,17542,fixed_coordinate_hypothesis_validation
1554,15215,7392,23112,23136.0,23112.0,23112.0,200.0,154.0,False,20160907.tif,False,24.0,0.0010384215991692627,19215,17392,fixed_coordinate_hypothesis_validation
1555,15291,8282,20404,20452.0,20404.0,20404.0,160.0,164.0,False,20160907.tif,False,48.0,0.002352479905900804,19291,18282,fixed_coordinate_hypothesis_validation
1556,15475,6798,8436,8460.0,8436.0,8436.0,108.0,108.0,False,20160907.tif,False,24.0,0.002844950213371266,19475,16798,fixed_coordinate_hypothesis_validation
1557,15525,16,1128,1140.0,1128.0,1128.0,41.0,41.0,False,20160907.tif,False,12.0,0.010638297872340425,19525,10016,fixed_coordinate_hypothesis_validation
1558,15803,7422,7570,7604.0,7570.0,7570.0,94.0,104.0,False,20160907.tif,False,34.0,0.004491413474240423,19803,17422,fixed_coordinate_hypothesis_validation
1559,16119,7186,3108,3160.0,3108.0,3108.0,60.0,62.0,False,20160907.tif,False,52.0,0.01673101673101673,20119,17186,fixed_coordinate_hypothesis_validation
1560,16215,7769,2200,2208.0,2200.0,2200.0,57.0,52.0,False,20160907.tif,False,8.0,0.0036363636363636364,20215,17769,fixed_coordinate_hypothesis_validation
1561,16323,7686,12344,12376.0,12342.0,12344.0,126.0,124.0,False,20160907.tif,False,32.0,0.002592352559948153,20323,17686,fixed_coordinate_hypothesis_validation
144,3917,2922,18310,18360.0,18310.0,18310.0,155.0,148.0,False,20161025.tif,False,50.0,0.002730748225013654,7917,12922,fixed_coordinate_hypothesis_validation
149,3985,2475,10505,10518.0,10505.0,10505.0,121.0,123.0,False,20161025.tif,False,13.0,0.0012375059495478343,7985,12475,fixed_coordinate_hypothesis_validation
170,4331,4434,26051,26074.0,26051.0,26051.0,184.0,188.0,False,20161025.tif,False,23.0,0.0008828835745268896,8331,14434,fixed_coordinate_hypothesis_validation
243,5743,7666,14095,14107.0,14095.0,14095.0,130.0,138.0,False,20161025.tif,False,12.0,0.0008513657325292657,9743,17666,fixed_coordinate_hypothesis_validation
282,6918,3418,23614,23638.0,23614.0,23614.0,176.0,173.0,False,20161025.tif,False,24.0,0.0010163462352841535,10918,13418,fixed_coordinate_hypothesis_validation
297,7447,8079,10895,10910.0,10895.0,10895.0,121.0,123.0,False,20161025.tif,False,15.0,0.0013767783386874712,11447,18079,fixed_coordinate_hypothesis_validation
358,9088,6358,7067,7083.0,7067.0,7067.0,94.0,97.0,False,20161025.tif,False,16.0,0.002264044148860903,13088,16358,fixed_coordinate_hypothesis_validation
461,11310,4742,17298,17333.0,17298.0,17298.0,152.0,145.0,False,20161025.tif,False,35.0,0.002023355301190889,15310,14742,fixed_coordinate_hypothesis_validation
476,12286,7762,33608,33676.0,33608.0,33608.0,212.0,217.0,False,20161025.tif,False,68.0,0.002023327779100214,16286,17762,fixed_coordinate_hypothesis_validation
477,12274,6338,35418,35514.0,35418.0,35418.0,212.0,205.0,False,20161025.tif,False,96.0,0.002710486193460952,16274,16338,fixed_coordinate_hypothesis_validation
483,12653,7542,21094,21107.0,21094.0,21094.0,162.0,172.0,False,20161025.tif,False,13.0,0.0006162889921304636,16653,17542,fixed_coordinate_hypothesis_validation
484,12831,6542,24163,24201.0,24163.0,24163.0,184.0,174.0,False,20161025.tif,False,38.0,0.0015726524024334727,16831,16542,fixed_coordinate_hypothesis_validation
486,12875,6290,31056,31116.0,31056.0,31056.0,204.0,194.0,False,20161025.tif,False,60.0,0.0019319938176197836,16875,16290,fixed_coordinate_hypothesis_validation
488,13019,6770,32716,32736.0,32716.0,32716.0,209.0,204.0,False,20161025.tif,False,20.0,0.000611321677466683,17019,16770,fixed_coordinate_hypothesis_validation
498,13647,6238,17390,17432.0,17390.0,17390.0,152.0,152.0,False,20161025.tif,False,42.0,0.0024151811385853938,17647,16238,fixed_coordinate_hypothesis_validation
517,14507,7824,14572,14576.0,14572.0,14572.0,140.0,140.0,False,20161025.tif,False,4.0,0.0002744990392533626,18507,17824,fixed_coordinate_hypothesis_validation
592,2893,8916,7282,7310.0,7282.0,7282.0,94.0,100.0,False,20161025.tif,False,28.0,0.0038450975006866246,6893,18916,fixed_coordinate_hypothesis_validation
611,3149,6564,8437,8464.0,8437.0,8437.0,101.0,104.0,False,20161025.tif,False,27.0,0.003200189640867607,7149,16564,fixed_coordinate_hypothesis_validation
615,3161,8029,10502,10544.0,10502.0,10502.0,117.0,116.0,False,20161025.tif,False,42.0,0.003999238240335174,7161,18029,fixed_coordinate_hypothesis_validation
628,3465,8042,7609,7631.0,7609.0,7609.0,100.0,104.0,False,20161025.tif,False,22.0,0.0028913129189118147,7465,18042,fixed_coordinate_hypothesis_validation
636,3465,8042,7609,7631.0,7609.0,7609.0,100.0,104.0,False,20161025.tif,False,22.0,0.0028913129189118147,7465,18042,fixed_coordinate_hypothesis_validation
680,4019,8642,6603,6643.0,6603.0,6603.0,91.0,90.0,False,20161025.tif,False,40.0,0.006057852491291837,8019,18642,fixed_coordinate_hypothesis_validation
684,4107,8038,6741,6766.0,6741.0,6741.0,90.0,103.0,False,20161025.tif,False,25.0,0.0037086485684616525,8107,18038,fixed_coordinate_hypothesis_validation
693,4231,8320,7887,7897.0,7887.0,7887.0,102.0,104.0,False,20161025.tif,False,10.0,0.0012679092177000128,8231,18320,fixed_coordinate_hypothesis_validation
697,4292,8070,7601,7613.0,7601.0,7601.0,102.0,101.0,False,20161025.tif,False,12.0,0.0015787396395211155,8292,18070,fixed_coordinate_hypothesis_validation
723,4750,5719,11541,11549.0,11541.0,11541.0,126.0,119.0,False,20161025.tif,False,8.0,0.0006931808335499523,8750,15719,fixed_coordinate_hypothesis_validation
727,4766,8186,9392,9442.0,9392.0,9392.0,106.0,113.0,False,20161025.tif,False,50.0,0.005323679727427598,8766,18186,fixed_coordinate_hypothesis_validation
731,4895,8098,9526,9572.0,9526.0,9526.0,108.0,114.0,False,20161025.tif,False,46.0,0.004828889355448247,8895,18098,fixed_coordinate_hypothesis_validation
734,4957,9044,4466,4492.0,4466.0,4466.0,72.0,80.0,False,20161025.tif,False,26.0,0.005821764442454098,8957,19044,fixed_coordinate_hypothesis_validation
746,5156,8722,7092,7152.0,7092.0,7092.0,92.0,97.0,False,20161025.tif,False,60.0,0.008460236886632826,9156,18722,fixed_coordinate_hypothesis_validation
769,5491,8919,11771,11801.0,11771.0,11771.0,115.0,131.0,False,20161025.tif,False,30.0,0.0025486364794834763,9491,18919,fixed_coordinate_hypothesis_validation
774,5630,7571,5264,5307.0,5264.0,5264.0,77.0,87.0,False,20161025.tif,False,43.0,0.00816869300911854,9630,17571,fixed_coordinate_hypothesis_validation
783,5721,9024,9290,9303.0,9290.0,9290.0,108.0,114.0,False,20161025.tif,False,13.0,0.0013993541442411195,9721,19024,fixed_coordinate_hypothesis_validation
786,5811,11362,5531,5550.0,5531.0,5531.0,84.0,88.0,False,20161025.tif,False,19.0,0.0034351835111191466,9811,21362,fixed_coordinate_hypothesis_validation
792,5910,10947,7614,7634.0,7614.0,7614.0,95.0,104.0,False,20161025.tif,False,20.0,0.002626740215392698,9910,20947,fixed_coordinate_hypothesis_validation
802,6061,8808,10026,10048.0,10026.0,10026.0,115.0,112.0,False,20161025.tif,False,22.0,0.002194294833433074,10061,18808,fixed_coordinate_hypothesis_validation
810,6397,7985,6125,6160.0,6125.0,6125.0,83.0,96.0,False,20161025.tif,False,35.0,0.005714285714285714,10397,17985,fixed_coordinate_hypothesis_validation
814,6446,8530,7738,7776.0,7738.0,7738.0,96.0,104.0,False,20161025.tif,False,38.0,0.004910829671749806,10446,18530,fixed_coordinate_hypothesis_validation
816,6489,10828,4095,4117.0,4095.0,4095.0,74.0,76.0,False,20161025.tif,False,22.0,0.005372405372405372,10489,20828,fixed_coordinate_hypothesis_validation
817,6467,9520,9511,9526.0,9511.0,9511.0,112.0,118.0,False,20161025.tif,False,15.0,0.0015771212280517295,10467,19520,fixed_coordinate_hypothesis_validation
820,6531,10580,8766,8776.0,8766.0,8766.0,106.0,110.0,False,20161025.tif,False,10.0,0.0011407711613050423,10531,20580,fixed_coordinate_hypothesis_validation
827,6630,9108,8386,8398.0,8386.0,8386.0,102.0,105.0,False,20161025.tif,False,12.0,0.0014309563558311473,10630,19108,fixed_coordinate_hypothesis_validation
828,6621,10110,6069,6093.0,6069.0,6069.0,88.0,94.0,False,20161025.tif,False,24.0,0.003954522985664854,10621,20110,fixed_coordinate_hypothesis_validation
839,6733,11306,6145,6182.0,6145.0,6145.0,82.0,102.0,False,20161025.tif,False,37.0,0.006021155410903174,10733,21306,fixed_coordinate_hypothesis_validation
846,6786,7397,8624,8653.0,8624.0,8624.0,101.0,112.0,False,20161025.tif,False,29.0,0.003362708719851577,10786,17397,fixed_coordinate_hypothesis_validation
863,7194,8494,16180,16212.0,16180.0,16180.0,148.0,144.0,False,20161025.tif,False,32.0,0.001977750309023486,11194,18494,fixed_coordinate_hypothesis_validation
870,7417,11260,4400,4421.0,4400.0,4400.0,71.0,80.0,False,20161025.tif,False,21.0,0.004772727272727273,11417,21260,fixed_coordinate_hypothesis_validation
872,7438,7186,5686,5709.0,5686.0,5686.0,86.0,88.0,False,20161025.tif,False,23.0,0.004045022863172705,11438,17186,fixed_coordinate_hypothesis_validation
873,7434,9846,6281,6301.0,6281.0,6281.0,86.0,95.0,False,20161025.tif,False,20.0,0.0031842063365706097,11434,19846,fixed_coordinate_hypothesis_validation
885,7643,7220,5315,5325.0,5315.0,5315.0,80.0,91.0,False,20161025.tif,False,10.0,0.0018814675446848542,11643,17220,fixed_coordinate_hypothesis_validation
889,7689,8042,6810,6834.0,6810.0,6810.0,92.0,104.0,False,20161025.tif,False,24.0,0.003524229074889868,11689,18042,fixed_coordinate_hypothesis_validation
890,7689,7574,11022,11048.0,11022.0,11022.0,114.0,128.0,False,20161025.tif,False,26.0,0.0023589185265831974,11689,17574,fixed_coordinate_hypothesis_validation
893,7719,11340,7255,7275.0,7255.0,7255.0,94.0,102.0,False,20161025.tif,False,20.0,0.0027567195037904893,11719,21340,fixed_coordinate_hypothesis_validation
895,7729,4824,7908,7924.0,7895.0,7908.0,102.0,100.0,False,20161025.tif,False,16.0,0.0020232675771370764,11729,14824,fixed_coordinate_hypothesis_validation
903,7826,5002,8674,8720.0,8674.0,8674.0,104.0,105.0,False,20161025.tif,False,46.0,0.005303204980401199,11826,15002,fixed_coordinate_hypothesis_validation
912,7891,7748,15471,15502.0,15471.0,15471.0,140.0,150.0,False,20161025.tif,False,31.0,0.002003748949647728,11891,17748,fixed_coordinate_hypothesis_validation
919,8007,11426,7680,7689.0,7680.0,7680.0,102.0,106.0,False,20161025.tif,False,9.0,0.001171875,12007,21426,fixed_coordinate_hypothesis_validation
938,8287,8842,3690,3715.0,3690.0,3690.0,68.0,72.0,False,20161025.tif,False,25.0,0.006775067750677507,12287,18842,fixed_coordinate_hypothesis_validation
940,8334,7218,9244,9272.0,9244.0,9244.0,110.0,111.0,False,20161025.tif,False,28.0,0.003028991778450887,12334,17218,fixed_coordinate_hypothesis_validation
950,8458,5582,5873,5910.0,5873.0,5873.0,84.0,89.0,False,20161025.tif,False,37.0,0.006300017027073046,12458,15582,fixed_coordinate_hypothesis_validation
955,8541,5683,9277,9309.0,9277.0,9277.0,103.0,117.0,False,20161025.tif,False,32.0,0.0034493909669074054,12541,15683,fixed_coordinate_hypothesis_validation
958,8610,10878,6750,6760.0,6750.0,6750.0,93.0,96.0,False,20161025.tif,False,10.0,0.0014814814814814814,12610,20878,fixed_coordinate_hypothesis_validation
969,8751,6914,9923,9974.0,9923.0,9923.0,112.0,116.0,False,20161025.tif,False,51.0,0.005139574725385468,12751,16914,fixed_coordinate_hypothesis_validation
971,8774,8506,17514,17558.0,17514.0,17514.0,151.0,155.0,False,20161025.tif,False,44.0,0.0025122758935708575,12774,18506,fixed_coordinate_hypothesis_validation
976,8830,7642,10794,10812.0,10794.0,10794.0,118.0,123.0,False,20161025.tif,False,18.0,0.0016675931072818232,12830,17642,fixed_coordinate_hypothesis_validation
981,8914,7462,8451,8479.0,8451.0,8451.0,106.0,101.0,False,20161025.tif,False,28.0,0.0033132173707253578,12914,17462,fixed_coordinate_hypothesis_validation
982,8943,6374,5443,5476.0,5443.0,5443.0,78.0,90.0,False,20161025.tif,False,33.0,0.006062832996509278,12943,16374,fixed_coordinate_hypothesis_validation
983,8973,7616,9983,10004.0,9983.0,9983.0,114.0,117.0,False,20161025.tif,False,21.0,0.002103576079334869,12973,17616,fixed_coordinate_hypothesis_validation
990,9134,6714,6703,6735.0,6703.0,6703.0,90.0,96.0,False,20161025.tif,False,32.0,0.00477398179919439,13134,16714,fixed_coordinate_hypothesis_validation
1002,9289,7965,6823,6831.0,6823.0,6823.0,87.0,102.0,False,20161025.tif,False,8.0,0.0011725047633006009,13289,17965,fixed_coordinate_hypothesis_validation
1007,9373,5742,5644,5665.0,5644.0,5644.0,86.0,90.0,False,20161025.tif,False,21.0,0.0037207654145995747,13373,15742,fixed_coordinate_hypothesis_validation
1008,9402,7508,9803,9826.0,9803.0,9803.0,114.0,120.0,False,20161025.tif,False,23.0,0.0023462205447312046,13402,17508,fixed_coordinate_hypothesis_validation
1010,9402,7508,9803,9826.0,9803.0,9803.0,114.0,120.0,False,20161025.tif,False,23.0,0.0023462205447312046,13402,17508,fixed_coordinate_hypothesis_validation
1012,9481,6672,10473,10499.0,10473.0,10473.0,113.0,120.0,False,20161025.tif,False,26.0,0.002482574238518094,13481,16672,fixed_coordinate_hypothesis_validation
1028,9749,6379,8841,8877.0,8841.0,8841.0,105.0,108.0,False,20161025.tif,False,36.0,0.0040719375636240245,13749,16379,fixed_coordinate_hypothesis_validation
1029,9758,7994,10890,10926.0,10890.0,10890.0,116.0,124.0,False,20161025.tif,False,36.0,0.003305785123966942,13758,17994,fixed_coordinate_hypothesis_validation
1033,9819,6538,14028,14068.0,14028.0,14028.0,132.0,138.0,False,20161025.tif,False,40.0,0.00285143997718848,13819,16538,fixed_coordinate_hypothesis_validation
1075,10613,4658,16459,16476.0,16459.0,16459.0,149.0,154.0,False,20161025.tif,False,17.0,0.0010328695546509509,14613,14658,fixed_coordinate_hypothesis_validation
1080,10669,7208,10628,10657.0,10628.0,10628.0,116.0,121.0,False,20161025.tif,False,29.0,0.002728641324802409,14669,17208,fixed_coordinate_hypothesis_validation
1096,11050,5570,10255,10269.0,10255.0,10255.0,113.0,115.0,False,20161025.tif,False,14.0,0.0013651877133105802,15050,15570,fixed_coordinate_hypothesis_validation
1108,11514,4866,10203,10233.0,10203.0,10203.0,116.0,115.0,False,20161025.tif,False,30.0,0.002940311673037342,15514,14866,fixed_coordinate_hypothesis_validation
1109,11533,6530,8050,8066.0,8050.0,8050.0,114.0,98.0,False,20161025.tif,False,16.0,0.001987577639751553,15533,16530,fixed_coordinate_hypothesis_validation
1127,12019,6616,13630,13652.0,13630.0,13630.0,134.0,136.0,False,20161025.tif,False,22.0,0.0016140865737344094,16019,16616,fixed_coordinate_hypothesis_validation
1128,11999,4252,5679,5697.0,5679.0,5679.0,84.0,88.0,False,20161025.tif,False,18.0,0.003169572107765452,15999,14252,fixed_coordinate_hypothesis_validation
1129,12031,3936,12681,12703.0,12681.0,12681.0,122.0,135.0,False,20161025.tif,False,22.0,0.0017348789527639775,16031,13936,fixed_coordinate_hypothesis_validation
1130,12059,7008,18741,18787.0,18741.0,18741.0,154.0,160.0,False,20161025.tif,False,46.0,0.002454511498852783,16059,17008,fixed_coordinate_hypothesis_validation
1142,12246,5186,7384,7392.0,7384.0,7384.0,102.0,95.0,False,20161025.tif,False,8.0,0.0010834236186348862,16246,15186,fixed_coordinate_hypothesis_validation
1146,12333,5316,7807,7835.0,7807.0,7807.0,98.0,108.0,False,20161025.tif,False,28.0,0.0035865249135391317,16333,15316,fixed_coordinate_hypothesis_validation
1151,12395,4218,7124,7144.0,7124.0,7124.0,97.0,96.0,False,20161025.tif,False,20.0,0.002807411566535654,16395,14218,fixed_coordinate_hypothesis_validation
1155,12542,5454,4383,4415.0,4383.0,4383.0,68.0,83.0,False,20161025.tif,False,32.0,0.00730093543235227,16542,15454,fixed_coordinate_hypothesis_validation
1162,12700,5058,3992,4014.0,3992.0,3992.0,70.0,75.0,False,20161025.tif,False,22.0,0.005511022044088177,16700,15058,fixed_coordinate_hypothesis_validation
1164,12739,8282,4874,4885.0,4874.0,4874.0,78.0,82.0,False,20161025.tif,False,11.0,0.0022568732047599507,16739,18282,fixed_coordinate_hypothesis_validation
1165,12741,5478,9870,9886.0,9870.0,9870.0,109.0,122.0,False,20161025.tif,False,16.0,0.0016210739614994933,16741,15478,fixed_coordinate_hypothesis_validation
1168,12827,7948,10536,10584.0,10536.0,10536.0,114.0,116.0,False,20161025.tif,False,48.0,0.004555808656036446,16827,17948,fixed_coordinate_hypothesis_validation
1169,12851,7614,10973,11019.0,10973.0,10973.0,130.0,110.0,False,20161025.tif,False,46.0,0.004192107901212066,16851,17614,fixed_coordinate_hypothesis_validation
1171,12879,4946,5645,5657.0,5645.0,5645.0,84.0,88.0,False,20161025.tif,False,12.0,0.0021257750221434896,16879,14946,fixed_coordinate_hypothesis_validation
1175,12971,5861,10361,10383.0,10361.0,10361.0,122.0,110.0,False,20161025.tif,False,22.0,0.0021233471672618474,16971,15861,fixed_coordinate_hypothesis_validation
1177,12995,5170,8290,8322.0,8290.0,8290.0,102.0,106.0,False,20161025.tif,False,32.0,0.0038600723763570566,16995,15170,fixed_coordinate_hypothesis_validation
1185,13251,7844,11206,11221.0,11206.0,11206.0,120.0,126.0,False,20161025.tif,False,15.0,0.0013385686239514546,17251,17844,fixed_coordinate_hypothesis_validation
1196,13463,8332,6770,6804.0,6770.0,6770.0,100.0,92.0,False,20161025.tif,False,34.0,0.005022156573116691,17463,18332,fixed_coordinate_hypothesis_validation
1199,13507,6704,14641,14673.0,14641.0,14641.0,138.0,140.0,False,20161025.tif,False,32.0,0.002185643057168226,17507,16704,fixed_coordinate_hypothesis_validation
1201,13618,8298,20903,20920.0,20901.0,20903.0,173.0,161.0,False,20161025.tif,False,17.0,0.0008132803903745874,17618,18298,fixed_coordinate_hypothesis_validation
1204,13651,6614,7606,7621.0,7606.0,7606.0,97.0,106.0,False,20161025.tif,False,15.0,0.001972127267946358,17651,16614,fixed_coordinate_hypothesis_validation
1216,13867,8814,16256,16280.0,16256.0,16256.0,148.0,144.0,False,20161025.tif,False,24.0,0.0014763779527559055,17867,18814,fixed_coordinate_hypothesis_validation
1217,13877,6044,7021,7049.0,7021.0,7021.0,92.0,96.0,False,20161025.tif,False,28.0,0.003988035892323031,17877,16044,fixed_coordinate_hypothesis_validation
1218,13927,9126,5502,5512.0,5502.0,5502.0,84.0,88.0,False,20161025.tif,False,10.0,0.0018175209014903672,17927,19126,fixed_coordinate_hypothesis_validation
1226,14075,9206,9083,9114.0,9083.0,9083.0,120.0,100.0,False,20161025.tif,False,31.0,0.0034129692832764505,18075,19206,fixed_coordinate_hypothesis_validation
1227,14065,8402,7584,7614.0,7584.0,7584.0,98.0,98.0,False,20161025.tif,False,30.0,0.003955696202531646,18065,18402,fixed_coordinate_hypothesis_validation
1229,14256,9242,7729,7773.0,7729.0,7729.0,100.0,99.0,False,20161025.tif,False,44.0,0.005692845128735929,18256,19242,fixed_coordinate_hypothesis_validation
1232,14491,6512,15538,15584.0,15538.0,15538.0,140.0,140.0,False,20161025.tif,False,46.0,0.0029604839747715277,18491,16512,fixed_coordinate_hypothesis_validation
1234,14571,8978,31322,31360.0,31322.0,31322.0,208.0,206.0,False,20161025.tif,False,38.0,0.0012132047761956451,18571,18978,fixed_coordinate_hypothesis_validation
1235,14563,7166,19468,19486.0,19468.0,19468.0,156.0,174.0,False,20161025.tif,False,18.0,0.0009245942058763099,18563,17166,fixed_coordinate_hypothesis_validation
1240,14923,6990,13358,13392.0,13358.0,13358.0,142.0,122.0,False,20161025.tif,False,34.0,0.0025452912112591706,18923,16990,fixed_coordinate_hypothesis_validation
1244,15219,8686,16166,16188.0,16166.0,16166.0,140.0,154.0,False,20161025.tif,False,22.0,0.0013608808610664357,19219,18686,fixed_coordinate_hypothesis_validation
1248,15383,7602,3398,3424.0,3398.0,3398.0,66.0,68.0,False,20161025.tif,False,26.0,0.007651559741024131,19383,17602,fixed_coordinate_hypothesis_validation
1254,15983,8140,10495,10536.0,10495.0,10495.0,122.0,112.0,False,20161025.tif,False,41.0,0.0039066222010481185,19983,18140,fixed_coordinate_hypothesis_validation
1290,5306,2709,20106,20128.0,20106.0,20106.0,161.0,160.0,False,20161025.tif,False,22.0,0.001094200736098677,9306,12709,fixed_coordinate_hypothesis_validation
1294,5641,3646,15333,15367.0,15333.0,15333.0,134.0,149.0,False,20161025.tif,False,34.0,0.0022174395095545555,9641,13646,fixed_coordinate_hypothesis_validation
1296,6270,9658,5136,5159.0,5136.0,5136.0,80.0,84.0,False,20161025.tif,False,23.0,0.004478193146417445,10270,19658,fixed_coordinate_hypothesis_validation
1303,6861,10974,9387,9395.0,9387.0,9387.0,120.0,102.0,False,20161025.tif,False,8.0,0.000852242462980718,10861,20974,fixed_coordinate_hypothesis_validation
1306,7531,5452,11353,11376.0,11353.0,11353.0,130.0,122.0,False,20161025.tif,False,23.0,0.002025896238879591,11531,15452,fixed_coordinate_hypothesis_validation
1313,8841,9031,15832,15882.0,15832.0,15832.0,143.0,146.0,False,20161025.tif,False,50.0,0.0031581606872157653,12841,19031,fixed_coordinate_hypothesis_validation
1315,9162,8030,8111,8168.0,8111.0,8111.0,104.0,99.0,False,20161025.tif,False,57.0,0.007027493527308594,13162,18030,fixed_coordinate_hypothesis_validation
1317,9655,6676,10101,10134.0,10101.0,10101.0,112.0,120.0,False,20161025.tif,False,33.0,0.003267003267003267,13655,16676,fixed_coordinate_hypothesis_validation
1319,9990,7035,11233,11248.0,11233.0,11233.0,123.0,121.0,False,20161025.tif,False,15.0,0.001335351197364907,13990,17035,fixed_coordinate_hypothesis_validation
1322,10362,8418,11736,11764.0,11736.0,11736.0,127.0,123.0,False,20161025.tif,False,28.0,0.0023858214042263124,14362,18418,fixed_coordinate_hypothesis_validation
1327,11967,40,487,501.0,487.0,487.0,28.0,24.0,False,20161025.tif,False,14.0,0.028747433264887063,15967,10040,fixed_coordinate_hypothesis_validation
1328,12122,4054,10259,10290.0,10259.0,10259.0,118.0,117.0,False,20161025.tif,False,31.0,0.0030217370114046203,16122,14054,fixed_coordinate_hypothesis_validation
1331,13305,5248,7972,8004.0,7972.0,7972.0,102.0,100.0,False,20161025.tif,False,32.0,0.004014049172102358,17305,15248,fixed_coordinate_hypothesis_validation
1332,13936,8574,16083,16116.0,16081.0,16083.0,130.0,163.0,False,20161025.tif,False,33.0,0.0020518559970154823,17936,18574,fixed_coordinate_hypothesis_validation
1334,15051,8834,12443,12474.0,12443.0,12443.0,124.0,140.0,False,20161025.tif,False,31.0,0.002491360604355863,19051,18834,fixed_coordinate_hypothesis_validation
1342,2599,6610,5436,5450.0,5436.0,5436.0,84.0,86.0,False,20161025.tif,False,14.0,0.0025754231052244297,6599,16610,fixed_coordinate_hypothesis_validation
1343,2631,6762,5688,5712.0,5688.0,5688.0,84.0,92.0,False,20161025.tif,False,24.0,0.004219409282700422,6631,16762,fixed_coordinate_hypothesis_validation
1344,2671,6506,6247,6274.0,6247.0,6247.0,84.0,94.0,False,20161025.tif,False,27.0,0.0043220745958059865,6671,16506,fixed_coordinate_hypothesis_validation
1345,2789,7200,6869,6905.0,6869.0,6869.0,90.0,98.0,False,20161025.tif,False,36.0,0.00524093754549425,6789,17200,fixed_coordinate_hypothesis_validation
1346,2795,6909,1692,1708.0,1692.0,1692.0,44.0,54.0,False,20161025.tif,False,16.0,0.009456264775413711,6795,16909,fixed_coordinate_hypothesis_validation
1348,3074,4234,12892,12930.0,12892.0,12892.0,136.0,138.0,False,20161025.tif,False,38.0,0.00294756438101148,7074,14234,fixed_coordinate_hypothesis_validation
1349,3133,9198,6796,6816.0,6796.0,6796.0,98.0,98.0,False,20161025.tif,False,20.0,0.002942907592701589,7133,19198,fixed_coordinate_hypothesis_validation
1350,3219,7893,5652,5665.0,5652.0,5652.0,89.0,87.0,False,20161025.tif,False,13.0,0.0023000707714083512,7219,17893,fixed_coordinate_hypothesis_validation
1351,3237,7552,9158,9188.0,9158.0,9158.0,110.0,110.0,False,20161025.tif,False,30.0,0.0032758244158113126,7237,17552,fixed_coordinate_hypothesis_validation
1352,3257,4130,49814,49840.0,49814.0,49814.0,256.0,276.0,False,20161025.tif,False,26.0,0.0005219416228369535,7257,14130,fixed_coordinate_hypothesis_validation
1353,3271,7366,7604,7620.0,7604.0,7604.0,93.0,108.0,False,20161025.tif,False,16.0,0.0021041557075223566,7271,17366,fixed_coordinate_hypothesis_validation
1354,3397,4522,19076,19092.0,19076.0,19076.0,156.0,174.0,False,20161025.tif,False,16.0,0.000838750262109457,7397,14522,fixed_coordinate_hypothesis_validation
1355,3407,7481,6218,6252.0,6218.0,6218.0,89.0,90.0,False,20161025.tif,False,34.0,0.005467996140238018,7407,17481,fixed_coordinate_hypothesis_validation
1356,3425,7628,6156,6178.0,6156.0,6156.0,86.0,94.0,False,20161025.tif,False,22.0,0.0035737491877842753,7425,17628,fixed_coordinate_hypothesis_validation
1357,3451,6664,1412,1427.0,1412.0,1412.0,40.0,50.0,False,20161025.tif,False,15.0,0.010623229461756374,7451,16664,fixed_coordinate_hypothesis_validation
1358,3499,7031,3200,3228.0,3200.0,3200.0,63.0,66.0,False,20161025.tif,False,28.0,0.00875,7499,17031,fixed_coordinate_hypothesis_validation
1359,3537,6056,2015,2024.0,2015.0,2015.0,57.0,48.0,False,20161025.tif,False,9.0,0.004466501240694789,7537,16056,fixed_coordinate_hypothesis_validation
1360,3561,7346,12032,12076.0,12032.0,12032.0,122.0,128.0,False,20161025.tif,False,44.0,0.0036569148936170214,7561,17346,fixed_coordinate_hypothesis_validation
1361,3881,3229,11661,11712.0,11661.0,11661.0,127.0,124.0,False,20161025.tif,False,51.0,0.004373552868536146,7881,13229,fixed_coordinate_hypothesis_validation
1362,3889,10167,4396,4442.0,4396.0,4396.0,71.0,78.0,False,20161025.tif,False,46.0,0.010464058234758872,7889,20167,fixed_coordinate_hypothesis_validation
1363,3913,5626,17956,17996.0,17956.0,17956.0,152.0,160.0,False,20161025.tif,False,40.0,0.0022276676319893073,7913,15626,fixed_coordinate_hypothesis_validation
1364,3993,3934,4856,4876.0,4856.0,4856.0,82.0,86.0,False,20161025.tif,False,20.0,0.004118616144975288,7993,13934,fixed_coordinate_hypothesis_validation
1366,4067,2664,7973,8021.0,7973.0,7973.0,101.0,99.0,False,20161025.tif,False,48.0,0.006020318575191271,8067,12664,fixed_coordinate_hypothesis_validation
1367,4139,2561,5654,5665.0,5654.0,5654.0,95.0,86.0,False,20161025.tif,False,11.0,0.0019455252918287938,8139,12561,fixed_coordinate_hypothesis_validation
1368,4415,8982,5592,5605.0,5592.0,5592.0,87.0,86.0,False,20161025.tif,False,13.0,0.002324749642346209,8415,18982,fixed_coordinate_hypothesis_validation
1369,4530,2493,13172,13211.0,13172.0,13172.0,125.0,137.0,False,20161025.tif,False,39.0,0.0029608259945338596,8530,12493,fixed_coordinate_hypothesis_validation
1370,4563,4430,20219,20295.0,20219.0,20219.0,158.0,160.0,False,20161025.tif,False,76.0,0.0037588406943963597,8563,14430,fixed_coordinate_hypothesis_validation
1371,4575,4174,23086,23108.0,23086.0,23086.0,182.0,174.0,False,20161025.tif,False,22.0,0.0009529585029888244,8575,14174,fixed_coordinate_hypothesis_validation
1372,4598,10622,11304,11348.0,11304.0,11304.0,124.0,115.0,False,20161025.tif,False,44.0,0.00389242745930644,8598,20622,fixed_coordinate_hypothesis_validation
1373,4585,5266,3436,3466.0,3436.0,3436.0,74.0,64.0,False,20161025.tif,False,30.0,0.008731082654249126,8585,15266,fixed_coordinate_hypothesis_validation
1375,4763,10945,8247,8269.0,8247.0,8247.0,107.0,104.0,False,20161025.tif,False,22.0,0.0026676367163817145,8763,20945,fixed_coordinate_hypothesis_validation
1376,4806,3726,13769,13810.0,13769.0,13769.0,134.0,135.0,False,20161025.tif,False,41.0,0.0029777035369307867,8806,13726,fixed_coordinate_hypothesis_validation
1377,4929,10914,5177,5206.0,5177.0,5177.0,78.0,86.0,False,20161025.tif,False,29.0,0.005601699826154143,8929,20914,fixed_coordinate_hypothesis_validation
1378,5078,3890,22050,22114.0,22050.0,22050.0,170.0,171.0,False,20161025.tif,False,64.0,0.0029024943310657597,9078,13890,fixed_coordinate_hypothesis_validation
1379,5463,6058,9854,9886.0,9854.0,9854.0,112.0,119.0,False,20161025.tif,False,32.0,0.0032474122183884717,9463,16058,fixed_coordinate_hypothesis_validation
1380,5494,5888,9890,9935.0,9890.0,9890.0,110.0,113.0,False,20161025.tif,False,45.0,0.00455005055611729,9494,15888,fixed_coordinate_hypothesis_validation
1382,5626,6828,2354,2386.0,2354.0,2354.0,52.0,57.0,False,20161025.tif,False,32.0,0.013593882752761258,9626,16828,fixed_coordinate_hypothesis_validation
1383,5747,11566,5128,5156.0,5128.0,5128.0,92.0,72.0,False,20161025.tif,False,28.0,0.00546021840873635,9747,21566,fixed_coordinate_hypothesis_validation
1384,5773,8225,2417,2439.0,2417.0,2417.0,60.0,54.0,False,20161025.tif,False,22.0,0.009102192800992967,9773,18225,fixed_coordinate_hypothesis_validation
1385,5922,11290,11794,11820.0,11794.0,11794.0,118.0,133.0,False,20161025.tif,False,26.0,0.0022045107681872137,9922,21290,fixed_coordinate_hypothesis_validation
1386,5903,6578,2703,2720.0,2703.0,2703.0,56.0,64.0,False,20161025.tif,False,17.0,0.006289308176100629,9903,16578,fixed_coordinate_hypothesis_validation
1387,6086,11099,9163,9206.0,9163.0,9163.0,105.0,113.0,False,20161025.tif,False,43.0,0.004692786205391247,10086,21099,fixed_coordinate_hypothesis_validation
1389,6237,3894,17877,17892.0,17877.0,17877.0,151.0,158.0,False,20161025.tif,False,15.0,0.0008390669575432119,10237,13894,fixed_coordinate_hypothesis_validation
1390,6418,3934,7760,7816.0,7760.0,7760.0,96.0,96.0,False,20161025.tif,False,56.0,0.007216494845360825,10418,13934,fixed_coordinate_hypothesis_validation
1392,6655,11704,9647,9697.0,9647.0,9647.0,110.0,112.0,False,20161025.tif,False,50.0,0.00518295843267337,10655,21704,fixed_coordinate_hypothesis_validation
1394,6713,11134,6506,6515.0,6506.0,6506.0,88.0,94.0,False,20161025.tif,False,9.0,0.0013833384568090992,10713,21134,fixed_coordinate_hypothesis_validation
1395,6729,9448,3510,3544.0,3510.0,3510.0,66.0,68.0,False,20161025.tif,False,34.0,0.009686609686609686,10729,19448,fixed_coordinate_hypothesis_validation
1396,6742,9882,9799,9832.0,9799.0,9799.0,116.0,109.0,False,20161025.tif,False,33.0,0.003367690580671497,10742,19882,fixed_coordinate_hypothesis_validation
1397,6742,9246,12343,12371.0,12343.0,12343.0,128.0,124.0,False,20161025.tif,False,28.0,0.0022684922628210323,10742,19246,fixed_coordinate_hypothesis_validation
1398,6797,10290,11565,11595.0,11565.0,11565.0,124.0,128.0,False,20161025.tif,False,30.0,0.0025940337224383916,10797,20290,fixed_coordinate_hypothesis_validation
1399,6783,3576,4888,4904.0,4888.0,4888.0,88.0,78.0,False,20161025.tif,False,16.0,0.0032733224222585926,10783,13576,fixed_coordinate_hypothesis_validation
1400,6956,10726,3119,3123.0,3097.0,3119.0,54.0,77.0,False,20161025.tif,False,4.0,0.0012824623276691247,10956,20726,fixed_coordinate_hypothesis_validation
1401,6942,5634,16497,16543.0,16497.0,16497.0,144.0,148.0,False,20161025.tif,False,46.0,0.0027883857671091713,10942,15634,fixed_coordinate_hypothesis_validation
1403,7049,7678,20894,20905.0,20894.0,20894.0,173.0,169.0,False,20161025.tif,False,11.0,0.0005264669283047765,11049,17678,fixed_coordinate_hypothesis_validation
1405,7141,8345,6782,6824.0,6782.0,6782.0,95.0,98.0,False,20161025.tif,False,42.0,0.006192863462105573,11141,18345,fixed_coordinate_hypothesis_validation
1406,7262,10238,12828,12861.0,12828.0,12828.0,126.0,137.0,False,20161025.tif,False,33.0,0.0025724976613657625,11262,20238,fixed_coordinate_hypothesis_validation
1408,7323,9598,12082,12129.0,12082.0,12082.0,126.0,124.0,False,20161025.tif,False,47.0,0.0038900844231087566,11323,19598,fixed_coordinate_hypothesis_validation
1409,7369,8740,10561,10596.0,10561.0,10561.0,116.0,117.0,False,20161025.tif,False,35.0,0.0033140801060505634,11369,18740,fixed_coordinate_hypothesis_validation
1410,7557,10086,11429,11445.0,11429.0,11429.0,107.0,136.0,False,20161025.tif,False,16.0,0.0013999475019686762,11557,20086,fixed_coordinate_hypothesis_validation
1411,7541,3494,2373,2389.0,2373.0,2373.0,58.0,54.0,False,20161025.tif,False,16.0,0.0067425200168563,11541,13494,fixed_coordinate_hypothesis_validation
1412,7818,8484,11101,11116.0,11101.0,11101.0,126.0,123.0,False,20161025.tif,False,15.0,0.0013512296189532474,11818,18484,fixed_coordinate_hypothesis_validation
1413,7825,4754,8447,8423.0,8410.0,8447.0,106.0,106.0,False,20161025.tif,False,-24.0,-0.002841245412572511,11825,14754,fixed_coordinate_hypothesis_validation
1415,7946,4074,4578,4599.0,4578.0,4578.0,90.0,68.0,False,20161025.tif,False,21.0,0.0045871559633027525,11946,14074,fixed_coordinate_hypothesis_validation
1416,8052,3716,2629,2644.0,2629.0,2629.0,58.0,62.0,False,20161025.tif,False,15.0,0.005705591479650057,12052,13716,fixed_coordinate_hypothesis_validation
1417,8038,8970,16913,16918.0,16913.0,16913.0,168.0,132.0,False,20161025.tif,False,5.0,0.000295630580027198,12038,18970,fixed_coordinate_hypothesis_validation
1418,8041,5245,7349,7357.0,7349.0,7349.0,97.0,100.0,False,20161025.tif,False,8.0,0.0010885834807456798,12041,15245,fixed_coordinate_hypothesis_validation
1419,8050,5374,7923,7930.0,7923.0,7923.0,104.0,105.0,False,20161025.tif,False,7.0,0.0008835037233371198,12050,15374,fixed_coordinate_hypothesis_validation
1420,8052,3716,2629,2644.0,2629.0,2629.0,58.0,62.0,False,20161025.tif,False,15.0,0.005705591479650057,12052,13716,fixed_coordinate_hypothesis_validation
1421,8082,7161,3443,3463.0,3443.0,3443.0,65.0,68.0,False,20161025.tif,False,20.0,0.005808887598024978,12082,17161,fixed_coordinate_hypothesis_validation
1422,8095,7869,10183,10227.0,10183.0,10183.0,113.0,114.0,False,20161025.tif,False,44.0,0.004320927035254837,12095,17869,fixed_coordinate_hypothesis_validation
1424,8178,3754,2028,2036.0,2028.0,2028.0,56.0,53.0,False,20161025.tif,False,8.0,0.0039447731755424065,12178,13754,fixed_coordinate_hypothesis_validation
1425,8189,3925,2648,2652.0,2646.0,2648.0,58.0,64.0,False,20161025.tif,False,4.0,0.0015105740181268882,12189,13925,fixed_coordinate_hypothesis_validation
1426,8202,4654,10075,10107.0,10075.0,10075.0,114.0,112.0,False,20161025.tif,False,32.0,0.003176178660049628,12202,14654,fixed_coordinate_hypothesis_validation
1427,8266,10790,4053,4070.0,4053.0,4053.0,71.0,73.0,False,20161025.tif,False,17.0,0.004194423883543055,12266,20790,fixed_coordinate_hypothesis_validation
1428,8244,3968,6589,6570.0,6548.0,6589.0,96.0,87.0,False,20161025.tif,False,-19.0,-0.002883593868568827,12244,13968,fixed_coordinate_hypothesis_validation
1429,8434,11464,8910,8921.0,8910.0,8910.0,112.0,105.0,False,20161025.tif,False,11.0,0.0012345679012345679,12434,21464,fixed_coordinate_hypothesis_validation
1430,8457,10862,6201,6223.0,6201.0,6201.0,88.0,89.0,False,20161025.tif,False,22.0,0.0035478148685695854,12457,20862,fixed_coordinate_hypothesis_validation
1433,8570,5030,5686,5696.0,5686.0,5686.0,80.0,93.0,False,20161025.tif,False,10.0,0.0017587055926837848,12570,15030,fixed_coordinate_hypothesis_validation
1435,8649,5762,8016,8028.0,7996.0,8016.0,96.0,108.0,False,20161025.tif,False,12.0,0.0014970059880239522,12649,15762,fixed_coordinate_hypothesis_validation
1436,8667,5596,7154,7172.0,7154.0,7154.0,94.0,103.0,False,20161025.tif,False,18.0,0.002516074923119933,12667,15596,fixed_coordinate_hypothesis_validation
1437,8690,8190,5770,5840.0,5770.0,5770.0,96.0,76.0,False,20161025.tif,False,70.0,0.012131715771230503,12690,18190,fixed_coordinate_hypothesis_validation
1438,8767,5689,15121,15157.0,15121.0,15121.0,135.0,143.0,False,20161025.tif,False,36.0,0.002380794920970835,12767,15689,fixed_coordinate_hypothesis_validation
1439,8822,8106,9636,9656.0,9636.0,9636.0,110.0,113.0,False,20161025.tif,False,20.0,0.0020755500207555004,12822,18106,fixed_coordinate_hypothesis_validation
1440,8974,4514,2076,2112.0,2076.0,2076.0,56.0,52.0,False,20161025.tif,False,36.0,0.017341040462427744,12974,14514,fixed_coordinate_hypothesis_validation
1441,9119,5598,4842,4854.0,4842.0,4842.0,80.0,87.0,False,20161025.tif,False,12.0,0.0024783147459727386,13119,15598,fixed_coordinate_hypothesis_validation
1443,9254,5606,5189,5258.0,5189.0,5189.0,76.0,84.0,False,20161025.tif,False,69.0,0.013297359799576027,13254,15606,fixed_coordinate_hypothesis_validation
1444,9251,4740,2429,2442.0,2429.0,2429.0,55.0,58.0,False,20161025.tif,False,13.0,0.005351996706463565,13251,14740,fixed_coordinate_hypothesis_validation
1445,9256,1773,877,904.0,877.0,877.0,36.0,34.0,False,20161025.tif,False,27.0,0.03078677309007982,13256,11773,fixed_coordinate_hypothesis_validation
1446,9281,8902,7649,7681.0,7649.0,7649.0,100.0,102.0,False,20161025.tif,False,32.0,0.0041835534056739445,13281,18902,fixed_coordinate_hypothesis_validation
1447,9294,6744,12097,12123.0,12097.0,12097.0,132.0,124.0,False,20161025.tif,False,26.0,0.0021492932131933536,13294,16744,fixed_coordinate_hypothesis_validation
1448,9297,8628,3084,3109.0,3084.0,3084.0,60.0,68.0,False,20161025.tif,False,25.0,0.008106355382619975,13297,18628,fixed_coordinate_hypothesis_validation
1449,9298,5886,10177,10204.0,10177.0,10177.0,116.0,116.0,False,20161025.tif,False,27.0,0.0026530411712685467,13298,15886,fixed_coordinate_hypothesis_validation
1450,9330,8726,2160,2184.0,2160.0,2160.0,48.0,60.0,False,20161025.tif,False,24.0,0.011111111111111112,13330,18726,fixed_coordinate_hypothesis_validation
1451,9378,8078,3701,3724.0,3701.0,3701.0,76.0,67.0,False,20161025.tif,False,23.0,0.006214536611726561,13378,18078,fixed_coordinate_hypothesis_validation
1453,9435,8766,2707,2725.0,2707.0,2707.0,56.0,63.0,False,20161025.tif,False,18.0,0.0066494274104174364,13435,18766,fixed_coordinate_hypothesis_validation
1454,9433,8468,6585,6637.0,6585.0,6585.0,100.0,84.0,False,20161025.tif,False,52.0,0.007896735003796507,13433,18468,fixed_coordinate_hypothesis_validation
1455,9494,8826,4554,4578.0,4554.0,4554.0,74.0,83.0,False,20161025.tif,False,24.0,0.005270092226613966,13494,18826,fixed_coordinate_hypothesis_validation
1456,9546,8674,3475,3495.0,3475.0,3475.0,65.0,71.0,False,20161025.tif,False,20.0,0.0057553956834532375,13546,18674,fixed_coordinate_hypothesis_validation
1457,9541,5251,5172,5196.0,5172.0,5172.0,75.0,89.0,False,20161025.tif,False,24.0,0.004640371229698376,13541,15251,fixed_coordinate_hypothesis_validation
1458,9582,6554,1336,1360.0,1336.0,1336.0,46.0,40.0,False,20161025.tif,False,24.0,0.017964071856287425,13582,16554,fixed_coordinate_hypothesis_validation
1459,9626,7810,8020,8054.0,8020.0,8020.0,98.0,108.0,False,20161025.tif,False,34.0,0.004239401496259352,13626,17810,fixed_coordinate_hypothesis_validation
1461,9703,7521,8442,8452.0,8442.0,8442.0,103.0,108.0,False,20161025.tif,False,10.0,0.0011845534233593934,13703,17521,fixed_coordinate_hypothesis_validation
1462,9791,5254,4867,4876.0,4867.0,4867.0,82.0,83.0,False,20161025.tif,False,9.0,0.0018491884117526197,13791,15254,fixed_coordinate_hypothesis_validation
1463,9842,9254,6042,6074.0,6042.0,6042.0,88.0,92.0,False,20161025.tif,False,32.0,0.005296259516716319,13842,19254,fixed_coordinate_hypothesis_validation
1464,9915,8554,5314,5357.0,5314.0,5314.0,80.0,84.0,False,20161025.tif,False,43.0,0.008091832894241625,13915,18554,fixed_coordinate_hypothesis_validation
1465,9937,5997,3400,3420.0,3400.0,3400.0,65.0,72.0,False,20161025.tif,False,20.0,0.0058823529411764705,13937,15997,fixed_coordinate_hypothesis_validation
1467,9991,6440,866,877.0,866.0,866.0,33.0,34.0,False,20161025.tif,False,11.0,0.012702078521939953,13991,16440,fixed_coordinate_hypothesis_validation
1468,10022,9254,6019,6066.0,6019.0,6019.0,88.0,85.0,False,20161025.tif,False,47.0,0.00780860608074431,14022,19254,fixed_coordinate_hypothesis_validation
1469,10066,9100,12998,13023.0,12998.0,12998.0,130.0,129.0,False,20161025.tif,False,25.0,0.001923372826588706,14066,19100,fixed_coordinate_hypothesis_validation
1470,10057,6045,6817,6831.0,6817.0,6817.0,90.0,97.0,False,20161025.tif,False,14.0,0.0020536893061463986,14057,16045,fixed_coordinate_hypothesis_validation
1471,10074,5666,5598,5630.0,5598.0,5598.0,80.0,88.0,False,20161025.tif,False,32.0,0.0057163272597356195,14074,15666,fixed_coordinate_hypothesis_validation
1472,10071,3438,1879,1905.0,1879.0,1879.0,46.0,54.0,False,20161025.tif,False,26.0,0.013837147418839808,14071,13438,fixed_coordinate_hypothesis_validation
1473,10089,6573,2169,2191.0,2169.0,2169.0,47.0,61.0,False,20161025.tif,False,22.0,0.010142923005993546,14089,16573,fixed_coordinate_hypothesis_validation
1474,10101,7532,3726,3752.0,3726.0,3726.0,68.0,70.0,False,20161025.tif,False,26.0,0.006977992485238862,14101,17532,fixed_coordinate_hypothesis_validation
1475,10145,7185,4764,4792.0,4764.0,4764.0,73.0,84.0,False,20161025.tif,False,28.0,0.005877413937867338,14145,17185,fixed_coordinate_hypothesis_validation
1476,10190,7342,8635,8662.0,8635.0,8635.0,103.0,111.0,False,20161025.tif,False,27.0,0.0031268094962362478,14190,17342,fixed_coordinate_hypothesis_validation
1477,10209,9714,2937,2954.0,2937.0,2937.0,70.0,53.0,False,20161025.tif,False,17.0,0.005788219271365339,14209,19714,fixed_coordinate_hypothesis_validation
1478,10195,5854,9226,9264.0,9226.0,9226.0,108.0,114.0,False,20161025.tif,False,38.0,0.004118794710600477,14195,15854,fixed_coordinate_hypothesis_validation
1479,10213,9880,921,931.0,921.0,921.0,36.0,35.0,False,20161025.tif,False,10.0,0.010857763300760043,14213,19880,fixed_coordinate_hypothesis_validation
1481,10201,6222,10666,10694.0,10666.0,10666.0,120.0,116.0,False,20161025.tif,False,28.0,0.0026251640727545473,14201,16222,fixed_coordinate_hypothesis_validation
1482,10317,7398,8359,8368.0,8359.0,8359.0,101.0,108.0,False,20161025.tif,False,9.0,0.0010766838138533317,14317,17398,fixed_coordinate_hypothesis_validation
1484,10341,8222,3038,3074.0,3038.0,3038.0,58.0,66.0,False,20161025.tif,False,36.0,0.01184990125082291,14341,18222,fixed_coordinate_hypothesis_validation
1486,10560,9018,2994,3008.0,2994.0,2994.0,60.0,67.0,False,20161025.tif,False,14.0,0.004676018704074816,14560,19018,fixed_coordinate_hypothesis_validation
1488,10643,7418,1992,2008.0,1992.0,1992.0,52.0,55.0,False,20161025.tif,False,16.0,0.008032128514056224,14643,17418,fixed_coordinate_hypothesis_validation
1489,10659,9108,2483,2515.0,2483.0,2483.0,54.0,58.0,False,20161025.tif,False,32.0,0.01288763592428514,14659,19108,fixed_coordinate_hypothesis_validation
1492,10821,10820,1786,1816.0,1786.0,1786.0,48.0,48.0,False,20161025.tif,False,30.0,0.0167973124300112,14821,20820,fixed_coordinate_hypothesis_validation
1493,10790,8510,3221,3256.0,3221.0,3221.0,62.0,67.0,False,20161025.tif,False,35.0,0.010866190624029805,14790,18510,fixed_coordinate_hypothesis_validation
1496,10831,7910,2466,2486.0,2466.0,2466.0,60.0,55.0,False,20161025.tif,False,20.0,0.008110300081103,14831,17910,fixed_coordinate_hypothesis_validation
1497,10849,8099,3007,3050.0,3007.0,3007.0,63.0,61.0,False,20161025.tif,False,43.0,0.014299966744263386,14849,18099,fixed_coordinate_hypothesis_validation
1499,10845,3590,1769,1795.0,1769.0,1769.0,45.0,49.0,False,20161025.tif,False,26.0,0.014697569248162803,14845,13590,fixed_coordinate_hypothesis_validation
1501,10904,7650,5293,5309.0,5293.0,5293.0,79.0,89.0,False,20161025.tif,False,16.0,0.0030228603816361234,14904,17650,fixed_coordinate_hypothesis_validation
1502,10942,7812,1773,1801.0,1773.0,1773.0,46.0,52.0,False,20161025.tif,False,28.0,0.015792442188381276,14942,17812,fixed_coordinate_hypothesis_validation
1503,10953,7484,4306,4315.0,4306.0,4306.0,73.0,78.0,False,20161025.tif,False,9.0,0.0020901068276823038,14953,17484,fixed_coordinate_hypothesis_validation
1504,11038,4574,23696,23718.0,23696.0,23696.0,180.0,169.0,False,20161025.tif,False,22.0,0.0009284267386900743,15038,14574,fixed_coordinate_hypothesis_validation
1508,11507,7002,9983,10014.0,9983.0,9983.0,112.0,118.0,False,20161025.tif,False,31.0,0.0031052789742562355,15507,17002,fixed_coordinate_hypothesis_validation
1509,11566,6654,7908,7919.0,7908.0,7908.0,105.0,103.0,False,20161025.tif,False,11.0,0.00139099645928174,15566,16654,fixed_coordinate_hypothesis_validation
1510,11913,5094,6584,6618.0,6584.0,6584.0,90.0,92.0,False,20161025.tif,False,34.0,0.005164034021871203,15913,15094,fixed_coordinate_hypothesis_validation
1511,11936,3052,5547,5562.0,5547.0,5547.0,81.0,92.0,False,20161025.tif,False,15.0,0.0027041644131963224,15936,13052,fixed_coordinate_hypothesis_validation
1512,11959,4588,7693,7721.0,7693.0,7693.0,98.0,104.0,False,20161025.tif,False,28.0,0.003639672429481347,15959,14588,fixed_coordinate_hypothesis_validation
1513,12067,3136,10298,10308.0,10298.0,10298.0,122.0,114.0,False,20161025.tif,False,10.0,0.0009710623422023694,16067,13136,fixed_coordinate_hypothesis_validation
1514,12077,140,196,216.0,196.0,196.0,18.0,16.0,False,20161025.tif,False,20.0,0.10204081632653061,16077,10140,fixed_coordinate_hypothesis_validation
1515,12082,2930,9336,9363.0,9336.0,9336.0,110.0,112.0,False,20161025.tif,False,27.0,0.002892030848329049,16082,12930,fixed_coordinate_hypothesis_validation
1517,12139,5417,5412,5447.0,5412.0,5412.0,83.0,88.0,False,20161025.tif,False,35.0,0.006467110125646711,16139,15417,fixed_coordinate_hypothesis_validation
1518,12209,8224,5812,5820.0,5812.0,5812.0,82.0,98.0,False,20161025.tif,False,8.0,0.0013764624913971094,16209,18224,fixed_coordinate_hypothesis_validation
1519,12239,5438,8664,8678.0,8664.0,8664.0,104.0,110.0,False,20161025.tif,False,14.0,0.001615881809787627,16239,15438,fixed_coordinate_hypothesis_validation
1520,12483,7538,16612,16649.0,16612.0,16612.0,149.0,148.0,False,20161025.tif,False,37.0,0.0022273055622441607,16483,17538,fixed_coordinate_hypothesis_validation
1521,12554,6618,4401,4417.0,4401.0,4401.0,72.0,79.0,False,20161025.tif,False,16.0,0.0036355373778686664,16554,16618,fixed_coordinate_hypothesis_validation
1522,12799,5186,620,640.0,620.0,620.0,32.0,28.0,False,20161025.tif,False,20.0,0.03225806451612903,16799,15186,fixed_coordinate_hypothesis_validation
1526,13173,7540,3936,3960.0,3936.0,3936.0,70.0,74.0,False,20161025.tif,False,24.0,0.006097560975609756,17173,17540,fixed_coordinate_hypothesis_validation
1528,13326,9828,3983,3991.0,3983.0,3983.0,80.0,70.0,False,20161025.tif,False,8.0,0.002008536279186543,17326,19828,fixed_coordinate_hypothesis_validation
1529,13357,8670,5409,5440.0,5409.0,5409.0,92.0,82.0,False,20161025.tif,False,31.0,0.005731188759474949,17357,18670,fixed_coordinate_hypothesis_validation
1530,13403,7308,6548,6609.0,6548.0,6548.0,92.0,96.0,False,20161025.tif,False,61.0,0.00931582162492364,17403,17308,fixed_coordinate_hypothesis_validation
1531,13455,4606,13853,13889.0,13853.0,13853.0,136.0,136.0,False,20161025.tif,False,36.0,0.0025987150797661157,17455,14606,fixed_coordinate_hypothesis_validation
1532,13541,9722,6777,6810.0,6777.0,6777.0,98.0,94.0,False,20161025.tif,False,33.0,0.004869411243913236,17541,19722,fixed_coordinate_hypothesis_validation
1533,13537,7262,4690,4732.0,4690.0,4690.0,66.0,88.0,False,20161025.tif,False,42.0,0.008955223880597015,17537,17262,fixed_coordinate_hypothesis_validation
1534,13619,7170,4366,4400.0,4366.0,4366.0,68.0,84.0,False,20161025.tif,False,34.0,0.007787448465414567,17619,17170,fixed_coordinate_hypothesis_validation
1535,13639,5893,8178,8206.0,8178.0,8178.0,99.0,104.0,False,20161025.tif,False,28.0,0.0034238200048911714,17639,15893,fixed_coordinate_hypothesis_validation
1536,13667,5282,3408,3422.0,3408.0,3408.0,66.0,71.0,False,20161025.tif,False,14.0,0.004107981220657277,17667,15282,fixed_coordinate_hypothesis_validation
1539,13751,7102,6287,6309.0,6287.0,6287.0,90.0,92.0,False,20161025.tif,False,22.0,0.0034992842373150947,17751,17102,fixed_coordinate_hypothesis_validation
1540,13763,8464,3010,3025.0,3010.0,3010.0,61.0,64.0,False,20161025.tif,False,15.0,0.0049833887043189366,17763,18464,fixed_coordinate_hypothesis_validation
1542,13835,5488,7902,7948.0,7902.0,7902.0,98.0,102.0,False,20161025.tif,False,46.0,0.005821311060491015,17835,15488,fixed_coordinate_hypothesis_validation
1543,13849,5790,4582,4612.0,4582.0,4582.0,80.0,76.0,False,20161025.tif,False,30.0,0.006547359231776516,17849,15790,fixed_coordinate_hypothesis_validation
1546,14011,5582,4644,4660.0,4644.0,4644.0,84.0,74.0,False,20161025.tif,False,16.0,0.0034453057708871662,18011,15582,fixed_coordinate_hypothesis_validation
1547,14027,8152,2128,2152.0,2128.0,2128.0,54.0,52.0,False,20161025.tif,False,24.0,0.011278195488721804,18027,18152,fixed_coordinate_hypothesis_validation
1549,14085,5822,4016,4049.0,4016.0,4016.0,69.0,74.0,False,20161025.tif,False,33.0,0.008217131474103585,18085,15822,fixed_coordinate_hypothesis_validation
1550,14303,7278,4677,4707.0,4677.0,4677.0,82.0,76.0,False,20161025.tif,False,30.0,0.006414368184733804,18303,17278,fixed_coordinate_hypothesis_validation
1552,14791,7658,6952,6986.0,6952.0,6952.0,94.0,92.0,False,20161025.tif,False,34.0,0.004890678941311853,18791,17658,fixed_coordinate_hypothesis_validation
1553,14919,7493,7907,7921.0,7907.0,7907.0,101.0,102.0,False,20161025.tif,False,14.0,0.0017705830276969774,18919,17493,fixed_coordinate_hypothesis_validation
1554,15127,7344,21740,21784.0,21740.0,21740.0,194.0,150.0,False,20161025.tif,False,44.0,0.0020239190432382705,19127,17344,fixed_coordinate_hypothesis_validation
1555,15205,8222,20226,20244.0,20226.0,20226.0,164.0,166.0,False,20161025.tif,False,18.0,0.0008899436369029962,19205,18222,fixed_coordinate_hypothesis_validation
1558,15707,7369,6905,6918.0,6905.0,6905.0,91.0,100.0,False,20161025.tif,False,13.0,0.001882693700217234,19707,17369,fixed_coordinate_hypothesis_validation
1559,16015,7134,1886,1896.0,1886.0,1886.0,54.0,50.0,False,20161025.tif,False,10.0,0.005302226935312832,20015,17134,fixed_coordinate_hypothesis_validation
1560,16107,7710,1848,1888.0,1848.0,1848.0,44.0,56.0,False,20161025.tif,False,40.0,0.021645021645021644,20107,17710,fixed_coordinate_hypothesis_validation
1561,16219,7624,11384,11447.0,11384.0,11384.0,122.0,120.0,False,20161025.tif,False,63.0,0.005534082923401265,20219,17624,fixed_coordinate_hypothesis_validation
1562,2603,7372,1616,1630.0,1616.0,1616.0,42.0,49.0,False,20161025.tif,False,14.0,0.008663366336633664,6603,17372,fixed_coordinate_hypothesis_validation
1563,3089,3450,13577,13631.0,13577.0,13577.0,132.0,148.0,False,20161025.tif,False,54.0,0.0039773145761213815,7089,13450,fixed_coordinate_hypothesis_validation
1564,3349,11134,8624,8684.0,8624.0,8624.0,108.0,102.0,False,20161025.tif,False,60.0,0.006957328385899814,7349,21134,fixed_coordinate_hypothesis_validation
1565,3513,6494,588,608.0,588.0,588.0,28.0,28.0,False,20161025.tif,False,20.0,0.034013605442176874,7513,16494,fixed_coordinate_hypothesis_validation
1566,3601,6912,15198,15234.0,15198.0,15198.0,142.0,142.0,False,20161025.tif,False,36.0,0.002368732727990525,7601,16912,fixed_coordinate_hypothesis_validation
1567,3641,12890,34988,35056.0,34988.0,34988.0,216.0,220.0,False,20161025.tif,False,68.0,0.0019435234937692923,7641,22890,fixed_coordinate_hypothesis_validation
1568,3645,12642,5314,5338.0,5314.0,5314.0,82.0,84.0,False,20161025.tif,False,24.0,0.004516371847948814,7645,22642,fixed_coordinate_hypothesis_validation
1569,3911,13193,2706,2731.0,2706.0,2706.0,57.0,62.0,False,20161025.tif,False,25.0,0.009238728750923873,7911,23193,fixed_coordinate_hypothesis_validation
1570,3921,11342,3312,3352.0,3312.0,3312.0,64.0,66.0,False,20161025.tif,False,40.0,0.012077294685990338,7921,21342,fixed_coordinate_hypothesis_validation
1571,4013,2361,2637,2712.0,2637.0,2637.0,64.0,52.0,False,20161025.tif,False,75.0,0.02844141069397042,8013,12361,fixed_coordinate_hypothesis_validation
1572,4015,10840,8626,8660.0,8626.0,8626.0,106.0,108.0,False,20161025.tif,False,34.0,0.003941571991653142,8015,20840,fixed_coordinate_hypothesis_validation
1573,4027,10526,14202,14248.0,14202.0,14202.0,136.0,136.0,False,20161025.tif,False,46.0,0.0032389804252922123,8027,20526,fixed_coordinate_hypothesis_validation
1574,4029,7265,14883,14813.0,14786.0,14883.0,138.0,140.0,False,20161025.tif,False,-70.0,-0.004703352818652153,8029,17265,fixed_coordinate_hypothesis_validation
1575,4141,7142,18849,18579.0,18543.0,18849.0,160.0,154.0,False,20161025.tif,False,-270.0,-0.014324367340442463,8141,17142,fixed_coordinate_hypothesis_validation
1576,4165,10011,5320,5362.0,5320.0,5320.0,81.0,86.0,False,20161025.tif,False,42.0,0.007894736842105263,8165,20011,fixed_coordinate_hypothesis_validation
1577,4185,9723,4745,4776.0,4745.0,4745.0,75.0,82.0,False,20161025.tif,False,31.0,0.006533192834562698,8185,19723,fixed_coordinate_hypothesis_validation
1578,4197,10312,13415,13428.0,13415.0,13415.0,132.0,130.0,False,20161025.tif,False,13.0,0.0009690644800596348,8197,20312,fixed_coordinate_hypothesis_validation
1579,4287,10574,9050,9077.0,9050.0,9050.0,106.0,108.0,False,20161025.tif,False,27.0,0.0029834254143646407,8287,20574,fixed_coordinate_hypothesis_validation
1580,4333,6056,16192,16230.0,16192.0,16192.0,146.0,150.0,False,20161025.tif,False,38.0,0.0023468379446640315,8333,16056,fixed_coordinate_hypothesis_validation
1581,4365,11824,6569,6594.0,6569.0,6569.0,86.0,102.0,False,20161025.tif,False,25.0,0.0038057543005023597,8365,21824,fixed_coordinate_hypothesis_validation
1582,4366,10166,7730,7772.0,7730.0,7730.0,96.0,103.0,False,20161025.tif,False,42.0,0.0054333764553686935,8366,20166,fixed_coordinate_hypothesis_validation
1583,4403,8054,8353,8388.0,8353.0,8353.0,104.0,114.0,False,20161025.tif,False,35.0,0.004190111337244104,8403,18054,fixed_coordinate_hypothesis_validation
1584,4426,10290,10510,10538.0,10510.0,10510.0,116.0,119.0,False,20161025.tif,False,28.0,0.002664129400570885,8426,20290,fixed_coordinate_hypothesis_validation
1585,4581,7678,12384,12398.0,12384.0,12384.0,116.0,140.0,False,20161025.tif,False,14.0,0.0011304909560723513,8581,17678,fixed_coordinate_hypothesis_validation
1586,4588,10142,9584,9616.0,9584.0,9584.0,115.0,113.0,False,20161025.tif,False,32.0,0.00333889816360601,8588,20142,fixed_coordinate_hypothesis_validation
1587,4665,6236,9771,9787.0,9771.0,9771.0,110.0,122.0,False,20161025.tif,False,16.0,0.0016374987207041245,8665,16236,fixed_coordinate_hypothesis_validation
1588,4762,12764,6136,6176.0,6136.0,6136.0,86.0,91.0,False,20161025.tif,False,40.0,0.00651890482398957,8762,22764,fixed_coordinate_hypothesis_validation
1589,4943,7254,18894,18910.0,18894.0,18894.0,158.0,158.0,False,20161025.tif,False,16.0,0.0008468296813803324,8943,17254,fixed_coordinate_hypothesis_validation
1590,4943,10198,11152,11162.0,11152.0,11152.0,115.0,126.0,False,20161025.tif,False,10.0,0.000896700143472023,8943,20198,fixed_coordinate_hypothesis_validation
1591,4950,10450,11169,11212.0,11169.0,11169.0,122.0,119.0,False,20161025.tif,False,43.0,0.0038499418032053004,8950,20450,fixed_coordinate_hypothesis_validation
1592,5029,9718,7960,7986.0,7960.0,7960.0,104.0,104.0,False,20161025.tif,False,26.0,0.0032663316582914573,9029,19718,fixed_coordinate_hypothesis_validation
1593,5034,9486,9763,9780.0,9763.0,9763.0,110.0,113.0,False,20161025.tif,False,17.0,0.0017412680528526069,9034,19486,fixed_coordinate_hypothesis_validation
1594,5135,12324,6204,6226.0,6204.0,6204.0,90.0,95.0,False,20161025.tif,False,22.0,0.0035460992907801418,9135,22324,fixed_coordinate_hypothesis_validation
1595,5173,9576,8538,8583.0,8538.0,8538.0,106.0,106.0,False,20161025.tif,False,45.0,0.005270555165144062,9173,19576,fixed_coordinate_hypothesis_validation
1596,5219,4358,319,330.0,319.0,319.0,20.0,22.0,False,20161025.tif,False,11.0,0.034482758620689655,9219,14358,fixed_coordinate_hypothesis_validation
1597,5239,6480,3288,3318.0,3288.0,3288.0,66.0,66.0,False,20161025.tif,False,30.0,0.009124087591240875,9239,16480,fixed_coordinate_hypothesis_validation
1598,5245,9294,204,212.0,204.0,204.0,16.0,19.0,False,20161025.tif,False,8.0,0.0392156862745098,9245,19294,fixed_coordinate_hypothesis_validation
1599,5279,7244,2350,2377.0,2350.0,2350.0,54.0,62.0,False,20161025.tif,False,27.0,0.01148936170212766,9279,17244,fixed_coordinate_hypothesis_validation
1600,5298,9546,3366,3414.0,3366.0,3366.0,68.0,67.0,False,20161025.tif,False,48.0,0.0142602495543672,9298,19546,fixed_coordinate_hypothesis_validation
1601,5394,9250,5117,5142.0,5117.0,5117.0,88.0,75.0,False,20161025.tif,False,25.0,0.004885675200312683,9394,19250,fixed_coordinate_hypothesis_validation
1602,5483,12410,6684,6698.0,6684.0,6684.0,92.0,102.0,False,20161025.tif,False,14.0,0.002094554159186116,9483,22410,fixed_coordinate_hypothesis_validation
1603,5577,10210,5161,5176.0,5161.0,5161.0,82.0,82.0,False,20161025.tif,False,15.0,0.002906413485758574,9577,20210,fixed_coordinate_hypothesis_validation
1604,5650,10546,12546,12574.0,12546.0,12546.0,120.0,137.0,False,20161025.tif,False,28.0,0.0022317870237525904,9650,20546,fixed_coordinate_hypothesis_validation
1605,5715,5896,126,140.0,126.0,126.0,12.0,16.0,False,20161025.tif,False,14.0,0.1111111111111111,9715,15896,fixed_coordinate_hypothesis_validation
1606,5778,10104,5689,5718.0,5689.0,5689.0,84.0,92.0,False,20161025.tif,False,29.0,0.005097556688345931,9778,20104,fixed_coordinate_hypothesis_validation
1607,5845,9234,10157,10178.0,10157.0,10157.0,124.0,117.0,False,20161025.tif,False,21.0,0.002067539627842867,9845,19234,fixed_coordinate_hypothesis_validation
1608,5862,13240,10834,10852.0,10834.0,10834.0,116.0,123.0,False,20161025.tif,False,18.0,0.001661436219309581,9862,23240,fixed_coordinate_hypothesis_validation
1609,5903,10700,4226,4260.0,4226.0,4226.0,68.0,78.0,False,20161025.tif,False,34.0,0.008045433033601515,9903,20700,fixed_coordinate_hypothesis_validation
1610,5974,9488,14998,15023.0,14998.0,14998.0,142.0,149.0,False,20161025.tif,False,25.0,0.0016668889185224697,9974,19488,fixed_coordinate_hypothesis_validation
1611,6060,12243,7633,7652.0,7633.0,7633.0,100.0,99.0,False,20161025.tif,False,19.0,0.0024891916677584175,10060,22243,fixed_coordinate_hypothesis_validation
1612,6075,8426,347,357.0,347.0,347.0,22.0,22.0,False,20161025.tif,False,10.0,0.02881844380403458,10075,18426,fixed_coordinate_hypothesis_validation
1613,6114,10270,6761,6766.0,6761.0,6761.0,86.0,101.0,False,20161025.tif,False,5.0,0.0007395355716609969,10114,20270,fixed_coordinate_hypothesis_validation
1614,6141,8432,120,130.0,120.0,120.0,12.0,15.0,False,20161025.tif,False,10.0,0.08333333333333333,10141,18432,fixed_coordinate_hypothesis_validation
1615,6282,10886,11589,11605.0,11589.0,11589.0,140.0,109.0,False,20161025.tif,False,16.0,0.0013806195530244197,10282,20886,fixed_coordinate_hypothesis_validation
1616,6778,6886,36327,36352.0,36327.0,36327.0,206.0,237.0,False,20161025.tif,False,25.0,0.000688193354804966,10778,16886,fixed_coordinate_hypothesis_validation
1617,6782,7622,181,208.0,181.0,181.0,12.0,20.0,False,20161025.tif,False,27.0,0.14917127071823205,10782,17622,fixed_coordinate_hypothesis_validation
1618,6913,9162,125,139.0,125.0,125.0,12.0,14.0,False,20161025.tif,False,14.0,0.112,10913,19162,fixed_coordinate_hypothesis_validation
1619,6981,3816,4931,4983.0,4931.0,4931.0,76.0,84.0,False,20161025.tif,False,52.0,0.010545528290407625,10981,13816,fixed_coordinate_hypothesis_validation
1620,7142,6430,17373,17388.0,17373.0,17373.0,152.0,144.0,False,20161025.tif,False,15.0,0.0008634087376964255,11142,16430,fixed_coordinate_hypothesis_validation
1621,7385,4304,15050,14932.0,14902.0,15050.0,138.0,144.0,False,20161025.tif,False,-118.0,-0.007840531561461793,11385,14304,fixed_coordinate_hypothesis_validation
1622,7458,6634,7143,7157.0,7143.0,7143.0,92.0,101.0,False,20161025.tif,False,14.0,0.0019599608007839844,11458,16634,fixed_coordinate_hypothesis_validation
1623,7465,4434,6299,6243.0,6235.0,6299.0,88.0,96.0,False,20161025.tif,False,-56.0,-0.008890300047626608,11465,14434,fixed_coordinate_hypothesis_validation
1624,7481,10473,266,279.0,266.0,266.0,19.0,20.0,False,20161025.tif,False,13.0,0.04887218045112782,11481,20473,fixed_coordinate_hypothesis_validation
1625,7535,6492,10815,10788.0,10758.0,10815.0,118.0,122.0,False,20161025.tif,False,-27.0,-0.0024965325936199723,11535,16492,fixed_coordinate_hypothesis_validation
1626,7539,7122,7597,7626.0,7597.0,7597.0,104.0,99.0,False,20161025.tif,False,29.0,0.003817296301171515,11539,17122,fixed_coordinate_hypothesis_validation
1627,7623,6606,5898,5922.0,5898.0,5898.0,80.0,92.0,False,20161025.tif,False,24.0,0.004069175991861648,11623,16606,fixed_coordinate_hypothesis_validation
1628,7650,5948,16538,16586.0,16538.0,16538.0,142.0,152.0,False,20161025.tif,False,48.0,0.0029024065787882454,11650,15948,fixed_coordinate_hypothesis_validation
1629,7761,6778,7649,7691.0,7649.0,7649.0,100.0,102.0,False,20161025.tif,False,42.0,0.005490913844947052,11761,16778,fixed_coordinate_hypothesis_validation
1630,7825,11188,8645,8601.0,8587.0,8645.0,108.0,107.0,False,20161025.tif,False,-44.0,-0.005089647194910353,11825,21188,fixed_coordinate_hypothesis_validation
1631,7874,6612,6241,6264.0,6241.0,6241.0,98.0,91.0,False,20161025.tif,False,23.0,0.0036853068418522673,11874,16612,fixed_coordinate_hypothesis_validation
1632,7882,10042,5842,5874.0,5842.0,5842.0,90.0,95.0,False,20161025.tif,False,32.0,0.005477576172543649,11882,20042,fixed_coordinate_hypothesis_validation
1633,7915,4839,8123,8121.0,8107.0,8123.0,107.0,101.0,False,20161025.tif,False,-2.0,-0.0002462144527883787,11915,14839,fixed_coordinate_hypothesis_validation
1634,7926,11140,9302,9175.0,9163.0,9302.0,107.0,116.0,False,20161025.tif,False,-127.0,-0.013652977854224898,11926,21140,fixed_coordinate_hypothesis_validation
1635,8006,6482,11110,11142.0,11110.0,11110.0,116.0,128.0,False,20161025.tif,False,32.0,0.00288028802880288,12006,16482,fixed_coordinate_hypothesis_validation
1636,8038,6098,5198,5224.0,5198.0,5198.0,82.0,87.0,False,20161025.tif,False,26.0,0.005001923816852636,12038,16098,fixed_coordinate_hypothesis_validation
1637,8169,9147,6683,6693.0,6683.0,6683.0,96.0,94.0,False,20161025.tif,False,10.0,0.0014963339817447255,12169,19147,fixed_coordinate_hypothesis_validation
1638,8197,9264,3806,3823.0,3806.0,3806.0,66.0,78.0,False,20161025.tif,False,17.0,0.004466631634261692,12197,19264,fixed_coordinate_hypothesis_validation
1639,8198,6090,7479,7507.0,7479.0,7479.0,92.0,104.0,False,20161025.tif,False,28.0,0.0037438160181842493,12198,16090,fixed_coordinate_hypothesis_validation
1640,8202,4494,3258,3280.0,3258.0,3258.0,72.0,65.0,False,20161025.tif,False,22.0,0.006752608962553714,12202,14494,fixed_coordinate_hypothesis_validation
1641,8222,14264,5036,5054.0,5036.0,5036.0,76.0,81.0,False,20161025.tif,False,18.0,0.003574265289912629,12222,24264,fixed_coordinate_hypothesis_validation
1642,8258,7070,6436,6460.0,6436.0,6436.0,88.0,99.0,False,20161025.tif,False,24.0,0.0037290242386575512,12258,17070,fixed_coordinate_hypothesis_validation
1643,8382,9620,5196,5232.0,5196.0,5196.0,82.0,79.0,False,20161025.tif,False,36.0,0.006928406466512702,12382,19620,fixed_coordinate_hypothesis_validation
1644,8417,14242,5714,5730.0,5714.0,5714.0,80.0,97.0,False,20161025.tif,False,16.0,0.00280014000700035,12417,24242,fixed_coordinate_hypothesis_validation
1645,8425,10618,4186,4195.0,4186.0,4186.0,72.0,78.0,False,20161025.tif,False,9.0,0.002150023889154324,12425,20618,fixed_coordinate_hypothesis_validation
1646,8727,14246,207,219.0,207.0,207.0,15.0,16.0,False,20161025.tif,False,12.0,0.057971014492753624,12727,24246,fixed_coordinate_hypothesis_validation
1647,8759,9284,8039,8059.0,8039.0,8039.0,102.0,106.0,False,20161025.tif,False,20.0,0.0024878716258241074,12759,19284,fixed_coordinate_hypothesis_validation
1648,8839,7298,11602,11610.0,11602.0,11602.0,133.0,116.0,False,20161025.tif,False,8.0,0.0006895362868470954,12839,17298,fixed_coordinate_hypothesis_validation
1649,8906,9858,1342,1370.0,1342.0,1342.0,40.0,48.0,False,20161025.tif,False,28.0,0.020864381520119227,12906,19858,fixed_coordinate_hypothesis_validation
1650,9034,5650,3719,3732.0,3719.0,3719.0,76.0,71.0,False,20161025.tif,False,13.0,0.0034955633234740524,13034,15650,fixed_coordinate_hypothesis_validation
1651,9145,10104,8224,8240.0,8224.0,8224.0,106.0,102.0,False,20161025.tif,False,16.0,0.0019455252918287938,13145,20104,fixed_coordinate_hypothesis_validation
1652,9234,4630,1472,1488.0,1472.0,1472.0,44.0,48.0,False,20161025.tif,False,16.0,0.010869565217391304,13234,14630,fixed_coordinate_hypothesis_validation
1653,9318,9391,12610,12627.0,12610.0,12610.0,129.0,139.0,False,20161025.tif,False,17.0,0.0013481363996827914,13318,19391,fixed_coordinate_hypothesis_validation
1654,9523,9280,18353,18380.0,18353.0,18353.0,158.0,160.0,False,20161025.tif,False,27.0,0.0014711491309322726,13523,19280,fixed_coordinate_hypothesis_validation
1655,9651,1902,351,358.0,351.0,351.0,24.0,22.0,False,20161025.tif,False,7.0,0.019943019943019943,13651,11902,fixed_coordinate_hypothesis_validation
1656,9683,1864,230,250.0,230.0,230.0,16.0,18.0,False,20161025.tif,False,20.0,0.08695652173913043,13683,11864,fixed_coordinate_hypothesis_validation
1657,9689,1784,124,136.0,124.0,124.0,14.0,14.0,False,20161025.tif,False,12.0,0.0967741935483871,13689,11784,fixed_coordinate_hypothesis_validation
1658,9691,2636,278,290.0,278.0,278.0,19.0,19.0,False,20161025.tif,False,12.0,0.04316546762589928,13691,12636,fixed_coordinate_hypothesis_validation
1659,9733,2034,451,463.0,451.0,451.0,24.0,25.0,False,20161025.tif,False,12.0,0.026607538802660754,13733,12034,fixed_coordinate_hypothesis_validation
1660,9746,9814,7971,8011.0,7971.0,7971.0,96.0,105.0,False,20161025.tif,False,40.0,0.00501819094216535,13746,19814,fixed_coordinate_hypothesis_validation
1661,10027,14728,5040,5080.0,5040.0,5040.0,74.0,89.0,False,20161025.tif,False,40.0,0.007936507936507936,14027,24728,fixed_coordinate_hypothesis_validation
1662,10094,14798,22069,22082.0,22069.0,22069.0,176.0,171.0,False,20161025.tif,False,13.0,0.0005890615795912819,14094,24798,fixed_coordinate_hypothesis_validation
1663,10143,2664,429,438.0,429.0,429.0,24.0,25.0,False,20161025.tif,False,9.0,0.02097902097902098,14143,12664,fixed_coordinate_hypothesis_validation
1664,10181,2214,401,411.0,401.0,401.0,22.0,25.0,False,20161025.tif,False,10.0,0.02493765586034913,14181,12214,fixed_coordinate_hypothesis_validation
1665,10224,6444,10810,10836.0,10810.0,10810.0,123.0,121.0,False,20161025.tif,False,26.0,0.0024051803885291397,14224,16444,fixed_coordinate_hypothesis_validation
1666,10317,2720,316,327.0,316.0,316.0,20.0,22.0,False,20161025.tif,False,11.0,0.03481012658227848,14317,12720,fixed_coordinate_hypothesis_validation
1667,10386,2121,236,256.0,236.0,236.0,20.0,16.0,False,20161025.tif,False,20.0,0.0847457627118644,14386,12121,fixed_coordinate_hypothesis_validation
1668,10417,2080,102,112.0,102.0,102.0,12.0,12.0,False,20161025.tif,False,10.0,0.09803921568627451,14417,12080,fixed_coordinate_hypothesis_validation
1669,10423,6298,6264,6278.0,6264.0,6264.0,86.0,96.0,False,20161025.tif,False,14.0,0.002234993614303959,14423,16298,fixed_coordinate_hypothesis_validation
1670,10437,2086,360,370.0,360.0,360.0,22.0,24.0,False,20161025.tif,False,10.0,0.027777777777777776,14437,12086,fixed_coordinate_hypothesis_validation
1671,10489,6918,2601,2621.0,2601.0,2601.0,56.0,59.0,False,20161025.tif,False,20.0,0.007689350249903883,14489,16918,fixed_coordinate_hypothesis_validation
1672,10509,2160,139,160.0,139.0,139.0,16.0,12.0,False,20161025.tif,False,21.0,0.1510791366906475,14509,12160,fixed_coordinate_hypothesis_validation
1673,10518,6338,2527,2533.0,2525.0,2527.0,60.0,55.0,False,20161025.tif,False,6.0,0.002374356944994064,14518,16338,fixed_coordinate_hypothesis_validation
1674,10567,6518,3153,3167.0,3153.0,3153.0,58.0,75.0,False,20161025.tif,False,14.0,0.004440215667618141,14567,16518,fixed_coordinate_hypothesis_validation
1675,10575,3440,237,249.0,237.0,237.0,20.0,17.0,False,20161025.tif,False,12.0,0.05063291139240506,14575,13440,fixed_coordinate_hypothesis_validation
1676,10609,3389,388,401.0,388.0,388.0,21.0,25.0,False,20161025.tif,False,13.0,0.03350515463917526,14609,13389,fixed_coordinate_hypothesis_validation
1677,10651,14886,11349,11448.0,11349.0,11349.0,114.0,132.0,True,20161025.tif,False,99.0,0.008723235527359239,14651,24886,fixed_coordinate_hypothesis_validation
1678,10661,2558,226,242.0,226.0,226.0,18.0,18.0,False,20161025.tif,False,16.0,0.07079646017699115,14661,12558,fixed_coordinate_hypothesis_validation
1679,10715,6749,1678,1693.0,1678.0,1678.0,44.0,50.0,False,20161025.tif,False,15.0,0.008939213349225268,14715,16749,fixed_coordinate_hypothesis_validation
1680,10741,2626,158,178.0,158.0,158.0,12.0,16.0,False,20161025.tif,False,20.0,0.12658227848101267,14741,12626,fixed_coordinate_hypothesis_validation
1681,10773,2632,152,165.0,152.0,152.0,15.0,14.0,False,20161025.tif,False,13.0,0.08552631578947369,14773,12632,fixed_coordinate_hypothesis_validation
1682,10797,2662,345,354.0,345.0,345.0,22.0,23.0,False,20161025.tif,False,9.0,0.02608695652173913,14797,12662,fixed_coordinate_hypothesis_validation
1683,10871,5295,458,467.0,458.0,458.0,24.0,26.0,False,20161025.tif,False,9.0,0.019650655021834062,14871,15295,fixed_coordinate_hypothesis_validation
1684,10879,5246,883,905.0,883.0,883.0,32.0,36.0,False,20161025.tif,False,22.0,0.02491506228765572,14879,15246,fixed_coordinate_hypothesis_validation
1685,10921,5132,577,591.0,577.0,577.0,30.0,26.0,False,20161025.tif,False,14.0,0.024263431542461005,14921,15132,fixed_coordinate_hypothesis_validation
1686,11245,6008,174,188.0,174.0,174.0,14.0,17.0,False,20161025.tif,False,14.0,0.08045977011494253,15245,16008,fixed_coordinate_hypothesis_validation
1687,11318,5846,225,244.0,225.0,225.0,20.0,16.0,False,20161025.tif,False,19.0,0.08444444444444445,15318,15846,fixed_coordinate_hypothesis_validation
1688,11335,5998,353,363.0,353.0,353.0,22.0,22.0,False,20161025.tif,False,10.0,0.028328611898016998,15335,15998,fixed_coordinate_hypothesis_validation
1689,11639,4464,3163,3136.0,3110.0,3163.0,64.0,72.0,False,20161025.tif,False,-27.0,-0.00853619981030667,15639,14464,fixed_coordinate_hypothesis_validation
1690,11705,4480,7506,7435.0,7423.0,7506.0,97.0,100.0,False,20161025.tif,False,-71.0,-0.00945909938715694,15705,14480,fixed_coordinate_hypothesis_validation
1691,11705,6678,114,117.0,114.0,114.0,12.0,15.0,False,20161025.tif,False,3.0,0.02631578947368421,15705,16678,fixed_coordinate_hypothesis_validation
1692,11753,6628,236,244.0,236.0,236.0,20.0,19.0,False,20161025.tif,False,8.0,0.03389830508474576,15753,16628,fixed_coordinate_hypothesis_validation
1693,12154,4914,404,432.0,404.0,404.0,28.0,20.0,False,20161025.tif,False,28.0,0.06930693069306931,16154,14914,fixed_coordinate_hypothesis_validation
1694,12703,9696,7315,7333.0,7315.0,7315.0,96.0,100.0,False,20161025.tif,False,18.0,0.0024606971975393026,16703,19696,fixed_coordinate_hypothesis_validation
1695,12941,9340,10864,10880.0,10864.0,10864.0,120.0,120.0,False,20161025.tif,False,16.0,0.0014727540500736377,16941,19340,fixed_coordinate_hypothesis_validation
1696,13055,9662,6984,7008.0,6984.0,6984.0,100.0,102.0,False,20161025.tif,False,24.0,0.003436426116838488,17055,19662,fixed_coordinate_hypothesis_validation
1697,13165,9746,8013,8036.0,8013.0,8013.0,102.0,99.0,False,20161025.tif,False,23.0,0.0028703357044802197,17165,19746,fixed_coordinate_hypothesis_validation
1698,13165,9952,1609,1623.0,1609.0,1609.0,49.0,43.0,False,20161025.tif,False,14.0,0.00870105655686762,17165,19952,fixed_coordinate_hypothesis_validation
1699,13383,5650,9749,9766.0,9749.0,9749.0,112.0,121.0,False,20161025.tif,False,17.0,0.0017437685916504256,17383,15650,fixed_coordinate_hypothesis_validation
1700,13489,8300,144,156.0,144.0,144.0,12.0,16.0,False,20161025.tif,False,12.0,0.08333333333333333,17489,18300,fixed_coordinate_hypothesis_validation
1701,13707,5122,1742,1772.0,1742.0,1742.0,48.0,48.0,False,20161025.tif,False,30.0,0.01722158438576349,17707,15122,fixed_coordinate_hypothesis_validation
1702,15031,7840,16602,16615.0,16602.0,16602.0,163.0,142.0,False,20161025.tif,False,13.0,0.0007830381881701,19031,17840,fixed_coordinate_hypothesis_validation
1703,15491,9723,574,588.0,574.0,574.0,27.0,27.0,False,20161025.tif,False,14.0,0.024390243902439025,19491,19723,fixed_coordinate_hypothesis_validation
1704,15925,8775,207,221.0,207.0,207.0,17.0,18.0,False,20161025.tif,False,14.0,0.06763285024154589,19925,18775,fixed_coordinate_hypothesis_validation
1705,16191,9750,808,840.0,808.0,808.0,28.0,38.0,False,20161025.tif,False,32.0,0.039603960396039604,20191,19750,fixed_coordinate_hypothesis_validation
170,4402,4534,34414,34450.0,34414.0,34414.0,214.0,215.0,False,20170714.tif,False,36.0,0.0010460858952751786,8402,14534,fixed_coordinate_hypothesis_validation
297,7487,8134,17102,17138.0,17102.0,17102.0,154.0,148.0,False,20170714.tif,False,36.0,0.0021050169570810432,11487,18134,fixed_coordinate_hypothesis_validation
358,9153,6406,11636,11662.0,11636.0,11636.0,124.0,125.0,False,20170714.tif,False,26.0,0.002234444826400825,13153,16406,fixed_coordinate_hypothesis_validation
477,12351,6384,48152,48204.0,48152.0,48152.0,250.0,246.0,False,20170714.tif,False,52.0,0.0010799136069114472,16351,16384,fixed_coordinate_hypothesis_validation
484,12921,6606,29850,29900.0,29850.0,29850.0,204.0,190.0,False,20170714.tif,False,50.0,0.0016750418760469012,16921,16606,fixed_coordinate_hypothesis_validation
486,12951,6342,43632,43672.0,43632.0,43632.0,242.0,236.0,False,20170714.tif,False,40.0,0.0009167583425009168,16951,16342,fixed_coordinate_hypothesis_validation
488,13083,6818,48334,48368.0,48334.0,48334.0,256.0,248.0,False,20170714.tif,False,34.0,0.0007034385732610584,17083,16818,fixed_coordinate_hypothesis_validation
498,13731,6288,30770,30792.0,30770.0,30770.0,198.0,200.0,False,20170714.tif,False,22.0,0.0007149821254468638,17731,16288,fixed_coordinate_hypothesis_validation
517,14555,7898,22457,22495.0,22457.0,22457.0,176.0,172.0,False,20170714.tif,False,38.0,0.0016921227234269938,18555,17898,fixed_coordinate_hypothesis_validation
684,4158,8126,13368,13442.0,13368.0,13368.0,132.0,135.0,False,20170714.tif,False,74.0,0.005535607420706164,8158,18126,fixed_coordinate_hypothesis_validation
723,4810,5810,18108,18128.0,18108.0,18108.0,162.0,151.0,False,20170714.tif,False,20.0,0.001104484205875856,8810,15810,fixed_coordinate_hypothesis_validation
727,4814,8270,15001,14952.0,14943.0,15001.0,138.0,142.0,False,20170714.tif,False,-49.0,-0.0032664489034064394,8814,18270,fixed_coordinate_hypothesis_validation
731,4943,8178,16116,16148.0,16107.0,16116.0,144.0,146.0,False,20170714.tif,False,32.0,0.0019856043683296105,8943,18178,fixed_coordinate_hypothesis_validation
746,5198,8795,12713,12737.0,12713.0,12713.0,129.0,127.0,False,20170714.tif,False,24.0,0.0018878313537324,9198,18795,fixed_coordinate_hypothesis_validation
769,5529,8982,20624,20648.0,20624.0,20624.0,159.0,166.0,False,20170714.tif,False,24.0,0.0011636927851047323,9529,18982,fixed_coordinate_hypothesis_validation
783,5751,9085,17312,17336.0,17312.0,17312.0,147.0,154.0,False,20170714.tif,False,24.0,0.0013863216266173752,9751,19085,fixed_coordinate_hypothesis_validation
792,5922,10984,14290,14330.0,14290.0,14290.0,134.0,139.0,False,20170714.tif,False,40.0,0.0027991602519244225,9922,20984,fixed_coordinate_hypothesis_validation
802,6085,8860,18689,18711.0,18689.0,18689.0,162.0,156.0,False,20170714.tif,False,22.0,0.0011771630370806356,10085,18860,fixed_coordinate_hypothesis_validation
810,6437,8050,10566,10620.0,10566.0,10566.0,114.0,122.0,False,20170714.tif,False,54.0,0.005110732538330494,10437,18050,fixed_coordinate_hypothesis_validation
814,6487,8590,12554,12575.0,12554.0,12554.0,126.0,126.0,False,20170714.tif,False,21.0,0.001672773617970368,10487,18590,fixed_coordinate_hypothesis_validation
816,6497,10872,6549,6581.0,6549.0,6549.0,93.0,96.0,False,20170714.tif,False,32.0,0.004886242174377767,10497,20872,fixed_coordinate_hypothesis_validation
820,6514,10614,17368,17434.0,17368.0,17368.0,144.0,163.0,False,20170714.tif,False,66.0,0.003800092123445417,10514,20614,fixed_coordinate_hypothesis_validation
828,6630,10158,11250,11277.0,11250.0,11250.0,118.0,135.0,False,20170714.tif,False,27.0,0.0024,10630,20158,fixed_coordinate_hypothesis_validation
839,6731,11340,10419,10467.0,10419.0,10419.0,110.0,126.0,False,20170714.tif,False,48.0,0.004606968039159228,10731,21340,fixed_coordinate_hypothesis_validation
863,7238,8546,22337,22344.0,22328.0,22337.0,184.0,167.0,False,20170714.tif,False,7.0,0.00031338138514572234,11238,18546,fixed_coordinate_hypothesis_validation
870,7407,11291,7650,7670.0,7650.0,7650.0,99.0,106.0,False,20170714.tif,False,20.0,0.00261437908496732,11407,21291,fixed_coordinate_hypothesis_validation
872,7502,7250,7582,7476.0,7450.0,7582.0,96.0,103.0,False,20170714.tif,False,-106.0,-0.013980480084410446,11502,17250,fixed_coordinate_hypothesis_validation
889,7726,8098,11022,11032.0,11022.0,11022.0,120.0,135.0,False,20170714.tif,False,10.0,0.0009072763563781528,11726,18098,fixed_coordinate_hypothesis_validation
890,7727,7620,20525,20540.0,20525.0,20525.0,160.0,168.0,False,20170714.tif,False,15.0,0.000730816077953715,11727,17620,fixed_coordinate_hypothesis_validation
893,7699,11371,13401,13432.0,13401.0,13401.0,127.0,136.0,False,20170714.tif,False,31.0,0.0023132602044623534,11699,21371,fixed_coordinate_hypothesis_validation
895,7807,4870,13705,13749.0,13705.0,13705.0,140.0,130.0,False,20170714.tif,False,44.0,0.0032105071141919008,11807,14870,fixed_coordinate_hypothesis_validation
903,7910,5054,13350,13382.0,13350.0,13350.0,140.0,128.0,False,20170714.tif,False,32.0,0.002397003745318352,11910,15054,fixed_coordinate_hypothesis_validation
912,7923,7798,25448,25496.0,25448.0,25448.0,186.0,190.0,False,20170714.tif,False,48.0,0.001886199308393587,11923,17798,fixed_coordinate_hypothesis_validation
919,7990,11454,12121,12163.0,12121.0,12121.0,124.0,129.0,False,20170714.tif,False,42.0,0.0034650606385611747,11990,21454,fixed_coordinate_hypothesis_validation
938,8317,8894,5994,6007.0,5994.0,5994.0,88.0,90.0,False,20170714.tif,False,13.0,0.0021688355021688356,12317,18894,fixed_coordinate_hypothesis_validation
940,8378,7262,16594,16631.0,16594.0,16594.0,150.0,145.0,False,20170714.tif,False,37.0,0.0022297215861154635,12378,17262,fixed_coordinate_hypothesis_validation
950,8537,5624,10894,10904.0,10894.0,10894.0,125.0,117.0,False,20170714.tif,False,10.0,0.0009179364787956673,12537,15624,fixed_coordinate_hypothesis_validation
969,8805,6963,15137,15150.0,15137.0,15137.0,145.0,144.0,False,20170714.tif,False,13.0,0.0008588227521966043,12805,16963,fixed_coordinate_hypothesis_validation
971,8786,8542,32217,32245.0,32217.0,32217.0,200.0,211.0,False,20170714.tif,False,28.0,0.0008691063724120806,12786,18542,fixed_coordinate_hypothesis_validation
982,9001,6425,10103,10129.0,10103.0,10103.0,105.0,125.0,False,20170714.tif,False,26.0,0.0025734930218746905,13001,16425,fixed_coordinate_hypothesis_validation
990,9193,6759,11150,11174.0,11146.0,11150.0,123.0,120.0,False,20170714.tif,False,24.0,0.0021524663677130046,13193,16759,fixed_coordinate_hypothesis_validation
1002,9327,8010,12735,12752.0,12735.0,12735.0,124.0,132.0,False,20170714.tif,False,17.0,0.0013349038084020416,13327,18010,fixed_coordinate_hypothesis_validation
1012,9543,6714,15851,15859.0,15851.0,15851.0,148.0,145.0,False,20170714.tif,False,8.0,0.0005047000189262507,13543,16714,fixed_coordinate_hypothesis_validation
1028,9813,6418,16634,16664.0,16634.0,16634.0,150.0,144.0,False,20170714.tif,False,30.0,0.0018035349284597811,13813,16418,fixed_coordinate_hypothesis_validation
1029,9791,8033,18477,18509.0,18477.0,18477.0,156.0,156.0,False,20170714.tif,False,32.0,0.001731882881420144,13791,18033,fixed_coordinate_hypothesis_validation
1033,9874,6574,25950,25989.0,25950.0,25950.0,182.0,183.0,False,20170714.tif,False,39.0,0.0015028901734104045,13874,16574,fixed_coordinate_hypothesis_validation
1096,11137,5598,20136,20175.0,20136.0,20136.0,164.0,154.0,False,20170714.tif,False,39.0,0.0019368295589988081,15137,15598,fixed_coordinate_hypothesis_validation
1155,12650,5494,7644,7650.0,7644.0,7644.0,92.0,111.0,False,20170714.tif,False,6.0,0.0007849293563579278,16650,15494,fixed_coordinate_hypothesis_validation
1165,12843,5512,17508,17370.0,17354.0,17508.0,140.0,166.0,False,20170714.tif,False,-138.0,-0.007882111034955449,16843,15512,fixed_coordinate_hypothesis_validation
1169,12899,7666,15550,15588.0,15550.0,15550.0,148.0,138.0,False,20170714.tif,False,38.0,0.0024437299035369774,16899,17666,fixed_coordinate_hypothesis_validation
1175,13063,5902,20241,20283.0,20241.0,20241.0,167.0,150.0,False,20170714.tif,False,42.0,0.002074996294649474,17063,15902,fixed_coordinate_hypothesis_validation
1204,13735,6670,13550,13567.0,13550.0,13550.0,130.0,136.0,False,20170714.tif,False,17.0,0.0012546125461254613,17735,16670,fixed_coordinate_hypothesis_validation
1216,13875,8870,30216,30264.0,30216.0,30216.0,204.0,188.0,False,20170714.tif,False,48.0,0.0015885623510722795,17875,18870,fixed_coordinate_hypothesis_validation
1217,13977,6098,12477,12529.0,12477.0,12477.0,126.0,126.0,False,20170714.tif,False,52.0,0.004167668510058508,17977,16098,fixed_coordinate_hypothesis_validation
1227,14093,8458,13644,13668.0,13644.0,13644.0,146.0,130.0,False,20170714.tif,False,24.0,0.001759014951627089,18093,18458,fixed_coordinate_hypothesis_validation
1229,14247,9318,14877,14919.0,14877.0,14877.0,134.0,140.0,False,20170714.tif,False,42.0,0.0028231498285944748,18247,19318,fixed_coordinate_hypothesis_validation
1234,14567,9056,50012,50064.0,50012.0,50012.0,256.0,252.0,False,20170714.tif,False,52.0,0.0010397504598896265,18567,19056,fixed_coordinate_hypothesis_validation
1235,14635,7238,26228,26252.0,26228.0,26228.0,186.0,200.0,False,20170714.tif,False,24.0,0.0009150526155253927,18635,17238,fixed_coordinate_hypothesis_validation
1248,15447,7690,6057,6071.0,6057.0,6057.0,88.0,92.0,False,20170714.tif,False,14.0,0.0023113752682846294,19447,17690,fixed_coordinate_hypothesis_validation
1296,6289,9708,11226,11237.0,11226.0,11226.0,122.0,122.0,False,20170714.tif,False,11.0,0.0009798681631925886,10289,19708,fixed_coordinate_hypothesis_validation
1306,7593,5500,20461,20485.0,20461.0,20461.0,167.0,164.0,False,20170714.tif,False,24.0,0.001172963198279654,11593,15500,fixed_coordinate_hypothesis_validation
1313,8850,9062,28451,28483.0,28451.0,28451.0,198.0,195.0,False,20170714.tif,False,32.0,0.0011247407823978069,12850,19062,fixed_coordinate_hypothesis_validation
1319,10035,7070,22469,22504.0,22469.0,22469.0,174.0,168.0,False,20170714.tif,False,35.0,0.0015577017223730473,14035,17070,fixed_coordinate_hypothesis_validation
1322,10375,8457,21550,21612.0,21550.0,21550.0,169.0,174.0,False,20170714.tif,False,62.0,0.0028770301624129932,14375,18457,fixed_coordinate_hypothesis_validation
1331,13413,5286,16415,16429.0,16415.0,16415.0,150.0,146.0,False,20170714.tif,False,14.0,0.0008528784648187633,17413,15286,fixed_coordinate_hypothesis_validation
1332,13947,8638,29830,29880.0,29830.0,29830.0,176.0,214.0,False,20170714.tif,False,50.0,0.0016761649346295675,17947,18638,fixed_coordinate_hypothesis_validation
1334,15071,8918,17882,17912.0,17882.0,17882.0,148.0,168.0,False,20170714.tif,False,30.0,0.0016776646907504754,19071,18918,fixed_coordinate_hypothesis_validation
1355,3465,7588,11722,11766.0,11722.0,11722.0,124.0,120.0,False,20170714.tif,False,44.0,0.003753625661149974,7465,17588,fixed_coordinate_hypothesis_validation
1372,4626,10686,17371,17389.0,17371.0,17371.0,151.0,145.0,False,20170714.tif,False,18.0,0.00103620977491221,8626,20686,fixed_coordinate_hypothesis_validation
1375,4782,11002,13168,13179.0,13168.0,13168.0,132.0,136.0,False,20170714.tif,False,11.0,0.0008353584447144593,8782,21002,fixed_coordinate_hypothesis_validation
1377,4955,10970,8296,8312.0,8296.0,8296.0,102.0,111.0,False,20170714.tif,False,16.0,0.0019286403085824494,8955,20970,fixed_coordinate_hypothesis_validation
1380,5558,5970,16388,16410.0,16386.0,16388.0,146.0,145.0,False,20170714.tif,False,22.0,0.001342445691969734,9558,15970,fixed_coordinate_hypothesis_validation
1383,5741,11598,9720,9722.0,9720.0,9720.0,128.0,102.0,False,20170714.tif,False,2.0,0.00020576131687242798,9741,21598,fixed_coordinate_hypothesis_validation
1384,5822,8300,3923,3948.0,3923.0,3923.0,74.0,70.0,False,20170714.tif,False,25.0,0.00637267397399949,9822,18300,fixed_coordinate_hypothesis_validation
1392,6635,11722,20052,20102.0,20052.0,20052.0,160.0,160.0,False,20170714.tif,False,50.0,0.0024935168561739476,10635,21722,fixed_coordinate_hypothesis_validation
1395,6759,9512,4891,4899.0,4891.0,4891.0,81.0,80.0,False,20170714.tif,False,8.0,0.001635657329789409,10759,19512,fixed_coordinate_hypothesis_validation
1399,6877,3637,6352,6387.0,6352.0,6352.0,99.0,90.0,False,20170714.tif,False,35.0,0.00551007556675063,10877,13637,fixed_coordinate_hypothesis_validation
1400,6951,10756,9203,9229.0,9203.0,9203.0,98.0,124.0,False,20170714.tif,False,26.0,0.0028251657068347276,10951,20756,fixed_coordinate_hypothesis_validation
1403,7091,7734,30850,30887.0,30850.0,30850.0,208.0,204.0,False,20170714.tif,False,37.0,0.0011993517017828202,11091,17734,fixed_coordinate_hypothesis_validation
1406,7257,10266,23784,23834.0,23784.0,23784.0,176.0,182.0,False,20170714.tif,False,50.0,0.0021022536158762195,11257,20266,fixed_coordinate_hypothesis_validation
1408,7338,9642,19245,19260.0,19245.0,19245.0,168.0,152.0,False,20170714.tif,False,15.0,0.000779423226812159,11338,19642,fixed_coordinate_hypothesis_validation
1409,7407,8786,17105,17120.0,17105.0,17105.0,156.0,144.0,False,20170714.tif,False,15.0,0.0008769365682548962,11407,18786,fixed_coordinate_hypothesis_validation
1410,7549,10117,20349,20367.0,20349.0,20349.0,155.0,176.0,False,20170714.tif,False,18.0,0.0008845643520566122,11549,20117,fixed_coordinate_hypothesis_validation
1412,7838,8522,21417,21452.0,21417.0,21417.0,180.0,169.0,False,20170714.tif,False,35.0,0.0016342158098706634,11838,18522,fixed_coordinate_hypothesis_validation
1417,8062,9014,25565,25608.0,25565.0,25565.0,204.0,157.0,False,20170714.tif,False,43.0,0.0016819870917269704,12062,19014,fixed_coordinate_hypothesis_validation
1427,8255,10824,7246,7288.0,7246.0,7246.0,94.0,99.0,False,20170714.tif,False,42.0,0.005796301407673199,12255,20824,fixed_coordinate_hypothesis_validation
1429,8382,11482,18832,18871.0,18832.0,18832.0,160.0,159.0,False,20170714.tif,False,39.0,0.0020709430756159727,12382,21482,fixed_coordinate_hypothesis_validation
1430,8433,10886,12057,12066.0,12057.0,12057.0,124.0,128.0,False,20170714.tif,False,9.0,0.0007464543418760885,12433,20886,fixed_coordinate_hypothesis_validation
1433,8654,5070,9277,9314.0,9277.0,9277.0,116.0,115.0,False,20170714.tif,False,37.0,0.003988358305486687,12654,15070,fixed_coordinate_hypothesis_validation
1446,9289,8937,16964,17002.0,16964.0,16964.0,149.0,148.0,False,20170714.tif,False,38.0,0.002240037726951191,13289,18937,fixed_coordinate_hypothesis_validation
1447,9350,6786,20305,20326.0,20305.0,20305.0,168.0,165.0,False,20170714.tif,False,21.0,0.0010342280226545186,13350,16786,fixed_coordinate_hypothesis_validation
1448,9325,8678,5251,5261.0,5251.0,5251.0,81.0,86.0,False,20170714.tif,False,10.0,0.0019043991620643686,13325,18678,fixed_coordinate_hypothesis_validation
1450,9421,8725,1651,1673.0,1651.0,1651.0,45.0,49.0,False,20170714.tif,False,22.0,0.013325257419745608,13421,18725,fixed_coordinate_hypothesis_validation
1451,9419,8136,5418,5457.0,5418.0,5418.0,86.0,83.0,False,20170714.tif,False,39.0,0.007198228128460687,13419,18136,fixed_coordinate_hypothesis_validation
1454,9451,8514,13807,13857.0,13807.0,13807.0,136.0,128.0,False,20170714.tif,False,50.0,0.0036213514883754617,13451,18514,fixed_coordinate_hypothesis_validation
1456,9561,8704,10330,10341.0,10330.0,10330.0,122.0,113.0,False,20170714.tif,False,11.0,0.0010648596321393999,13561,18704,fixed_coordinate_hypothesis_validation
1457,9631,5294,9133,9168.0,9133.0,9133.0,100.0,112.0,False,20170714.tif,False,35.0,0.003832256651702617,13631,15294,fixed_coordinate_hypothesis_validation
1458,9647,6618,2025,2048.0,2025.0,2025.0,52.0,56.0,False,20170714.tif,False,23.0,0.011358024691358024,13647,16618,fixed_coordinate_hypothesis_validation
1459,9658,7854,14236,14314.0,14236.0,14236.0,132.0,145.0,False,20170714.tif,False,78.0,0.005479067153694858,13658,17854,fixed_coordinate_hypothesis_validation
1461,9743,7566,15487,15497.0,15487.0,15487.0,140.0,147.0,False,20170714.tif,False,10.0,0.0006457028475495577,13743,17566,fixed_coordinate_hypothesis_validation
1463,9851,9305,9880,9903.0,9880.0,9880.0,117.0,118.0,False,20170714.tif,False,23.0,0.002327935222672065,13851,19305,fixed_coordinate_hypothesis_validation
1467,10061,6491,2386,2390.0,2386.0,2386.0,56.0,56.0,False,20170714.tif,False,4.0,0.0016764459346186086,14061,16491,fixed_coordinate_hypothesis_validation
1470,10130,6088,11976,12014.0,11976.0,11976.0,122.0,129.0,False,20170714.tif,False,38.0,0.003173012692050768,14130,16088,fixed_coordinate_hypothesis_validation
1471,10149,5698,11642,11648.0,11642.0,11642.0,128.0,130.0,False,20170714.tif,False,6.0,0.0005153753650575503,14149,15698,fixed_coordinate_hypothesis_validation
1473,10163,6626,2996,3012.0,2996.0,2996.0,60.0,72.0,False,20170714.tif,False,16.0,0.0053404539385847796,14163,16626,fixed_coordinate_hypothesis_validation
1474,10151,7586,5671,5705.0,5671.0,5671.0,85.0,86.0,False,20170714.tif,False,34.0,0.005995415270675366,14151,17586,fixed_coordinate_hypothesis_validation
1475,10193,7228,10014,10061.0,10014.0,10014.0,110.0,118.0,False,20170714.tif,False,47.0,0.004693429199121231,14193,17228,fixed_coordinate_hypothesis_validation
1477,10205,9756,5801,5839.0,5801.0,5801.0,100.0,76.0,False,20170714.tif,False,38.0,0.006550594725047406,14205,19756,fixed_coordinate_hypothesis_validation
1479,10218,9934,940,976.0,940.0,940.0,32.0,36.0,False,20170714.tif,False,36.0,0.03829787234042553,14218,19934,fixed_coordinate_hypothesis_validation
1484,10375,8272,5543,5563.0,5543.0,5543.0,81.0,90.0,False,20170714.tif,False,20.0,0.0036081544290095615,14375,18272,fixed_coordinate_hypothesis_validation
1486,10574,9070,5890,5893.0,5890.0,5890.0,83.0,96.0,False,20170714.tif,False,3.0,0.0005093378607809847,14574,19070,fixed_coordinate_hypothesis_validation
1496,10877,7966,3843,3864.0,3843.0,3843.0,80.0,64.0,False,20170714.tif,False,21.0,0.00546448087431694,14877,17966,fixed_coordinate_hypothesis_validation
1497,10886,8146,6134,6178.0,6134.0,6134.0,92.0,80.0,False,20170714.tif,False,44.0,0.007173133355070101,14886,18146,fixed_coordinate_hypothesis_validation
1508,11558,7044,19172,19190.0,19172.0,19172.0,154.0,165.0,False,20170714.tif,False,18.0,0.0009388691842269978,15558,17044,fixed_coordinate_hypothesis_validation
1510,12019,5132,12055,12069.0,12055.0,12055.0,124.0,131.0,False,20170714.tif,False,14.0,0.0011613438407299876,16019,15132,fixed_coordinate_hypothesis_validation
1521,12631,6665,8872,8891.0,8872.0,8872.0,106.0,108.0,False,20170714.tif,False,19.0,0.0021415689810640216,16631,16665,fixed_coordinate_hypothesis_validation
1526,13227,7600,7876,7895.0,7876.0,7876.0,104.0,106.0,False,20170714.tif,False,19.0,0.0024123920771965466,17227,17600,fixed_coordinate_hypothesis_validation
1528,13305,9886,8580,8615.0,8580.0,8580.0,112.0,100.0,False,20170714.tif,False,35.0,0.004079254079254079,17305,19886,fixed_coordinate_hypothesis_validation
1529,13375,8727,11392,11416.0,11392.0,11392.0,135.0,114.0,False,20170714.tif,False,24.0,0.002106741573033708,17375,18727,fixed_coordinate_hypothesis_validation
1532,13513,9778,15426,15460.0,15426.0,15426.0,142.0,148.0,False,20170714.tif,False,34.0,0.002204071048878517,17513,19778,fixed_coordinate_hypothesis_validation
1535,13735,5942,15290,15332.0,15290.0,15290.0,132.0,146.0,False,20170714.tif,False,42.0,0.002746893394375409,17735,15942,fixed_coordinate_hypothesis_validation
1542,13943,5530,13074,13140.0,13074.0,13074.0,134.0,138.0,False,20170714.tif,False,66.0,0.005048187241854061,17943,15530,fixed_coordinate_hypothesis_validation
1547,14068,8226,3939,3965.0,3939.0,3939.0,75.0,71.0,False,20170714.tif,False,26.0,0.006600660066006601,18068,18226,fixed_coordinate_hypothesis_validation
1550,14371,7346,8007,8047.0,8007.0,8007.0,112.0,96.0,False,20170714.tif,False,40.0,0.004995628824778319,18371,17346,fixed_coordinate_hypothesis_validation
1552,14841,7742,11404,11444.0,11404.0,11404.0,116.0,130.0,False,20170714.tif,False,40.0,0.00350754121360926,18841,17742,fixed_coordinate_hypothesis_validation
1553,14975,7566,15295,15317.0,15295.0,15295.0,140.0,144.0,False,20170714.tif,False,22.0,0.0014383785550833605,18975,17566,fixed_coordinate_hypothesis_validation
1558,15775,7450,14218,14240.0,14218.0,14218.0,136.0,134.0,False,20170714.tif,False,22.0,0.0015473343648895765,19775,17450,fixed_coordinate_hypothesis_validation
1570,3960,11406,5798,5830.0,5798.0,5798.0,85.0,85.0,False,20170714.tif,False,32.0,0.005519144532597447,7960,21406,fixed_coordinate_hypothesis_validation
1571,4082,2448,6653,6673.0,6653.0,6653.0,84.0,104.0,False,20170714.tif,False,20.0,0.0030061626333984666,8082,12448,fixed_coordinate_hypothesis_validation
1572,4057,10908,13104,13148.0,13104.0,13104.0,130.0,128.0,False,20170714.tif,False,44.0,0.003357753357753358,8057,20908,fixed_coordinate_hypothesis_validation
1576,4203,10078,11348,11381.0,11348.0,11348.0,122.0,122.0,False,20170714.tif,False,33.0,0.0029080014099400774,8203,20078,fixed_coordinate_hypothesis_validation
1577,4225,9799,9743,9795.0,9743.0,9743.0,109.0,116.0,False,20170714.tif,False,52.0,0.005337165144206096,8225,19799,fixed_coordinate_hypothesis_validation
1578,4243,10382,18845,18884.0,18845.0,18845.0,160.0,156.0,False,20170714.tif,False,39.0,0.002069514460068984,8243,20382,fixed_coordinate_hypothesis_validation
1579,4322,10632,15761,15771.0,15761.0,15761.0,145.0,140.0,False,20170714.tif,False,10.0,0.0006344775077723495,8322,20632,fixed_coordinate_hypothesis_validation
1580,4395,6156,23746,23766.0,23746.0,23746.0,176.0,184.0,False,20170714.tif,False,20.0,0.0008422471153036301,8395,16156,fixed_coordinate_hypothesis_validation
1581,4382,11872,12785,12815.0,12785.0,12785.0,120.0,141.0,False,20170714.tif,False,30.0,0.0023464998044583495,8382,21872,fixed_coordinate_hypothesis_validation
1585,4635,7770,20401,20430.0,20401.0,20401.0,164.0,168.0,False,20170714.tif,False,29.0,0.0014214989461300916,8635,17770,fixed_coordinate_hypothesis_validation
1586,4617,10206,16738,16762.0,16738.0,16738.0,152.0,152.0,False,20170714.tif,False,24.0,0.0014338630660771896,8617,20206,fixed_coordinate_hypothesis_validation
1587,4722,6326,17586,17642.0,17586.0,17586.0,148.0,159.0,False,20170714.tif,False,56.0,0.003184351188445354,8722,16326,fixed_coordinate_hypothesis_validation
1588,4773,12790,9243,9273.0,9243.0,9243.0,110.0,112.0,False,20170714.tif,False,30.0,0.0032456994482310936,8773,22790,fixed_coordinate_hypothesis_validation
1590,4962,10250,20635,20680.0,20635.0,20635.0,159.0,169.0,False,20170714.tif,False,45.0,0.002180760843227526,8962,20250,fixed_coordinate_hypothesis_validation
1591,4967,10512,17610,17662.0,17610.0,17610.0,150.0,162.0,False,20170714.tif,False,52.0,0.0029528676888131745,8967,20512,fixed_coordinate_hypothesis_validation
1592,5070,9786,10964,10986.0,10964.0,10964.0,128.0,128.0,False,20170714.tif,False,22.0,0.002006566946369938,9070,19786,fixed_coordinate_hypothesis_validation
1593,5079,9552,15105,15133.0,15102.0,15105.0,148.0,132.0,False,20170714.tif,False,28.0,0.0018536908308507116,9079,19552,fixed_coordinate_hypothesis_validation
1594,5137,12352,11324,11359.0,11324.0,11324.0,118.0,132.0,False,20170714.tif,False,35.0,0.0030907806428823736,9137,22352,fixed_coordinate_hypothesis_validation
1595,5209,9640,14646,14662.0,14634.0,14646.0,142.0,136.0,False,20170714.tif,False,16.0,0.0010924484500887614,9209,19640,fixed_coordinate_hypothesis_validation
1598,5269,9356,3626,3639.0,3626.0,3626.0,69.0,70.0,False,20170714.tif,False,13.0,0.0035852178709321566,9269,19356,fixed_coordinate_hypothesis_validation
1599,5337,7330,4398,4424.0,4398.0,4398.0,76.0,81.0,False,20170714.tif,False,26.0,0.005911778080945885,9337,17330,fixed_coordinate_hypothesis_validation
1602,5479,12430,12494,12532.0,12494.0,12494.0,124.0,130.0,False,20170714.tif,False,38.0,0.003041459900752361,9479,22430,fixed_coordinate_hypothesis_validation
1603,5606,10264,8201,8222.0,8201.0,8201.0,104.0,104.0,False,20170714.tif,False,21.0,0.002560663333739788,9606,20264,fixed_coordinate_hypothesis_validation
1604,5666,10588,21798,21819.0,21798.0,21798.0,164.0,175.0,False,20170714.tif,False,21.0,0.0009633911368015414,9666,20588,fixed_coordinate_hypothesis_validation
1605,5725,5910,9285,9307.0,9285.0,9285.0,113.0,112.0,False,20170714.tif,False,22.0,0.0023694130317716746,9725,15910,fixed_coordinate_hypothesis_validation
1606,5793,10154,11854,11890.0,11854.0,11854.0,120.0,136.0,False,20170714.tif,False,36.0,0.003036949552893538,9793,20154,fixed_coordinate_hypothesis_validation
1607,5878,9298,16630,16664.0,16630.0,16630.0,154.0,147.0,False,20170714.tif,False,34.0,0.0020444978953698136,9878,19298,fixed_coordinate_hypothesis_validation
1609,5921,10750,6922,6950.0,6922.0,6922.0,88.0,102.0,False,20170714.tif,False,28.0,0.004045073678127709,9921,20750,fixed_coordinate_hypothesis_validation
1611,6041,12266,15498,15531.0,15498.0,15498.0,136.0,148.0,False,20170714.tif,False,33.0,0.002129307007355788,10041,22266,fixed_coordinate_hypothesis_validation
1613,6126,10314,13782,13808.0,13782.0,13782.0,128.0,147.0,False,20170714.tif,False,26.0,0.0018865186475112464,10126,20314,fixed_coordinate_hypothesis_validation
1615,6277,10918,22661,22682.0,22661.0,22661.0,184.0,162.0,False,20170714.tif,False,21.0,0.0009267022638012445,10277,20918,fixed_coordinate_hypothesis_validation
1622,7514,6688,12741,12761.0,12741.0,12741.0,126.0,131.0,False,20170714.tif,False,20.0,0.0015697354995683227,11514,16688,fixed_coordinate_hypothesis_validation
1624,7473,10498,3837,3867.0,3837.0,3837.0,68.0,72.0,False,20170714.tif,False,30.0,0.007818608287724784,11473,20498,fixed_coordinate_hypothesis_validation
1629,7818,6834,11612,11638.0,11612.0,11612.0,128.0,125.0,False,20170714.tif,False,26.0,0.0022390630382363073,11818,16834,fixed_coordinate_hypothesis_validation
1631,7931,6666,11274,11321.0,11274.0,11274.0,130.0,118.0,False,20170714.tif,False,47.0,0.004168884158240199,11931,16666,fixed_coordinate_hypothesis_validation
1642,8302,7130,9774,9824.0,9774.0,9774.0,100.0,131.0,False,20170714.tif,False,50.0,0.00511561285041948,12302,17130,fixed_coordinate_hypothesis_validation
1645,8415,10650,8037,8052.0,8037.0,8037.0,100.0,104.0,False,20170714.tif,False,15.0,0.001866368047779022,12415,20650,fixed_coordinate_hypothesis_validation
1647,8765,9324,15371,15393.0,15371.0,15371.0,142.0,144.0,False,20170714.tif,False,22.0,0.0014312666710038385,12765,19324,fixed_coordinate_hypothesis_validation
1651,9137,10138,15744,15770.0,15744.0,15744.0,147.0,136.0,False,20170714.tif,False,26.0,0.0016514227642276424,13137,20138,fixed_coordinate_hypothesis_validation
1658,9735,2704,3337,3350.0,3337.0,3337.0,63.0,70.0,False,20170714.tif,False,13.0,0.003895714713814804,13735,12704,fixed_coordinate_hypothesis_validation
1660,9739,9858,11383,11388.0,11383.0,11383.0,119.0,127.0,False,20170714.tif,False,5.0,0.0004392515154177282,13739,19858,fixed_coordinate_hypothesis_validation
1671,10547,6966,5399,5430.0,5399.0,5399.0,82.0,87.0,False,20170714.tif,False,31.0,0.005741804037784775,14547,16966,fixed_coordinate_hypothesis_validation
1674,10637,6558,7044,7073.0,7044.0,7044.0,96.0,100.0,False,20170714.tif,False,29.0,0.0041169789892106755,14637,16558,fixed_coordinate_hypothesis_validation
1679,10777,6794,4434,4450.0,4434.0,4434.0,73.0,78.0,False,20170714.tif,False,16.0,0.0036084799278304014,14777,16794,fixed_coordinate_hypothesis_validation
1686,11193,6070,2534,2539.0,2534.0,2534.0,58.0,60.0,False,20170714.tif,False,5.0,0.001973164956590371,15193,16070,fixed_coordinate_hypothesis_validation
1694,12685,9746,13471,13502.0,13471.0,13471.0,132.0,132.0,False,20170714.tif,False,31.0,0.0023012397000965034,16685,19746,fixed_coordinate_hypothesis_validation
1698,13147,10018,3025,3046.0,3025.0,3025.0,66.0,62.0,False,20170714.tif,False,21.0,0.006942148760330578,17147,20018,fixed_coordinate_hypothesis_validation
1706,69,5174,544,562.0,544.0,544.0,25.0,28.0,False,20170714.tif,False,18.0,0.03308823529411765,4069,15174,fixed_coordinate_hypothesis_validation
1707,551,7154,1014,1024.0,1014.0,1014.0,36.0,41.0,False,20170714.tif,False,10.0,0.009861932938856016,4551,17154,fixed_coordinate_hypothesis_validation
1708,751,7210,2210,2221.0,2210.0,2210.0,56.0,52.0,False,20170714.tif,False,11.0,0.004977375565610859,4751,17210,fixed_coordinate_hypothesis_validation
1709,811,7116,2561,2581.0,2561.0,2561.0,58.0,62.0,False,20170714.tif,False,20.0,0.007809449433814916,4811,17116,fixed_coordinate_hypothesis_validation
1710,813,7046,1391,1402.0,1391.0,1391.0,46.0,42.0,False,20170714.tif,False,11.0,0.007907979870596693,4813,17046,fixed_coordinate_hypothesis_validation
1711,977,1836,1035,1044.0,1035.0,1035.0,40.0,37.0,False,20170714.tif,False,9.0,0.008695652173913044,4977,11836,fixed_coordinate_hypothesis_validation
1712,1183,7886,695,708.0,695.0,695.0,28.0,32.0,False,20170714.tif,False,13.0,0.01870503597122302,5183,17886,fixed_coordinate_hypothesis_validation
1713,1355,8578,728,745.0,728.0,728.0,32.0,32.0,False,20170714.tif,False,17.0,0.023351648351648352,5355,18578,fixed_coordinate_hypothesis_validation
1714,2451,9882,167,177.0,167.0,167.0,16.0,16.0,False,20170714.tif,False,10.0,0.059880239520958084,6451,19882,fixed_coordinate_hypothesis_validation
1715,2787,694,668,685.0,668.0,668.0,30.0,28.0,False,20170714.tif,False,17.0,0.025449101796407185,6787,10694,fixed_coordinate_hypothesis_validation
1716,3101,936,176,186.0,176.0,176.0,18.0,14.0,False,20170714.tif,False,10.0,0.056818181818181816,7101,10936,fixed_coordinate_hypothesis_validation
1717,3149,3564,20654,20708.0,20654.0,20654.0,166.0,172.0,False,20170714.tif,False,54.0,0.0026145056647622735,7149,13564,fixed_coordinate_hypothesis_validation
1718,3281,8006,9021,9065.0,9021.0,9021.0,114.0,108.0,False,20170714.tif,False,44.0,0.0048775080368030155,7281,18006,fixed_coordinate_hypothesis_validation
1719,4047,12866,1059,1078.0,1059.0,1059.0,38.0,38.0,False,20170714.tif,False,19.0,0.01794145420207743,8047,22866,fixed_coordinate_hypothesis_validation
1720,4663,5378,3670,3696.0,3670.0,3670.0,76.0,66.0,False,20170714.tif,False,26.0,0.007084468664850136,8663,15378,fixed_coordinate_hypothesis_validation
1721,5307,7634,38021,38064.0,38021.0,38021.0,222.0,240.0,False,20170714.tif,False,43.0,0.0011309539465032483,9307,17634,fixed_coordinate_hypothesis_validation
1722,5321,9861,1999,2028.0,1999.0,1999.0,53.0,48.0,False,20170714.tif,False,29.0,0.014507253626813406,9321,19861,fixed_coordinate_hypothesis_validation
1723,5618,11954,1427,1468.0,1427.0,1427.0,40.0,45.0,False,20170714.tif,False,41.0,0.028731604765241767,9618,21954,fixed_coordinate_hypothesis_validation
1724,5632,9474,2833,2844.0,2833.0,2833.0,62.0,65.0,False,20170714.tif,False,11.0,0.003882809742322626,9632,19474,fixed_coordinate_hypothesis_validation
1725,5745,6246,126,136.0,126.0,126.0,14.0,15.0,False,20170714.tif,False,10.0,0.07936507936507936,9745,16246,fixed_coordinate_hypothesis_validation
1726,5773,732,113,120.0,113.0,113.0,14.0,11.0,False,20170714.tif,False,7.0,0.061946902654867256,9773,10732,fixed_coordinate_hypothesis_validation
1727,6013,7618,2074,2102.0,2074.0,2074.0,52.0,50.0,False,20170714.tif,False,28.0,0.013500482160077145,10013,17618,fixed_coordinate_hypothesis_validation
1728,6131,9700,546,556.0,546.0,546.0,32.0,24.0,False,20170714.tif,False,10.0,0.018315018315018316,10131,19700,fixed_coordinate_hypothesis_validation
1729,6135,11158,277,296.0,277.0,277.0,20.0,19.0,False,20170714.tif,False,19.0,0.06859205776173286,10135,21158,fixed_coordinate_hypothesis_validation
1730,6549,8390,1266,1282.0,1266.0,1266.0,40.0,42.0,False,20170714.tif,False,16.0,0.01263823064770932,10549,18390,fixed_coordinate_hypothesis_validation
1731,6722,3161,1010,1022.0,1010.0,1010.0,36.0,40.0,False,20170714.tif,False,12.0,0.011881188118811881,10722,13161,fixed_coordinate_hypothesis_validation
1732,6753,7794,3474,3512.0,3474.0,3474.0,76.0,56.0,False,20170714.tif,False,38.0,0.010938399539435808,10753,17794,fixed_coordinate_hypothesis_validation
1733,6847,9845,1574,1593.0,1574.0,1574.0,43.0,47.0,False,20170714.tif,False,19.0,0.01207115628970775,10847,19845,fixed_coordinate_hypothesis_validation
1734,7131,9834,9159,9197.0,9159.0,9159.0,114.0,111.0,False,20170714.tif,False,38.0,0.004148924555082432,11131,19834,fixed_coordinate_hypothesis_validation
1735,7328,3256,344,366.0,344.0,344.0,20.0,23.0,False,20170714.tif,False,22.0,0.06395348837209303,11328,13256,fixed_coordinate_hypothesis_validation
1736,7485,3346,447,456.0,447.0,447.0,26.0,23.0,False,20170714.tif,False,9.0,0.020134228187919462,11485,13346,fixed_coordinate_hypothesis_validation
1737,7487,13992,699,716.0,699.0,699.0,30.0,31.0,False,20170714.tif,False,17.0,0.024320457796852647,11487,23992,fixed_coordinate_hypothesis_validation
1738,7673,10828,2995,3017.0,2995.0,2995.0,62.0,64.0,False,20170714.tif,False,22.0,0.007345575959933222,11673,20828,fixed_coordinate_hypothesis_validation
1739,7765,11237,842,861.0,842.0,842.0,31.0,35.0,False,20170714.tif,False,19.0,0.022565320665083134,11765,21237,fixed_coordinate_hypothesis_validation
1740,7861,5048,351,356.0,351.0,351.0,22.0,23.0,False,20170714.tif,False,5.0,0.014245014245014245,11861,15048,fixed_coordinate_hypothesis_validation
1741,8103,14222,694,724.0,694.0,694.0,26.0,35.0,False,20170714.tif,False,30.0,0.043227665706051875,12103,24222,fixed_coordinate_hypothesis_validation
1742,8115,3690,703,717.0,703.0,703.0,32.0,29.0,False,20170714.tif,False,14.0,0.01991465149359886,12115,13690,fixed_coordinate_hypothesis_validation
1743,8399,14047,2174,2200.0,2174.0,2174.0,53.0,53.0,False,20170714.tif,False,26.0,0.011959521619135235,12399,24047,fixed_coordinate_hypothesis_validation
1744,8467,14300,1178,1184.0,1178.0,1178.0,42.0,39.0,False,20170714.tif,False,6.0,0.0050933786078098476,12467,24300,fixed_coordinate_hypothesis_validation
1745,8503,1828,1544,1567.0,1544.0,1544.0,41.0,48.0,False,20170714.tif,False,23.0,0.014896373056994818,12503,11828,fixed_coordinate_hypothesis_validation
1746,8549,14278,1575,1597.0,1575.0,1575.0,42.0,49.0,False,20170714.tif,False,22.0,0.013968253968253968,12549,24278,fixed_coordinate_hypothesis_validation
1747,8565,14172,1784,1793.0,1784.0,1784.0,46.0,52.0,False,20170714.tif,False,9.0,0.005044843049327354,12565,24172,fixed_coordinate_hypothesis_validation
1748,8591,14362,2320,2347.0,2320.0,2320.0,54.0,55.0,False,20170714.tif,False,27.0,0.01163793103448276,12591,24362,fixed_coordinate_hypothesis_validation
1749,8639,14068,2294,2312.0,2294.0,2294.0,53.0,58.0,False,20170714.tif,False,18.0,0.007846556233653008,12639,24068,fixed_coordinate_hypothesis_validation
1750,8749,14049,1378,1394.0,1378.0,1378.0,45.0,42.0,False,20170714.tif,False,16.0,0.011611030478955007,12749,24049,fixed_coordinate_hypothesis_validation
1751,8779,11123,909,921.0,909.0,909.0,36.0,34.0,False,20170714.tif,False,12.0,0.013201320132013201,12779,21123,fixed_coordinate_hypothesis_validation
1752,8787,14082,2300,2313.0,2298.0,2300.0,56.0,54.0,False,20170714.tif,False,13.0,0.005652173913043478,12787,24082,fixed_coordinate_hypothesis_validation
1753,8787,14160,1041,1052.0,1041.0,1041.0,38.0,37.0,False,20170714.tif,False,11.0,0.010566762728146013,12787,24160,fixed_coordinate_hypothesis_validation
1754,8863,14146,944,960.0,944.0,944.0,36.0,36.0,False,20170714.tif,False,16.0,0.01694915254237288,12863,24146,fixed_coordinate_hypothesis_validation
1755,9035,10570,9309,9343.0,9309.0,9309.0,107.0,114.0,False,20170714.tif,False,34.0,0.0036523794177677517,13035,20570,fixed_coordinate_hypothesis_validation
1756,9035,14128,1095,1102.0,1095.0,1095.0,40.0,40.0,False,20170714.tif,False,7.0,0.006392694063926941,13035,24128,fixed_coordinate_hypothesis_validation
1757,9067,14249,352,361.0,352.0,352.0,23.0,22.0,False,20170714.tif,False,9.0,0.02556818181818182,13067,24249,fixed_coordinate_hypothesis_validation
1758,9139,6852,2158,2169.0,2158.0,2158.0,52.0,56.0,False,20170714.tif,False,11.0,0.005097312326227989,13139,16852,fixed_coordinate_hypothesis_validation
1759,9175,7370,1937,1964.0,1937.0,1937.0,54.0,50.0,False,20170714.tif,False,27.0,0.013939081053175014,13175,17370,fixed_coordinate_hypothesis_validation
1760,9189,3018,192,204.0,192.0,192.0,18.0,16.0,False,20170714.tif,False,12.0,0.0625,13189,13018,fixed_coordinate_hypothesis_validation
1761,9409,2007,2026,2031.0,2026.0,2026.0,51.0,56.0,False,20170714.tif,False,5.0,0.0024679170779861796,13409,12007,fixed_coordinate_hypothesis_validation
1762,9417,14303,695,721.0,695.0,695.0,29.0,32.0,False,20170714.tif,False,26.0,0.03741007194244604,13417,24303,fixed_coordinate_hypothesis_validation
1763,9517,2724,4827,4838.0,4827.0,4827.0,72.0,91.0,False,20170714.tif,False,11.0,0.0022788481458462812,13517,12724,fixed_coordinate_hypothesis_validation
1764,9543,1562,679,702.0,679.0,679.0,26.0,33.0,False,20170714.tif,False,23.0,0.033873343151693665,13543,11562,fixed_coordinate_hypothesis_validation
1765,9590,1473,1564,1616.0,1564.0,1564.0,40.0,48.0,False,20170714.tif,False,52.0,0.03324808184143223,13590,11473,fixed_coordinate_hypothesis_validation
1766,9631,2037,1497,1519.0,1497.0,1497.0,45.0,46.0,False,20170714.tif,False,22.0,0.014696058784235137,13631,12037,fixed_coordinate_hypothesis_validation
1767,9641,2142,2944,2958.0,2944.0,2944.0,63.0,61.0,False,20170714.tif,False,14.0,0.004755434782608696,13641,12142,fixed_coordinate_hypothesis_validation
1768,9682,1438,1184,1192.0,1184.0,1184.0,39.0,44.0,False,20170714.tif,False,8.0,0.006756756756756757,13682,11438,fixed_coordinate_hypothesis_validation
1769,9687,8506,2853,2891.0,2853.0,2853.0,60.0,60.0,False,20170714.tif,False,38.0,0.01331931300385559,13687,18506,fixed_coordinate_hypothesis_validation
1770,9705,1725,2490,2517.0,2490.0,2490.0,56.0,58.0,False,20170714.tif,False,27.0,0.010843373493975903,13705,11725,fixed_coordinate_hypothesis_validation
1771,9783,7110,2138,2147.0,2138.0,2138.0,55.0,51.0,False,20170714.tif,False,9.0,0.00420954162768943,13783,17110,fixed_coordinate_hypothesis_validation
1772,9803,7018,3254,3276.0,3254.0,3254.0,66.0,66.0,False,20170714.tif,False,22.0,0.006760909649661954,13803,17018,fixed_coordinate_hypothesis_validation
1773,9806,2553,220,240.0,220.0,220.0,20.0,16.0,False,20170714.tif,False,20.0,0.09090909090909091,13806,12553,fixed_coordinate_hypothesis_validation
1774,9813,6310,3097,3122.0,3097.0,3097.0,62.0,65.0,False,20170714.tif,False,25.0,0.008072328059412335,13813,16310,fixed_coordinate_hypothesis_validation
1775,9858,2031,4247,4259.0,4247.0,4247.0,77.0,78.0,False,20170714.tif,False,12.0,0.0028255238992229807,13858,12031,fixed_coordinate_hypothesis_validation
1776,9879,1968,2337,2355.0,2337.0,2337.0,51.0,58.0,False,20170714.tif,False,18.0,0.007702182284980745,13879,11968,fixed_coordinate_hypothesis_validation
1777,9885,7864,9582,9594.0,9582.0,9582.0,128.0,104.0,False,20170714.tif,False,12.0,0.0012523481527864746,13885,17864,fixed_coordinate_hypothesis_validation
1778,10101,2390,919,930.0,919.0,919.0,34.0,35.0,False,20170714.tif,False,11.0,0.011969532100108813,14101,12390,fixed_coordinate_hypothesis_validation
1779,10161,1522,2457,2471.0,2457.0,2457.0,62.0,51.0,False,20170714.tif,False,14.0,0.005698005698005698,14161,11522,fixed_coordinate_hypothesis_validation
1780,10375,7361,2237,2258.0,2237.0,2237.0,51.0,55.0,False,20170714.tif,False,21.0,0.009387572641931158,14375,17361,fixed_coordinate_hypothesis_validation
1781,10382,1733,840,861.0,840.0,840.0,32.0,35.0,False,20170714.tif,False,21.0,0.025,14382,11733,fixed_coordinate_hypothesis_validation
1782,10393,8069,3576,3599.0,3576.0,3576.0,68.0,69.0,False,20170714.tif,False,23.0,0.006431767337807606,14393,18069,fixed_coordinate_hypothesis_validation
1783,10505,14872,15318,15437.0,15318.0,15318.0,128.0,154.0,True,20170714.tif,False,119.0,0.007768638203420812,14505,24872,fixed_coordinate_hypothesis_validation
1784,10629,2451,4499,4525.0,4499.0,4499.0,78.0,76.0,False,20170714.tif,False,26.0,0.00577906201378084,14629,12451,fixed_coordinate_hypothesis_validation
1785,10639,2150,4104,4138.0,4104.0,4104.0,74.0,71.0,False,20170714.tif,False,34.0,0.008284600389863547,14639,12150,fixed_coordinate_hypothesis_validation
1786,10651,9806,2929,2940.0,2929.0,2929.0,62.0,63.0,False,20170714.tif,False,11.0,0.0037555479685899623,14651,19806,fixed_coordinate_hypothesis_validation
1787,10793,5632,744,773.0,744.0,744.0,28.0,34.0,False,20170714.tif,False,29.0,0.038978494623655914,14793,15632,fixed_coordinate_hypothesis_validation
1788,10807,2897,2141,2148.0,2141.0,2141.0,53.0,54.0,False,20170714.tif,False,7.0,0.003269500233535731,14807,12897,fixed_coordinate_hypothesis_validation
1789,10809,10510,2416,2430.0,2416.0,2416.0,54.0,58.0,False,20170714.tif,False,14.0,0.005794701986754967,14809,20510,fixed_coordinate_hypothesis_validation
1790,10813,11002,5606,5628.0,5606.0,5606.0,102.0,72.0,False,20170714.tif,False,22.0,0.00392436674991081,14813,21002,fixed_coordinate_hypothesis_validation
1791,11093,6061,2484,2506.0,2484.0,2484.0,53.0,61.0,False,20170714.tif,False,22.0,0.008856682769726247,15093,16061,fixed_coordinate_hypothesis_validation
1792,11145,1704,2012,2044.0,2012.0,2012.0,54.0,46.0,False,20170714.tif,False,32.0,0.015904572564612324,15145,11704,fixed_coordinate_hypothesis_validation
1793,11198,14786,5117,5152.0,5117.0,5117.0,84.0,87.0,False,20170714.tif,False,35.0,0.006839945280437756,15198,24786,fixed_coordinate_hypothesis_validation
1794,11377,6558,1023,1035.0,1023.0,1023.0,36.0,38.0,False,20170714.tif,False,12.0,0.011730205278592375,15377,16558,fixed_coordinate_hypothesis_validation
1795,11405,5632,2664,2706.0,2664.0,2664.0,58.0,60.0,False,20170714.tif,False,42.0,0.015765765765765764,15405,15632,fixed_coordinate_hypothesis_validation
1796,11433,6813,1805,1816.0,1805.0,1805.0,47.0,49.0,False,20170714.tif,False,11.0,0.006094182825484765,15433,16813,fixed_coordinate_hypothesis_validation
1797,11567,2395,3485,3501.0,3485.0,3485.0,67.0,68.0,False,20170714.tif,False,16.0,0.004591104734576757,15567,12395,fixed_coordinate_hypothesis_validation
1798,11577,6984,2194,2214.0,2194.0,2194.0,56.0,54.0,False,20170714.tif,False,20.0,0.009115770282588878,15577,16984,fixed_coordinate_hypothesis_validation
1799,11601,6542,833,841.0,833.0,833.0,30.0,35.0,False,20170714.tif,False,8.0,0.009603841536614645,15601,16542,fixed_coordinate_hypothesis_validation
1800,11707,6150,754,762.0,754.0,754.0,32.0,36.0,False,20170714.tif,False,8.0,0.010610079575596816,15707,16150,fixed_coordinate_hypothesis_validation
1801,11707,7466,1006,1017.0,1006.0,1006.0,38.0,37.0,False,20170714.tif,False,11.0,0.010934393638170975,15707,17466,fixed_coordinate_hypothesis_validation
1802,11723,6213,1618,1647.0,1618.0,1618.0,43.0,47.0,False,20170714.tif,False,29.0,0.01792336217552534,15723,16213,fixed_coordinate_hypothesis_validation
1803,11739,6280,1421,1451.0,1421.0,1421.0,42.0,44.0,False,20170714.tif,False,30.0,0.0211118930330753,15739,16280,fixed_coordinate_hypothesis_validation
1804,11778,6098,1462,1483.0,1462.0,1462.0,44.0,44.0,False,20170714.tif,False,21.0,0.014363885088919288,15778,16098,fixed_coordinate_hypothesis_validation
1805,11791,6326,840,859.0,840.0,840.0,36.0,32.0,False,20170714.tif,False,19.0,0.02261904761904762,15791,16326,fixed_coordinate_hypothesis_validation
1806,11850,6098,1073,1080.0,1073.0,1073.0,34.0,43.0,False,20170714.tif,False,7.0,0.0065237651444548,15850,16098,fixed_coordinate_hypothesis_validation
1807,12081,4616,13228,13295.0,13228.0,13228.0,130.0,132.0,False,20170714.tif,False,67.0,0.005065013607499244,16081,14616,fixed_coordinate_hypothesis_validation
1808,12085,7232,1729,1752.0,1729.0,1729.0,43.0,50.0,False,20170714.tif,False,23.0,0.013302486986697512,16085,17232,fixed_coordinate_hypothesis_validation
1809,12111,6850,1595,1615.0,1595.0,1595.0,42.0,50.0,False,20170714.tif,False,20.0,0.012539184952978056,16111,16850,fixed_coordinate_hypothesis_validation
1810,12115,8243,1302,1328.0,1302.0,1302.0,37.0,45.0,False,20170714.tif,False,26.0,0.019969278033794162,16115,18243,fixed_coordinate_hypothesis_validation
1811,12118,8309,761,780.0,761.0,761.0,35.0,32.0,False,20170714.tif,False,19.0,0.024967148488830485,16118,18309,fixed_coordinate_hypothesis_validation
1812,12130,4286,9946,9966.0,9946.0,9946.0,112.0,112.0,False,20170714.tif,False,20.0,0.0020108586366378444,16130,14286,fixed_coordinate_hypothesis_validation
1813,12191,14,706,720.0,706.0,706.0,33.0,28.0,False,20170714.tif,False,14.0,0.019830028328611898,16191,10014,fixed_coordinate_hypothesis_validation
1814,12218,3154,18483,18555.0,18483.0,18483.0,156.0,151.0,False,20170714.tif,False,72.0,0.003895471514364551,16218,13154,fixed_coordinate_hypothesis_validation
1815,12242,2937,16254,16274.0,16254.0,16254.0,145.0,147.0,False,20170714.tif,False,20.0,0.0012304663467454166,16242,12937,fixed_coordinate_hypothesis_validation
1816,12301,112,598,607.0,598.0,598.0,30.0,25.0,False,20170714.tif,False,9.0,0.015050167224080268,16301,10112,fixed_coordinate_hypothesis_validation
1817,12317,7722,944,968.0,944.0,944.0,34.0,38.0,False,20170714.tif,False,24.0,0.025423728813559324,16317,17722,fixed_coordinate_hypothesis_validation
1818,12331,78,685,701.0,685.0,685.0,30.0,28.0,False,20170714.tif,False,16.0,0.02335766423357664,16331,10078,fixed_coordinate_hypothesis_validation
1819,12379,7024,780,801.0,780.0,780.0,36.0,31.0,False,20170714.tif,False,21.0,0.026923076923076925,16379,17024,fixed_coordinate_hypothesis_validation
1820,12761,7528,1544,1573.0,1544.0,1544.0,46.0,46.0,False,20170714.tif,False,29.0,0.01878238341968912,16761,17528,fixed_coordinate_hypothesis_validation
1821,12821,5098,6205,6245.0,6205.0,6205.0,90.0,96.0,False,20170714.tif,False,40.0,0.0064464141821112,16821,15098,fixed_coordinate_hypothesis_validation
1822,12841,9257,908,918.0,908.0,908.0,36.0,36.0,False,20170714.tif,False,10.0,0.011013215859030838,16841,19257,fixed_coordinate_hypothesis_validation
1823,12919,5234,1386,1404.0,1386.0,1386.0,48.0,42.0,False,20170714.tif,False,18.0,0.012987012987012988,16919,15234,fixed_coordinate_hypothesis_validation
1824,12931,8298,1991,2025.0,1991.0,1991.0,48.0,52.0,False,20170714.tif,False,34.0,0.017076845806127575,16931,18298,fixed_coordinate_hypothesis_validation
1825,12983,8660,3679,3700.0,3679.0,3679.0,67.0,70.0,False,20170714.tif,False,21.0,0.0057080728458820335,16983,18660,fixed_coordinate_hypothesis_validation
1826,12999,4994,7540,7592.0,7540.0,7540.0,104.0,104.0,False,20170714.tif,False,52.0,0.006896551724137931,16999,14994,fixed_coordinate_hypothesis_validation
1827,13105,5202,16839,16863.0,16839.0,16839.0,149.0,148.0,False,20170714.tif,False,24.0,0.0014252627828255835,17105,15202,fixed_coordinate_hypothesis_validation
1828,13141,8934,14443,14463.0,14443.0,14443.0,140.0,138.0,False,20170714.tif,False,20.0,0.0013847538600013848,17141,18934,fixed_coordinate_hypothesis_validation
1829,13275,7814,2494,2517.0,2494.0,2494.0,56.0,58.0,False,20170714.tif,False,23.0,0.009222133119486768,17275,17814,fixed_coordinate_hypothesis_validation
1830,13451,8200,2905,2912.0,2905.0,2905.0,68.0,54.0,False,20170714.tif,False,7.0,0.0024096385542168677,17451,18200,fixed_coordinate_hypothesis_validation
1831,13559,8118,2935,2951.0,2935.0,2935.0,62.0,62.0,False,20170714.tif,False,16.0,0.00545144804088586,17559,18118,fixed_coordinate_hypothesis_validation
1832,13787,5322,7578,7604.0,7578.0,7578.0,104.0,104.0,False,20170714.tif,False,26.0,0.003430984428609132,17787,15322,fixed_coordinate_hypothesis_validation
1833,13821,5074,3280,3308.0,3280.0,3280.0,64.0,74.0,False,20170714.tif,False,28.0,0.00853658536585366,17821,15074,fixed_coordinate_hypothesis_validation
1834,13821,5166,6166,6186.0,6166.0,6166.0,88.0,90.0,False,20170714.tif,False,20.0,0.003243593902043464,17821,15166,fixed_coordinate_hypothesis_validation
1835,13871,6838,1040,1064.0,1040.0,1040.0,32.0,44.0,False,20170714.tif,False,24.0,0.023076923076923078,17871,16838,fixed_coordinate_hypothesis_validation
1836,14079,8842,739,769.0,739.0,739.0,28.0,34.0,False,20170714.tif,False,30.0,0.04059539918809202,18079,18842,fixed_coordinate_hypothesis_validation
1837,14555,8946,4232,4245.0,4232.0,4232.0,74.0,76.0,False,20170714.tif,False,13.0,0.0030718336483931945,18555,18946,fixed_coordinate_hypothesis_validation
1838,14587,11686,473,491.0,473.0,473.0,26.0,24.0,False,20170714.tif,False,18.0,0.03805496828752643,18587,21686,fixed_coordinate_hypothesis_validation
1839,14673,11902,889,911.0,889.0,889.0,33.0,36.0,False,20170714.tif,False,22.0,0.024746906636670417,18673,21902,fixed_coordinate_hypothesis_validation
1840,14709,11714,557,571.0,557.0,557.0,26.0,28.0,False,20170714.tif,False,14.0,0.025134649910233394,18709,21714,fixed_coordinate_hypothesis_validation
1841,14719,11378,1428,1440.0,1428.0,1428.0,46.0,42.0,False,20170714.tif,False,12.0,0.008403361344537815,18719,21378,fixed_coordinate_hypothesis_validation
1842,14731,11954,356,371.0,356.0,356.0,22.0,22.0,False,20170714.tif,False,15.0,0.042134831460674156,18731,21954,fixed_coordinate_hypothesis_validation
1843,14743,12008,416,428.0,416.0,416.0,26.0,22.0,False,20170714.tif,False,12.0,0.028846153846153848,18743,22008,fixed_coordinate_hypothesis_validation
1844,14779,12054,1503,1515.0,1503.0,1503.0,46.0,42.0,False,20170714.tif,False,12.0,0.007984031936127744,18779,22054,fixed_coordinate_hypothesis_validation
1845,14785,12124,531,547.0,531.0,531.0,28.0,25.0,False,20170714.tif,False,16.0,0.030131826741996232,18785,22124,fixed_coordinate_hypothesis_validation
1846,14847,11916,920,943.0,920.0,920.0,34.0,36.0,False,20170714.tif,False,23.0,0.025,18847,21916,fixed_coordinate_hypothesis_validation
1847,14923,11548,566,578.0,566.0,566.0,30.0,26.0,False,20170714.tif,False,12.0,0.02120141342756184,18923,21548,fixed_coordinate_hypothesis_validation
1848,14967,11830,786,791.0,786.0,786.0,35.0,30.0,False,20170714.tif,False,5.0,0.006361323155216285,18967,21830,fixed_coordinate_hypothesis_validation
1849,15017,11893,1282,1287.0,1282.0,1282.0,40.0,44.0,False,20170714.tif,False,5.0,0.0039001560062402497,19017,21893,fixed_coordinate_hypothesis_validation
1850,15191,11946,109,128.0,109.0,109.0,12.0,12.0,False,20170714.tif,False,19.0,0.1743119266055046,19191,21946,fixed_coordinate_hypothesis_validation
1851,15237,11890,668,684.0,668.0,668.0,28.0,32.0,False,20170714.tif,False,16.0,0.023952095808383235,19237,21890,fixed_coordinate_hypothesis_validation
1852,15345,11872,757,770.0,757.0,757.0,28.0,36.0,False,20170714.tif,False,13.0,0.017173051519154558,19345,21872,fixed_coordinate_hypothesis_validation
1853,15695,8896,2058,2076.0,2058.0,2058.0,49.0,54.0,False,20170714.tif,False,18.0,0.008746355685131196,19695,18896,fixed_coordinate_hypothesis_validation
1854,15939,8492,4951,4986.0,4951.0,4951.0,76.0,82.0,False,20170714.tif,False,35.0,0.007069278933548778,19939,18492,fixed_coordinate_hypothesis_validation
1855,16719,9764,818,839.0,818.0,818.0,30.0,34.0,False,20170714.tif,False,21.0,0.02567237163814181,20719,19764,fixed_coordinate_hypothesis_validation
1856,16735,9936,4066,4069.0,4066.0,4066.0,85.0,67.0,False,20170714.tif,False,3.0,0.0007378258730939498,20735,19936,fixed_coordinate_hypothesis_validation
1857,16833,13022,338,351.0,338.0,338.0,20.0,24.0,False,20170714.tif,False,13.0,0.038461538461538464,20833,23022,fixed_coordinate_hypothesis_validation
1858,17495,8056,2788,2808.0,2788.0,2788.0,62.0,60.0,False,20170714.tif,False,20.0,0.007173601147776184,21495,18056,fixed_coordinate_hypothesis_validation
170,4350,4530,36446,36506.0,36446.0,36446.0,220.0,221.0,False,20170728.tif,False,60.0,0.0016462711957416453,8350,14530,fixed_coordinate_hypothesis_validation
297,7469,8148,17846,17861.0,17846.0,17846.0,156.0,154.0,False,20170728.tif,False,15.0,0.0008405244872800628,11469,18148,fixed_coordinate_hypothesis_validation
358,9107,6440,11790,11830.0,11790.0,11790.0,126.0,130.0,False,20170728.tif,False,40.0,0.0033927056827820186,13107,16440,fixed_coordinate_hypothesis_validation
477,12286,6446,47496,47560.0,47496.0,47496.0,252.0,245.0,False,20170728.tif,False,64.0,0.00134748189321206,16286,16446,fixed_coordinate_hypothesis_validation
486,12877,6410,44446,44504.0,44446.0,44446.0,244.0,238.0,False,20170728.tif,False,58.0,0.001304954326598569,16877,16410,fixed_coordinate_hypothesis_validation
488,13025,6886,42492,42532.0,42492.0,42492.0,248.0,238.0,False,20170728.tif,False,40.0,0.0009413536665725312,17025,16886,fixed_coordinate_hypothesis_validation
517,14487,7960,21780,21824.0,21780.0,21780.0,172.0,170.0,False,20170728.tif,False,44.0,0.00202020202020202,18487,17960,fixed_coordinate_hypothesis_validation
684,4143,8113,14045,14059.0,14045.0,14045.0,134.0,144.0,False,20170728.tif,False,14.0,0.0009967960128159487,8143,18113,fixed_coordinate_hypothesis_validation
723,4774,5810,18772,18784.0,18772.0,18772.0,164.0,153.0,False,20170728.tif,False,12.0,0.0006392499467291711,8774,15810,fixed_coordinate_hypothesis_validation
727,4814,8278,11782,11828.0,11782.0,11782.0,126.0,124.0,False,20170728.tif,False,46.0,0.003904260736717026,8814,18278,fixed_coordinate_hypothesis_validation
731,4929,8170,17148,17170.0,17148.0,17148.0,149.0,150.0,False,20170728.tif,False,22.0,0.0012829484487986936,8929,18170,fixed_coordinate_hypothesis_validation
746,5193,8790,13026,13043.0,13026.0,13026.0,130.0,128.0,False,20170728.tif,False,17.0,0.0013050821434054966,9193,18790,fixed_coordinate_hypothesis_validation
769,5523,8978,20801,20820.0,20801.0,20801.0,159.0,170.0,False,20170728.tif,False,19.0,0.000913417624152685,9523,18978,fixed_coordinate_hypothesis_validation
783,5749,9080,17722,17762.0,17722.0,17722.0,150.0,156.0,False,20170728.tif,False,40.0,0.002257081593499605,9749,19080,fixed_coordinate_hypothesis_validation
792,5942,10982,14905,14935.0,14905.0,14905.0,136.0,145.0,False,20170728.tif,False,30.0,0.0020127474002012745,9942,20982,fixed_coordinate_hypothesis_validation
802,6082,8866,18772,18786.0,18772.0,18772.0,158.0,156.0,False,20170728.tif,False,14.0,0.0007457916045173663,10082,18866,fixed_coordinate_hypothesis_validation
810,6421,8058,11271,11305.0,11271.0,11271.0,116.0,128.0,False,20170728.tif,False,34.0,0.0030165912518853697,10421,18058,fixed_coordinate_hypothesis_validation
814,6478,8594,12651,12683.0,12651.0,12651.0,128.0,127.0,False,20170728.tif,False,32.0,0.002529444312702553,10478,18594,fixed_coordinate_hypothesis_validation
816,6515,10870,7194,7246.0,7194.0,7194.0,96.0,102.0,False,20170728.tif,False,52.0,0.007228245760355852,10515,20870,fixed_coordinate_hypothesis_validation
820,6529,10614,18718,18773.0,18718.0,18718.0,150.0,170.0,False,20170728.tif,False,55.0,0.0029383481141147558,10529,20614,fixed_coordinate_hypothesis_validation
828,6646,10158,10957,10970.0,10943.0,10957.0,124.0,129.0,False,20170728.tif,False,13.0,0.0011864561467554988,10646,20158,fixed_coordinate_hypothesis_validation
839,6759,11342,10436,10483.0,10436.0,10436.0,108.0,125.0,False,20170728.tif,False,47.0,0.004503641241855117,10759,21342,fixed_coordinate_hypothesis_validation
870,7430,11292,8385,8400.0,8385.0,8385.0,102.0,112.0,False,20170728.tif,False,15.0,0.0017889087656529517,11430,21292,fixed_coordinate_hypothesis_validation
889,7706,8114,11723,11739.0,11723.0,11723.0,121.0,139.0,False,20170728.tif,False,16.0,0.00136483835195769,11706,18114,fixed_coordinate_hypothesis_validation
890,7702,7644,21170,21222.0,21170.0,21170.0,158.0,171.0,False,20170728.tif,False,52.0,0.0024563060935285782,11702,17644,fixed_coordinate_hypothesis_validation
893,7726,11372,13838,13879.0,13838.0,13838.0,128.0,139.0,False,20170728.tif,False,41.0,0.0029628559040323745,11726,21372,fixed_coordinate_hypothesis_validation
903,7851,5090,15123,15134.0,15123.0,15123.0,148.0,139.0,False,20170728.tif,False,11.0,0.0007273689082853931,11851,15090,fixed_coordinate_hypothesis_validation
912,7902,7824,23287,23318.0,23287.0,23287.0,174.0,188.0,False,20170728.tif,False,31.0,0.0013312148408983553,11902,17824,fixed_coordinate_hypothesis_validation
919,8014,11454,13016,13028.0,13016.0,13016.0,130.0,135.0,False,20170728.tif,False,12.0,0.0009219422249539029,12014,21454,fixed_coordinate_hypothesis_validation
938,8307,8910,6091,6104.0,6091.0,6091.0,89.0,90.0,False,20170728.tif,False,13.0,0.002134296503037268,12307,18910,fixed_coordinate_hypothesis_validation
940,8343,7286,17844,17870.0,17844.0,17844.0,156.0,152.0,False,20170728.tif,False,26.0,0.0014570724052902937,12343,17286,fixed_coordinate_hypothesis_validation
950,8481,5662,11854,11908.0,11854.0,11854.0,124.0,126.0,False,20170728.tif,False,54.0,0.004555424329340307,12481,15662,fixed_coordinate_hypothesis_validation
971,8771,8562,31546,31580.0,31546.0,31546.0,204.0,204.0,False,20170728.tif,False,34.0,0.0010777911621124706,12771,18562,fixed_coordinate_hypothesis_validation
982,8955,6458,10657,10680.0,10657.0,10657.0,110.0,128.0,False,20170728.tif,False,23.0,0.002158205874073379,12955,16458,fixed_coordinate_hypothesis_validation
990,9153,6794,11505,11483.0,11472.0,11505.0,128.0,121.0,False,20170728.tif,False,-22.0,-0.0019122120817036071,13153,16794,fixed_coordinate_hypothesis_validation
1012,9514,6754,12853,12878.0,12853.0,12853.0,144.0,124.0,False,20170728.tif,False,25.0,0.0019450711896055396,13514,16754,fixed_coordinate_hypothesis_validation
1028,9766,6460,16639,16680.0,16639.0,16639.0,152.0,143.0,False,20170728.tif,False,41.0,0.0024640903900474786,13766,16460,fixed_coordinate_hypothesis_validation
1029,9762,8066,18795,18825.0,18795.0,18795.0,156.0,159.0,False,20170728.tif,False,30.0,0.0015961691939345571,13762,18066,fixed_coordinate_hypothesis_validation
1033,9827,6616,26825,26902.0,26825.0,26825.0,184.0,186.0,False,20170728.tif,False,77.0,0.0028704566635601118,13827,16616,fixed_coordinate_hypothesis_validation
1096,11070,5660,20361,20408.0,20361.0,20361.0,162.0,157.0,False,20170728.tif,False,47.0,0.002308334561170866,15070,15660,fixed_coordinate_hypothesis_validation
1204,13663,6740,11606,11624.0,11606.0,11606.0,126.0,120.0,False,20170728.tif,False,18.0,0.0015509219369291745,17663,16740,fixed_coordinate_hypothesis_validation
1216,13825,8918,30132,30148.0,30132.0,30132.0,202.0,192.0,False,20170728.tif,False,16.0,0.0005309969467675561,17825,18918,fixed_coordinate_hypothesis_validation
1227,14037,8510,13822,13846.0,13822.0,13822.0,146.0,130.0,False,20170728.tif,False,24.0,0.0017363623209376356,18037,18510,fixed_coordinate_hypothesis_validation
1229,14201,9358,15421,15464.0,15421.0,15421.0,138.0,142.0,False,20170728.tif,False,43.0,0.002788405421178912,18201,19358,fixed_coordinate_hypothesis_validation
1234,14515,9102,49050,49036.0,48998.0,49050.0,258.0,256.0,False,20170728.tif,False,-14.0,-0.0002854230377166157,18515,19102,fixed_coordinate_hypothesis_validation
1235,14559,7304,25786,25828.0,25786.0,25786.0,182.0,196.0,False,20170728.tif,False,42.0,0.0016287908167222523,18559,17304,fixed_coordinate_hypothesis_validation
1296,6293,9702,11995,12017.0,11995.0,11995.0,128.0,126.0,False,20170728.tif,False,22.0,0.0018340975406419342,10293,19702,fixed_coordinate_hypothesis_validation
1306,7546,5526,21932,21966.0,21932.0,21932.0,176.0,169.0,False,20170728.tif,False,34.0,0.0015502462155754149,11546,15526,fixed_coordinate_hypothesis_validation
1313,8839,9082,28058,28124.0,28058.0,28058.0,196.0,194.0,False,20170728.tif,False,66.0,0.0023522702972414286,12839,19082,fixed_coordinate_hypothesis_validation
1319,9993,7110,23146,23212.0,23146.0,23146.0,176.0,170.0,False,20170728.tif,False,66.0,0.002851464615916357,13993,17110,fixed_coordinate_hypothesis_validation
1322,10351,8490,21365,21416.0,21365.0,21365.0,170.0,172.0,False,20170728.tif,False,51.0,0.002387081675637725,14351,18490,fixed_coordinate_hypothesis_validation
1334,15013,8974,18042,18082.0,18042.0,18042.0,144.0,166.0,False,20170728.tif,False,40.0,0.0022170491076377342,19013,18974,fixed_coordinate_hypothesis_validation
1355,3445,7568,12510,12572.0,12510.0,12510.0,128.0,124.0,False,20170728.tif,False,62.0,0.00495603517186251,7445,17568,fixed_coordinate_hypothesis_validation
1372,4642,10674,18740,18757.0,18740.0,18740.0,157.0,151.0,False,20170728.tif,False,17.0,0.0009071504802561366,8642,20674,fixed_coordinate_hypothesis_validation
1375,4803,10990,14203,14229.0,14203.0,14203.0,136.0,142.0,False,20170728.tif,False,26.0,0.0018305991691896079,8803,20990,fixed_coordinate_hypothesis_validation
1377,4973,10963,9070,9101.0,9070.0,9070.0,103.0,117.0,False,20170728.tif,False,31.0,0.003417861080485116,8973,20963,fixed_coordinate_hypothesis_validation
1383,5773,11590,10681,10719.0,10681.0,10681.0,128.0,105.0,False,20170728.tif,False,38.0,0.003557719314670911,9773,21590,fixed_coordinate_hypothesis_validation
1384,5805,8298,4767,4815.0,4767.0,4767.0,80.0,80.0,False,20170728.tif,False,48.0,0.010069225928256766,9805,18298,fixed_coordinate_hypothesis_validation
1392,6667,11714,20351,20368.0,20351.0,20351.0,165.0,164.0,False,20170728.tif,False,17.0,0.0008353397867426662,10667,21714,fixed_coordinate_hypothesis_validation
1395,6763,9512,5083,5098.0,5083.0,5083.0,84.0,80.0,False,20170728.tif,False,15.0,0.0029510131811922094,10763,19512,fixed_coordinate_hypothesis_validation
1399,6818,3674,7120,7124.0,7120.0,7120.0,102.0,95.0,False,20170728.tif,False,4.0,0.0005617977528089888,10818,13674,fixed_coordinate_hypothesis_validation
1400,6969,10758,10099,10136.0,10099.0,10099.0,102.0,130.0,False,20170728.tif,False,37.0,0.0036637290820873353,10969,20758,fixed_coordinate_hypothesis_validation
1403,7070,7746,32290,32346.0,32290.0,32290.0,210.0,207.0,False,20170728.tif,False,56.0,0.0017342830597708268,11070,17746,fixed_coordinate_hypothesis_validation
1406,7269,10274,24201,24215.0,24201.0,24201.0,176.0,186.0,False,20170728.tif,False,14.0,0.0005784884922110657,11269,20274,fixed_coordinate_hypothesis_validation
1408,7338,9646,20242,20257.0,20242.0,20242.0,172.0,159.0,False,20170728.tif,False,15.0,0.0007410334947139611,11338,19646,fixed_coordinate_hypothesis_validation
1409,7395,8798,17356,17396.0,17356.0,17356.0,156.0,146.0,False,20170728.tif,False,40.0,0.00230467849734962,11395,18798,fixed_coordinate_hypothesis_validation
1410,7558,10122,21286,21324.0,21286.0,21286.0,158.0,177.0,False,20170728.tif,False,38.0,0.0017852109367659495,11558,20122,fixed_coordinate_hypothesis_validation
1412,7822,8538,21555,21598.0,21555.0,21555.0,176.0,173.0,False,20170728.tif,False,43.0,0.001994896775690095,11822,18538,fixed_coordinate_hypothesis_validation
1417,8058,9026,24996,25010.0,24980.0,24996.0,206.0,157.0,False,20170728.tif,False,14.0,0.0005600896143382942,12058,19026,fixed_coordinate_hypothesis_validation
1427,8273,10831,7572,7593.0,7572.0,7572.0,97.0,102.0,False,20170728.tif,False,21.0,0.0027733755942947703,12273,20831,fixed_coordinate_hypothesis_validation
1429,8406,11482,19705,19734.0,19705.0,19705.0,166.0,167.0,False,20170728.tif,False,29.0,0.0014717076884039585,12406,21482,fixed_coordinate_hypothesis_validation
1430,8450,10896,12411,12447.0,12411.0,12411.0,124.0,131.0,False,20170728.tif,False,36.0,0.0029006526468455403,12450,20896,fixed_coordinate_hypothesis_validation
1433,8598,5110,10550,10572.0,10550.0,10550.0,122.0,119.0,False,20170728.tif,False,22.0,0.002085308056872038,12598,15110,fixed_coordinate_hypothesis_validation
1446,9274,8962,16830,16854.0,16830.0,16830.0,148.0,151.0,False,20170728.tif,False,24.0,0.00142602495543672,13274,18962,fixed_coordinate_hypothesis_validation
1447,9306,6822,21150,21184.0,21150.0,21150.0,176.0,167.0,False,20170728.tif,False,34.0,0.001607565011820331,13306,16822,fixed_coordinate_hypothesis_validation
1448,9308,8704,5333,5338.0,5333.0,5333.0,81.0,86.0,False,20170728.tif,False,5.0,0.0009375585974123383,13308,18704,fixed_coordinate_hypothesis_validation
1450,9403,8746,1798,1806.0,1798.0,1798.0,50.0,50.0,False,20170728.tif,False,8.0,0.004449388209121246,13403,18746,fixed_coordinate_hypothesis_validation
1451,9394,8170,5149,5184.0,5149.0,5149.0,84.0,84.0,False,20170728.tif,False,35.0,0.006797436395416585,13394,18170,fixed_coordinate_hypothesis_validation
1454,9432,8540,13580,13612.0,13580.0,13580.0,136.0,127.0,False,20170728.tif,False,32.0,0.00235640648011782,13432,18540,fixed_coordinate_hypothesis_validation
1456,9543,8732,9382,9420.0,9382.0,9382.0,114.0,111.0,False,20170728.tif,False,38.0,0.004050309102536773,13543,18732,fixed_coordinate_hypothesis_validation
1457,9569,5342,9851,9870.0,9851.0,9851.0,108.0,120.0,False,20170728.tif,False,19.0,0.0019287381991675973,13569,15342,fixed_coordinate_hypothesis_validation
1459,9626,7888,15644,15672.0,15644.0,15644.0,134.0,152.0,False,20170728.tif,False,28.0,0.0017898235745333673,13626,17888,fixed_coordinate_hypothesis_validation
1461,9709,7600,15848,15882.0,15848.0,15848.0,142.0,148.0,False,20170728.tif,False,34.0,0.0021453811206461385,13709,17600,fixed_coordinate_hypothesis_validation
1463,9842,9330,9717,9770.0,9717.0,9717.0,114.0,115.0,False,20170728.tif,False,53.0,0.005454358341051765,13842,19330,fixed_coordinate_hypothesis_validation
1467,10014,6535,2152,2167.0,2152.0,2152.0,55.0,55.0,False,20170728.tif,False,15.0,0.006970260223048327,14014,16535,fixed_coordinate_hypothesis_validation
1470,10075,6134,12383,12405.0,12383.0,12383.0,124.0,132.0,False,20170728.tif,False,22.0,0.0017766292497779213,14075,16134,fixed_coordinate_hypothesis_validation
1471,10087,5750,13662,13683.0,13662.0,13662.0,130.0,139.0,False,20170728.tif,False,21.0,0.0015371102327624067,14087,15750,fixed_coordinate_hypothesis_validation
1474,10115,7623,5838,5864.0,5838.0,5838.0,88.0,87.0,False,20170728.tif,False,26.0,0.004453579993148339,14115,17623,fixed_coordinate_hypothesis_validation
1475,10153,7269,10258,10284.0,10258.0,10258.0,110.0,118.0,False,20170728.tif,False,26.0,0.0025346071358939366,14153,17269,fixed_coordinate_hypothesis_validation
1477,10201,9779,5775,5799.0,5775.0,5775.0,98.0,76.0,False,20170728.tif,False,24.0,0.004155844155844156,14201,19779,fixed_coordinate_hypothesis_validation
1479,10206,9942,2211,2233.0,2211.0,2211.0,58.0,51.0,False,20170728.tif,False,22.0,0.009950248756218905,14206,19942,fixed_coordinate_hypothesis_validation
1484,10347,8306,5510,5536.0,5510.0,5510.0,80.0,90.0,False,20170728.tif,False,26.0,0.004718693284936479,14347,18306,fixed_coordinate_hypothesis_validation
1497,10849,8180,6551,6567.0,6551.0,6551.0,100.0,84.0,False,20170728.tif,False,16.0,0.00244237520989162,14849,18180,fixed_coordinate_hypothesis_validation
1508,11505,7094,19051,19099.0,19051.0,19051.0,154.0,164.0,False,20170728.tif,False,48.0,0.00251955277938166,15505,17094,fixed_coordinate_hypothesis_validation
1521,12563,6730,8924,8968.0,8924.0,8924.0,102.0,110.0,False,20170728.tif,False,44.0,0.004930524428507396,16563,16730,fixed_coordinate_hypothesis_validation
1528,13283,9922,8232,8253.0,8232.0,8232.0,110.0,97.0,False,20170728.tif,False,21.0,0.002551020408163265,17283,19922,fixed_coordinate_hypothesis_validation
1529,13331,8774,11762,11768.0,11762.0,11762.0,136.0,114.0,False,20170728.tif,False,6.0,0.0005101173269852066,17331,18774,fixed_coordinate_hypothesis_validation
1532,13487,9814,15215,15244.0,15215.0,15215.0,141.0,146.0,False,20170728.tif,False,29.0,0.0019060138021689123,17487,19814,fixed_coordinate_hypothesis_validation
1547,14011,8282,3944,3969.0,3944.0,3944.0,74.0,70.0,False,20170728.tif,False,25.0,0.006338742393509128,18011,18282,fixed_coordinate_hypothesis_validation
1550,14299,7407,8434,8453.0,8434.0,8434.0,119.0,96.0,False,20170728.tif,False,19.0,0.0022527863410007113,18299,17407,fixed_coordinate_hypothesis_validation
1552,14783,7810,7906,7936.0,7906.0,7906.0,96.0,104.0,False,20170728.tif,False,30.0,0.003794586390083481,18783,17810,fixed_coordinate_hypothesis_validation
1553,14898,7628,15132,15170.0,15132.0,15132.0,142.0,143.0,False,20170728.tif,False,38.0,0.0025112344699973568,18898,17628,fixed_coordinate_hypothesis_validation
1570,3985,11390,6019,6072.0,6019.0,6019.0,86.0,88.0,False,20170728.tif,False,53.0,0.00880544941020103,7985,21390,fixed_coordinate_hypothesis_validation
1571,4023,2449,7460,7486.0,7460.0,7460.0,89.0,106.0,False,20170728.tif,False,26.0,0.003485254691689008,8023,12449,fixed_coordinate_hypothesis_validation
1572,4075,10894,13748,13792.0,13748.0,13748.0,132.0,134.0,False,20170728.tif,False,44.0,0.003200465522257783,8075,20894,fixed_coordinate_hypothesis_validation
1576,4211,10062,11812,11858.0,11812.0,11812.0,124.0,126.0,False,20170728.tif,False,46.0,0.0038943447341686422,8211,20062,fixed_coordinate_hypothesis_validation
1579,4337,10618,16905,16928.0,16905.0,16905.0,150.0,146.0,False,20170728.tif,False,23.0,0.0013605442176870747,8337,20618,fixed_coordinate_hypothesis_validation
1580,4397,6162,18400,18418.0,18400.0,18400.0,166.0,154.0,False,20170728.tif,False,18.0,0.0009782608695652175,8397,16162,fixed_coordinate_hypothesis_validation
1585,4617,7758,20702,20710.0,20702.0,20702.0,172.0,170.0,False,20170728.tif,False,8.0,0.00038643609313109847,8617,17758,fixed_coordinate_hypothesis_validation
1586,4628,10194,17476,17488.0,17476.0,17476.0,154.0,155.0,False,20170728.tif,False,12.0,0.000686655985351339,8628,20194,fixed_coordinate_hypothesis_validation
1587,4690,6318,18813,18849.0,18813.0,18813.0,156.0,163.0,False,20170728.tif,False,36.0,0.0019135704034444268,8690,16318,fixed_coordinate_hypothesis_validation
1588,4821,12778,9202,9222.0,9202.0,9202.0,104.0,114.0,False,20170728.tif,False,20.0,0.0021734405564007822,8821,22778,fixed_coordinate_hypothesis_validation
1590,4974,10238,21634,21677.0,21634.0,21634.0,164.0,175.0,False,20170728.tif,False,43.0,0.0019876120920772856,8974,20238,fixed_coordinate_hypothesis_validation
1594,5181,12338,11608,11620.0,11608.0,11608.0,122.0,134.0,False,20170728.tif,False,12.0,0.0010337698139214334,9181,22338,fixed_coordinate_hypothesis_validation
1598,5269,9346,3791,3814.0,3791.0,3791.0,72.0,72.0,False,20170728.tif,False,23.0,0.006067000791347929,9269,19346,fixed_coordinate_hypothesis_validation
1599,5313,7330,4568,4596.0,4568.0,4568.0,76.0,84.0,False,20170728.tif,False,28.0,0.006129597197898424,9313,17330,fixed_coordinate_hypothesis_validation
1602,5525,12418,12294,12319.0,12294.0,12294.0,126.0,128.0,False,20170728.tif,False,25.0,0.0020335122824141857,9525,22418,fixed_coordinate_hypothesis_validation
1603,5619,10258,8918,8926.0,8918.0,8918.0,110.0,108.0,False,20170728.tif,False,8.0,0.0008970621215519175,9619,20258,fixed_coordinate_hypothesis_validation
1604,5682,10582,22996,23038.0,22996.0,22996.0,168.0,180.0,False,20170728.tif,False,42.0,0.0018264045921029745,9682,20582,fixed_coordinate_hypothesis_validation
1605,5686,5918,10236,10250.0,10236.0,10236.0,118.0,119.0,False,20170728.tif,False,14.0,0.0013677217663149667,9686,15918,fixed_coordinate_hypothesis_validation
1606,5805,10148,12562,12593.0,12562.0,12562.0,126.0,137.0,False,20170728.tif,False,31.0,0.0024677599108422228,9805,20148,fixed_coordinate_hypothesis_validation
1607,5879,9289,17545,17563.0,17545.0,17545.0,161.0,150.0,False,20170728.tif,False,18.0,0.0010259333143345683,9879,19289,fixed_coordinate_hypothesis_validation
1609,5939,10748,7608,7629.0,7608.0,7608.0,91.0,107.0,False,20170728.tif,False,21.0,0.0027602523659305996,9939,20748,fixed_coordinate_hypothesis_validation
1611,6086,12258,15286,15320.0,15286.0,15286.0,136.0,149.0,False,20170728.tif,False,34.0,0.002224257490514196,10086,22258,fixed_coordinate_hypothesis_validation
1613,6138,10312,14402,14422.0,14402.0,14402.0,131.0,151.0,False,20170728.tif,False,20.0,0.0013886960144424386,10138,20312,fixed_coordinate_hypothesis_validation
1615,6298,10916,23694,23717.0,23694.0,23694.0,186.0,167.0,False,20170728.tif,False,23.0,0.0009707098843589094,10298,20916,fixed_coordinate_hypothesis_validation
1622,7478,6710,13545,13574.0,13545.0,13545.0,130.0,133.0,False,20170728.tif,False,29.0,0.0021410114433370246,11478,16710,fixed_coordinate_hypothesis_validation
1624,7485,10505,3980,4002.0,3980.0,3980.0,69.0,74.0,False,20170728.tif,False,22.0,0.005527638190954774,11485,20505,fixed_coordinate_hypothesis_validation
1629,7783,6856,12634,12654.0,12634.0,12634.0,132.0,132.0,False,20170728.tif,False,20.0,0.0015830299192654742,11783,16856,fixed_coordinate_hypothesis_validation
1631,7894,6688,11997,12018.0,11997.0,11997.0,136.0,124.0,False,20170728.tif,False,21.0,0.0017504376094023505,11894,16688,fixed_coordinate_hypothesis_validation
1645,8426,10662,8488,8530.0,8488.0,8488.0,100.0,105.0,False,20170728.tif,False,42.0,0.004948162111215834,12426,20662,fixed_coordinate_hypothesis_validation
1647,8761,9339,15271,15309.0,15271.0,15271.0,143.0,142.0,False,20170728.tif,False,38.0,0.002488376661646258,12761,19339,fixed_coordinate_hypothesis_validation
1651,9139,10154,15474,15522.0,15474.0,15474.0,144.0,138.0,False,20170728.tif,False,48.0,0.0031019775106630476,13139,20154,fixed_coordinate_hypothesis_validation
1660,9737,9878,11269,11292.0,11269.0,11269.0,118.0,128.0,False,20170728.tif,False,23.0,0.002040997426568462,13737,19878,fixed_coordinate_hypothesis_validation
1671,10501,7010,5554,5582.0,5554.0,5554.0,82.0,86.0,False,20170728.tif,False,28.0,0.005041411595246669,14501,17010,fixed_coordinate_hypothesis_validation
1674,10586,6612,6864,6882.0,6864.0,6864.0,94.0,103.0,False,20170728.tif,False,18.0,0.0026223776223776225,14586,16612,fixed_coordinate_hypothesis_validation
1679,10726,6844,4861,4883.0,4861.0,4861.0,76.0,81.0,False,20170728.tif,False,22.0,0.004525817732976754,14726,16844,fixed_coordinate_hypothesis_validation
1686,11129,6126,2718,2742.0,2718.0,2718.0,56.0,62.0,False,20170728.tif,False,24.0,0.008830022075055188,15129,16126,fixed_coordinate_hypothesis_validation
1694,12663,9780,13735,13785.0,13735.0,13735.0,132.0,132.0,False,20170728.tif,False,50.0,0.0036403349108117948,16663,19780,fixed_coordinate_hypothesis_validation
1698,13123,10046,3357,3383.0,3357.0,3357.0,72.0,68.0,False,20170728.tif,False,26.0,0.0077450104259755735,17123,20046,fixed_coordinate_hypothesis_validation
1707,521,7108,1069,1091.0,1069.0,1069.0,34.0,44.0,False,20170728.tif,False,22.0,0.0205799812909261,4521,17108,fixed_coordinate_hypothesis_validation
1708,721,7164,2543,2577.0,2543.0,2543.0,58.0,56.0,False,20170728.tif,False,34.0,0.013370035391270154,4721,17164,fixed_coordinate_hypothesis_validation
1709,783,7068,2903,2915.0,2903.0,2903.0,64.0,64.0,False,20170728.tif,False,12.0,0.004133654839820875,4783,17068,fixed_coordinate_hypothesis_validation
1710,783,7068,2903,2915.0,2903.0,2903.0,64.0,64.0,False,20170728.tif,False,12.0,0.004133654839820875,4783,17068,fixed_coordinate_hypothesis_validation
1713,1341,8542,688,702.0,688.0,688.0,30.0,32.0,False,20170728.tif,False,14.0,0.020348837209302327,5341,18542,fixed_coordinate_hypothesis_validation
1715,2717,679,854,861.0,854.0,854.0,34.0,35.0,False,20170728.tif,False,7.0,0.00819672131147541,6717,10679,fixed_coordinate_hypothesis_validation
1717,3093,3550,22194,22236.0,22194.0,22194.0,172.0,178.0,False,20170728.tif,False,42.0,0.001892403352257367,7093,13550,fixed_coordinate_hypothesis_validation
1718,3263,7988,9242,9288.0,9242.0,9242.0,116.0,112.0,False,20170728.tif,False,46.0,0.00497727764553127,7263,17988,fixed_coordinate_hypothesis_validation
1719,4097,12854,580,600.0,580.0,580.0,28.0,28.0,False,20170728.tif,False,20.0,0.034482758620689655,8097,22854,fixed_coordinate_hypothesis_validation
1720,4622,5374,4579,4591.0,4579.0,4579.0,90.0,69.0,False,20170728.tif,False,12.0,0.00262065953264905,8622,15374,fixed_coordinate_hypothesis_validation
1722,5327,9854,2042,2053.0,2042.0,2042.0,53.0,49.0,False,20170728.tif,False,11.0,0.0053868756121449556,9327,19854,fixed_coordinate_hypothesis_validation
1723,5654,11940,1671,1702.0,1671.0,1671.0,46.0,48.0,False,20170728.tif,False,31.0,0.01855176540993417,9654,21940,fixed_coordinate_hypothesis_validation
1724,5635,9466,3202,3214.0,3202.0,3202.0,66.0,67.0,False,20170728.tif,False,12.0,0.0037476577139287947,9635,19466,fixed_coordinate_hypothesis_validation
1726,5699,764,114,129.0,114.0,114.0,14.0,12.0,False,20170728.tif,False,15.0,0.13157894736842105,9699,10764,fixed_coordinate_hypothesis_validation
1730,6537,8396,1488,1506.0,1488.0,1488.0,42.0,45.0,False,20170728.tif,False,18.0,0.012096774193548387,10537,18396,fixed_coordinate_hypothesis_validation
1731,6641,3184,4671,4693.0,4671.0,4671.0,77.0,77.0,False,20170728.tif,False,22.0,0.004709912224363092,10641,13184,fixed_coordinate_hypothesis_validation
1733,6853,9844,1825,1840.0,1825.0,1825.0,48.0,50.0,False,20170728.tif,False,15.0,0.00821917808219178,10853,19844,fixed_coordinate_hypothesis_validation
1734,7134,9838,9966,9994.0,9966.0,9966.0,117.0,117.0,False,20170728.tif,False,28.0,0.0028095524784266506,11134,19838,fixed_coordinate_hypothesis_validation
1736,7417,3386,643,661.0,643.0,643.0,32.0,26.0,False,20170728.tif,False,18.0,0.027993779160186624,11417,13386,fixed_coordinate_hypothesis_validation
1738,7691,10832,3483,3498.0,3483.0,3483.0,68.0,68.0,False,20170728.tif,False,15.0,0.004306632213608958,11691,20832,fixed_coordinate_hypothesis_validation
1739,7787,11238,1055,1063.0,1055.0,1055.0,38.0,40.0,False,20170728.tif,False,8.0,0.007582938388625593,11787,21238,fixed_coordinate_hypothesis_validation
1740,7851,5090,15123,15134.0,15123.0,15123.0,148.0,139.0,False,20170728.tif,False,11.0,0.0007273689082853931,11851,15090,fixed_coordinate_hypothesis_validation
1745,8417,1885,2319,2329.0,2319.0,2319.0,55.0,54.0,False,20170728.tif,False,10.0,0.004312203536006899,12417,11885,fixed_coordinate_hypothesis_validation
1746,8545,14292,1145,1160.0,1145.0,1145.0,40.0,38.0,False,20170728.tif,False,15.0,0.013100436681222707,12545,24292,fixed_coordinate_hypothesis_validation
1750,8711,14058,2554,2573.0,2554.0,2554.0,56.0,59.0,False,20170728.tif,False,19.0,0.0074393108848864525,12711,24058,fixed_coordinate_hypothesis_validation
1751,8801,11132,1033,1049.0,1033.0,1033.0,38.0,34.0,False,20170728.tif,False,16.0,0.015488867376573089,12801,21132,fixed_coordinate_hypothesis_validation
1752,8711,14058,2554,2573.0,2554.0,2554.0,56.0,59.0,False,20170728.tif,False,19.0,0.0074393108848864525,12711,24058,fixed_coordinate_hypothesis_validation
1754,8859,14148,1178,1195.0,1178.0,1178.0,42.0,40.0,False,20170728.tif,False,17.0,0.014431239388794566,12859,24148,fixed_coordinate_hypothesis_validation
1755,9045,10582,9568,9611.0,9568.0,9568.0,108.0,116.0,False,20170728.tif,False,43.0,0.004494147157190635,13045,20582,fixed_coordinate_hypothesis_validation
1756,8937,14138,1017,1025.0,1017.0,1017.0,36.0,38.0,False,20170728.tif,False,8.0,0.007866273352999017,12937,24138,fixed_coordinate_hypothesis_validation
1758,9099,6886,2420,2442.0,2420.0,2420.0,54.0,56.0,False,20170728.tif,False,22.0,0.00909090909090909,13099,16886,fixed_coordinate_hypothesis_validation
1759,9139,7402,2236,2270.0,2236.0,2236.0,52.0,56.0,False,20170728.tif,False,34.0,0.01520572450805009,13139,17402,fixed_coordinate_hypothesis_validation
1769,9665,8534,3062,3083.0,3062.0,3062.0,64.0,64.0,False,20170728.tif,False,21.0,0.006858262573481384,13665,18534,fixed_coordinate_hypothesis_validation
1771,9742,7148,2134,2158.0,2134.0,2134.0,56.0,52.0,False,20170728.tif,False,24.0,0.011246485473289597,13742,17148,fixed_coordinate_hypothesis_validation
1772,9763,7057,3351,3383.0,3351.0,3351.0,65.0,66.0,False,20170728.tif,False,32.0,0.009549388242315727,13763,17057,fixed_coordinate_hypothesis_validation
1774,9761,6348,3486,3494.0,3486.0,3486.0,70.0,69.0,False,20170728.tif,False,8.0,0.002294893861158921,13761,16348,fixed_coordinate_hypothesis_validation
1777,9852,7898,10050,10078.0,10050.0,10050.0,127.0,109.0,False,20170728.tif,False,28.0,0.0027860696517412937,13852,17898,fixed_coordinate_hypothesis_validation
1780,10333,7401,2358,2368.0,2358.0,2358.0,52.0,58.0,False,20170728.tif,False,10.0,0.004240882103477523,14333,17401,fixed_coordinate_hypothesis_validation
1782,10361,8105,3747,3758.0,3747.0,3747.0,68.0,72.0,False,20170728.tif,False,11.0,0.0029356818788364024,14361,18105,fixed_coordinate_hypothesis_validation
1786,10642,9832,3032,3047.0,3032.0,3032.0,60.0,67.0,False,20170728.tif,False,15.0,0.004947229551451188,14642,19832,fixed_coordinate_hypothesis_validation
1787,10729,5686,900,914.0,900.0,900.0,32.0,37.0,False,20170728.tif,False,14.0,0.015555555555555555,14729,15686,fixed_coordinate_hypothesis_validation
1789,10809,10528,2593,2617.0,2593.0,2593.0,56.0,60.0,False,20170728.tif,False,24.0,0.009255688391824142,14809,20528,fixed_coordinate_hypothesis_validation
1790,10821,11014,5985,6027.0,5985.0,5985.0,106.0,72.0,False,20170728.tif,False,42.0,0.007017543859649123,14821,21014,fixed_coordinate_hypothesis_validation
1791,11030,6114,2745,2753.0,2745.0,2745.0,58.0,63.0,False,20170728.tif,False,8.0,0.0029143897996357013,15030,16114,fixed_coordinate_hypothesis_validation
1794,11319,6610,1145,1153.0,1145.0,1145.0,38.0,41.0,False,20170728.tif,False,8.0,0.0069868995633187774,15319,16610,fixed_coordinate_hypothesis_validation
1795,11338,5694,2965,2986.0,2965.0,2965.0,60.0,63.0,False,20170728.tif,False,21.0,0.007082630691399663,15338,15694,fixed_coordinate_hypothesis_validation
1796,11377,6866,1931,1952.0,1931.0,1931.0,48.0,52.0,False,20170728.tif,False,21.0,0.010875194199896427,15377,16866,fixed_coordinate_hypothesis_validation
1798,11523,7037,2313,2324.0,2313.0,2313.0,55.0,55.0,False,20170728.tif,False,11.0,0.004755728491137051,15523,17037,fixed_coordinate_hypothesis_validation
1800,11709,6158,1356,1396.0,1356.0,1356.0,40.0,45.0,False,20170728.tif,False,40.0,0.029498525073746312,15709,16158,fixed_coordinate_hypothesis_validation
1801,11659,7514,1036,1044.0,1036.0,1036.0,38.0,39.0,False,20170728.tif,False,8.0,0.007722007722007722,15659,17514,fixed_coordinate_hypothesis_validation
1802,11663,6282,995,1017.0,995.0,995.0,32.0,43.0,False,20170728.tif,False,22.0,0.022110552763819097,15663,16282,fixed_coordinate_hypothesis_validation
1803,11663,6282,995,1017.0,995.0,995.0,32.0,43.0,False,20170728.tif,False,22.0,0.022110552763819097,15663,16282,fixed_coordinate_hypothesis_validation
1804,11787,6158,1159,1176.0,1159.0,1159.0,36.0,40.0,False,20170728.tif,False,17.0,0.014667817083692839,15787,16158,fixed_coordinate_hypothesis_validation
1805,11727,6386,884,904.0,884.0,884.0,36.0,34.0,False,20170728.tif,False,20.0,0.02262443438914027,15727,16386,fixed_coordinate_hypothesis_validation
1806,11787,6158,1159,1176.0,1159.0,1159.0,36.0,40.0,False,20170728.tif,False,17.0,0.014667817083692839,15787,16158,fixed_coordinate_hypothesis_validation
1808,12034,7286,1381,1406.0,1381.0,1381.0,40.0,44.0,False,20170728.tif,False,25.0,0.018102824040550327,16034,17286,fixed_coordinate_hypothesis_validation
1810,12075,8288,1277,1304.0,1277.0,1277.0,36.0,46.0,False,20170728.tif,False,27.0,0.021143304620203602,16075,18288,fixed_coordinate_hypothesis_validation
1811,12073,8352,1013,1026.0,1013.0,1013.0,37.0,37.0,False,20170728.tif,False,13.0,0.012833168805528134,16073,18352,fixed_coordinate_hypothesis_validation
1817,12267,7773,951,969.0,951.0,951.0,33.0,40.0,False,20170728.tif,False,18.0,0.01892744479495268,16267,17773,fixed_coordinate_hypothesis_validation
1819,12315,7078,1131,1144.0,1131.0,1131.0,40.0,38.0,False,20170728.tif,False,13.0,0.011494252873563218,16315,17078,fixed_coordinate_hypothesis_validation
1820,12707,7584,1440,1455.0,1440.0,1440.0,43.0,44.0,False,20170728.tif,False,15.0,0.010416666666666666,16707,17584,fixed_coordinate_hypothesis_validation
1822,12809,9294,1082,1105.0,1082.0,1082.0,38.0,39.0,False,20170728.tif,False,23.0,0.021256931608133085,16809,19294,fixed_coordinate_hypothesis_validation
1824,12885,8345,1913,1935.0,1913.0,1913.0,49.0,50.0,False,20170728.tif,False,22.0,0.01150026136957658,16885,18345,fixed_coordinate_hypothesis_validation
1825,12941,8705,3899,3949.0,3899.0,3899.0,69.0,72.0,False,20170728.tif,False,50.0,0.012823800974608874,16941,18705,fixed_coordinate_hypothesis_validation
1828,13102,8976,14817,14837.0,14817.0,14817.0,142.0,137.0,False,20170728.tif,False,20.0,0.0013498009043666059,17102,18976,fixed_coordinate_hypothesis_validation
1829,13217,7868,2658,2678.0,2658.0,2658.0,58.0,60.0,False,20170728.tif,False,20.0,0.007524454477050414,17217,17868,fixed_coordinate_hypothesis_validation
1830,13399,8253,2735,2762.0,2735.0,2735.0,65.0,53.0,False,20170728.tif,False,27.0,0.009872029250457038,17399,18253,fixed_coordinate_hypothesis_validation
1831,13503,8170,2975,3003.0,2975.0,2975.0,62.0,64.0,False,20170728.tif,False,28.0,0.009411764705882352,17503,18170,fixed_coordinate_hypothesis_validation
1836,14026,8886,1139,1183.0,1139.0,1139.0,36.0,39.0,False,20170728.tif,False,44.0,0.038630377524143986,18026,18886,fixed_coordinate_hypothesis_validation
1837,14503,8994,4413,4443.0,4413.0,4413.0,76.0,76.0,False,20170728.tif,False,30.0,0.006798096532970768,18503,18994,fixed_coordinate_hypothesis_validation
1838,14581,11700,501,519.0,501.0,501.0,29.0,22.0,False,20170728.tif,False,18.0,0.03592814371257485,18581,21700,fixed_coordinate_hypothesis_validation
1839,14669,11914,937,949.0,937.0,937.0,36.0,36.0,False,20170728.tif,False,12.0,0.012806830309498399,18669,21914,fixed_coordinate_hypothesis_validation
1841,14703,11402,1166,1188.0,1166.0,1166.0,40.0,42.0,False,20170728.tif,False,22.0,0.018867924528301886,18703,21402,fixed_coordinate_hypothesis_validation
1842,14725,11965,395,406.0,395.0,395.0,25.0,24.0,False,20170728.tif,False,11.0,0.027848101265822784,18725,21965,fixed_coordinate_hypothesis_validation
1843,14740,12022,339,347.0,339.0,339.0,24.0,20.0,False,20170728.tif,False,8.0,0.02359882005899705,18740,22022,fixed_coordinate_hypothesis_validation
1844,14773,12065,1656,1684.0,1656.0,1656.0,47.0,46.0,False,20170728.tif,False,28.0,0.016908212560386472,18773,22065,fixed_coordinate_hypothesis_validation
1845,14783,12134,557,569.0,557.0,557.0,28.0,27.0,False,20170728.tif,False,12.0,0.02154398563734291,18783,22134,fixed_coordinate_hypothesis_validation
1850,15225,11904,674,685.0,674.0,674.0,28.0,33.0,False,20170728.tif,False,11.0,0.016320474777448073,19225,21904,fixed_coordinate_hypothesis_validation
1851,15225,11904,674,685.0,674.0,674.0,28.0,33.0,False,20170728.tif,False,11.0,0.016320474777448073,19225,21904,fixed_coordinate_hypothesis_validation
1853,15628,8950,2305,2332.0,2305.0,2305.0,52.0,57.0,False,20170728.tif,False,27.0,0.011713665943600867,19628,18950,fixed_coordinate_hypothesis_validation
1854,15861,8554,4943,4954.0,4943.0,4943.0,75.0,86.0,False,20170728.tif,False,11.0,0.002225369208982399,19861,18554,fixed_coordinate_hypothesis_validation
1856,16673,9977,4262,4280.0,4262.0,4262.0,88.0,68.0,False,20170728.tif,False,18.0,0.004223369310183012,20673,19977,fixed_coordinate_hypothesis_validation
1859,21,5114,636,646.0,636.0,636.0,28.0,32.0,False,20170728.tif,False,10.0,0.015723270440251572,4021,15114,fixed_coordinate_hypothesis_validation
1860,443,794,344,364.0,344.0,344.0,24.0,20.0,False,20170728.tif,False,20.0,0.05813953488372093,4443,10794,fixed_coordinate_hypothesis_validation
1861,785,7000,1611,1635.0,1611.0,1611.0,48.0,44.0,False,20170728.tif,False,24.0,0.0148975791433892,4785,17000,fixed_coordinate_hypothesis_validation
1862,1163,7850,345,362.0,345.0,345.0,22.0,20.0,False,20170728.tif,False,17.0,0.04927536231884058,5163,17850,fixed_coordinate_hypothesis_validation
1863,1297,8112,950,972.0,950.0,950.0,34.0,38.0,False,20170728.tif,False,22.0,0.023157894736842106,5297,18112,fixed_coordinate_hypothesis_validation
1864,1403,1300,716,733.0,716.0,716.0,30.0,32.0,False,20170728.tif,False,17.0,0.023743016759776536,5403,11300,fixed_coordinate_hypothesis_validation
1865,1467,1077,702,720.0,702.0,702.0,31.0,30.0,False,20170728.tif,False,18.0,0.02564102564102564,5467,11077,fixed_coordinate_hypothesis_validation
1866,1551,1176,536,545.0,536.0,536.0,29.0,28.0,False,20170728.tif,False,9.0,0.016791044776119403,5551,11176,fixed_coordinate_hypothesis_validation
1867,2121,8847,342,360.0,342.0,342.0,23.0,20.0,False,20170728.tif,False,18.0,0.05263157894736842,6121,18847,fixed_coordinate_hypothesis_validation
1868,2169,8897,445,459.0,445.0,445.0,25.0,23.0,False,20170728.tif,False,14.0,0.03146067415730337,6169,18897,fixed_coordinate_hypothesis_validation
1869,2299,9246,171,179.0,171.0,171.0,16.0,16.0,False,20170728.tif,False,8.0,0.04678362573099415,6299,19246,fixed_coordinate_hypothesis_validation
1870,2638,6722,8176,8198.0,8176.0,8176.0,106.0,110.0,False,20170728.tif,False,22.0,0.0026908023483365948,6638,16722,fixed_coordinate_hypothesis_validation
1871,2685,6878,7424,7452.0,7424.0,7424.0,104.0,100.0,False,20170728.tif,False,28.0,0.003771551724137931,6685,16878,fixed_coordinate_hypothesis_validation
1872,2965,9010,8610,8620.0,8610.0,8610.0,108.0,112.0,False,20170728.tif,False,10.0,0.0011614401858304297,6965,19010,fixed_coordinate_hypothesis_validation
1873,3657,12726,4039,4035.0,4024.0,4039.0,74.0,73.0,False,20170728.tif,False,-4.0,-0.0009903441445902451,7657,22726,fixed_coordinate_hypothesis_validation
1874,4538,2585,20194,20214.0,20194.0,20194.0,157.0,168.0,False,20170728.tif,False,20.0,0.0009903931860948797,8538,12585,fixed_coordinate_hypothesis_validation
1875,4883,8990,2671,2691.0,2671.0,2671.0,56.0,66.0,False,20170728.tif,False,20.0,0.007487832272557095,8883,18990,fixed_coordinate_hypothesis_validation
1876,5486,6134,18172,18182.0,18172.0,18172.0,164.0,159.0,False,20170728.tif,False,10.0,0.000550297160466652,9486,16134,fixed_coordinate_hypothesis_validation
1877,6067,6708,183,194.0,183.0,183.0,18.0,15.0,False,20170728.tif,False,11.0,0.060109289617486336,10067,16708,fixed_coordinate_hypothesis_validation
1878,6709,2958,776,783.0,776.0,776.0,35.0,31.0,False,20170728.tif,False,7.0,0.00902061855670103,10709,12958,fixed_coordinate_hypothesis_validation
1879,6798,6962,50518,50556.0,50518.0,50518.0,244.0,273.0,False,20170728.tif,False,38.0,0.0007522071340908191,10798,16962,fixed_coordinate_hypothesis_validation
1880,6806,3582,4459,4496.0,4459.0,4459.0,76.0,84.0,False,20170728.tif,False,37.0,0.008297824624355236,10806,13582,fixed_coordinate_hypothesis_validation
1881,6878,10998,16947,16971.0,16947.0,16947.0,168.0,133.0,False,20170728.tif,False,24.0,0.0014161798548415648,10878,20998,fixed_coordinate_hypothesis_validation
1882,6961,5718,27594,27640.0,27594.0,27594.0,184.0,192.0,False,20170728.tif,False,46.0,0.0016670290642893382,10961,15718,fixed_coordinate_hypothesis_validation
1883,7433,3436,947,966.0,947.0,947.0,38.0,34.0,False,20170728.tif,False,19.0,0.02006335797254488,11433,13436,fixed_coordinate_hypothesis_validation
1884,7586,3594,2246,2261.0,2246.0,2246.0,54.0,55.0,False,20170728.tif,False,15.0,0.006678539626001781,11586,13594,fixed_coordinate_hypothesis_validation
1885,7652,3438,1038,1050.0,1038.0,1038.0,40.0,36.0,False,20170728.tif,False,12.0,0.011560693641618497,11652,13438,fixed_coordinate_hypothesis_validation
1886,8003,6174,282,293.0,282.0,282.0,18.0,20.0,False,20170728.tif,False,11.0,0.03900709219858156,12003,16174,fixed_coordinate_hypothesis_validation
1887,8177,14210,909,927.0,909.0,909.0,32.0,37.0,False,20170728.tif,False,18.0,0.019801980198019802,12177,24210,fixed_coordinate_hypothesis_validation
1888,8186,9210,8138,8190.0,8112.0,8138.0,96.0,116.0,False,20170728.tif,False,52.0,0.006389776357827476,12186,19210,fixed_coordinate_hypothesis_validation
1889,8210,14242,8722,8782.0,8722.0,8722.0,104.0,116.0,False,20170728.tif,False,60.0,0.00687915615684476,12210,24242,fixed_coordinate_hypothesis_validation
1890,8409,3890,317,339.0,317.0,317.0,18.0,23.0,False,20170728.tif,False,22.0,0.0694006309148265,12409,13890,fixed_coordinate_hypothesis_validation
1891,8413,2000,804,814.0,804.0,804.0,33.0,34.0,False,20170728.tif,False,10.0,0.012437810945273632,12413,12000,fixed_coordinate_hypothesis_validation
1892,8467,2308,296,318.0,296.0,296.0,20.0,22.0,False,20170728.tif,False,22.0,0.07432432432432433,12467,12308,fixed_coordinate_hypothesis_validation
1893,8471,14038,2181,2206.0,2181.0,2181.0,53.0,53.0,False,20170728.tif,False,25.0,0.011462631820265932,12471,24038,fixed_coordinate_hypothesis_validation
1894,8625,14269,1604,1622.0,1604.0,1604.0,43.0,49.0,False,20170728.tif,False,18.0,0.011221945137157107,12625,24269,fixed_coordinate_hypothesis_validation
1895,8637,14162,1901,1925.0,1901.0,1901.0,46.0,56.0,False,20170728.tif,False,24.0,0.01262493424513414,12637,24162,fixed_coordinate_hypothesis_validation
1896,8667,14352,2442,2462.0,2442.0,2442.0,56.0,58.0,False,20170728.tif,False,20.0,0.00819000819000819,12667,24352,fixed_coordinate_hypothesis_validation
1897,8819,14040,1522,1550.0,1521.0,1522.0,46.0,44.0,False,20170728.tif,False,28.0,0.018396846254927726,12819,24040,fixed_coordinate_hypothesis_validation
1898,8859,14070,2604,2589.0,2574.0,2604.0,60.0,56.0,False,20170728.tif,False,-15.0,-0.00576036866359447,12859,24070,fixed_coordinate_hypothesis_validation
1899,9011,5665,2030,2047.0,2030.0,2030.0,51.0,54.0,False,20170728.tif,False,17.0,0.008374384236453201,13011,15665,fixed_coordinate_hypothesis_validation
1900,9090,6382,1255,1264.0,1255.0,1255.0,40.0,47.0,False,20170728.tif,False,9.0,0.007171314741035857,13090,16382,fixed_coordinate_hypothesis_validation
1901,9109,14120,1067,1078.0,1067.0,1067.0,41.0,38.0,False,20170728.tif,False,11.0,0.010309278350515464,13109,24120,fixed_coordinate_hypothesis_validation
1902,9141,14242,363,387.0,363.0,363.0,20.0,22.0,False,20170728.tif,False,24.0,0.06611570247933884,13141,24242,fixed_coordinate_hypothesis_validation
1903,9298,4834,3394,3438.0,3394.0,3394.0,72.0,60.0,False,20170728.tif,False,44.0,0.01296405421331762,13298,14834,fixed_coordinate_hypothesis_validation
1904,9435,2796,5040,5079.0,5040.0,5040.0,74.0,88.0,False,20170728.tif,False,39.0,0.007738095238095238,13435,12796,fixed_coordinate_hypothesis_validation
1905,9467,840,255,273.0,255.0,255.0,18.0,18.0,False,20170728.tif,False,18.0,0.07058823529411765,13467,10840,fixed_coordinate_hypothesis_validation
1906,9493,14296,661,686.0,661.0,661.0,28.0,30.0,False,20170728.tif,False,25.0,0.037821482602118005,13493,24296,fixed_coordinate_hypothesis_validation
1907,9543,2114,1582,1607.0,1582.0,1582.0,46.0,46.0,False,20170728.tif,False,25.0,0.01580278128950695,13543,12114,fixed_coordinate_hypothesis_validation
1908,9613,1805,2723,2747.0,2723.0,2723.0,59.0,62.0,False,20170728.tif,False,24.0,0.008813808299669483,13613,11805,fixed_coordinate_hypothesis_validation
1909,10062,1610,2885,2895.0,2885.0,2885.0,64.0,59.0,False,20170728.tif,False,10.0,0.0034662045060658577,14062,11610,fixed_coordinate_hypothesis_validation
1910,10079,2410,300,322.0,300.0,300.0,20.0,20.0,False,20170728.tif,False,22.0,0.07333333333333333,14079,12410,fixed_coordinate_hypothesis_validation
1911,10527,2940,4555,4590.0,4555.0,4555.0,76.0,76.0,False,20170728.tif,False,35.0,0.007683863885839737,14527,12940,fixed_coordinate_hypothesis_validation
1912,10537,2537,5041,5057.0,5041.0,5041.0,83.0,79.0,False,20170728.tif,False,16.0,0.0031739734179726245,14537,12537,fixed_coordinate_hypothesis_validation
1913,10541,2238,4617,4627.0,4617.0,4617.0,79.0,77.0,False,20170728.tif,False,10.0,0.0021659085986571367,14541,12238,fixed_coordinate_hypothesis_validation
1914,10590,14862,16373,16456.0,16373.0,16373.0,138.0,157.0,True,20170728.tif,False,83.0,0.0050693214438404695,14590,24862,fixed_coordinate_hypothesis_validation
1915,10671,6850,837,851.0,837.0,837.0,32.0,36.0,False,20170728.tif,False,14.0,0.016726403823178016,14671,16850,fixed_coordinate_hypothesis_validation
1916,10717,2981,1965,1975.0,1965.0,1965.0,53.0,52.0,False,20170728.tif,False,10.0,0.005089058524173028,14717,12981,fixed_coordinate_hypothesis_validation
1917,10899,3632,660,671.0,660.0,660.0,30.0,31.0,False,20170728.tif,False,11.0,0.016666666666666666,14899,13632,fixed_coordinate_hypothesis_validation
1918,11041,1805,2196,2213.0,2196.0,2196.0,52.0,52.0,False,20170728.tif,False,17.0,0.007741347905282332,15041,11805,fixed_coordinate_hypothesis_validation
1919,11265,2523,1608,1615.0,1608.0,1608.0,44.0,49.0,False,20170728.tif,False,7.0,0.004353233830845771,15265,12523,fixed_coordinate_hypothesis_validation
1920,11465,2490,4042,4076.0,4042.0,4042.0,70.0,74.0,False,20170728.tif,False,34.0,0.008411677387431964,15465,12490,fixed_coordinate_hypothesis_validation
1921,11675,6340,1535,1539.0,1535.0,1535.0,45.0,47.0,False,20170728.tif,False,4.0,0.0026058631921824105,15675,16340,fixed_coordinate_hypothesis_validation
1922,11939,5203,12388,12405.0,12388.0,12388.0,126.0,134.0,False,20170728.tif,False,17.0,0.001372295770100097,15939,15203,fixed_coordinate_hypothesis_validation
1923,11995,4695,14498,14532.0,14498.0,14498.0,139.0,135.0,False,20170728.tif,False,34.0,0.0023451510553179748,15995,14695,fixed_coordinate_hypothesis_validation
1924,12039,4366,10816,10842.0,10816.0,10816.0,118.0,119.0,False,20170728.tif,False,26.0,0.002403846153846154,16039,14366,fixed_coordinate_hypothesis_validation
1925,12058,7112,28620,28170.0,28118.0,28620.0,198.0,207.0,False,20170728.tif,False,-450.0,-0.015723270440251572,16058,17112,fixed_coordinate_hypothesis_validation
1926,12067,148,573,583.0,573.0,573.0,28.0,28.0,False,20170728.tif,False,10.0,0.017452006980802792,16067,10148,fixed_coordinate_hypothesis_validation
1927,12101,116,446,450.0,446.0,446.0,26.0,24.0,False,20170728.tif,False,4.0,0.008968609865470852,16101,10116,fixed_coordinate_hypothesis_validation
1928,12126,3281,13032,13066.0,13032.0,13032.0,125.0,132.0,False,20170728.tif,False,34.0,0.0026089625537139348,16126,13281,fixed_coordinate_hypothesis_validation
1929,12139,3025,17253,17274.0,17253.0,17253.0,159.0,151.0,False,20170728.tif,False,21.0,0.0012171796209354895,16139,13025,fixed_coordinate_hypothesis_validation
1930,12177,245,429,447.0,429.0,429.0,25.0,24.0,False,20170728.tif,False,18.0,0.04195804195804196,16177,10245,fixed_coordinate_hypothesis_validation
1931,12207,214,458,462.0,458.0,458.0,24.0,26.0,False,20170728.tif,False,4.0,0.008733624454148471,16207,10214,fixed_coordinate_hypothesis_validation
1932,12435,4332,13285,13326.0,13285.0,13285.0,136.0,126.0,False,20170728.tif,False,41.0,0.00308618742943169,16435,14332,fixed_coordinate_hypothesis_validation
1933,12569,5569,7838,7869.0,7838.0,7838.0,92.0,110.0,False,20170728.tif,False,31.0,0.003955090584332738,16569,15569,fixed_coordinate_hypothesis_validation
1934,12733,5180,6636,6649.0,6636.0,6636.0,91.0,98.0,False,20170728.tif,False,13.0,0.0019590114526823387,16733,15180,fixed_coordinate_hypothesis_validation
1935,12763,5588,17530,17400.0,17370.0,17530.0,140.0,166.0,False,20170728.tif,False,-130.0,-0.007415858528237307,16763,15588,fixed_coordinate_hypothesis_validation
1936,12817,5720,810,816.0,810.0,810.0,32.0,36.0,False,20170728.tif,False,6.0,0.007407407407407408,16817,15720,fixed_coordinate_hypothesis_validation
1937,12915,6977,332,350.0,332.0,332.0,23.0,21.0,False,20170728.tif,False,18.0,0.05421686746987952,16915,16977,fixed_coordinate_hypothesis_validation
1938,12983,5974,20733,20745.0,20733.0,20733.0,172.0,154.0,False,20170728.tif,False,12.0,0.0005787874403125452,16983,15974,fixed_coordinate_hypothesis_validation
1939,13015,5286,17232,17277.0,17232.0,17232.0,148.0,152.0,False,20170728.tif,False,45.0,0.0026114206128133705,17015,15286,fixed_coordinate_hypothesis_validation
1940,13323,5370,16500,16534.0,16500.0,16500.0,148.0,146.0,False,20170728.tif,False,34.0,0.0020606060606060605,17323,15370,fixed_coordinate_hypothesis_validation
1941,13647,6362,30920,30968.0,30920.0,30920.0,196.0,204.0,False,20170728.tif,False,48.0,0.0015523932729624838,17647,16362,fixed_coordinate_hypothesis_validation
1942,13651,6020,15595,15619.0,15595.0,15595.0,134.0,146.0,False,20170728.tif,False,24.0,0.0015389547932029496,17651,16020,fixed_coordinate_hypothesis_validation
1943,13693,5410,7799,7813.0,7799.0,7799.0,104.0,106.0,False,20170728.tif,False,14.0,0.0017951019361456598,17693,15410,fixed_coordinate_hypothesis_validation
1944,13721,5159,4488,4530.0,4488.0,4488.0,73.0,82.0,False,20170728.tif,False,42.0,0.009358288770053475,17721,15159,fixed_coordinate_hypothesis_validation
1945,13723,5252,6443,6461.0,6443.0,6443.0,92.0,92.0,False,20170728.tif,False,18.0,0.0027937296290547883,17723,15252,fixed_coordinate_hypothesis_validation
1946,13789,6902,1745,1750.0,1745.0,1745.0,42.0,54.0,False,20170728.tif,False,5.0,0.0028653295128939827,17789,16902,fixed_coordinate_hypothesis_validation
1947,13843,7894,14994,15006.0,14994.0,14994.0,136.0,143.0,False,20170728.tif,False,12.0,0.0008003201280512205,17843,17894,fixed_coordinate_hypothesis_validation
1948,13845,5616,17230,17288.0,17230.0,17230.0,144.0,154.0,False,20170728.tif,False,58.0,0.0033662217063261755,17845,15616,fixed_coordinate_hypothesis_validation
1949,13891,6176,12709,12731.0,12709.0,12709.0,126.0,128.0,False,20170728.tif,False,22.0,0.0017310567314501534,17891,16176,fixed_coordinate_hypothesis_validation
1950,14043,5726,6176,6212.0,6176.0,6176.0,104.0,80.0,False,20170728.tif,False,36.0,0.005829015544041451,18043,15726,fixed_coordinate_hypothesis_validation
1951,14107,5956,8812,8864.0,8812.0,8812.0,106.0,102.0,False,20170728.tif,False,52.0,0.005901044030866999,18107,15956,fixed_coordinate_hypothesis_validation
1952,14439,8374,22357,22401.0,22357.0,22357.0,186.0,156.0,False,20170728.tif,False,44.0,0.0019680636936977233,18439,18374,fixed_coordinate_hypothesis_validation
1953,14531,6698,11772,11840.0,11772.0,11772.0,120.0,124.0,False,20170728.tif,False,68.0,0.0057764186204553175,18531,16698,fixed_coordinate_hypothesis_validation
1954,14925,7146,17464,17492.0,17464.0,17464.0,168.0,146.0,False,20170728.tif,False,28.0,0.001603298213467705,18925,17146,fixed_coordinate_hypothesis_validation
1955,15013,11916,372,396.0,372.0,372.0,26.0,22.0,False,20170728.tif,False,24.0,0.06451612903225806,19013,21916,fixed_coordinate_hypothesis_validation
1956,15035,8286,250,272.0,250.0,250.0,20.0,16.0,False,20170728.tif,False,22.0,0.088,19035,18286,fixed_coordinate_hypothesis_validation
1957,15103,7506,33864,33876.0,33864.0,33864.0,224.0,198.0,False,20170728.tif,False,12.0,0.00035435861091424523,19103,17506,fixed_coordinate_hypothesis_validation
1958,15365,7756,6141,6161.0,6141.0,6141.0,90.0,92.0,False,20170728.tif,False,20.0,0.0032567985670086306,19365,17756,fixed_coordinate_hypothesis_validation
1959,15399,6922,11723,11731.0,11723.0,11723.0,116.0,128.0,False,20170728.tif,False,8.0,0.000682419175978845,19399,16922,fixed_coordinate_hypothesis_validation
1960,15631,7860,324,356.0,324.0,324.0,22.0,20.0,False,20170728.tif,False,32.0,0.09876543209876543,19631,17860,fixed_coordinate_hypothesis_validation
1961,15683,7522,14361,14399.0,14361.0,14361.0,136.0,136.0,False,20170728.tif,False,38.0,0.0026460552886289255,19683,17522,fixed_coordinate_hypothesis_validation
1962,16065,8128,1446,1484.0,1446.0,1446.0,42.0,42.0,False,20170728.tif,False,38.0,0.02627939142461964,20065,18128,fixed_coordinate_hypothesis_validation
1963,16974,10714,652,668.0,652.0,652.0,34.0,29.0,False,20170728.tif,False,16.0,0.024539877300613498,20974,20714,fixed_coordinate_hypothesis_validation
1964,17393,8134,2658,2680.0,2658.0,2658.0,56.0,60.0,False,20170728.tif,False,22.0,0.008276899924755455,21393,18134,fixed_coordinate_hypothesis_validation
170,4322,4554,37230,37286.0,37230.0,37230.0,226.0,224.0,False,20171002.tif,False,56.0,0.0015041633091592802,8322,14554,fixed_coordinate_hypothesis_validation
297,7431,8174,19061,19095.0,19061.0,19061.0,162.0,158.0,False,20171002.tif,False,34.0,0.0017837469177902523,11431,18174,fixed_coordinate_hypothesis_validation
358,9082,6474,11448,11544.0,11448.0,11448.0,124.0,116.0,False,20171002.tif,False,96.0,0.008385744234800839,13082,16474,fixed_coordinate_hypothesis_validation
477,12231,6466,53222,53278.0,53222.0,53222.0,262.0,260.0,False,20171002.tif,False,56.0,0.0010521964601104806,16231,16466,fixed_coordinate_hypothesis_validation
486,12835,6434,46308,46248.0,46224.0,46308.0,252.0,240.0,False,20171002.tif,False,-60.0,-0.001295672454003628,16835,16434,fixed_coordinate_hypothesis_validation
517,14431,7982,23992,24040.0,23992.0,23992.0,178.0,178.0,False,20171002.tif,False,48.0,0.0020006668889629878,18431,17982,fixed_coordinate_hypothesis_validation
684,4109,8142,16219,16280.0,16219.0,16219.0,148.0,148.0,False,20171002.tif,False,61.0,0.003761021024724089,8109,18142,fixed_coordinate_hypothesis_validation
746,5155,8816,14966,15008.0,14966.0,14966.0,134.0,140.0,False,20171002.tif,False,42.0,0.002806361085126286,9155,18816,fixed_coordinate_hypothesis_validation
769,5486,9006,23473,23523.0,23473.0,23473.0,166.0,179.0,False,20171002.tif,False,50.0,0.0021301069313679546,9486,19006,fixed_coordinate_hypothesis_validation
783,5711,9106,19867,19878.0,19867.0,19867.0,163.0,167.0,False,20171002.tif,False,11.0,0.0005536819852015905,9711,19106,fixed_coordinate_hypothesis_validation
792,5914,11010,15166,15202.0,15166.0,15166.0,140.0,143.0,False,20171002.tif,False,36.0,0.0023737307134379534,9914,21010,fixed_coordinate_hypothesis_validation
810,6385,8086,11530,11558.0,11530.0,11530.0,118.0,133.0,False,20171002.tif,False,28.0,0.0024284475281873374,10385,18086,fixed_coordinate_hypothesis_validation
814,6442,8618,14128,14148.0,14128.0,14128.0,136.0,135.0,False,20171002.tif,False,20.0,0.0014156285390713476,10442,18618,fixed_coordinate_hypothesis_validation
816,6482,10898,7689,7706.0,7689.0,7689.0,104.0,105.0,False,20171002.tif,False,17.0,0.002210950708804786,10482,20898,fixed_coordinate_hypothesis_validation
820,6497,10644,18134,18162.0,18134.0,18134.0,148.0,172.0,False,20171002.tif,False,28.0,0.0015440608801147017,10497,20644,fixed_coordinate_hypothesis_validation
870,7393,11318,9310,9316.0,9310.0,9310.0,115.0,118.0,False,20171002.tif,False,6.0,0.0006444683136412459,11393,21318,fixed_coordinate_hypothesis_validation
889,7670,8138,12658,12693.0,12658.0,12658.0,126.0,143.0,False,20171002.tif,False,35.0,0.002765049770895876,11670,18138,fixed_coordinate_hypothesis_validation
890,7662,7664,24425,24473.0,24425.0,24425.0,174.0,183.0,False,20171002.tif,False,48.0,0.0019651995905834185,11662,17664,fixed_coordinate_hypothesis_validation
893,7694,11400,13546,13560.0,13546.0,13546.0,129.0,139.0,False,20171002.tif,False,14.0,0.001033515428908903,11694,21400,fixed_coordinate_hypothesis_validation
919,7982,11490,13203,13246.0,13203.0,13203.0,122.0,136.0,False,20171002.tif,False,43.0,0.0032568355676740133,11982,21490,fixed_coordinate_hypothesis_validation
938,8266,8938,7426,7448.0,7426.0,7426.0,94.0,103.0,False,20171002.tif,False,22.0,0.0029625639644492324,12266,18938,fixed_coordinate_hypothesis_validation
940,8307,7320,18234,18270.0,18234.0,18234.0,160.0,154.0,False,20171002.tif,False,36.0,0.0019743336623889436,12307,17320,fixed_coordinate_hypothesis_validation
982,8918,6482,12664,12690.0,12664.0,12664.0,122.0,139.0,False,20171002.tif,False,26.0,0.002053063802905875,12918,16482,fixed_coordinate_hypothesis_validation
1028,9722,6490,16196,16214.0,16196.0,16196.0,144.0,153.0,False,20171002.tif,False,18.0,0.001111385527290689,13722,16490,fixed_coordinate_hypothesis_validation
1029,9719,8088,21029,21072.0,21029.0,21029.0,164.0,167.0,False,20171002.tif,False,43.0,0.002044795282704836,13719,18088,fixed_coordinate_hypothesis_validation
1033,9782,6642,30650,30676.0,30650.0,30650.0,196.0,201.0,False,20171002.tif,False,26.0,0.0008482871125611746,13782,16642,fixed_coordinate_hypothesis_validation
1216,13773,8944,32756,32828.0,32756.0,32756.0,206.0,198.0,False,20171002.tif,False,72.0,0.0021980705824887043,17773,18944,fixed_coordinate_hypothesis_validation
1227,13983,8534,15438,15458.0,15438.0,15438.0,152.0,136.0,False,20171002.tif,False,20.0,0.0012955045990413266,17983,18534,fixed_coordinate_hypothesis_validation
1229,14147,9379,16623,16639.0,16623.0,16623.0,143.0,150.0,False,20171002.tif,False,16.0,0.0009625218071346929,18147,19379,fixed_coordinate_hypothesis_validation
1234,14475,9118,51986,52032.0,51986.0,51986.0,272.0,246.0,False,20171002.tif,False,46.0,0.0008848536144346555,18475,19118,fixed_coordinate_hypothesis_validation
1296,6250,9728,14378,14400.0,14378.0,14378.0,138.0,141.0,False,20171002.tif,False,22.0,0.001530115454166087,10250,19728,fixed_coordinate_hypothesis_validation
1313,8795,9110,30684,30722.0,30684.0,30684.0,204.0,208.0,False,20171002.tif,False,38.0,0.0012384304523530179,12795,19110,fixed_coordinate_hypothesis_validation
1319,9950,7130,27266,27190.0,27178.0,27266.0,194.0,181.0,False,20171002.tif,False,-76.0,-0.002787354214039463,13950,17130,fixed_coordinate_hypothesis_validation
1355,3413,7600,13716,13751.0,13716.0,13716.0,138.0,132.0,False,20171002.tif,False,35.0,0.0025517643627879848,7413,17600,fixed_coordinate_hypothesis_validation
1372,4599,10702,20766,20790.0,20766.0,20766.0,160.0,168.0,False,20171002.tif,False,24.0,0.0011557353366079169,8599,20702,fixed_coordinate_hypothesis_validation
1375,4771,11018,15770,15816.0,15770.0,15770.0,142.0,148.0,False,20171002.tif,False,46.0,0.0029169308814204187,8771,21018,fixed_coordinate_hypothesis_validation
1377,4942,10996,8765,8819.0,8765.0,8765.0,102.0,119.0,False,20171002.tif,False,54.0,0.006160867084997148,8942,20996,fixed_coordinate_hypothesis_validation
1383,5738,11626,10844,10880.0,10844.0,10844.0,124.0,107.0,False,20171002.tif,False,36.0,0.0033198081888601992,9738,21626,fixed_coordinate_hypothesis_validation
1384,5773,8326,5283,5316.0,5283.0,5283.0,86.0,81.0,False,20171002.tif,False,33.0,0.006246450880181715,9773,18326,fixed_coordinate_hypothesis_validation
1392,6629,11744,22645,22683.0,22645.0,22645.0,170.0,174.0,False,20171002.tif,False,38.0,0.0016780746301611835,10629,21744,fixed_coordinate_hypothesis_validation
1406,7230,10302,26180,26206.0,26180.0,26180.0,180.0,195.0,False,20171002.tif,False,26.0,0.0009931245225362872,11230,20302,fixed_coordinate_hypothesis_validation
1408,7295,9672,22732,22762.0,22732.0,22732.0,178.0,174.0,False,20171002.tif,False,30.0,0.001319725497096604,11295,19672,fixed_coordinate_hypothesis_validation
1410,7522,10148,23012,23060.0,23012.0,23012.0,168.0,183.0,False,20171002.tif,False,48.0,0.0020858682426560054,11522,20148,fixed_coordinate_hypothesis_validation
1427,8235,10858,7710,7766.0,7710.0,7710.0,96.0,102.0,False,20171002.tif,False,56.0,0.007263294422827497,12235,20858,fixed_coordinate_hypothesis_validation
1430,8414,10925,11907,11955.0,11907.0,11907.0,121.0,129.0,False,20171002.tif,False,48.0,0.004031242126480222,12414,20925,fixed_coordinate_hypothesis_validation
1446,9229,8981,19582,19603.0,19582.0,19582.0,165.0,161.0,False,20171002.tif,False,21.0,0.0010724134409151262,13229,18981,fixed_coordinate_hypothesis_validation
1451,9350,8194,5443,5516.0,5443.0,5443.0,88.0,84.0,False,20171002.tif,False,73.0,0.013411721477126584,13350,18194,fixed_coordinate_hypothesis_validation
1454,9385,8568,15396,15420.0,15396.0,15396.0,142.0,140.0,False,20171002.tif,False,24.0,0.001558846453624318,13385,18568,fixed_coordinate_hypothesis_validation
1456,9506,8760,10234,10274.0,10234.0,10234.0,122.0,115.0,False,20171002.tif,False,40.0,0.003908540160250147,13506,18760,fixed_coordinate_hypothesis_validation
1459,9590,7916,14640,14712.0,14640.0,14640.0,132.0,153.0,False,20171002.tif,False,72.0,0.004918032786885246,13590,17916,fixed_coordinate_hypothesis_validation
1461,9666,7622,18394,18428.0,18394.0,18394.0,156.0,159.0,False,20171002.tif,False,34.0,0.0018484288354898336,13666,17622,fixed_coordinate_hypothesis_validation
1463,9798,9358,9885,9916.0,9885.0,9885.0,118.0,124.0,False,20171002.tif,False,31.0,0.0031360647445624686,13798,19358,fixed_coordinate_hypothesis_validation
1467,9978,6566,2336,2370.0,2336.0,2336.0,54.0,56.0,False,20171002.tif,False,34.0,0.014554794520547944,13978,16566,fixed_coordinate_hypothesis_validation
1475,10110,7290,12131,12177.0,12129.0,12131.0,124.0,127.0,False,20171002.tif,False,46.0,0.0037919380100568793,14110,17290,fixed_coordinate_hypothesis_validation
1477,10154,9806,5803,5809.0,5803.0,5803.0,101.0,74.0,False,20171002.tif,False,6.0,0.001033947957952783,14154,19806,fixed_coordinate_hypothesis_validation
1479,10161,9966,2655,2691.0,2655.0,2655.0,62.0,57.0,False,20171002.tif,False,36.0,0.013559322033898305,14161,19966,fixed_coordinate_hypothesis_validation
1484,10301,8330,6844,6868.0,6844.0,6844.0,90.0,100.0,False,20171002.tif,False,24.0,0.0035067212156633548,14301,18330,fixed_coordinate_hypothesis_validation
1521,12517,6754,9380,9424.0,9380.0,9380.0,108.0,112.0,False,20171002.tif,False,44.0,0.004690831556503198,16517,16754,fixed_coordinate_hypothesis_validation
1528,13231,9946,8750,8772.0,8750.0,8750.0,112.0,104.0,False,20171002.tif,False,22.0,0.002514285714285714,17231,19946,fixed_coordinate_hypothesis_validation
1529,13279,8800,12554,12624.0,12554.0,12554.0,136.0,120.0,False,20171002.tif,False,70.0,0.005575912059901227,17279,18800,fixed_coordinate_hypothesis_validation
1532,13435,9836,16200,16258.0,16200.0,16200.0,144.0,148.0,False,20171002.tif,False,58.0,0.003580246913580247,17435,19836,fixed_coordinate_hypothesis_validation
1547,13961,8306,4264,4282.0,4264.0,4264.0,80.0,72.0,False,20171002.tif,False,18.0,0.004221388367729831,17961,18306,fixed_coordinate_hypothesis_validation
1552,14719,7830,11710,11740.0,11710.0,11710.0,122.0,132.0,False,20171002.tif,False,30.0,0.0025619128949615714,18719,17830,fixed_coordinate_hypothesis_validation
1553,14845,7652,17511,17533.0,17511.0,17511.0,152.0,154.0,False,20171002.tif,False,22.0,0.0012563531494489179,18845,17652,fixed_coordinate_hypothesis_validation
1570,3953,11424,7139,7187.0,7139.0,7139.0,94.0,94.0,False,20171002.tif,False,48.0,0.00672363076061073,7953,21424,fixed_coordinate_hypothesis_validation
1576,4179,10104,11128,11166.0,11128.0,11128.0,118.0,132.0,False,20171002.tif,False,38.0,0.0034148094895758447,8179,20104,fixed_coordinate_hypothesis_validation
1579,4301,10646,18644,18680.0,18644.0,18644.0,153.0,156.0,False,20171002.tif,False,36.0,0.001930916112422227,8301,20646,fixed_coordinate_hypothesis_validation
1586,4590,10222,20122,20154.0,20122.0,20122.0,160.0,169.0,False,20171002.tif,False,32.0,0.001590299175032303,8590,20222,fixed_coordinate_hypothesis_validation
1587,4655,6342,22006,22054.0,22006.0,22006.0,170.0,174.0,False,20171002.tif,False,48.0,0.0021812233027356178,8655,16342,fixed_coordinate_hypothesis_validation
1588,4786,12810,9524,9545.0,9524.0,9524.0,108.0,120.0,False,20171002.tif,False,21.0,0.0022049559008819825,8786,22810,fixed_coordinate_hypothesis_validation
1594,5141,12367,14665,14699.0,14665.0,14665.0,135.0,146.0,False,20171002.tif,False,34.0,0.0023184452778724856,9141,22367,fixed_coordinate_hypothesis_validation
1598,5236,9378,4403,4417.0,4403.0,4403.0,78.0,78.0,False,20171002.tif,False,14.0,0.003179650238473768,9236,19378,fixed_coordinate_hypothesis_validation
1602,5494,12446,12114,12132.0,12114.0,12114.0,124.0,132.0,False,20171002.tif,False,18.0,0.0014858841010401188,9494,22446,fixed_coordinate_hypothesis_validation
1603,5587,10292,8809,8824.0,8809.0,8809.0,113.0,111.0,False,20171002.tif,False,15.0,0.0017028039505051652,9587,20292,fixed_coordinate_hypothesis_validation
1604,5643,10610,25603,25657.0,25603.0,25603.0,176.0,190.0,False,20171002.tif,False,54.0,0.0021091278365816504,9643,20610,fixed_coordinate_hypothesis_validation
1606,5769,10178,13578,13616.0,13578.0,13578.0,128.0,144.0,False,20171002.tif,False,38.0,0.002798644866696126,9769,20178,fixed_coordinate_hypothesis_validation
1609,5906,10778,8234,8246.0,8234.0,8234.0,96.0,111.0,False,20171002.tif,False,12.0,0.0014573718727228565,9906,20778,fixed_coordinate_hypothesis_validation
1611,6047,12284,18099,18118.0,18099.0,18099.0,147.0,162.0,False,20171002.tif,False,19.0,0.0010497817558981159,10047,22284,fixed_coordinate_hypothesis_validation
1613,6099,10342,16112,16176.0,16112.0,16112.0,130.0,162.0,False,20171002.tif,False,64.0,0.003972194637537239,10099,20342,fixed_coordinate_hypothesis_validation
1615,6258,10942,24701,24736.0,24701.0,24701.0,184.0,177.0,False,20171002.tif,False,35.0,0.0014169466823205539,10258,20942,fixed_coordinate_hypothesis_validation
1624,7445,10530,5031,5057.0,5031.0,5031.0,76.0,86.0,False,20171002.tif,False,26.0,0.00516795865633075,11445,20530,fixed_coordinate_hypothesis_validation
1629,7750,6896,11830,11846.0,11830.0,11830.0,120.0,129.0,False,20171002.tif,False,16.0,0.001352493660185968,11750,16896,fixed_coordinate_hypothesis_validation
1645,8386,10690,8480,8502.0,8480.0,8480.0,96.0,112.0,False,20171002.tif,False,22.0,0.0025943396226415093,12386,20690,fixed_coordinate_hypothesis_validation
1647,8719,9362,17048,17102.0,17048.0,17048.0,152.0,152.0,False,20171002.tif,False,54.0,0.0031675269826372597,12719,19362,fixed_coordinate_hypothesis_validation
1651,9095,10177,17458,17487.0,17458.0,17458.0,153.0,150.0,False,20171002.tif,False,29.0,0.0016611295681063123,13095,20177,fixed_coordinate_hypothesis_validation
1660,9695,9904,12433,12484.0,12433.0,12433.0,122.0,132.0,False,20171002.tif,False,51.0,0.004101986648435615,13695,19904,fixed_coordinate_hypothesis_validation
1694,12611,9802,13779,13807.0,13779.0,13779.0,134.0,140.0,False,20171002.tif,False,28.0,0.00203207779955004,16611,19802,fixed_coordinate_hypothesis_validation
1698,13075,10074,3348,3368.0,3348.0,3348.0,72.0,68.0,False,20171002.tif,False,20.0,0.005973715651135006,17075,20074,fixed_coordinate_hypothesis_validation
1708,687,7185,3656,3676.0,3656.0,3656.0,71.0,68.0,False,20171002.tif,False,20.0,0.005470459518599562,4687,17185,fixed_coordinate_hypothesis_validation
1709,751,7095,3401,3415.0,3401.0,3401.0,67.0,72.0,False,20171002.tif,False,14.0,0.004116436342252279,4751,17095,fixed_coordinate_hypothesis_validation
1710,751,7095,3401,3415.0,3401.0,3401.0,67.0,72.0,False,20171002.tif,False,14.0,0.004116436342252279,4751,17095,fixed_coordinate_hypothesis_validation
1718,3233,8018,10556,10594.0,10556.0,10556.0,124.0,116.0,False,20171002.tif,False,38.0,0.0035998484274346342,7233,18018,fixed_coordinate_hypothesis_validation
1719,4065,12882,1402,1416.0,1402.0,1402.0,46.0,44.0,False,20171002.tif,False,14.0,0.009985734664764621,8065,22882,fixed_coordinate_hypothesis_validation
1723,5614,11968,2593,2633.0,2593.0,2593.0,54.0,61.0,False,20171002.tif,False,40.0,0.015426147319706903,9614,21968,fixed_coordinate_hypothesis_validation
1724,5595,9493,4319,4329.0,4319.0,4319.0,74.0,83.0,False,20171002.tif,False,10.0,0.0023153507756425097,9595,19493,fixed_coordinate_hypothesis_validation
1730,6498,8421,2055,2079.0,2055.0,2055.0,51.0,55.0,False,20171002.tif,False,24.0,0.01167883211678832,10498,18421,fixed_coordinate_hypothesis_validation
1733,6812,9871,2536,2567.0,2536.0,2536.0,56.0,59.0,False,20171002.tif,False,31.0,0.01222397476340694,10812,19871,fixed_coordinate_hypothesis_validation
1734,7102,9866,9736,9752.0,9736.0,9736.0,118.0,116.0,False,20171002.tif,False,16.0,0.0016433853738701725,11102,19866,fixed_coordinate_hypothesis_validation
1738,7649,10859,4221,4247.0,4221.0,4221.0,71.0,80.0,False,20171002.tif,False,26.0,0.006159677801468846,11649,20859,fixed_coordinate_hypothesis_validation
1746,8583,14292,2399,2409.0,2399.0,2399.0,56.0,59.0,False,20171002.tif,False,10.0,0.004168403501458941,12583,24292,fixed_coordinate_hypothesis_validation
1750,8690,14086,2132,2149.0,2132.0,2132.0,60.0,52.0,False,20171002.tif,False,17.0,0.00797373358348968,12690,24086,fixed_coordinate_hypothesis_validation
1752,8690,14086,2132,2149.0,2132.0,2132.0,60.0,52.0,False,20171002.tif,False,17.0,0.00797373358348968,12690,24086,fixed_coordinate_hypothesis_validation
1755,9002,10606,11357,11391.0,11357.0,11357.0,118.0,125.0,False,20171002.tif,False,34.0,0.0029937483490358368,13002,20606,fixed_coordinate_hypothesis_validation
1759,9125,7440,1183,1200.0,1183.0,1183.0,42.0,38.0,False,20171002.tif,False,17.0,0.014370245139475908,13125,17440,fixed_coordinate_hypothesis_validation
1769,9621,8556,4181,4195.0,4181.0,4181.0,74.0,73.0,False,20171002.tif,False,14.0,0.0033484812245874193,13621,18556,fixed_coordinate_hypothesis_validation
1777,9810,7925,10965,10991.0,10965.0,10965.0,133.0,113.0,False,20171002.tif,False,26.0,0.0023711810305517556,13810,17925,fixed_coordinate_hypothesis_validation
1782,10311,8124,5661,5703.0,5661.0,5661.0,84.0,86.0,False,20171002.tif,False,42.0,0.007419183889772125,14311,18124,fixed_coordinate_hypothesis_validation
1786,10598,9856,3574,3601.0,3574.0,3574.0,65.0,71.0,False,20171002.tif,False,27.0,0.007554560716284275,14598,19856,fixed_coordinate_hypothesis_validation
1789,10761,10547,3650,3662.0,3650.0,3650.0,69.0,72.0,False,20171002.tif,False,12.0,0.0032876712328767125,14761,20547,fixed_coordinate_hypothesis_validation
1790,10777,11042,6229,6256.0,6229.0,6229.0,107.0,78.0,False,20171002.tif,False,27.0,0.004334564135495264,14777,21042,fixed_coordinate_hypothesis_validation
1791,10991,6138,3208,3230.0,3208.0,3208.0,64.0,67.0,False,20171002.tif,False,22.0,0.00685785536159601,14991,16138,fixed_coordinate_hypothesis_validation
1795,11302,5722,2772,2794.0,2772.0,2772.0,60.0,60.0,False,20171002.tif,False,22.0,0.007936507936507936,15302,15722,fixed_coordinate_hypothesis_validation
1796,11330,6887,2601,2636.0,2601.0,2601.0,55.0,61.0,False,20171002.tif,False,35.0,0.013456362937331795,15330,16887,fixed_coordinate_hypothesis_validation
1802,11630,6362,2299,2317.0,2299.0,2299.0,60.0,51.0,False,20171002.tif,False,18.0,0.0078294910830796,15630,16362,fixed_coordinate_hypothesis_validation
1803,11630,6362,2299,2317.0,2299.0,2299.0,60.0,51.0,False,20171002.tif,False,18.0,0.0078294910830796,15630,16362,fixed_coordinate_hypothesis_validation
1805,11683,6408,1327,1345.0,1327.0,1327.0,45.0,39.0,False,20171002.tif,False,18.0,0.013564431047475508,15683,16408,fixed_coordinate_hypothesis_validation
1810,12029,8312,1336,1358.0,1336.0,1336.0,37.0,48.0,False,20171002.tif,False,22.0,0.016467065868263474,16029,18312,fixed_coordinate_hypothesis_validation
1811,12029,8312,1336,1358.0,1336.0,1336.0,37.0,48.0,False,20171002.tif,False,22.0,0.016467065868263474,16029,18312,fixed_coordinate_hypothesis_validation
1817,12226,7796,1243,1261.0,1243.0,1243.0,41.0,39.0,False,20171002.tif,False,18.0,0.014481094127111826,16226,17796,fixed_coordinate_hypothesis_validation
1822,12757,9314,1677,1689.0,1677.0,1677.0,50.0,46.0,False,20171002.tif,False,12.0,0.007155635062611807,16757,19314,fixed_coordinate_hypothesis_validation
1825,12889,8726,4946,4982.0,4946.0,4946.0,80.0,80.0,False,20171002.tif,False,36.0,0.007278608976951072,16889,18726,fixed_coordinate_hypothesis_validation
1828,13051,8994,16584,16639.0,16584.0,16584.0,152.0,142.0,False,20171002.tif,False,55.0,0.0033164495899662325,17051,18994,fixed_coordinate_hypothesis_validation
1829,13167,7890,3934,3956.0,3934.0,3934.0,70.0,72.0,False,20171002.tif,False,22.0,0.005592272496187087,17167,17890,fixed_coordinate_hypothesis_validation
1831,13449,8190,4236,4262.0,4236.0,4236.0,76.0,74.0,False,20171002.tif,False,26.0,0.006137865911237016,17449,18190,fixed_coordinate_hypothesis_validation
1837,14449,9016,5560,5568.0,5560.0,5560.0,86.0,84.0,False,20171002.tif,False,8.0,0.0014388489208633094,18449,19016,fixed_coordinate_hypothesis_validation
1839,14609,11934,1390,1412.0,1390.0,1390.0,42.0,46.0,False,20171002.tif,False,22.0,0.015827338129496403,18609,21934,fixed_coordinate_hypothesis_validation
1842,14665,11982,791,808.0,791.0,791.0,34.0,34.0,False,20171002.tif,False,17.0,0.021491782553729456,18665,21982,fixed_coordinate_hypothesis_validation
1843,14681,12038,728,739.0,728.0,728.0,34.0,30.0,False,20171002.tif,False,11.0,0.01510989010989011,18681,22038,fixed_coordinate_hypothesis_validation
1844,14709,12078,2862,2889.0,2862.0,2862.0,62.0,60.0,False,20171002.tif,False,27.0,0.009433962264150943,18709,22078,fixed_coordinate_hypothesis_validation
1845,14721,12153,952,966.0,952.0,952.0,34.0,37.0,False,20171002.tif,False,14.0,0.014705882352941176,18721,22153,fixed_coordinate_hypothesis_validation
1850,15167,11920,1073,1094.0,1073.0,1073.0,36.0,38.0,False,20171002.tif,False,21.0,0.0195712954333644,19167,21920,fixed_coordinate_hypothesis_validation
1851,15167,11920,1073,1094.0,1073.0,1073.0,36.0,38.0,False,20171002.tif,False,21.0,0.0195712954333644,19167,21920,fixed_coordinate_hypothesis_validation
1853,15567,8970,3194,3226.0,3194.0,3194.0,64.0,66.0,False,20171002.tif,False,32.0,0.010018785222291797,19567,18970,fixed_coordinate_hypothesis_validation
1854,15807,8576,6189,6206.0,6189.0,6189.0,92.0,86.0,False,20171002.tif,False,17.0,0.002746808854419131,19807,18576,fixed_coordinate_hypothesis_validation
1856,16611,10000,3783,3811.0,3783.0,3783.0,76.0,72.0,False,20171002.tif,False,28.0,0.007401533174729051,20611,20000,fixed_coordinate_hypothesis_validation
1861,753,7028,2121,2136.0,2121.0,2121.0,54.0,52.0,False,20171002.tif,False,15.0,0.007072135785007072,4753,17028,fixed_coordinate_hypothesis_validation
1869,2259,9274,904,922.0,904.0,904.0,36.0,34.0,False,20171002.tif,False,18.0,0.01991150442477876,6259,19274,fixed_coordinate_hypothesis_validation
1871,2648,6897,10209,10221.0,10209.0,10209.0,121.0,113.0,False,20171002.tif,False,12.0,0.0011754334410813989,6648,16897,fixed_coordinate_hypothesis_validation
1872,2929,9036,11640,11668.0,11640.0,11640.0,122.0,122.0,False,20171002.tif,False,28.0,0.0024054982817869417,6929,19036,fixed_coordinate_hypothesis_validation
1881,6845,11026,17029,17080.0,17029.0,17029.0,166.0,136.0,False,20171002.tif,False,51.0,0.0029948910681778145,10845,21026,fixed_coordinate_hypothesis_validation
1894,8583,14292,2399,2409.0,2399.0,2399.0,56.0,59.0,False,20171002.tif,False,10.0,0.004168403501458941,12583,24292,fixed_coordinate_hypothesis_validation
1900,9082,6474,11448,11544.0,11448.0,11448.0,124.0,116.0,False,20171002.tif,False,96.0,0.008385744234800839,13082,16474,fixed_coordinate_hypothesis_validation
1920,11433,2520,4539,4556.0,4539.0,4539.0,81.0,74.0,False,20171002.tif,False,17.0,0.003745318352059925,15433,12520,fixed_coordinate_hypothesis_validation
1921,11630,6362,2299,2317.0,2299.0,2299.0,60.0,51.0,False,20171002.tif,False,18.0,0.0078294910830796,15630,16362,fixed_coordinate_hypothesis_validation
1922,11895,5230,13042,13064.0,13042.0,13042.0,128.0,135.0,False,20171002.tif,False,22.0,0.001686857843888974,15895,15230,fixed_coordinate_hypothesis_validation
1923,11954,4718,14889,14917.0,14889.0,14889.0,143.0,137.0,False,20171002.tif,False,28.0,0.0018805829807240243,15954,14718,fixed_coordinate_hypothesis_validation
1924,11999,4388,11764,11776.0,11764.0,11764.0,126.0,123.0,False,20171002.tif,False,12.0,0.0010200612036722204,15999,14388,fixed_coordinate_hypothesis_validation
1926,12041,171,530,548.0,530.0,530.0,27.0,26.0,False,20171002.tif,False,18.0,0.033962264150943396,16041,10171,fixed_coordinate_hypothesis_validation
1927,12041,171,530,548.0,530.0,530.0,27.0,26.0,False,20171002.tif,False,18.0,0.033962264150943396,16041,10171,fixed_coordinate_hypothesis_validation
1930,12147,268,369,392.0,369.0,369.0,24.0,22.0,False,20171002.tif,False,23.0,0.06233062330623306,16147,10268,fixed_coordinate_hypothesis_validation
1931,12147,268,369,392.0,369.0,369.0,24.0,22.0,False,20171002.tif,False,23.0,0.06233062330623306,16147,10268,fixed_coordinate_hypothesis_validation
1932,12387,4354,15788,15824.0,15788.0,15788.0,146.0,138.0,False,20171002.tif,False,36.0,0.002280212819863187,16387,14354,fixed_coordinate_hypothesis_validation
1933,12527,5592,9044,9094.0,9044.0,9044.0,106.0,112.0,False,20171002.tif,False,50.0,0.005528527200353826,16527,15592,fixed_coordinate_hypothesis_validation
1934,12691,5212,6336,6368.0,6336.0,6336.0,88.0,96.0,False,20171002.tif,False,32.0,0.005050505050505051,16691,15212,fixed_coordinate_hypothesis_validation
1935,12715,5614,19588,19601.0,19585.0,19588.0,162.0,172.0,False,20171002.tif,False,13.0,0.0006636716356953236,16715,15614,fixed_coordinate_hypothesis_validation
1939,12967,5310,19330,19360.0,19330.0,19330.0,160.0,160.0,False,20171002.tif,False,30.0,0.0015519917227108122,16967,15310,fixed_coordinate_hypothesis_validation
1940,13279,5400,16234,16272.0,16234.0,16234.0,148.0,144.0,False,20171002.tif,False,38.0,0.0023407662929653813,17279,15400,fixed_coordinate_hypothesis_validation
1943,13645,5442,8728,8740.0,8728.0,8728.0,110.0,108.0,False,20171002.tif,False,12.0,0.001374885426214482,17645,15442,fixed_coordinate_hypothesis_validation
1948,13805,5646,15910,15956.0,15910.0,15910.0,146.0,144.0,False,20171002.tif,False,46.0,0.0028912633563796353,17805,15646,fixed_coordinate_hypothesis_validation
1949,13841,6202,13283,13319.0,13283.0,13283.0,130.0,134.0,False,20171002.tif,False,36.0,0.00271023112248739,17841,16202,fixed_coordinate_hypothesis_validation
1951,14059,5982,10090,10116.0,10090.0,10090.0,116.0,110.0,False,20171002.tif,False,26.0,0.002576808721506442,18059,15982,fixed_coordinate_hypothesis_validation
1955,14943,11924,2081,2120.0,2081.0,2081.0,46.0,60.0,False,20171002.tif,False,39.0,0.01874098990869774,18943,21924,fixed_coordinate_hypothesis_validation
1958,15313,7782,5472,5512.0,5472.0,5472.0,84.0,92.0,False,20171002.tif,False,40.0,0.007309941520467836,19313,17782,fixed_coordinate_hypothesis_validation
1961,15627,7550,15676,15692.0,15676.0,15676.0,140.0,144.0,False,20171002.tif,False,16.0,0.0010206685378923194,19627,17550,fixed_coordinate_hypothesis_validation
1965,2935,9162,382,392.0,382.0,382.0,24.0,22.0,False,20171002.tif,False,10.0,0.02617801047120419,6935,19162,fixed_coordinate_hypothesis_validation
1966,3161,9320,10278,10328.0,10278.0,10278.0,114.0,120.0,False,20171002.tif,False,50.0,0.004864759680871765,7161,19320,fixed_coordinate_hypothesis_validation
1967,3285,7494,11660,11720.0,11660.0,11660.0,120.0,132.0,False,20171002.tif,False,60.0,0.005145797598627788,7285,17494,fixed_coordinate_hypothesis_validation
1968,3509,7794,374,400.0,374.0,374.0,20.0,24.0,False,20171002.tif,False,26.0,0.06951871657754011,7509,17794,fixed_coordinate_hypothesis_validation
1969,3537,7818,180,192.0,180.0,180.0,16.0,16.0,False,20171002.tif,False,12.0,0.06666666666666667,7537,17818,fixed_coordinate_hypothesis_validation
1970,3959,12950,256,271.0,256.0,256.0,18.0,18.0,False,20171002.tif,False,15.0,0.05859375,7959,22950,fixed_coordinate_hypothesis_validation
1971,4373,10250,10919,11028.0,10919.0,10919.0,102.0,132.0,False,20171002.tif,False,109.0,0.009982599139115304,8373,20250,fixed_coordinate_hypothesis_validation
1972,4379,11884,14910,14922.0,14910.0,14910.0,136.0,155.0,False,20171002.tif,False,12.0,0.0008048289738430583,8379,21884,fixed_coordinate_hypothesis_validation
1973,5229,12942,106,116.0,106.0,106.0,14.0,12.0,False,20171002.tif,False,10.0,0.09433962264150944,9229,22942,fixed_coordinate_hypothesis_validation
1974,5870,13266,15681,15694.0,15681.0,15681.0,134.0,157.0,False,20171002.tif,False,13.0,0.0008290287609208596,9870,23266,fixed_coordinate_hypothesis_validation
1975,8581,9552,248,265.0,248.0,248.0,18.0,18.0,False,20171002.tif,False,17.0,0.06854838709677419,12581,19552,fixed_coordinate_hypothesis_validation
1976,9550,6674,4094,4118.0,4094.0,4094.0,72.0,80.0,False,20171002.tif,False,24.0,0.005862237420615535,13550,16674,fixed_coordinate_hypothesis_validation
1977,9638,7538,3501,3526.0,3501.0,3501.0,72.0,67.0,False,20171002.tif,False,25.0,0.007140816909454442,13638,17538,fixed_coordinate_hypothesis_validation
1978,9951,9453,193,204.0,193.0,193.0,17.0,16.0,False,20171002.tif,False,11.0,0.05699481865284974,13951,19453,fixed_coordinate_hypothesis_validation
1979,10261,9702,315,329.0,315.0,315.0,22.0,18.0,False,20171002.tif,False,14.0,0.044444444444444446,14261,19702,fixed_coordinate_hypothesis_validation
1980,10421,9096,283,299.0,283.0,283.0,18.0,22.0,False,20171002.tif,False,16.0,0.05653710247349823,14421,19096,fixed_coordinate_hypothesis_validation
1981,10763,10926,1471,1486.0,1471.0,1471.0,42.0,47.0,False,20171002.tif,False,15.0,0.010197144799456152,14763,20926,fixed_coordinate_hypothesis_validation
1982,11027,7844,162,180.0,162.0,162.0,12.0,18.0,False,20171002.tif,False,18.0,0.1111111111111111,15027,17844,fixed_coordinate_hypothesis_validation
1983,11213,5223,400,408.0,400.0,400.0,25.0,24.0,False,20171002.tif,False,8.0,0.02,15213,15223,fixed_coordinate_hypothesis_validation
1984,11537,7254,140,154.0,140.0,140.0,14.0,15.0,False,20171002.tif,False,14.0,0.1,15537,17254,fixed_coordinate_hypothesis_validation
1985,11733,6974,168,180.0,168.0,168.0,16.0,16.0,False,20171002.tif,False,12.0,0.07142857142857142,15733,16974,fixed_coordinate_hypothesis_validation
1986,12141,7826,367,377.0,367.0,367.0,23.0,22.0,False,20171002.tif,False,10.0,0.027247956403269755,16141,17826,fixed_coordinate_hypothesis_validation
1987,12275,8561,325,335.0,325.0,325.0,21.0,22.0,False,20171002.tif,False,10.0,0.03076923076923077,16275,18561,fixed_coordinate_hypothesis_validation
1988,12358,7190,477,494.0,477.0,477.0,28.0,24.0,False,20171002.tif,False,17.0,0.03563941299790356,16358,17190,fixed_coordinate_hypothesis_validation
1989,12475,8590,778,796.0,778.0,778.0,32.0,36.0,False,20171002.tif,False,18.0,0.02313624678663239,16475,18590,fixed_coordinate_hypothesis_validation
1990,13007,8928,309,323.0,309.0,309.0,22.0,20.0,False,20171002.tif,False,14.0,0.045307443365695796,17007,18928,fixed_coordinate_hypothesis_validation
1991,13029,9999,211,221.0,211.0,211.0,18.0,17.0,False,20171002.tif,False,10.0,0.04739336492890995,17029,19999,fixed_coordinate_hypothesis_validation
1992,13537,8105,369,375.0,369.0,369.0,22.0,24.0,False,20171002.tif,False,6.0,0.016260162601626018,17537,18105,fixed_coordinate_hypothesis_validation
1993,13837,5976,6336,6344.0,6336.0,6336.0,96.0,94.0,False,20171002.tif,False,8.0,0.0012626262626262627,17837,15976,fixed_coordinate_hypothesis_validation
1994,14427,11452,276,281.0,276.0,276.0,20.0,20.0,False,20171002.tif,False,5.0,0.018115942028985508,18427,21452,fixed_coordinate_hypothesis_validation
1995,14535,11730,142,152.0,142.0,142.0,16.0,12.0,False,20171002.tif,False,10.0,0.07042253521126761,18535,21730,fixed_coordinate_hypothesis_validation
1996,14639,11746,1235,1255.0,1235.0,1235.0,38.0,42.0,False,20171002.tif,False,20.0,0.016194331983805668,18639,21746,fixed_coordinate_hypothesis_validation
1997,14697,11951,333,355.0,333.0,333.0,21.0,22.0,False,20171002.tif,False,22.0,0.06606606606606606,18697,21951,fixed_coordinate_hypothesis_validation
1998,14745,11474,2620,2635.0,2620.0,2620.0,58.0,60.0,False,20171002.tif,False,15.0,0.0057251908396946565,18745,21474,fixed_coordinate_hypothesis_validation
1999,14778,11944,1878,1898.0,1878.0,1878.0,50.0,49.0,False,20171002.tif,False,20.0,0.010649627263045794,18778,21944,fixed_coordinate_hypothesis_validation
2000,14845,8610,683,698.0,683.0,683.0,28.0,32.0,False,20171002.tif,False,15.0,0.021961932650073207,18845,18610,fixed_coordinate_hypothesis_validation
2001,14896,11858,1544,1574.0,1544.0,1544.0,48.0,43.0,False,20171002.tif,False,30.0,0.019430051813471502,18896,21858,fixed_coordinate_hypothesis_validation
2002,14965,11789,180,196.0,180.0,180.0,15.0,16.0,False,20171002.tif,False,16.0,0.08888888888888889,18965,21789,fixed_coordinate_hypothesis_validation
2003,15015,12068,340,352.0,340.0,340.0,22.0,22.0,False,20171002.tif,False,12.0,0.03529411764705882,19015,22068,fixed_coordinate_hypothesis_validation
2004,15019,11973,288,294.0,288.0,288.0,21.0,20.0,False,20171002.tif,False,6.0,0.020833333333333332,19019,21973,fixed_coordinate_hypothesis_validation
2005,15021,12306,209,213.0,209.0,209.0,20.0,17.0,False,20171002.tif,False,4.0,0.019138755980861243,19021,22306,fixed_coordinate_hypothesis_validation
2006,15123,11962,1296,1325.0,1296.0,1296.0,40.0,44.0,False,20171002.tif,False,29.0,0.022376543209876542,19123,21962,fixed_coordinate_hypothesis_validation
2007,15301,9159,101,110.0,101.0,101.0,10.0,14.0,False,20171002.tif,False,9.0,0.0891089108910891,19301,19159,fixed_coordinate_hypothesis_validation
2008,15373,8989,156,177.0,156.0,156.0,13.0,16.0,False,20171002.tif,False,21.0,0.1346153846153846,19373,18989,fixed_coordinate_hypothesis_validation
2009,15377,12111,212,220.0,212.0,212.0,19.0,17.0,False,20171002.tif,False,8.0,0.03773584905660377,19377,22111,fixed_coordinate_hypothesis_validation
2010,15443,9008,186,190.0,186.0,186.0,15.0,18.0,False,20171002.tif,False,4.0,0.021505376344086023,19443,19008,fixed_coordinate_hypothesis_validation
2011,15501,9156,645,654.0,645.0,645.0,28.0,29.0,False,20171002.tif,False,9.0,0.013953488372093023,19501,19156,fixed_coordinate_hypothesis_validation
1709,747,7042,8197,8225.0,8197.0,8197.0,102.0,108.0,False,20180729.tif,False,28.0,0.0034158838599487617,4747,17042,fixed_coordinate_hypothesis_validation
1710,747,7042,8197,8225.0,8197.0,8197.0,102.0,108.0,False,20180729.tif,False,28.0,0.0034158838599487617,4747,17042,fixed_coordinate_hypothesis_validation
1759,9142,7466,1340,1348.0,1340.0,1340.0,42.0,47.0,False,20180729.tif,False,8.0,0.005970149253731343,13142,17466,fixed_coordinate_hypothesis_validation
1822,12743,9314,1247,1263.0,1247.0,1247.0,42.0,40.0,False,20180729.tif,False,16.0,0.012830793905372895,16743,19314,fixed_coordinate_hypothesis_validation
1853,15633,9016,6464,6478.0,6464.0,6464.0,90.0,98.0,False,20180729.tif,False,14.0,0.002165841584158416,19633,19016,fixed_coordinate_hypothesis_validation
1861,747,7042,8197,8225.0,8197.0,8197.0,102.0,108.0,False,20180729.tif,False,28.0,0.0034158838599487617,4747,17042,fixed_coordinate_hypothesis_validation
1955,14953,11870,3875,3881.0,3875.0,3875.0,74.0,72.0,False,20180729.tif,False,6.0,0.0015483870967741935,18953,21870,fixed_coordinate_hypothesis_validation
1979,10250,9729,8119,8155.0,8119.0,8119.0,117.0,85.0,False,20180729.tif,False,36.0,0.0044340436014287474,14250,19729,fixed_coordinate_hypothesis_validation
1986,12107,7862,1426,1451.0,1426.0,1426.0,44.0,42.0,False,20180729.tif,False,25.0,0.01753155680224404,16107,17862,fixed_coordinate_hypothesis_validation
1990,13079,8898,838,860.0,838.0,838.0,36.0,30.0,False,20180729.tif,False,22.0,0.026252983293556086,17079,18898,fixed_coordinate_hypothesis_validation
1991,12977,10016,565,580.0,565.0,565.0,28.0,30.0,False,20180729.tif,False,15.0,0.02654867256637168,16977,20016,fixed_coordinate_hypothesis_validation
1992,13561,8068,10319,10373.0,10319.0,10319.0,116.0,112.0,False,20180729.tif,False,54.0,0.005233065219498014,17561,18068,fixed_coordinate_hypothesis_validation
1999,14783,11868,2205,2237.0,2205.0,2205.0,54.0,52.0,False,20180729.tif,False,32.0,0.014512471655328799,18783,21868,fixed_coordinate_hypothesis_validation
2001,14953,11870,3875,3881.0,3875.0,3875.0,74.0,72.0,False,20180729.tif,False,6.0,0.0015483870967741935,18953,21870,fixed_coordinate_hypothesis_validation
2008,15439,9026,3470,3509.0,3470.0,3470.0,70.0,62.0,False,20180729.tif,False,39.0,0.011239193083573486,19439,19026,fixed_coordinate_hypothesis_validation
2010,15439,9026,3470,3509.0,3470.0,3470.0,70.0,62.0,False,20180729.tif,False,39.0,0.011239193083573486,19439,19026,fixed_coordinate_hypothesis_validation
2012,89,5004,2626,2648.0,2626.0,2626.0,54.0,66.0,False,20180729.tif,False,22.0,0.008377760853008377,4089,15004,fixed_coordinate_hypothesis_validation
2013,113,4008,2926,2972.0,2926.0,2926.0,58.0,64.0,False,20180729.tif,False,46.0,0.01572112098427888,4113,14008,fixed_coordinate_hypothesis_validation
2014,561,6990,3512,3528.0,3512.0,3512.0,63.0,76.0,False,20180729.tif,False,16.0,0.004555808656036446,4561,16990,fixed_coordinate_hypothesis_validation
2015,2849,6757,655,664.0,655.0,655.0,29.0,33.0,False,20180729.tif,False,9.0,0.013740458015267175,6849,16757,fixed_coordinate_hypothesis_validation
2016,2925,7002,812,832.0,812.0,812.0,32.0,36.0,False,20180729.tif,False,20.0,0.024630541871921183,6925,17002,fixed_coordinate_hypothesis_validation
2017,3137,14068,944,956.0,944.0,944.0,34.0,38.0,False,20180729.tif,False,12.0,0.012711864406779662,7137,24068,fixed_coordinate_hypothesis_validation
2018,3169,5982,551,566.0,551.0,551.0,28.0,28.0,False,20180729.tif,False,15.0,0.02722323049001815,7169,15982,fixed_coordinate_hypothesis_validation
2019,3333,5860,933,943.0,933.0,933.0,38.0,32.0,False,20180729.tif,False,10.0,0.010718113612004287,7333,15860,fixed_coordinate_hypothesis_validation
2020,3381,5874,2138,2154.0,2138.0,2138.0,52.0,56.0,False,20180729.tif,False,16.0,0.007483629560336763,7381,15874,fixed_coordinate_hypothesis_validation
2021,3413,5949,1173,1184.0,1173.0,1173.0,41.0,38.0,False,20180729.tif,False,11.0,0.00937766410912191,7413,15949,fixed_coordinate_hypothesis_validation
2022,3543,14886,3680,3718.0,3680.0,3680.0,54.0,82.0,False,20180729.tif,False,38.0,0.010326086956521738,7543,24886,fixed_coordinate_hypothesis_validation
2023,3555,3498,788,794.0,788.0,788.0,36.0,32.0,False,20180729.tif,False,6.0,0.007614213197969543,7555,13498,fixed_coordinate_hypothesis_validation
2024,3633,12848,2851,2886.0,2851.0,2851.0,62.0,58.0,False,20180729.tif,False,35.0,0.012276394247632409,7633,22848,fixed_coordinate_hypothesis_validation
2025,3693,11346,1798,1824.0,1798.0,1798.0,52.0,48.0,False,20180729.tif,False,26.0,0.014460511679644048,7693,21346,fixed_coordinate_hypothesis_validation
2026,3751,6618,1098,1104.0,1098.0,1098.0,38.0,39.0,False,20180729.tif,False,6.0,0.00546448087431694,7751,16618,fixed_coordinate_hypothesis_validation
2027,3789,3504,725,735.0,725.0,725.0,34.0,32.0,False,20180729.tif,False,10.0,0.013793103448275862,7789,13504,fixed_coordinate_hypothesis_validation
2028,3807,6766,4247,4265.0,4247.0,4247.0,79.0,72.0,False,20180729.tif,False,18.0,0.004238285848834471,7807,16766,fixed_coordinate_hypothesis_validation
2029,3875,3534,1974,1993.0,1974.0,1974.0,49.0,54.0,False,20180729.tif,False,19.0,0.009625126646403243,7875,13534,fixed_coordinate_hypothesis_validation
2030,3877,3724,1187,1209.0,1187.0,1187.0,38.0,42.0,False,20180729.tif,False,22.0,0.018534119629317607,7877,13724,fixed_coordinate_hypothesis_validation
2031,3897,11630,499,510.0,499.0,499.0,23.0,28.0,False,20180729.tif,False,11.0,0.022044088176352707,7897,21630,fixed_coordinate_hypothesis_validation
2032,3941,6053,893,920.0,893.0,893.0,37.0,32.0,False,20180729.tif,False,27.0,0.030235162374020158,7941,16053,fixed_coordinate_hypothesis_validation
2033,3973,3578,956,980.0,956.0,956.0,38.0,34.0,False,20180729.tif,False,24.0,0.02510460251046025,7973,13578,fixed_coordinate_hypothesis_validation
2034,3989,11333,7960,7986.0,7960.0,7960.0,94.0,108.0,False,20180729.tif,False,26.0,0.0032663316582914573,7989,21333,fixed_coordinate_hypothesis_validation
2035,4075,12786,5072,5098.0,5072.0,5072.0,84.0,82.0,False,20180729.tif,False,26.0,0.005126182965299685,8075,22786,fixed_coordinate_hypothesis_validation
2036,4105,6275,821,830.0,821.0,821.0,35.0,31.0,False,20180729.tif,False,9.0,0.010962241169305725,8105,16275,fixed_coordinate_hypothesis_validation
2037,4237,5682,1144,1172.0,1144.0,1144.0,36.0,40.0,False,20180729.tif,False,28.0,0.024475524475524476,8237,15682,fixed_coordinate_hypothesis_validation
2038,4345,10538,27981,28016.0,27981.0,27981.0,194.0,182.0,False,20180729.tif,False,35.0,0.001250848790250527,8345,20538,fixed_coordinate_hypothesis_validation
2039,4431,5130,2874,2906.0,2874.0,2874.0,60.0,63.0,False,20180729.tif,False,32.0,0.011134307585247043,8431,15130,fixed_coordinate_hypothesis_validation
2040,4435,4972,666,690.0,666.0,666.0,28.0,31.0,False,20180729.tif,False,24.0,0.036036036036036036,8435,14972,fixed_coordinate_hypothesis_validation
2041,4449,11794,17849,17886.0,17849.0,17849.0,160.0,144.0,False,20180729.tif,False,37.0,0.0020729452630399462,8449,21794,fixed_coordinate_hypothesis_validation
2042,4551,6981,843,864.0,843.0,843.0,33.0,34.0,False,20180729.tif,False,21.0,0.02491103202846975,8551,16981,fixed_coordinate_hypothesis_validation
2043,4555,6294,1886,1910.0,1886.0,1886.0,50.0,50.0,False,20180729.tif,False,24.0,0.012725344644750796,8555,16294,fixed_coordinate_hypothesis_validation
2044,4634,10118,29992,30006.0,29992.0,29992.0,198.0,203.0,False,20180729.tif,False,14.0,0.00046679114430514806,8634,20118,fixed_coordinate_hypothesis_validation
2045,4641,9146,2014,2047.0,2014.0,2014.0,52.0,46.0,False,20180729.tif,False,33.0,0.01638530287984111,8641,19146,fixed_coordinate_hypothesis_validation
2046,4671,6986,1133,1161.0,1133.0,1133.0,36.0,40.0,False,20180729.tif,False,28.0,0.02471315092674316,8671,16986,fixed_coordinate_hypothesis_validation
2047,4675,6081,264,282.0,264.0,264.0,19.0,18.0,False,20180729.tif,False,18.0,0.06818181818181818,8675,16081,fixed_coordinate_hypothesis_validation
2048,4749,5502,763,783.0,763.0,763.0,31.0,33.0,False,20180729.tif,False,20.0,0.02621231979030144,8749,15502,fixed_coordinate_hypothesis_validation
2049,4770,8986,2620,2633.0,2620.0,2620.0,64.0,55.0,False,20180729.tif,False,13.0,0.004961832061068702,8770,18986,fixed_coordinate_hypothesis_validation
2050,4791,8162,1345,1371.0,1345.0,1345.0,38.0,47.0,False,20180729.tif,False,26.0,0.019330855018587362,8791,18162,fixed_coordinate_hypothesis_validation
2051,4805,5048,804,,,,,,,20180729.tif,False,,,8805,15048,fixed_coordinate_hypothesis_validation
2052,4941,6404,918,933.0,918.0,918.0,34.0,34.0,False,20180729.tif,False,15.0,0.016339869281045753,8941,16404,fixed_coordinate_hypothesis_validation
2053,4946,10714,1870,1888.0,1870.0,1870.0,53.0,47.0,False,20180729.tif,False,18.0,0.009625668449197862,8946,20714,fixed_coordinate_hypothesis_validation
2054,4977,9562,1152,1163.0,1152.0,1152.0,36.0,41.0,False,20180729.tif,False,11.0,0.009548611111111112,8977,19562,fixed_coordinate_hypothesis_validation
2055,5007,13194,1215,1230.0,1215.0,1215.0,40.0,40.0,False,20180729.tif,False,15.0,0.012345679012345678,9007,23194,fixed_coordinate_hypothesis_validation
2056,5017,8742,1270,1285.0,1270.0,1270.0,38.0,41.0,False,20180729.tif,False,15.0,0.011811023622047244,9017,18742,fixed_coordinate_hypothesis_validation
2057,5025,12933,751,777.0,751.0,751.0,33.0,28.0,False,20180729.tif,False,26.0,0.03462050599201065,9025,22933,fixed_coordinate_hypothesis_validation
2058,5106,7756,3849,3898.0,3849.0,3849.0,70.0,69.0,False,20180729.tif,False,49.0,0.012730579371265264,9106,17756,fixed_coordinate_hypothesis_validation
2059,5110,6132,1043,1056.0,1043.0,1043.0,38.0,41.0,False,20180729.tif,False,13.0,0.012464046021093002,9110,16132,fixed_coordinate_hypothesis_validation
2060,5178,12282,21218,21236.0,21218.0,21218.0,166.0,175.0,False,20180729.tif,False,18.0,0.000848336318220379,9178,22282,fixed_coordinate_hypothesis_validation
2061,5185,8541,2052,2084.0,2052.0,2052.0,51.0,52.0,False,20180729.tif,False,32.0,0.015594541910331383,9185,18541,fixed_coordinate_hypothesis_validation
2062,5193,12809,545,563.0,545.0,545.0,29.0,25.0,False,20180729.tif,False,18.0,0.03302752293577982,9193,22809,fixed_coordinate_hypothesis_validation
2063,5237,12718,1245,1271.0,1245.0,1245.0,42.0,40.0,False,20180729.tif,False,26.0,0.020883534136546186,9237,22718,fixed_coordinate_hypothesis_validation
2064,5247,10214,981,997.0,981.0,981.0,34.0,38.0,False,20180729.tif,False,16.0,0.0163098878695209,9247,20214,fixed_coordinate_hypothesis_validation
2065,5249,12856,2829,2870.0,2829.0,2829.0,66.0,54.0,False,20180729.tif,False,41.0,0.014492753623188406,9249,22856,fixed_coordinate_hypothesis_validation
2066,5285,13084,869,878.0,869.0,869.0,34.0,34.0,False,20180729.tif,False,9.0,0.010356731875719217,9285,23084,fixed_coordinate_hypothesis_validation
2067,5473,12722,331,340.0,331.0,331.0,20.0,23.0,False,20180729.tif,False,9.0,0.027190332326283987,9473,22722,fixed_coordinate_hypothesis_validation
2068,5529,12364,17951,17968.0,17951.0,17951.0,150.0,162.0,False,20180729.tif,False,17.0,0.0009470224500027853,9529,22364,fixed_coordinate_hypothesis_validation
2069,5538,10884,126,142.0,126.0,126.0,16.0,11.0,False,20180729.tif,False,16.0,0.12698412698412698,9538,20884,fixed_coordinate_hypothesis_validation
2070,5539,9753,411,419.0,411.0,411.0,26.0,21.0,False,20180729.tif,False,8.0,0.019464720194647202,9539,19753,fixed_coordinate_hypothesis_validation
2071,5589,10501,369,386.0,369.0,369.0,23.0,21.0,False,20180729.tif,False,17.0,0.04607046070460705,9589,20501,fixed_coordinate_hypothesis_validation
2072,5635,10628,240,262.0,240.0,240.0,14.0,22.0,False,20180729.tif,False,22.0,0.09166666666666666,9635,20628,fixed_coordinate_hypothesis_validation
2073,5650,10210,13239,13289.0,13239.0,13239.0,132.0,140.0,False,20180729.tif,False,50.0,0.003776720296094871,9650,20210,fixed_coordinate_hypothesis_validation
2074,5653,9392,8327,8365.0,8327.0,8327.0,106.0,104.0,False,20180729.tif,False,38.0,0.004563468235859253,9653,19392,fixed_coordinate_hypothesis_validation
2075,5691,10518,36714,36740.0,36714.0,36714.0,212.0,226.0,False,20180729.tif,False,26.0,0.0007081767173285395,9691,20518,fixed_coordinate_hypothesis_validation
2076,5705,9744,20304,20326.0,20304.0,20304.0,170.0,162.0,False,20180729.tif,False,22.0,0.0010835303388494878,9705,19744,fixed_coordinate_hypothesis_validation
2077,5727,11992,885,902.0,885.0,885.0,34.0,34.0,False,20180729.tif,False,17.0,0.0192090395480226,9727,21992,fixed_coordinate_hypothesis_validation
2078,5773,9006,28211,28239.0,28211.0,28211.0,190.0,194.0,False,20180729.tif,False,28.0,0.0009925206479741945,9773,19006,fixed_coordinate_hypothesis_validation
2079,5778,11538,15858,15910.0,15858.0,15858.0,150.0,127.0,False,20180729.tif,False,52.0,0.0032791020305208726,9778,21538,fixed_coordinate_hypothesis_validation
2080,5830,10082,22432,22464.0,22432.0,22432.0,172.0,168.0,False,20180729.tif,False,32.0,0.0014265335235378032,9830,20082,fixed_coordinate_hypothesis_validation
2081,5845,13168,1901,1923.0,1901.0,1901.0,52.0,46.0,False,20180729.tif,False,22.0,0.011572856391372961,9845,23168,fixed_coordinate_hypothesis_validation
2082,5874,8058,1161,1166.0,1161.0,1161.0,44.0,37.0,False,20180729.tif,False,5.0,0.004306632213608958,9874,18058,fixed_coordinate_hypothesis_validation
2083,5898,9208,29450,29472.0,29450.0,29450.0,210.0,189.0,False,20180729.tif,False,22.0,0.0007470288624787776,9898,19208,fixed_coordinate_hypothesis_validation
2084,5963,10690,11780,11824.0,11780.0,11780.0,116.0,130.0,False,20180729.tif,False,44.0,0.003735144312393888,9963,20690,fixed_coordinate_hypothesis_validation
2085,5995,8946,40357,37398.0,37329.0,40357.0,232.0,222.0,False,20180729.tif,False,-2959.0,-0.07332061352429566,9995,18946,fixed_coordinate_hypothesis_validation
2086,6018,9476,38567,38584.0,38567.0,38567.0,236.0,235.0,False,20180729.tif,False,17.0,0.0004407913501179765,10018,19476,fixed_coordinate_hypothesis_validation
2087,6081,12498,1545,1561.0,1545.0,1545.0,50.0,41.0,False,20180729.tif,False,16.0,0.010355987055016181,10081,22498,fixed_coordinate_hypothesis_validation
2088,6091,12208,26747,26768.0,26747.0,26747.0,182.0,188.0,False,20180729.tif,False,21.0,0.0007851347814708192,10091,22208,fixed_coordinate_hypothesis_validation
2089,6102,8780,35365,33986.0,33964.0,35365.0,218.0,207.0,False,20180729.tif,False,-1379.0,-0.03899335501201753,10102,18780,fixed_coordinate_hypothesis_validation
2090,6150,10252,24586,24622.0,24586.0,24586.0,166.0,193.0,False,20180729.tif,False,36.0,0.0014642479459855203,10150,20252,fixed_coordinate_hypothesis_validation
2091,6168,5538,1079,1093.0,1079.0,1079.0,38.0,43.0,False,20180729.tif,False,14.0,0.012974976830398516,10168,15538,fixed_coordinate_hypothesis_validation
2092,6183,7639,522,544.0,522.0,522.0,27.0,24.0,False,20180729.tif,False,22.0,0.0421455938697318,10183,17639,fixed_coordinate_hypothesis_validation
2093,6187,5842,966,987.0,966.0,966.0,34.0,36.0,False,20180729.tif,False,21.0,0.021739130434782608,10187,15842,fixed_coordinate_hypothesis_validation
2094,6225,7682,1371,1397.0,1371.0,1371.0,42.0,41.0,False,20180729.tif,False,26.0,0.018964259664478483,10225,17682,fixed_coordinate_hypothesis_validation
2095,6269,5766,2150,2180.0,2150.0,2150.0,54.0,52.0,False,20180729.tif,False,30.0,0.013953488372093023,10269,15766,fixed_coordinate_hypothesis_validation
2096,6303,10854,38016,38054.0,38016.0,38016.0,224.0,222.0,False,20180729.tif,False,38.0,0.0009995791245791246,10303,20854,fixed_coordinate_hypothesis_validation
2097,6310,9630,22688,22721.0,22688.0,22688.0,174.0,171.0,False,20180729.tif,False,33.0,0.0014545133991537376,10310,19630,fixed_coordinate_hypothesis_validation
2098,6435,9462,1960,1978.0,1960.0,1960.0,46.0,55.0,False,20180729.tif,False,18.0,0.009183673469387756,10435,19462,fixed_coordinate_hypothesis_validation
2099,6454,5796,2875,2920.0,2875.0,2875.0,58.0,63.0,False,20180729.tif,False,45.0,0.01565217391304348,10454,15796,fixed_coordinate_hypothesis_validation
2100,6468,8501,178,184.0,177.0,178.0,16.0,16.0,False,20180729.tif,False,6.0,0.033707865168539325,10468,18501,fixed_coordinate_hypothesis_validation
2101,6538,10814,12459,12492.0,12459.0,12459.0,128.0,133.0,False,20180729.tif,False,33.0,0.0026486876956417047,10538,20814,fixed_coordinate_hypothesis_validation
2102,6549,10568,25231,25264.0,25231.0,25231.0,174.0,202.0,False,20180729.tif,False,33.0,0.0013079148666323174,10549,20568,fixed_coordinate_hypothesis_validation
2103,6638,8296,156,168.0,156.0,156.0,14.0,17.0,False,20180729.tif,False,12.0,0.07692307692307693,10638,18296,fixed_coordinate_hypothesis_validation
2104,6661,4946,2629,2656.0,2629.0,2629.0,58.0,60.0,False,20180729.tif,False,27.0,0.010270064663370103,10661,14946,fixed_coordinate_hypothesis_validation
2105,6682,11662,36162,36203.0,36162.0,36162.0,224.0,209.0,False,20180729.tif,False,41.0,0.0011337868480725624,10682,21662,fixed_coordinate_hypothesis_validation
2106,6691,9824,1751,1770.0,1751.0,1751.0,51.0,47.0,False,20180729.tif,False,19.0,0.010850942318675044,10691,19824,fixed_coordinate_hypothesis_validation
2107,6706,10774,718,744.0,718.0,718.0,36.0,28.0,False,20180729.tif,False,26.0,0.036211699164345405,10706,20774,fixed_coordinate_hypothesis_validation
2108,6793,5198,2310,2330.0,2310.0,2310.0,58.0,54.0,False,20180729.tif,False,20.0,0.008658008658008658,10793,15198,fixed_coordinate_hypothesis_validation
2109,6818,5276,2847,2862.0,2847.0,2847.0,64.0,57.0,False,20180729.tif,False,15.0,0.005268703898840885,10818,15276,fixed_coordinate_hypothesis_validation
2110,6825,10942,1230,1235.0,1230.0,1230.0,40.0,42.0,False,20180729.tif,False,5.0,0.0040650406504065045,10825,20942,fixed_coordinate_hypothesis_validation
2111,6867,7834,1587,1593.0,1587.0,1587.0,46.0,46.0,False,20180729.tif,False,6.0,0.003780718336483932,10867,17834,fixed_coordinate_hypothesis_validation
2112,6877,6740,1255,1264.0,1255.0,1255.0,41.0,42.0,False,20180729.tif,False,9.0,0.007171314741035857,10877,16740,fixed_coordinate_hypothesis_validation
2113,6883,9781,4421,4444.0,4421.0,4421.0,79.0,74.0,False,20180729.tif,False,23.0,0.005202442886224836,10883,19781,fixed_coordinate_hypothesis_validation
2114,6906,5178,863,870.0,863.0,863.0,34.0,32.0,False,20180729.tif,False,7.0,0.008111239860950173,10906,15178,fixed_coordinate_hypothesis_validation
2115,6929,5378,2090,2126.0,2090.0,2090.0,48.0,54.0,False,20180729.tif,False,36.0,0.01722488038277512,10929,15378,fixed_coordinate_hypothesis_validation
2116,6941,7936,652,657.0,652.0,652.0,31.0,32.0,False,20180729.tif,False,5.0,0.007668711656441718,10941,17936,fixed_coordinate_hypothesis_validation
2117,6975,5314,3004,3015.0,3004.0,3004.0,64.0,60.0,False,20180729.tif,False,11.0,0.0036617842876165113,10975,15314,fixed_coordinate_hypothesis_validation
2118,7171,9784,14606,14630.0,14606.0,14606.0,146.0,142.0,False,20180729.tif,False,24.0,0.0016431603450636724,11171,19784,fixed_coordinate_hypothesis_validation
2119,7219,6330,2887,2891.0,2887.0,2887.0,63.0,62.0,False,20180729.tif,False,4.0,0.0013855213023900243,11219,16330,fixed_coordinate_hypothesis_validation
2120,7295,8116,1019,1032.0,1019.0,1019.0,36.0,38.0,False,20180729.tif,False,13.0,0.012757605495583905,11295,18116,fixed_coordinate_hypothesis_validation
2121,7358,9580,33331,33370.0,33331.0,33331.0,216.0,205.0,False,20180729.tif,False,39.0,0.0011700819057334014,11358,19580,fixed_coordinate_hypothesis_validation
2122,7358,11860,3911,3951.0,3911.0,3911.0,70.0,71.0,False,20180729.tif,False,40.0,0.010227563283047815,11358,21860,fixed_coordinate_hypothesis_validation
2123,7454,11250,13889,13914.0,13889.0,13889.0,128.0,152.0,False,20180729.tif,False,25.0,0.0017999856001151991,11454,21250,fixed_coordinate_hypothesis_validation
2124,7491,10047,1376,1395.0,1376.0,1376.0,47.0,38.0,False,20180729.tif,False,19.0,0.013808139534883721,11491,20047,fixed_coordinate_hypothesis_validation
2125,7502,8074,28736,28766.0,28736.0,28736.0,196.0,196.0,False,20180729.tif,False,30.0,0.0010439866369710469,11502,18074,fixed_coordinate_hypothesis_validation
2126,7574,6198,1188,1228.0,1188.0,1188.0,36.0,40.0,False,20180729.tif,False,40.0,0.03367003367003367,11574,16198,fixed_coordinate_hypothesis_validation
2127,7581,10064,33786,33870.0,33786.0,33786.0,202.0,218.0,False,20180729.tif,False,84.0,0.0024862369028591726,11581,20064,fixed_coordinate_hypothesis_validation
2128,7581,11392,1131,1142.0,1131.0,1131.0,40.0,38.0,False,20180729.tif,False,11.0,0.009725906277630416,11581,21392,fixed_coordinate_hypothesis_validation
2129,7586,6922,3496,3522.0,3496.0,3496.0,68.0,67.0,False,20180729.tif,False,26.0,0.007437070938215103,11586,16922,fixed_coordinate_hypothesis_validation
2130,7622,3376,134,141.0,134.0,134.0,14.0,13.0,False,20180729.tif,False,7.0,0.05223880597014925,11622,13376,fixed_coordinate_hypothesis_validation
2131,7633,11120,1751,1759.0,1751.0,1751.0,48.0,50.0,False,20180729.tif,False,8.0,0.004568817818389492,11633,21120,fixed_coordinate_hypothesis_validation
2132,7659,10748,2408,2425.0,2408.0,2408.0,62.0,52.0,False,20180729.tif,False,17.0,0.0070598006644518275,11659,20748,fixed_coordinate_hypothesis_validation
2133,7710,10772,10307,10311.0,10303.0,10307.0,118.0,116.0,False,20180729.tif,False,4.0,0.00038808576695449696,11710,20772,fixed_coordinate_hypothesis_validation
2134,7719,11596,2327,2351.0,2327.0,2327.0,54.0,54.0,False,20180729.tif,False,24.0,0.010313708637730984,11719,21596,fixed_coordinate_hypothesis_validation
2135,7739,11106,796,804.0,796.0,796.0,31.0,33.0,False,20180729.tif,False,8.0,0.010050251256281407,11739,21106,fixed_coordinate_hypothesis_validation
2136,7799,11114,1224,1255.0,1224.0,1224.0,40.0,40.0,False,20180729.tif,False,31.0,0.025326797385620915,11799,21114,fixed_coordinate_hypothesis_validation
2137,7841,10758,740,747.0,740.0,740.0,28.0,36.0,False,20180729.tif,False,7.0,0.00945945945945946,11841,20758,fixed_coordinate_hypothesis_validation
2138,7846,8458,35730,35802.0,35730.0,35730.0,224.0,221.0,False,20180729.tif,False,72.0,0.0020151133501259445,11846,18458,fixed_coordinate_hypothesis_validation
2139,7965,9602,1840,1852.0,1840.0,1840.0,45.0,54.0,False,20180729.tif,False,12.0,0.006521739130434782,11965,19602,fixed_coordinate_hypothesis_validation
2140,8201,10712,2761,2783.0,2761.0,2761.0,58.0,62.0,False,20180729.tif,False,22.0,0.00796812749003984,12201,20712,fixed_coordinate_hypothesis_validation
2141,8227,11641,490,501.0,490.0,490.0,29.0,23.0,False,20180729.tif,False,11.0,0.022448979591836733,12227,21641,fixed_coordinate_hypothesis_validation
2142,8237,1574,146,151.0,146.0,146.0,14.0,13.0,False,20180729.tif,False,5.0,0.03424657534246575,12237,11574,fixed_coordinate_hypothesis_validation
2143,8277,11636,494,507.0,494.0,494.0,28.0,23.0,False,20180729.tif,False,13.0,0.02631578947368421,12277,21636,fixed_coordinate_hypothesis_validation
2144,8381,11430,371,378.0,371.0,371.0,22.0,24.0,False,20180729.tif,False,7.0,0.018867924528301886,12381,21430,fixed_coordinate_hypothesis_validation
2145,8470,10616,12292,12332.0,12292.0,12292.0,122.0,125.0,False,20180729.tif,False,40.0,0.0032541490400260333,12470,20616,fixed_coordinate_hypothesis_validation
2146,8477,11791,306,320.0,306.0,306.0,21.0,20.0,False,20180729.tif,False,14.0,0.0457516339869281,12477,21791,fixed_coordinate_hypothesis_validation
2147,8661,9458,1682,1714.0,1682.0,1682.0,50.0,44.0,False,20180729.tif,False,32.0,0.019024970273483946,12661,19458,fixed_coordinate_hypothesis_validation
2148,8699,13983,968,977.0,968.0,968.0,35.0,37.0,False,20180729.tif,False,9.0,0.009297520661157025,12699,23983,fixed_coordinate_hypothesis_validation
2149,8705,4226,1593,1614.0,1593.0,1593.0,50.0,41.0,False,20180729.tif,False,21.0,0.013182674199623353,12705,14226,fixed_coordinate_hypothesis_validation
2150,8705,14086,553,569.0,553.0,553.0,26.0,30.0,False,20180729.tif,False,16.0,0.028933092224231464,12705,24086,fixed_coordinate_hypothesis_validation
2151,8798,9274,25445,25496.0,25445.0,25445.0,184.0,181.0,False,20180729.tif,False,51.0,0.0020043230497150716,12798,19274,fixed_coordinate_hypothesis_validation
2152,8847,13986,690,703.0,690.0,690.0,32.0,29.0,False,20180729.tif,False,13.0,0.01884057971014493,12847,23986,fixed_coordinate_hypothesis_validation
2153,8866,11242,2017,2040.0,2017.0,2017.0,48.0,52.0,False,20180729.tif,False,23.0,0.011403073872087258,12866,21242,fixed_coordinate_hypothesis_validation
2154,8874,9008,44542,44564.0,44542.0,44542.0,254.0,241.0,False,20180729.tif,False,22.0,0.0004939158546989358,12874,19008,fixed_coordinate_hypothesis_validation
2155,9055,11789,838,856.0,838.0,838.0,35.0,31.0,False,20180729.tif,False,18.0,0.021479713603818614,13055,21789,fixed_coordinate_hypothesis_validation
2156,9090,10542,14335,14366.0,14335.0,14335.0,130.0,143.0,False,20180729.tif,False,31.0,0.0021625392396232997,13090,20542,fixed_coordinate_hypothesis_validation
2157,9111,8703,2241,2264.0,2241.0,2241.0,59.0,50.0,False,20180729.tif,False,23.0,0.010263275323516287,13111,18703,fixed_coordinate_hypothesis_validation
2158,9175,10096,27291,27353.0,27291.0,27291.0,188.0,182.0,False,20180729.tif,False,62.0,0.0022718112198160567,13175,20096,fixed_coordinate_hypothesis_validation
2159,9219,13997,322,331.0,322.0,322.0,23.0,22.0,False,20180729.tif,False,9.0,0.027950310559006212,13219,23997,fixed_coordinate_hypothesis_validation
2160,9295,13904,406,418.0,406.0,406.0,22.0,26.0,False,20180729.tif,False,12.0,0.029556650246305417,13295,23904,fixed_coordinate_hypothesis_validation
2161,9311,8888,29877,29902.0,29877.0,29877.0,196.0,195.0,False,20180729.tif,False,25.0,0.0008367640660039495,13311,18888,fixed_coordinate_hypothesis_validation
2162,9567,4765,128,130.0,128.0,128.0,13.0,16.0,False,20180729.tif,False,2.0,0.015625,13567,14765,fixed_coordinate_hypothesis_validation
2163,9779,9822,20122,20157.0,20122.0,20122.0,156.0,166.0,False,20180729.tif,False,35.0,0.0017393897226915813,13779,19822,fixed_coordinate_hypothesis_validation
2164,9867,8418,1934,1957.0,1934.0,1934.0,54.0,48.0,False,20180729.tif,False,23.0,0.011892450879007239,13867,18418,fixed_coordinate_hypothesis_validation
2165,9924,6854,2154,2174.0,2154.0,2154.0,60.0,49.0,False,20180729.tif,False,20.0,0.009285051067780872,13924,16854,fixed_coordinate_hypothesis_validation
2166,10013,7326,2174,2187.0,2174.0,2174.0,53.0,52.0,False,20180729.tif,False,13.0,0.005979760809567618,14013,17326,fixed_coordinate_hypothesis_validation
2167,10035,6956,766,780.0,766.0,766.0,36.0,29.0,False,20180729.tif,False,14.0,0.018276762402088774,14035,16956,fixed_coordinate_hypothesis_validation
2168,10115,8791,1836,1860.0,1836.0,1836.0,49.0,46.0,False,20180729.tif,False,24.0,0.013071895424836602,14115,18791,fixed_coordinate_hypothesis_validation
2169,10149,8694,2286,2298.0,2286.0,2286.0,48.0,62.0,False,20180729.tif,False,12.0,0.005249343832020997,14149,18694,fixed_coordinate_hypothesis_validation
2170,10234,8710,1842,1866.0,1842.0,1842.0,52.0,45.0,False,20180729.tif,False,24.0,0.013029315960912053,14234,18710,fixed_coordinate_hypothesis_validation
2171,10234,14702,948,972.0,948.0,948.0,40.0,32.0,False,20180729.tif,False,24.0,0.02531645569620253,14234,24702,fixed_coordinate_hypothesis_validation
2172,10262,9888,3874,3881.0,3874.0,3874.0,82.0,61.0,False,20180729.tif,False,7.0,0.0018069179143004647,14262,19888,fixed_coordinate_hypothesis_validation
2173,10305,8946,2375,2392.0,2375.0,2375.0,58.0,56.0,False,20180729.tif,False,17.0,0.007157894736842105,14305,18946,fixed_coordinate_hypothesis_validation
2174,10345,9606,3218,3240.0,3218.0,3218.0,68.0,62.0,False,20180729.tif,False,22.0,0.006836544437538844,14345,19606,fixed_coordinate_hypothesis_validation
2175,10397,8236,10429,10457.0,10429.0,10429.0,110.0,118.0,False,20180729.tif,False,28.0,0.0026848211717326684,14397,18236,fixed_coordinate_hypothesis_validation
2176,10398,8024,11390,11433.0,11390.0,11390.0,122.0,123.0,False,20180729.tif,False,43.0,0.003775241439859526,14398,18024,fixed_coordinate_hypothesis_validation
2177,10419,9748,1603,1627.0,1603.0,1603.0,45.0,44.0,False,20180729.tif,False,24.0,0.014971927635683094,14419,19748,fixed_coordinate_hypothesis_validation
2178,10535,7594,2403,2426.0,2403.0,2403.0,54.0,58.0,False,20180729.tif,False,23.0,0.00957136912193092,14535,17594,fixed_coordinate_hypothesis_validation
2179,10697,9772,6946,6971.0,6946.0,6946.0,92.0,94.0,False,20180729.tif,False,25.0,0.003599193780593147,14697,19772,fixed_coordinate_hypothesis_validation
2180,10877,5738,1113,1133.0,1113.0,1113.0,38.0,38.0,False,20180729.tif,False,20.0,0.017969451931716084,14877,15738,fixed_coordinate_hypothesis_validation
2181,11061,10024,189,203.0,189.0,189.0,15.0,18.0,False,20180729.tif,False,14.0,0.07407407407407407,15061,20024,fixed_coordinate_hypothesis_validation
2182,11065,8202,883,893.0,883.0,883.0,32.0,37.0,False,20180729.tif,False,10.0,0.011325028312570781,15065,18202,fixed_coordinate_hypothesis_validation
2183,11119,8164,1455,1477.0,1455.0,1455.0,42.0,47.0,False,20180729.tif,False,22.0,0.015120274914089347,15119,18164,fixed_coordinate_hypothesis_validation
2184,11152,6290,533,549.0,533.0,533.0,26.0,29.0,False,20180729.tif,False,16.0,0.0300187617260788,15152,16290,fixed_coordinate_hypothesis_validation
2185,11219,8022,522,531.0,522.0,522.0,26.0,26.0,False,20180729.tif,False,9.0,0.017241379310344827,15219,18022,fixed_coordinate_hypothesis_validation
2186,11293,5098,2692,2706.0,2692.0,2692.0,64.0,56.0,False,20180729.tif,False,14.0,0.005200594353640416,15293,15098,fixed_coordinate_hypothesis_validation
2187,11351,4970,1277,1290.0,1277.0,1277.0,43.0,40.0,False,20180729.tif,False,13.0,0.010180109631949883,15351,14970,fixed_coordinate_hypothesis_validation
2188,11360,6752,3078,3107.0,3078.0,3078.0,64.0,59.0,False,20180729.tif,False,29.0,0.009421702404158544,15360,16752,fixed_coordinate_hypothesis_validation
2189,11363,5022,1054,1073.0,1054.0,1054.0,36.0,38.0,False,20180729.tif,False,19.0,0.018026565464895637,15363,15022,fixed_coordinate_hypothesis_validation
2190,11367,9180,541,555.0,541.0,541.0,28.0,25.0,False,20180729.tif,False,14.0,0.025878003696857672,15367,19180,fixed_coordinate_hypothesis_validation
2191,11371,3193,104,108.0,104.0,104.0,12.0,14.0,False,20180729.tif,False,4.0,0.038461538461538464,15371,13193,fixed_coordinate_hypothesis_validation
2192,11499,6850,1043,1069.0,1043.0,1043.0,30.0,41.0,False,20180729.tif,False,26.0,0.024928092042186004,15499,16850,fixed_coordinate_hypothesis_validation
2193,11523,5672,1666,1695.0,1666.0,1666.0,42.0,50.0,False,20180729.tif,False,29.0,0.017406962785114045,15523,15672,fixed_coordinate_hypothesis_validation
2194,11585,3633,122,133.0,122.0,122.0,11.0,16.0,False,20180729.tif,False,11.0,0.09016393442622951,15585,13633,fixed_coordinate_hypothesis_validation
2195,11783,7364,1081,1094.0,1081.0,1081.0,38.0,40.0,False,20180729.tif,False,13.0,0.012025901942645698,15783,17364,fixed_coordinate_hypothesis_validation
2196,11853,7630,714,722.0,714.0,714.0,31.0,31.0,False,20180729.tif,False,8.0,0.011204481792717087,15853,17630,fixed_coordinate_hypothesis_validation
2197,12034,4594,20423,20460.0,20423.0,20423.0,170.0,159.0,False,20180729.tif,False,37.0,0.0018116829065269549,16034,14594,fixed_coordinate_hypothesis_validation
2198,12067,7608,1819,1838.0,1819.0,1819.0,48.0,50.0,False,20180729.tif,False,19.0,0.010445299615173173,16067,17608,fixed_coordinate_hypothesis_validation
2199,12075,74,574,591.0,574.0,574.0,30.0,26.0,False,20180729.tif,False,17.0,0.029616724738675958,16075,10074,fixed_coordinate_hypothesis_validation
2200,12075,4270,15870,15896.0,15870.0,15870.0,140.0,140.0,False,20180729.tif,False,26.0,0.0016383112791430372,16075,14270,fixed_coordinate_hypothesis_validation
2201,12107,40,516,534.0,516.0,516.0,28.0,24.0,False,20180729.tif,False,18.0,0.03488372093023256,16107,10040,fixed_coordinate_hypothesis_validation
2202,12183,168,477,484.0,477.0,477.0,27.0,25.0,False,20180729.tif,False,7.0,0.014675052410901468,16183,10168,fixed_coordinate_hypothesis_validation
2203,12185,8082,1192,1208.0,1192.0,1192.0,44.0,38.0,False,20180729.tif,False,16.0,0.013422818791946308,16185,18082,fixed_coordinate_hypothesis_validation
2204,12213,137,407,419.0,407.0,407.0,23.0,26.0,False,20180729.tif,False,12.0,0.029484029484029485,16213,10137,fixed_coordinate_hypothesis_validation
2205,12215,7336,2105,2127.0,2105.0,2105.0,54.0,50.0,False,20180729.tif,False,22.0,0.010451306413301662,16215,17336,fixed_coordinate_hypothesis_validation
2206,12225,8670,945,955.0,945.0,945.0,39.0,34.0,False,20180729.tif,False,10.0,0.010582010582010581,16225,18670,fixed_coordinate_hypothesis_validation
2207,12229,7708,3920,3937.0,3920.0,3920.0,70.0,72.0,False,20180729.tif,False,17.0,0.004336734693877551,16229,17708,fixed_coordinate_hypothesis_validation
2208,12290,7395,2712,2735.0,2712.0,2712.0,62.0,57.0,False,20180729.tif,False,23.0,0.008480825958702065,16290,17395,fixed_coordinate_hypothesis_validation
2209,12309,8966,180,192.0,180.0,180.0,18.0,14.0,False,20180729.tif,False,12.0,0.06666666666666667,16309,18966,fixed_coordinate_hypothesis_validation
2210,12327,7320,1863,1871.0,1863.0,1863.0,52.0,50.0,False,20180729.tif,False,8.0,0.0042941492216854536,16327,17320,fixed_coordinate_hypothesis_validation
2211,12339,8986,1331,1350.0,1331.0,1331.0,47.0,36.0,False,20180729.tif,False,19.0,0.014274981217129978,16339,18986,fixed_coordinate_hypothesis_validation
2212,12345,6123,4301,4327.0,4301.0,4301.0,77.0,72.0,False,20180729.tif,False,26.0,0.006045105789351314,16345,16123,fixed_coordinate_hypothesis_validation
2213,12351,9254,142,161.0,142.0,142.0,14.0,14.0,False,20180729.tif,False,19.0,0.13380281690140844,16351,19254,fixed_coordinate_hypothesis_validation
2214,12351,9306,854,878.0,854.0,854.0,34.0,32.0,False,20180729.tif,False,24.0,0.02810304449648712,16351,19306,fixed_coordinate_hypothesis_validation
2215,12355,9120,1633,1661.0,1633.0,1633.0,46.0,46.0,False,20180729.tif,False,28.0,0.017146356399265157,16355,19120,fixed_coordinate_hypothesis_validation
2216,12369,8723,2006,2035.0,2006.0,2006.0,51.0,50.0,False,20180729.tif,False,29.0,0.014456630109670987,16369,18723,fixed_coordinate_hypothesis_validation
2217,12377,8454,2632,2662.0,2632.0,2632.0,60.0,56.0,False,20180729.tif,False,30.0,0.011398176291793313,16377,18454,fixed_coordinate_hypothesis_validation
2218,12383,4470,3535,3567.0,3535.0,3535.0,70.0,68.0,False,20180729.tif,False,32.0,0.009052333804809052,16383,14470,fixed_coordinate_hypothesis_validation
2219,12385,9436,840,853.0,840.0,840.0,31.0,34.0,False,20180729.tif,False,13.0,0.015476190476190477,16385,19436,fixed_coordinate_hypothesis_validation
2220,12387,6282,2286,2305.0,2286.0,2286.0,54.0,56.0,False,20180729.tif,False,19.0,0.008311461067366578,16387,16282,fixed_coordinate_hypothesis_validation
2221,12391,9342,844,865.0,844.0,844.0,30.0,38.0,False,20180729.tif,False,21.0,0.024881516587677725,16391,19342,fixed_coordinate_hypothesis_validation
2222,12399,8852,653,663.0,653.0,653.0,31.0,29.0,False,20180729.tif,False,10.0,0.015313935681470138,16399,18852,fixed_coordinate_hypothesis_validation
2223,12431,9478,772,786.0,772.0,772.0,34.0,32.0,False,20180729.tif,False,14.0,0.018134715025906734,16431,19478,fixed_coordinate_hypothesis_validation
2224,12445,9058,916,933.0,916.0,916.0,36.0,34.0,False,20180729.tif,False,17.0,0.018558951965065504,16445,19058,fixed_coordinate_hypothesis_validation
2225,12463,8898,1375,1393.0,1375.0,1375.0,43.0,40.0,False,20180729.tif,False,18.0,0.01309090909090909,16463,18898,fixed_coordinate_hypothesis_validation
2226,12525,8432,757,765.0,757.0,757.0,33.0,31.0,False,20180729.tif,False,8.0,0.010568031704095112,16525,18432,fixed_coordinate_hypothesis_validation
2227,12539,9096,226,246.0,226.0,226.0,18.0,16.0,False,20180729.tif,False,20.0,0.08849557522123894,16539,19096,fixed_coordinate_hypothesis_validation
2228,12553,8850,2584,2614.0,2584.0,2584.0,60.0,54.0,False,20180729.tif,False,30.0,0.011609907120743035,16553,18850,fixed_coordinate_hypothesis_validation
2229,12615,6634,15222,15236.0,15222.0,15222.0,140.0,142.0,False,20180729.tif,False,14.0,0.0009197214557876757,16615,16634,fixed_coordinate_hypothesis_validation
2230,12623,8610,1108,1132.0,1108.0,1108.0,38.0,40.0,False,20180729.tif,False,24.0,0.021660649819494584,16623,18610,fixed_coordinate_hypothesis_validation
2231,12699,9448,1439,1457.0,1439.0,1439.0,47.0,42.0,False,20180729.tif,False,18.0,0.01250868658790827,16699,19448,fixed_coordinate_hypothesis_validation
2232,12701,8353,524,533.0,524.0,524.0,25.0,27.0,False,20180729.tif,False,9.0,0.01717557251908397,16701,18353,fixed_coordinate_hypothesis_validation
2233,12733,8618,1086,1117.0,1086.0,1086.0,38.0,34.0,False,20180729.tif,False,31.0,0.0285451197053407,16733,18618,fixed_coordinate_hypothesis_validation
2234,12781,9390,818,831.0,818.0,818.0,32.0,33.0,False,20180729.tif,False,13.0,0.01589242053789731,16781,19390,fixed_coordinate_hypothesis_validation
2235,12783,8654,817,833.0,817.0,817.0,34.0,32.0,False,20180729.tif,False,16.0,0.019583843329253364,16783,18654,fixed_coordinate_hypothesis_validation
2236,12801,10012,161,171.0,161.0,161.0,18.0,14.0,False,20180729.tif,False,10.0,0.062111801242236024,16801,20012,fixed_coordinate_hypothesis_validation
2237,12827,9034,916,921.0,916.0,916.0,40.0,32.0,False,20180729.tif,False,5.0,0.0054585152838427945,16827,19034,fixed_coordinate_hypothesis_validation
2238,12841,8663,682,704.0,682.0,682.0,31.0,30.0,False,20180729.tif,False,22.0,0.03225806451612903,16841,18663,fixed_coordinate_hypothesis_validation
2239,12845,9620,191,201.0,191.0,191.0,16.0,18.0,False,20180729.tif,False,10.0,0.05235602094240838,16845,19620,fixed_coordinate_hypothesis_validation
2240,12869,6158,2984,2999.0,2984.0,2984.0,67.0,60.0,False,20180729.tif,False,15.0,0.005026809651474531,16869,16158,fixed_coordinate_hypothesis_validation
2241,12869,9924,803,815.0,803.0,803.0,34.0,32.0,False,20180729.tif,False,12.0,0.014943960149439602,16869,19924,fixed_coordinate_hypothesis_validation
2242,12881,5896,4938,4954.0,4938.0,4938.0,79.0,82.0,False,20180729.tif,False,16.0,0.0032401782098015392,16881,15896,fixed_coordinate_hypothesis_validation
2243,12895,8823,2394,2439.0,2394.0,2394.0,55.0,54.0,False,20180729.tif,False,45.0,0.018796992481203006,16895,18823,fixed_coordinate_hypothesis_validation
2244,12903,6846,1408,1428.0,1408.0,1408.0,44.0,44.0,False,20180729.tif,False,20.0,0.014204545454545454,16903,16846,fixed_coordinate_hypothesis_validation
2245,12904,7159,822,836.0,822.0,822.0,31.0,37.0,False,20180729.tif,False,14.0,0.0170316301703163,16904,17159,fixed_coordinate_hypothesis_validation
2246,12937,9536,424,433.0,424.0,424.0,24.0,26.0,False,20180729.tif,False,9.0,0.02122641509433962,16937,19536,fixed_coordinate_hypothesis_validation
2247,12998,8610,12130,12158.0,12130.0,12130.0,128.0,123.0,False,20180729.tif,False,28.0,0.0023083264633140975,16998,18610,fixed_coordinate_hypothesis_validation
2248,13015,5860,36664,36684.0,36664.0,36664.0,230.0,208.0,False,20180729.tif,False,20.0,0.0005454942177612917,17015,15860,fixed_coordinate_hypothesis_validation
2249,13023,9932,1736,1747.0,1736.0,1736.0,48.0,48.0,False,20180729.tif,False,11.0,0.006336405529953917,17023,19932,fixed_coordinate_hypothesis_validation
2250,13057,7814,428,447.0,428.0,428.0,19.0,30.0,False,20180729.tif,False,19.0,0.04439252336448598,17057,17814,fixed_coordinate_hypothesis_validation
2251,13059,3980,110,126.0,110.0,110.0,12.0,12.0,False,20180729.tif,False,16.0,0.14545454545454545,17059,13980,fixed_coordinate_hypothesis_validation
2252,13091,9927,1301,1323.0,1301.0,1301.0,41.0,41.0,False,20180729.tif,False,22.0,0.016910069177555727,17091,19927,fixed_coordinate_hypothesis_validation
2253,13097,8078,2082,2095.0,2082.0,2082.0,52.0,54.0,False,20180729.tif,False,13.0,0.006243996157540826,17097,18078,fixed_coordinate_hypothesis_validation
2254,13117,8822,3304,3328.0,3304.0,3304.0,64.0,68.0,False,20180729.tif,False,24.0,0.007263922518159807,17117,18822,fixed_coordinate_hypothesis_validation
2255,13155,7840,1893,1923.0,1893.0,1893.0,46.0,52.0,False,20180729.tif,False,30.0,0.01584786053882726,17155,17840,fixed_coordinate_hypothesis_validation
2256,13199,9146,3084,3094.0,3084.0,3084.0,66.0,61.0,False,20180729.tif,False,10.0,0.00324254215304799,17199,19146,fixed_coordinate_hypothesis_validation
2257,13223,9465,840,857.0,840.0,840.0,35.0,34.0,False,20180729.tif,False,17.0,0.02023809523809524,17223,19465,fixed_coordinate_hypothesis_validation
2258,13233,9638,666,685.0,666.0,666.0,32.0,28.0,False,20180729.tif,False,19.0,0.028528528528528527,17233,19638,fixed_coordinate_hypothesis_validation
2259,13259,6314,4981,5014.0,4981.0,4981.0,82.0,78.0,False,20180729.tif,False,33.0,0.006625175667536639,17259,16314,fixed_coordinate_hypothesis_validation
2260,13291,7170,124,136.0,124.0,124.0,16.0,12.0,False,20180729.tif,False,12.0,0.0967741935483871,17291,17170,fixed_coordinate_hypothesis_validation
2261,13331,7712,1279,1299.0,1279.0,1279.0,40.0,42.0,False,20180729.tif,False,20.0,0.01563721657544957,17331,17712,fixed_coordinate_hypothesis_validation
2262,13387,6926,1567,1589.0,1567.0,1567.0,48.0,46.0,False,20180729.tif,False,22.0,0.014039566049776643,17387,16926,fixed_coordinate_hypothesis_validation
2263,13417,9408,652,664.0,652.0,652.0,30.0,30.0,False,20180729.tif,False,12.0,0.018404907975460124,17417,19408,fixed_coordinate_hypothesis_validation
2264,13441,7589,1702,1718.0,1702.0,1702.0,47.0,49.0,False,20180729.tif,False,16.0,0.009400705052878966,17441,17589,fixed_coordinate_hypothesis_validation
2265,13497,7624,620,630.0,620.0,620.0,30.0,26.0,False,20180729.tif,False,10.0,0.016129032258064516,17497,17624,fixed_coordinate_hypothesis_validation
2266,13518,6394,2690,2702.0,2690.0,2690.0,61.0,61.0,False,20180729.tif,False,12.0,0.0044609665427509295,17518,16394,fixed_coordinate_hypothesis_validation
2267,13529,9686,1811,1827.0,1811.0,1811.0,48.0,52.0,False,20180729.tif,False,16.0,0.00883489784649365,17529,19686,fixed_coordinate_hypothesis_validation
2268,13531,7526,817,853.0,817.0,817.0,32.0,32.0,False,20180729.tif,False,36.0,0.044063647490820076,17531,17526,fixed_coordinate_hypothesis_validation
2269,13559,6588,1826,1852.0,1826.0,1826.0,52.0,48.0,False,20180729.tif,False,26.0,0.014238773274917854,17559,16588,fixed_coordinate_hypothesis_validation
2270,13559,9734,26534,26576.0,26534.0,26534.0,186.0,186.0,False,20180729.tif,False,42.0,0.0015828748021406496,17559,19734,fixed_coordinate_hypothesis_validation
2271,13585,8730,1932,1956.0,1932.0,1932.0,50.0,50.0,False,20180729.tif,False,24.0,0.012422360248447204,17585,18730,fixed_coordinate_hypothesis_validation
2272,13591,7586,551,565.0,551.0,551.0,32.0,23.0,False,20180729.tif,False,14.0,0.025408348457350273,17591,17586,fixed_coordinate_hypothesis_validation
2273,13645,7978,3426,3456.0,3426.0,3426.0,68.0,66.0,False,20180729.tif,False,30.0,0.008756567425569177,17645,17978,fixed_coordinate_hypothesis_validation
2274,13681,8226,1073,1102.0,1073.0,1073.0,34.0,39.0,False,20180729.tif,False,29.0,0.02702702702702703,17681,18226,fixed_coordinate_hypothesis_validation
2275,13695,8154,2716,2746.0,2716.0,2716.0,60.0,58.0,False,20180729.tif,False,30.0,0.011045655375552283,17695,18154,fixed_coordinate_hypothesis_validation
2276,13699,6174,4062,4108.0,4062.0,4062.0,76.0,72.0,False,20180729.tif,False,46.0,0.011324470704086657,17699,16174,fixed_coordinate_hypothesis_validation
2277,13863,7672,1567,1593.0,1567.0,1567.0,46.0,44.0,False,20180729.tif,False,26.0,0.016592214422463305,17863,17672,fixed_coordinate_hypothesis_validation
2278,13915,7626,370,383.0,370.0,370.0,19.0,25.0,False,20180729.tif,False,13.0,0.03513513513513514,17915,17626,fixed_coordinate_hypothesis_validation
2279,13969,8366,918,926.0,918.0,918.0,36.0,35.0,False,20180729.tif,False,8.0,0.008714596949891068,17969,18366,fixed_coordinate_hypothesis_validation
2280,14077,7480,1418,1458.0,1418.0,1418.0,42.0,42.0,False,20180729.tif,False,40.0,0.028208744710860368,18077,17480,fixed_coordinate_hypothesis_validation
2281,14079,8392,1932,1954.0,1932.0,1932.0,50.0,52.0,False,20180729.tif,False,22.0,0.011387163561076604,18079,18392,fixed_coordinate_hypothesis_validation
2282,14087,8196,5016,5048.0,5016.0,5016.0,88.0,82.0,False,20180729.tif,False,32.0,0.006379585326953748,18087,18196,fixed_coordinate_hypothesis_validation
2283,14151,9130,172,192.0,172.0,172.0,20.0,12.0,False,20180729.tif,False,20.0,0.11627906976744186,18151,19130,fixed_coordinate_hypothesis_validation
2284,14201,8122,1750,1774.0,1750.0,1750.0,48.0,48.0,False,20180729.tif,False,24.0,0.013714285714285714,18201,18122,fixed_coordinate_hypothesis_validation
2285,14251,7022,914,936.0,914.0,914.0,36.0,34.0,False,20180729.tif,False,22.0,0.024070021881838075,18251,17022,fixed_coordinate_hypothesis_validation
2286,14283,7716,3443,3471.0,3443.0,3443.0,64.0,68.0,False,20180729.tif,False,28.0,0.00813244263723497,18283,17716,fixed_coordinate_hypothesis_validation
2287,14291,8230,977,1001.0,977.0,977.0,37.0,36.0,False,20180729.tif,False,24.0,0.02456499488229273,18291,18230,fixed_coordinate_hypothesis_validation
2288,14307,7182,3023,3054.0,3023.0,3023.0,68.0,64.0,False,20180729.tif,False,31.0,0.010254713860403573,18307,17182,fixed_coordinate_hypothesis_validation
2289,14319,9206,1072,1116.0,1072.0,1072.0,36.0,36.0,False,20180729.tif,False,44.0,0.041044776119402986,18319,19206,fixed_coordinate_hypothesis_validation
2290,14407,6738,3002,3040.0,3002.0,3002.0,62.0,62.0,False,20180729.tif,False,38.0,0.012658227848101266,18407,16738,fixed_coordinate_hypothesis_validation
2291,14423,8492,1605,1618.0,1605.0,1605.0,44.0,50.0,False,20180729.tif,False,13.0,0.00809968847352025,18423,18492,fixed_coordinate_hypothesis_validation
2292,14507,8034,2396,2421.0,2396.0,2396.0,52.0,58.0,False,20180729.tif,False,25.0,0.010434056761268781,18507,18034,fixed_coordinate_hypothesis_validation
2293,14521,9398,432,443.0,432.0,432.0,26.0,24.0,False,20180729.tif,False,11.0,0.02546296296296296,18521,19398,fixed_coordinate_hypothesis_validation
2294,14547,8094,1104,1120.0,1104.0,1104.0,40.0,40.0,False,20180729.tif,False,16.0,0.014492753623188406,18547,18094,fixed_coordinate_hypothesis_validation
2295,14567,7422,1307,1319.0,1307.0,1307.0,40.0,46.0,False,20180729.tif,False,12.0,0.009181331293037491,18567,17422,fixed_coordinate_hypothesis_validation
2296,14605,7506,2829,2845.0,2829.0,2829.0,62.0,60.0,False,20180729.tif,False,16.0,0.005655708731000354,18605,17506,fixed_coordinate_hypothesis_validation
2297,14699,11654,988,1008.0,988.0,988.0,38.0,34.0,False,20180729.tif,False,20.0,0.020242914979757085,18699,21654,fixed_coordinate_hypothesis_validation
2298,14707,8103,2074,2097.0,2074.0,2074.0,53.0,52.0,False,20180729.tif,False,23.0,0.011089681774349084,18707,18103,fixed_coordinate_hypothesis_validation
2299,14767,8542,2658,2692.0,2658.0,2658.0,56.0,64.0,False,20180729.tif,False,34.0,0.012791572610985704,18767,18542,fixed_coordinate_hypothesis_validation
2300,14773,8796,2083,2107.0,2083.0,2083.0,56.0,52.0,False,20180729.tif,False,24.0,0.011521843494959194,18773,18796,fixed_coordinate_hypothesis_validation
2301,14775,7041,918,934.0,918.0,918.0,33.0,38.0,False,20180729.tif,False,16.0,0.017429193899782137,18775,17041,fixed_coordinate_hypothesis_validation
2302,14803,11662,3881,3924.0,3881.0,3881.0,72.0,72.0,False,20180729.tif,False,43.0,0.011079618654985829,18803,21662,fixed_coordinate_hypothesis_validation
2303,14953,8255,1419,1437.0,1419.0,1419.0,43.0,46.0,False,20180729.tif,False,18.0,0.012684989429175475,18953,18255,fixed_coordinate_hypothesis_validation
2304,14981,11706,941,952.0,941.0,941.0,40.0,32.0,False,20180729.tif,False,11.0,0.011689691817215728,18981,21706,fixed_coordinate_hypothesis_validation
2305,15073,11790,2811,2825.0,2811.0,2811.0,62.0,56.0,False,20180729.tif,False,14.0,0.004980434009249377,19073,21790,fixed_coordinate_hypothesis_validation
2306,15119,9146,1558,1564.0,1558.0,1558.0,48.0,44.0,False,20180729.tif,False,6.0,0.0038510911424903724,19119,19146,fixed_coordinate_hypothesis_validation
2307,15119,9239,172,181.0,172.0,172.0,17.0,15.0,False,20180729.tif,False,9.0,0.05232558139534884,19119,19239,fixed_coordinate_hypothesis_validation
2308,15129,11704,2185,2219.0,2185.0,2185.0,54.0,52.0,False,20180729.tif,False,34.0,0.015560640732265447,19129,21704,fixed_coordinate_hypothesis_validation
2309,15515,8864,1478,1508.0,1478.0,1478.0,44.0,46.0,False,20180729.tif,False,30.0,0.02029769959404601,19515,18864,fixed_coordinate_hypothesis_validation
2310,15697,7742,3766,3792.0,3766.0,3766.0,68.0,76.0,False,20180729.tif,False,26.0,0.006903876792352629,19697,17742,fixed_coordinate_hypothesis_validation
2311,15719,8836,6964,6988.0,6964.0,6964.0,96.0,98.0,False,20180729.tif,False,24.0,0.0034462952326249283,19719,18836,fixed_coordinate_hypothesis_validation
2312,15727,8632,520,544.0,520.0,520.0,30.0,24.0,False,20180729.tif,False,24.0,0.046153846153846156,19727,18632,fixed_coordinate_hypothesis_validation
2313,16116,11342,575,587.0,575.0,575.0,28.0,29.0,False,20180729.tif,False,12.0,0.020869565217391306,20116,21342,fixed_coordinate_hypothesis_validation
2314,16155,11246,1892,1928.0,1892.0,1892.0,48.0,50.0,False,20180729.tif,False,36.0,0.019027484143763214,20155,21246,fixed_coordinate_hypothesis_validation
2315,16231,11226,1300,1316.0,1300.0,1300.0,42.0,40.0,False,20180729.tif,False,16.0,0.012307692307692308,20231,21226,fixed_coordinate_hypothesis_validation
2316,16233,11844,633,643.0,633.0,633.0,30.0,27.0,False,20180729.tif,False,10.0,0.01579778830963665,20233,21844,fixed_coordinate_hypothesis_validation
2317,16399,11698,392,404.0,392.0,392.0,26.0,22.0,False,20180729.tif,False,12.0,0.030612244897959183,20399,21698,fixed_coordinate_hypothesis_validation
2318,16413,11790,2219,2262.0,2219.0,2219.0,50.0,56.0,False,20180729.tif,False,43.0,0.019378098242451555,20413,21790,fixed_coordinate_hypothesis_validation
2319,16537,12417,1040,1062.0,1040.0,1040.0,35.0,38.0,False,20180729.tif,False,22.0,0.021153846153846155,20537,22417,fixed_coordinate_hypothesis_validation
2320,16705,14316,1003,1023.0,1003.0,1003.0,34.0,40.0,False,20180729.tif,False,20.0,0.019940179461615155,20705,24316,fixed_coordinate_hypothesis_validation
2321,16715,12682,191,202.0,191.0,191.0,18.0,14.0,False,20180729.tif,False,11.0,0.05759162303664921,20715,22682,fixed_coordinate_hypothesis_validation
1709,759,6994,8463,8499.0,8463.0,8463.0,108.0,106.0,False,20180828.tif,False,36.0,0.004253810705423609,4759,16994,fixed_coordinate_hypothesis_validation
1710,759,6994,8463,8499.0,8463.0,8463.0,108.0,106.0,False,20180828.tif,False,36.0,0.004253810705423609,4759,16994,fixed_coordinate_hypothesis_validation
1759,9142,7442,896,928.0,896.0,896.0,32.0,36.0,False,20180828.tif,False,32.0,0.03571428571428571,13142,17442,fixed_coordinate_hypothesis_validation
1822,12727,9290,1478,1498.0,1478.0,1478.0,45.0,44.0,False,20180828.tif,False,20.0,0.013531799729364006,16727,19290,fixed_coordinate_hypothesis_validation
1853,15609,9000,6551,6562.0,6551.0,6551.0,90.0,102.0,False,20180828.tif,False,11.0,0.0016791329568004885,19609,19000,fixed_coordinate_hypothesis_validation
1861,759,6994,8463,8499.0,8463.0,8463.0,108.0,106.0,False,20180828.tif,False,36.0,0.004253810705423609,4759,16994,fixed_coordinate_hypothesis_validation
1955,14928,11842,4217,4243.0,4217.0,4217.0,74.0,75.0,False,20180828.tif,False,26.0,0.006165520512212474,18928,21842,fixed_coordinate_hypothesis_validation
1979,10237,9698,8552,8566.0,8552.0,8552.0,124.0,90.0,False,20180828.tif,False,14.0,0.001637043966323667,14237,19698,fixed_coordinate_hypothesis_validation
1986,12095,7844,1453,1480.0,1453.0,1453.0,42.0,44.0,False,20180828.tif,False,27.0,0.018582243633860976,16095,17844,fixed_coordinate_hypothesis_validation
1990,13067,8883,614,625.0,614.0,614.0,29.0,28.0,False,20180828.tif,False,11.0,0.017915309446254073,17067,18883,fixed_coordinate_hypothesis_validation
1991,12961,9992,667,671.0,667.0,667.0,28.0,33.0,False,20180828.tif,False,4.0,0.005997001499250375,16961,19992,fixed_coordinate_hypothesis_validation
1992,13542,8050,11354,11371.0,11354.0,11354.0,120.0,119.0,False,20180828.tif,False,17.0,0.0014972696846926193,17542,18050,fixed_coordinate_hypothesis_validation
1999,14760,11838,2339,2377.0,2339.0,2339.0,56.0,53.0,False,20180828.tif,False,38.0,0.016246259085079092,18760,21838,fixed_coordinate_hypothesis_validation
2001,14928,11842,4217,4243.0,4217.0,4217.0,74.0,75.0,False,20180828.tif,False,26.0,0.006165520512212474,18928,21842,fixed_coordinate_hypothesis_validation
2008,15418,9008,3613,3633.0,3613.0,3613.0,72.0,65.0,False,20180828.tif,False,20.0,0.005535566011624689,19418,19008,fixed_coordinate_hypothesis_validation
2010,15418,9008,3613,3633.0,3613.0,3613.0,72.0,65.0,False,20180828.tif,False,20.0,0.005535566011624689,19418,19008,fixed_coordinate_hypothesis_validation
2012,107,4962,2872,2892.0,2872.0,2872.0,56.0,68.0,False,20180828.tif,False,20.0,0.006963788300835654,4107,14962,fixed_coordinate_hypothesis_validation
2013,131,3966,3120,3160.0,3120.0,3120.0,62.0,66.0,False,20180828.tif,False,40.0,0.01282051282051282,4131,13966,fixed_coordinate_hypothesis_validation
2014,573,6946,3556,3584.0,3556.0,3556.0,64.0,76.0,False,20180828.tif,False,28.0,0.007874015748031496,4573,16946,fixed_coordinate_hypothesis_validation
2015,2859,6724,678,699.0,678.0,678.0,28.0,32.0,False,20180828.tif,False,21.0,0.030973451327433628,6859,16724,fixed_coordinate_hypothesis_validation
2019,3339,5829,1005,1031.0,1005.0,1005.0,37.0,36.0,False,20180828.tif,False,26.0,0.025870646766169153,7339,15829,fixed_coordinate_hypothesis_validation
2020,3397,5854,1376,1420.0,1376.0,1376.0,36.0,44.0,False,20180828.tif,False,44.0,0.03197674418604651,7397,15854,fixed_coordinate_hypothesis_validation
2021,3421,5918,1152,1169.0,1152.0,1152.0,38.0,41.0,False,20180828.tif,False,17.0,0.014756944444444444,7421,15918,fixed_coordinate_hypothesis_validation
2023,3569,3467,974,997.0,974.0,974.0,37.0,36.0,False,20180828.tif,False,23.0,0.023613963039014373,7569,13467,fixed_coordinate_hypothesis_validation
2024,3626,12806,3055,3081.0,3055.0,3055.0,62.0,63.0,False,20180828.tif,False,26.0,0.00851063829787234,7626,22806,fixed_coordinate_hypothesis_validation
2025,3689,11298,2664,2684.0,2664.0,2664.0,61.0,56.0,False,20180828.tif,False,20.0,0.0075075075075075074,7689,21298,fixed_coordinate_hypothesis_validation
2026,3757,6583,1307,1317.0,1307.0,1307.0,41.0,43.0,False,20180828.tif,False,10.0,0.0076511094108645756,7757,16583,fixed_coordinate_hypothesis_validation
2027,3807,3478,577,586.0,577.0,577.0,28.0,30.0,False,20180828.tif,False,9.0,0.01559792027729636,7807,13478,fixed_coordinate_hypothesis_validation
2028,3815,6738,4018,4028.0,4018.0,4018.0,74.0,72.0,False,20180828.tif,False,10.0,0.0024888003982080635,7815,16738,fixed_coordinate_hypothesis_validation
2029,3897,3510,1404,1428.0,1404.0,1404.0,40.0,48.0,False,20180828.tif,False,24.0,0.017094017094017096,7897,13510,fixed_coordinate_hypothesis_validation
2030,3893,3694,1197,1217.0,1197.0,1197.0,38.0,41.0,False,20180828.tif,False,20.0,0.01670843776106934,7893,13694,fixed_coordinate_hypothesis_validation
2031,3899,11590,359,374.0,359.0,359.0,20.0,24.0,False,20180828.tif,False,15.0,0.04178272980501393,7899,21590,fixed_coordinate_hypothesis_validation
2032,3947,6028,833,843.0,833.0,833.0,32.0,36.0,False,20180828.tif,False,10.0,0.012004801920768308,7947,16028,fixed_coordinate_hypothesis_validation
2033,3987,3546,1254,1272.0,1254.0,1254.0,44.0,38.0,False,20180828.tif,False,18.0,0.014354066985645933,7987,13546,fixed_coordinate_hypothesis_validation
2034,3987,11293,8169,8217.0,8169.0,8169.0,95.0,110.0,False,20180828.tif,False,48.0,0.0058758721997796545,7987,21293,fixed_coordinate_hypothesis_validation
2035,4071,12748,4783,4821.0,4783.0,4783.0,78.0,82.0,False,20180828.tif,False,38.0,0.007944804515994146,8071,22748,fixed_coordinate_hypothesis_validation
2036,4109,6241,1048,1059.0,1048.0,1048.0,39.0,38.0,False,20180828.tif,False,11.0,0.01049618320610687,8109,16241,fixed_coordinate_hypothesis_validation
2037,4241,5649,1554,1571.0,1554.0,1554.0,43.0,47.0,False,20180828.tif,False,17.0,0.010939510939510939,8241,15649,fixed_coordinate_hypothesis_validation
2038,4342,10506,27429,27445.0,27429.0,27429.0,188.0,187.0,False,20180828.tif,False,16.0,0.0005833242188924132,8342,20506,fixed_coordinate_hypothesis_validation
2039,4441,5102,2917,2939.0,2917.0,2917.0,60.0,66.0,False,20180828.tif,False,22.0,0.0075419952005485085,8441,15102,fixed_coordinate_hypothesis_validation
2041,4402,11752,24556,24591.0,24556.0,24556.0,168.0,195.0,False,20180828.tif,False,35.0,0.0014253135689851768,8402,21752,fixed_coordinate_hypothesis_validation
2042,4555,6948,1142,1153.0,1142.0,1142.0,37.0,39.0,False,20180828.tif,False,11.0,0.009632224168126095,8555,16948,fixed_coordinate_hypothesis_validation
2043,4561,6266,1786,1798.0,1786.0,1786.0,48.0,52.0,False,20180828.tif,False,12.0,0.006718924972004479,8561,16266,fixed_coordinate_hypothesis_validation
2044,4634,10078,30444,30484.0,30444.0,30444.0,204.0,203.0,False,20180828.tif,False,40.0,0.0013138877939823938,8634,20078,fixed_coordinate_hypothesis_validation
2045,4641,9110,2201,2222.0,2201.0,2201.0,54.0,52.0,False,20180828.tif,False,21.0,0.009541117673784643,8641,19110,fixed_coordinate_hypothesis_validation
2046,4675,6954,1250,1260.0,1250.0,1250.0,40.0,43.0,False,20180828.tif,False,10.0,0.008,8675,16954,fixed_coordinate_hypothesis_validation
2047,4681,6054,301,312.0,301.0,301.0,20.0,20.0,False,20180828.tif,False,11.0,0.036544850498338874,8681,16054,fixed_coordinate_hypothesis_validation
2048,4757,5472,876,885.0,876.0,876.0,35.0,36.0,False,20180828.tif,False,9.0,0.010273972602739725,8757,15472,fixed_coordinate_hypothesis_validation
2049,4771,8958,2376,2395.0,2376.0,2376.0,56.0,55.0,False,20180828.tif,False,19.0,0.007996632996632997,8771,18958,fixed_coordinate_hypothesis_validation
2052,4947,6372,1067,1078.0,1067.0,1067.0,37.0,36.0,False,20180828.tif,False,11.0,0.010309278350515464,8947,16372,fixed_coordinate_hypothesis_validation
2053,4941,10680,2056,2077.0,2056.0,2056.0,50.0,53.0,False,20180828.tif,False,21.0,0.010214007782101167,8941,20680,fixed_coordinate_hypothesis_validation
2055,5001,13150,1337,1353.0,1337.0,1337.0,44.0,44.0,False,20180828.tif,False,16.0,0.011967090501121914,9001,23150,fixed_coordinate_hypothesis_validation
2056,5017,8706,1420,1436.0,1420.0,1420.0,43.0,43.0,False,20180828.tif,False,16.0,0.011267605633802818,9017,18706,fixed_coordinate_hypothesis_validation
2057,5017,12894,767,775.0,767.0,767.0,32.0,32.0,False,20180828.tif,False,8.0,0.010430247718383311,9017,22894,fixed_coordinate_hypothesis_validation
2058,5110,7724,3916,3954.0,3916.0,3916.0,72.0,69.0,False,20180828.tif,False,38.0,0.009703779366700716,9110,17724,fixed_coordinate_hypothesis_validation
2060,5169,12242,22592,22619.0,22592.0,22592.0,168.0,182.0,False,20180828.tif,False,27.0,0.0011951133144475921,9169,22242,fixed_coordinate_hypothesis_validation
2061,5185,8509,2311,2322.0,2311.0,2311.0,53.0,56.0,False,20180828.tif,False,11.0,0.004759844223279966,9185,18509,fixed_coordinate_hypothesis_validation
2062,5187,12767,713,721.0,713.0,713.0,33.0,30.0,False,20180828.tif,False,8.0,0.011220196353436185,9187,22767,fixed_coordinate_hypothesis_validation
2063,5229,12678,1482,1508.0,1482.0,1482.0,42.0,46.0,False,20180828.tif,False,26.0,0.017543859649122806,9229,22678,fixed_coordinate_hypothesis_validation
2064,5245,10178,924,936.0,924.0,924.0,34.0,40.0,False,20180828.tif,False,12.0,0.012987012987012988,9245,20178,fixed_coordinate_hypothesis_validation
2065,5241,12816,3241,3267.0,3241.0,3241.0,68.0,60.0,False,20180828.tif,False,26.0,0.008022215365627893,9241,22816,fixed_coordinate_hypothesis_validation
2066,5279,13042,1029,1043.0,1029.0,1029.0,37.0,36.0,False,20180828.tif,False,14.0,0.013605442176870748,9279,23042,fixed_coordinate_hypothesis_validation
2067,5461,12674,970,994.0,970.0,970.0,38.0,34.0,False,20180828.tif,False,24.0,0.024742268041237112,9461,22674,fixed_coordinate_hypothesis_validation
2068,5523,12328,17757,17776.0,17757.0,17757.0,150.0,163.0,False,20180828.tif,False,19.0,0.001070000563158191,9523,22328,fixed_coordinate_hypothesis_validation
2069,5538,10838,1173,1204.0,1173.0,1173.0,36.0,44.0,False,20180828.tif,False,31.0,0.026427962489343565,9538,20838,fixed_coordinate_hypothesis_validation
2070,5539,9724,257,264.0,257.0,257.0,18.0,21.0,False,20180828.tif,False,7.0,0.027237354085603113,9539,19724,fixed_coordinate_hypothesis_validation
2071,5589,10466,304,316.0,304.0,304.0,22.0,20.0,False,20180828.tif,False,12.0,0.039473684210526314,9589,20466,fixed_coordinate_hypothesis_validation
2072,5633,10588,292,311.0,292.0,292.0,18.0,22.0,False,20180828.tif,False,19.0,0.06506849315068493,9633,20588,fixed_coordinate_hypothesis_validation
2073,5642,10166,15894,15920.0,15894.0,15894.0,148.0,152.0,False,20180828.tif,False,26.0,0.0016358374229268906,9642,20166,fixed_coordinate_hypothesis_validation
2074,5649,9360,8694,8739.0,8694.0,8694.0,106.0,108.0,False,20180828.tif,False,45.0,0.005175983436853002,9649,19360,fixed_coordinate_hypothesis_validation
2075,5685,10480,38211,38288.0,38211.0,38211.0,214.0,232.0,False,20180828.tif,False,77.0,0.002015126534244066,9685,20480,fixed_coordinate_hypothesis_validation
2077,5721,11954,960,975.0,960.0,960.0,36.0,37.0,False,20180828.tif,False,15.0,0.015625,9721,21954,fixed_coordinate_hypothesis_validation
2078,5771,8972,28602,28636.0,28602.0,28602.0,192.0,198.0,False,20180828.tif,False,34.0,0.001188728060974757,9771,18972,fixed_coordinate_hypothesis_validation
2079,5771,11502,15702,15719.0,15702.0,15702.0,151.0,130.0,False,20180828.tif,False,17.0,0.0010826646287097185,9771,21502,fixed_coordinate_hypothesis_validation
2080,5826,10046,22103,22126.0,22103.0,22103.0,172.0,173.0,False,20180828.tif,False,23.0,0.001040582726326743,9826,20046,fixed_coordinate_hypothesis_validation
2081,5837,13130,1958,1978.0,1958.0,1958.0,52.0,50.0,False,20180828.tif,False,20.0,0.010214504596527068,9837,23130,fixed_coordinate_hypothesis_validation
2082,5878,8030,933,978.0,933.0,933.0,36.0,32.0,False,20180828.tif,False,45.0,0.04823151125401929,9878,18030,fixed_coordinate_hypothesis_validation
2083,5898,9178,29845,29870.0,29845.0,29845.0,208.0,191.0,False,20180828.tif,False,25.0,0.0008376612497905847,9898,19178,fixed_coordinate_hypothesis_validation
2084,5959,10658,11924,11945.0,11924.0,11924.0,116.0,134.0,False,20180828.tif,False,21.0,0.0017611539751761153,9959,20658,fixed_coordinate_hypothesis_validation
2085,5995,8910,41997,38438.0,38389.0,41997.0,240.0,224.0,False,20180828.tif,False,-3559.0,-0.08474414839155178,9995,18910,fixed_coordinate_hypothesis_validation
2086,6018,9434,42394,42444.0,42394.0,42394.0,248.0,235.0,False,20180828.tif,False,50.0,0.001179412180969005,10018,19434,fixed_coordinate_hypothesis_validation
2087,6075,12462,1632,1646.0,1632.0,1632.0,49.0,42.0,False,20180828.tif,False,14.0,0.00857843137254902,10075,22462,fixed_coordinate_hypothesis_validation
2089,6099,8750,36230,34510.0,34465.0,36230.0,220.0,211.0,False,20180828.tif,False,-1720.0,-0.04747446867237096,10099,18750,fixed_coordinate_hypothesis_validation
2090,6146,10214,25668,25681.0,25668.0,25668.0,173.0,197.0,False,20180828.tif,False,13.0,0.0005064671965092722,10146,20214,fixed_coordinate_hypothesis_validation
2091,6173,5512,1179,1189.0,1179.0,1179.0,42.0,41.0,False,20180828.tif,False,10.0,0.008481764206955046,10173,15512,fixed_coordinate_hypothesis_validation
2092,6183,7612,546,554.0,546.0,546.0,26.0,28.0,False,20180828.tif,False,8.0,0.014652014652014652,10183,17612,fixed_coordinate_hypothesis_validation
2093,6188,5813,1480,1484.0,1480.0,1480.0,45.0,43.0,False,20180828.tif,False,4.0,0.002702702702702703,10188,15813,fixed_coordinate_hypothesis_validation
2094,6225,7656,1480,1491.0,1480.0,1480.0,42.0,46.0,False,20180828.tif,False,11.0,0.007432432432432433,10225,17656,fixed_coordinate_hypothesis_validation
2095,6273,5746,2154,2164.0,2154.0,2154.0,52.0,55.0,False,20180828.tif,False,10.0,0.004642525533890436,10273,15746,fixed_coordinate_hypothesis_validation
2096,6294,10814,39417,39442.0,39417.0,39417.0,228.0,228.0,False,20180828.tif,False,25.0,0.0006342441078722379,10294,20814,fixed_coordinate_hypothesis_validation
2097,6303,9596,22806,22848.0,22806.0,22806.0,175.0,176.0,False,20180828.tif,False,42.0,0.001841620626151013,10303,19596,fixed_coordinate_hypothesis_validation
2098,6431,9434,1996,2012.0,1996.0,1996.0,44.0,59.0,False,20180828.tif,False,16.0,0.008016032064128256,10431,19434,fixed_coordinate_hypothesis_validation
2099,6457,5770,3012,3050.0,3012.0,3012.0,60.0,66.0,False,20180828.tif,False,38.0,0.012616201859229747,10457,15770,fixed_coordinate_hypothesis_validation
2101,6534,10778,12269,12300.0,12269.0,12269.0,132.0,135.0,False,20180828.tif,False,31.0,0.002526693292036841,10534,20778,fixed_coordinate_hypothesis_validation
2102,6534,10526,29147,29160.0,29147.0,29147.0,188.0,221.0,False,20180828.tif,False,13.0,0.00044601502727553433,10534,20526,fixed_coordinate_hypothesis_validation
2103,6589,8248,208,220.0,208.0,208.0,16.0,18.0,False,20180828.tif,False,12.0,0.057692307692307696,10589,18248,fixed_coordinate_hypothesis_validation
2104,6665,4922,2896,2909.0,2896.0,2896.0,60.0,64.0,False,20180828.tif,False,13.0,0.004488950276243094,10665,14922,fixed_coordinate_hypothesis_validation
2105,6674,11626,36737,36794.0,36737.0,36737.0,224.0,213.0,False,20180828.tif,False,57.0,0.0015515692625962926,10674,21626,fixed_coordinate_hypothesis_validation
2106,6687,9795,1796,1812.0,1796.0,1796.0,47.0,51.0,False,20180828.tif,False,16.0,0.008908685968819599,10687,19795,fixed_coordinate_hypothesis_validation
2107,6697,10736,1168,1184.0,1168.0,1168.0,42.0,37.0,False,20180828.tif,False,16.0,0.0136986301369863,10697,20736,fixed_coordinate_hypothesis_validation
2108,6797,5178,2360,2368.0,2360.0,2360.0,58.0,58.0,False,20180828.tif,False,8.0,0.003389830508474576,10797,15178,fixed_coordinate_hypothesis_validation
2109,6822,5258,2942,2975.0,2942.0,2942.0,62.0,59.0,False,20180828.tif,False,33.0,0.011216859279401768,10822,15258,fixed_coordinate_hypothesis_validation
2110,6815,10898,1859,1884.0,1859.0,1859.0,51.0,50.0,False,20180828.tif,False,25.0,0.013448090371167294,10815,20898,fixed_coordinate_hypothesis_validation
2111,6865,7810,1587,1619.0,1587.0,1587.0,40.0,49.0,False,20180828.tif,False,32.0,0.020163831127914304,10865,17810,fixed_coordinate_hypothesis_validation
2113,6877,9752,4721,4747.0,4721.0,4721.0,78.0,81.0,False,20180828.tif,False,26.0,0.005507307773776742,10877,19752,fixed_coordinate_hypothesis_validation
2114,6899,5154,1283,1297.0,1283.0,1283.0,38.0,46.0,False,20180828.tif,False,14.0,0.010911925175370226,10899,15154,fixed_coordinate_hypothesis_validation
2115,6925,5352,2862,2884.0,2862.0,2862.0,58.0,64.0,False,20180828.tif,False,22.0,0.007686932215234102,10925,15352,fixed_coordinate_hypothesis_validation
2116,6937,7907,927,948.0,927.0,927.0,32.0,37.0,False,20180828.tif,False,21.0,0.022653721682847898,10937,17907,fixed_coordinate_hypothesis_validation
2117,6979,5295,2953,2971.0,2953.0,2953.0,61.0,60.0,False,20180828.tif,False,18.0,0.0060954961056552655,10979,15295,fixed_coordinate_hypothesis_validation
2118,7167,9746,15099,15119.0,15099.0,15099.0,154.0,144.0,False,20180828.tif,False,20.0,0.00132459103251871,11167,19746,fixed_coordinate_hypothesis_validation
2119,7219,6308,2969,2998.0,2969.0,2969.0,62.0,63.0,False,20180828.tif,False,29.0,0.009767598518019536,11219,16308,fixed_coordinate_hypothesis_validation
2120,7291,8088,1221,1240.0,1221.0,1221.0,38.0,43.0,False,20180828.tif,False,19.0,0.015561015561015561,11291,18088,fixed_coordinate_hypothesis_validation
2121,7354,9550,33818,33882.0,33818.0,33818.0,216.0,207.0,False,20180828.tif,False,64.0,0.0018924832929209296,11354,19550,fixed_coordinate_hypothesis_validation
2122,7349,11824,4345,4377.0,4345.0,4345.0,74.0,76.0,False,20180828.tif,False,32.0,0.007364787111622554,11349,21824,fixed_coordinate_hypothesis_validation
2123,7446,11210,14890,14902.0,14890.0,14890.0,138.0,157.0,False,20180828.tif,False,12.0,0.0008059100067159167,11446,21210,fixed_coordinate_hypothesis_validation
2124,7485,10019,1439,1461.0,1439.0,1439.0,45.0,41.0,False,20180828.tif,False,22.0,0.015288394718554551,11485,20019,fixed_coordinate_hypothesis_validation
2125,7499,8046,28562,28580.0,28562.0,28562.0,198.0,198.0,False,20180828.tif,False,18.0,0.0006302079686296478,11499,18046,fixed_coordinate_hypothesis_validation
2126,7565,6171,2172,2193.0,2172.0,2172.0,51.0,55.0,False,20180828.tif,False,21.0,0.009668508287292817,11565,16171,fixed_coordinate_hypothesis_validation
2127,7574,10024,35801,35856.0,35801.0,35801.0,214.0,223.0,False,20180828.tif,False,55.0,0.0015362699365939498,11574,20024,fixed_coordinate_hypothesis_validation
2128,7575,11358,1160,1184.0,1160.0,1160.0,40.0,38.0,False,20180828.tif,False,24.0,0.020689655172413793,11575,21358,fixed_coordinate_hypothesis_validation
2129,7585,6898,3578,3613.0,3578.0,3578.0,66.0,68.0,False,20180828.tif,False,35.0,0.009782001117942985,11585,16898,fixed_coordinate_hypothesis_validation
2131,7625,11090,1845,1865.0,1845.0,1845.0,46.0,53.0,False,20180828.tif,False,20.0,0.01084010840108401,11625,21090,fixed_coordinate_hypothesis_validation
2132,7653,10720,2498,2514.0,2498.0,2498.0,58.0,54.0,False,20180828.tif,False,16.0,0.006405124099279423,11653,20720,fixed_coordinate_hypothesis_validation
2133,7703,10742,10702,10683.0,10665.0,10702.0,117.0,122.0,False,20180828.tif,False,-19.0,-0.0017753690898897401,11703,20742,fixed_coordinate_hypothesis_validation
2134,7709,11564,2407,2431.0,2407.0,2407.0,51.0,58.0,False,20180828.tif,False,24.0,0.009970918155380142,11709,21564,fixed_coordinate_hypothesis_validation
2135,7733,11074,884,898.0,884.0,884.0,32.0,36.0,False,20180828.tif,False,14.0,0.01583710407239819,11733,21074,fixed_coordinate_hypothesis_validation
2136,7793,11078,1528,1552.0,1528.0,1528.0,47.0,41.0,False,20180828.tif,False,24.0,0.015706806282722512,11793,21078,fixed_coordinate_hypothesis_validation
2137,7835,10720,985,1008.0,985.0,985.0,34.0,38.0,False,20180828.tif,False,23.0,0.023350253807106598,11835,20720,fixed_coordinate_hypothesis_validation
2139,7959,9569,2079,2099.0,2079.0,2079.0,49.0,58.0,False,20180828.tif,False,20.0,0.00962000962000962,11959,19569,fixed_coordinate_hypothesis_validation
2140,8193,10684,2830,2866.0,2830.0,2830.0,54.0,66.0,False,20180828.tif,False,36.0,0.012720848056537103,12193,20684,fixed_coordinate_hypothesis_validation
2141,8219,11610,457,468.0,457.0,457.0,26.0,24.0,False,20180828.tif,False,11.0,0.024070021881838075,12219,21610,fixed_coordinate_hypothesis_validation
2142,8245,1559,274,285.0,274.0,274.0,19.0,19.0,False,20180828.tif,False,11.0,0.040145985401459854,12245,11559,fixed_coordinate_hypothesis_validation
2143,8269,11604,475,490.0,475.0,475.0,26.0,25.0,False,20180828.tif,False,15.0,0.031578947368421054,12269,21604,fixed_coordinate_hypothesis_validation
2145,8461,10586,12913,12929.0,12913.0,12913.0,124.0,132.0,False,20180828.tif,False,16.0,0.0012390614109811817,12461,20586,fixed_coordinate_hypothesis_validation
2146,8469,11756,395,407.0,395.0,395.0,23.0,22.0,False,20180828.tif,False,12.0,0.030379746835443037,12469,21756,fixed_coordinate_hypothesis_validation
2147,8655,9430,1809,1822.0,1809.0,1809.0,51.0,46.0,False,20180828.tif,False,13.0,0.007186290768380321,12655,19430,fixed_coordinate_hypothesis_validation
2149,8707,4216,1477,1494.0,1477.0,1477.0,45.0,43.0,False,20180828.tif,False,17.0,0.011509817197020988,12707,14216,fixed_coordinate_hypothesis_validation
2151,8790,9246,26099,26119.0,26099.0,26099.0,186.0,187.0,False,20180828.tif,False,20.0,0.0007663128855511706,12790,19246,fixed_coordinate_hypothesis_validation
2152,8835,13947,941,953.0,941.0,941.0,37.0,34.0,False,20180828.tif,False,12.0,0.012752391073326248,12835,23947,fixed_coordinate_hypothesis_validation
2153,8853,11210,2419,2454.0,2419.0,2419.0,56.0,57.0,False,20180828.tif,False,35.0,0.014468788755684168,12853,21210,fixed_coordinate_hypothesis_validation
2155,9043,11756,919,933.0,919.0,919.0,36.0,35.0,False,20180828.tif,False,14.0,0.015233949945593036,13043,21756,fixed_coordinate_hypothesis_validation
2156,9086,10510,14434,14480.0,14434.0,14434.0,132.0,144.0,False,20180828.tif,False,46.0,0.003186919772758764,13086,20510,fixed_coordinate_hypothesis_validation
2157,9105,8682,2141,2162.0,2141.0,2141.0,53.0,52.0,False,20180828.tif,False,21.0,0.009808500700607193,13105,18682,fixed_coordinate_hypothesis_validation
2158,9166,10062,28777,28839.0,28777.0,28777.0,196.0,187.0,False,20180828.tif,False,62.0,0.002154498384126212,13166,20062,fixed_coordinate_hypothesis_validation
2159,9205,13950,812,826.0,812.0,812.0,36.0,30.0,False,20180828.tif,False,14.0,0.017241379310344827,13205,23950,fixed_coordinate_hypothesis_validation
2160,9283,13864,642,654.0,642.0,642.0,28.0,30.0,False,20180828.tif,False,12.0,0.018691588785046728,13283,23864,fixed_coordinate_hypothesis_validation
2161,9303,8860,30030,30070.0,30030.0,30030.0,198.0,198.0,False,20180828.tif,False,40.0,0.001332001332001332,13303,18860,fixed_coordinate_hypothesis_validation
2163,9769,9789,21164,21178.0,21164.0,21164.0,162.0,172.0,False,20180828.tif,False,14.0,0.0006615006615006615,13769,19789,fixed_coordinate_hypothesis_validation
2164,9858,8402,1779,1787.0,1779.0,1779.0,46.0,52.0,False,20180828.tif,False,8.0,0.004496908375491849,13858,18402,fixed_coordinate_hypothesis_validation
2165,9919,6846,1891,1921.0,1891.0,1891.0,48.0,50.0,False,20180828.tif,False,30.0,0.015864621893178214,13919,16846,fixed_coordinate_hypothesis_validation
2166,10007,7302,2417,2430.0,2417.0,2417.0,58.0,54.0,False,20180828.tif,False,13.0,0.005378568473314025,14007,17302,fixed_coordinate_hypothesis_validation
2167,10031,6936,883,903.0,883.0,883.0,38.0,30.0,False,20180828.tif,False,20.0,0.022650056625141562,14031,16936,fixed_coordinate_hypothesis_validation
2168,10105,8770,1937,1959.0,1937.0,1937.0,48.0,50.0,False,20180828.tif,False,22.0,0.011357769747031492,14105,18770,fixed_coordinate_hypothesis_validation
2169,10139,8667,2605,2617.0,2605.0,2605.0,52.0,67.0,False,20180828.tif,False,12.0,0.004606525911708253,14139,18667,fixed_coordinate_hypothesis_validation
2170,10226,8686,1826,1850.0,1826.0,1826.0,52.0,49.0,False,20180828.tif,False,24.0,0.013143483023001095,14226,18686,fixed_coordinate_hypothesis_validation
2171,10207,14661,1951,1977.0,1951.0,1951.0,49.0,52.0,False,20180828.tif,False,26.0,0.013326499231163505,14207,24661,fixed_coordinate_hypothesis_validation
2172,10251,9860,4230,4258.0,4230.0,4230.0,82.0,67.0,False,20180828.tif,False,28.0,0.006619385342789598,14251,19860,fixed_coordinate_hypothesis_validation
2173,10295,8925,2493,2510.0,2493.0,2493.0,55.0,59.0,False,20180828.tif,False,17.0,0.00681909346169274,14295,18925,fixed_coordinate_hypothesis_validation
2174,10335,9582,3220,3258.0,3220.0,3220.0,66.0,62.0,False,20180828.tif,False,38.0,0.011801242236024845,14335,19582,fixed_coordinate_hypothesis_validation
2175,10387,8214,10558,10576.0,10558.0,10558.0,112.0,122.0,False,20180828.tif,False,18.0,0.0017048683462777042,14387,18214,fixed_coordinate_hypothesis_validation
2176,10387,8000,12225,12251.0,12225.0,12225.0,126.0,130.0,False,20180828.tif,False,26.0,0.0021267893660531696,14387,18000,fixed_coordinate_hypothesis_validation
2177,10409,9722,1608,1636.0,1608.0,1608.0,44.0,46.0,False,20180828.tif,False,28.0,0.017412935323383085,14409,19722,fixed_coordinate_hypothesis_validation
2178,10527,7576,2480,2498.0,2480.0,2480.0,53.0,59.0,False,20180828.tif,False,18.0,0.007258064516129033,14527,17576,fixed_coordinate_hypothesis_validation
2179,10685,9746,7024,7090.0,7024.0,7024.0,92.0,96.0,False,20180828.tif,False,66.0,0.00939635535307517,14685,19746,fixed_coordinate_hypothesis_validation
2180,10871,5724,1221,1240.0,1221.0,1221.0,38.0,40.0,False,20180828.tif,False,19.0,0.015561015561015561,14871,15724,fixed_coordinate_hypothesis_validation
2182,11055,8175,1119,1130.0,1119.0,1119.0,36.0,42.0,False,20180828.tif,False,11.0,0.009830205540661306,15055,18175,fixed_coordinate_hypothesis_validation
2183,11109,8142,1572,1601.0,1572.0,1572.0,42.0,49.0,False,20180828.tif,False,29.0,0.018447837150127225,15109,18142,fixed_coordinate_hypothesis_validation
2184,11145,6266,975,990.0,975.0,975.0,36.0,35.0,False,20180828.tif,False,15.0,0.015384615384615385,15145,16266,fixed_coordinate_hypothesis_validation
2185,11209,7998,630,637.0,630.0,630.0,29.0,29.0,False,20180828.tif,False,7.0,0.011111111111111112,15209,17998,fixed_coordinate_hypothesis_validation
2186,11285,5092,2603,2625.0,2603.0,2603.0,58.0,60.0,False,20180828.tif,False,22.0,0.008451786400307337,15285,15092,fixed_coordinate_hypothesis_validation
2187,11345,4956,1502,1512.0,1502.0,1502.0,47.0,44.0,False,20180828.tif,False,10.0,0.006657789613848202,15345,14956,fixed_coordinate_hypothesis_validation
2189,11357,5012,994,1011.0,994.0,994.0,34.0,40.0,False,20180828.tif,False,17.0,0.01710261569416499,15357,15012,fixed_coordinate_hypothesis_validation
2190,11355,9154,698,715.0,698.0,698.0,30.0,29.0,False,20180828.tif,False,17.0,0.024355300859598854,15355,19154,fixed_coordinate_hypothesis_validation
2193,11515,5654,1986,2006.0,1986.0,1986.0,48.0,53.0,False,20180828.tif,False,20.0,0.010070493454179255,15515,15654,fixed_coordinate_hypothesis_validation
2195,11769,7348,1221,1229.0,1221.0,1221.0,36.0,46.0,False,20180828.tif,False,8.0,0.006552006552006552,15769,17348,fixed_coordinate_hypothesis_validation
2196,11843,7612,759,769.0,759.0,759.0,31.0,32.0,False,20180828.tif,False,10.0,0.013175230566534914,15843,17612,fixed_coordinate_hypothesis_validation
2197,12027,4582,21504,21532.0,21504.0,21504.0,176.0,162.0,False,20180828.tif,False,28.0,0.0013020833333333333,16027,14582,fixed_coordinate_hypothesis_validation
2198,12053,7589,1968,1997.0,1968.0,1968.0,49.0,54.0,False,20180828.tif,False,29.0,0.014735772357723578,16053,17589,fixed_coordinate_hypothesis_validation
2199,12081,77,603,617.0,603.0,603.0,31.0,26.0,False,20180828.tif,False,14.0,0.02321724709784411,16081,10077,fixed_coordinate_hypothesis_validation
2200,12070,4262,16249,16289.0,16249.0,16249.0,144.0,139.0,False,20180828.tif,False,40.0,0.0024616899501507783,16070,14262,fixed_coordinate_hypothesis_validation
2201,12109,44,561,570.0,561.0,561.0,29.0,28.0,False,20180828.tif,False,9.0,0.016042780748663103,16109,10044,fixed_coordinate_hypothesis_validation
2202,12187,171,457,466.0,457.0,457.0,26.0,25.0,False,20180828.tif,False,9.0,0.019693654266958426,16187,10171,fixed_coordinate_hypothesis_validation
2203,12173,8063,1308,1334.0,1308.0,1308.0,43.0,40.0,False,20180828.tif,False,26.0,0.019877675840978593,16173,18063,fixed_coordinate_hypothesis_validation
2204,12217,139,505,516.0,505.0,505.0,25.0,27.0,False,20180828.tif,False,11.0,0.02178217821782178,16217,10139,fixed_coordinate_hypothesis_validation
2205,12202,7318,2254,2263.0,2254.0,2254.0,54.0,56.0,False,20180828.tif,False,9.0,0.003992901508429458,16202,17318,fixed_coordinate_hypothesis_validation
2206,12211,8650,1003,1018.0,1003.0,1003.0,38.0,35.0,False,20180828.tif,False,15.0,0.014955134596211365,16211,18650,fixed_coordinate_hypothesis_validation
2207,12215,7685,4484,4502.0,4484.0,4484.0,76.0,80.0,False,20180828.tif,False,18.0,0.004014272970561998,16215,17685,fixed_coordinate_hypothesis_validation
2208,12277,7381,2871,2901.0,2871.0,2871.0,59.0,60.0,False,20180828.tif,False,30.0,0.01044932079414838,16277,17381,fixed_coordinate_hypothesis_validation
2209,12293,8942,249,257.0,249.0,249.0,19.0,20.0,False,20180828.tif,False,8.0,0.0321285140562249,16293,18942,fixed_coordinate_hypothesis_validation
2210,12313,7300,2168,2174.0,2168.0,2168.0,56.0,55.0,False,20180828.tif,False,6.0,0.0027675276752767526,16313,17300,fixed_coordinate_hypothesis_validation
2211,12319,8965,1861,1871.0,1861.0,1861.0,51.0,48.0,False,20180828.tif,False,10.0,0.0053734551316496505,16319,18965,fixed_coordinate_hypothesis_validation
2212,12333,6114,4194,4232.0,4194.0,4194.0,72.0,78.0,False,20180828.tif,False,38.0,0.009060562708631379,16333,16114,fixed_coordinate_hypothesis_validation
2213,12337,9230,169,177.0,169.0,169.0,16.0,15.0,False,20180828.tif,False,8.0,0.047337278106508875,16337,19230,fixed_coordinate_hypothesis_validation
2214,12337,9281,1001,1025.0,1001.0,1001.0,37.0,34.0,False,20180828.tif,False,24.0,0.023976023976023976,16337,19281,fixed_coordinate_hypothesis_validation
2215,12341,9097,1893,1916.0,1893.0,1893.0,47.0,50.0,False,20180828.tif,False,23.0,0.012150026413100899,16341,19097,fixed_coordinate_hypothesis_validation
2216,12355,8700,2264,2290.0,2264.0,2264.0,54.0,54.0,False,20180828.tif,False,26.0,0.011484098939929329,16355,18700,fixed_coordinate_hypothesis_validation
2217,12363,8438,2733,2769.0,2733.0,2733.0,56.0,60.0,False,20180828.tif,False,36.0,0.013172338090010977,16363,18438,fixed_coordinate_hypothesis_validation
2218,12377,4464,3749,3765.0,3749.0,3749.0,68.0,72.0,False,20180828.tif,False,16.0,0.004267804747932782,16377,14464,fixed_coordinate_hypothesis_validation
2219,12371,9414,829,848.0,829.0,829.0,30.0,36.0,False,20180828.tif,False,19.0,0.022919179734620022,16371,19414,fixed_coordinate_hypothesis_validation
2220,12377,6268,2602,2631.0,2602.0,2602.0,58.0,58.0,False,20180828.tif,False,29.0,0.011145272867025366,16377,16268,fixed_coordinate_hypothesis_validation
2221,12383,9318,632,660.0,632.0,632.0,28.0,32.0,False,20180828.tif,False,28.0,0.04430379746835443,16383,19318,fixed_coordinate_hypothesis_validation
2222,12387,8835,535,551.0,535.0,535.0,25.0,28.0,False,20180828.tif,False,16.0,0.029906542056074768,16387,18835,fixed_coordinate_hypothesis_validation
2223,12415,9454,1020,1037.0,1020.0,1020.0,38.0,36.0,False,20180828.tif,False,17.0,0.016666666666666666,16415,19454,fixed_coordinate_hypothesis_validation
2224,12431,9035,1015,1034.0,1015.0,1015.0,35.0,37.0,False,20180828.tif,False,19.0,0.0187192118226601,16431,19035,fixed_coordinate_hypothesis_validation
2225,12447,8878,1321,1338.0,1321.0,1321.0,40.0,44.0,False,20180828.tif,False,17.0,0.012869038607115822,16447,18878,fixed_coordinate_hypothesis_validation
2226,12511,8414,793,806.0,793.0,793.0,33.0,32.0,False,20180828.tif,False,13.0,0.01639344262295082,16511,18414,fixed_coordinate_hypothesis_validation
2227,12525,9076,239,251.0,239.0,239.0,18.0,18.0,False,20180828.tif,False,12.0,0.0502092050209205,16525,19076,fixed_coordinate_hypothesis_validation
2228,12537,8828,2850,2858.0,2850.0,2850.0,62.0,60.0,False,20180828.tif,False,8.0,0.002807017543859649,16537,18828,fixed_coordinate_hypothesis_validation
2229,12603,6616,16042,16092.0,16042.0,16042.0,142.0,144.0,False,20180828.tif,False,50.0,0.0031168183518264555,16603,16616,fixed_coordinate_hypothesis_validation
2231,12683,9428,1499,1521.0,1499.0,1499.0,44.0,46.0,False,20180828.tif,False,22.0,0.01467645096731154,16683,19428,fixed_coordinate_hypothesis_validation
2232,12685,8328,702,709.0,702.0,702.0,34.0,32.0,False,20180828.tif,False,7.0,0.009971509971509971,16685,18328,fixed_coordinate_hypothesis_validation
2233,12717,8600,1070,1086.0,1070.0,1070.0,38.0,38.0,False,20180828.tif,False,16.0,0.014953271028037384,16717,18600,fixed_coordinate_hypothesis_validation
2234,12767,9368,869,880.0,869.0,869.0,34.0,34.0,False,20180828.tif,False,11.0,0.012658227848101266,16767,19368,fixed_coordinate_hypothesis_validation
2235,12769,8632,915,929.0,915.0,915.0,36.0,34.0,False,20180828.tif,False,14.0,0.015300546448087432,16769,18632,fixed_coordinate_hypothesis_validation
2236,12785,9987,224,235.0,224.0,224.0,19.0,17.0,False,20180828.tif,False,11.0,0.049107142857142856,16785,19987,fixed_coordinate_hypothesis_validation
2237,12809,9015,996,1014.0,996.0,996.0,35.0,37.0,False,20180828.tif,False,18.0,0.018072289156626505,16809,19015,fixed_coordinate_hypothesis_validation
2238,12827,8644,707,725.0,707.0,707.0,30.0,31.0,False,20180828.tif,False,18.0,0.02545968882602546,16827,18644,fixed_coordinate_hypothesis_validation
2240,12855,6146,3291,3313.0,3291.0,3291.0,68.0,64.0,False,20180828.tif,False,22.0,0.006684898207231844,16855,16146,fixed_coordinate_hypothesis_validation
2241,12853,9898,867,884.0,867.0,867.0,34.0,34.0,False,20180828.tif,False,17.0,0.0196078431372549,16853,19898,fixed_coordinate_hypothesis_validation
2242,12868,5886,5138,5181.0,5138.0,5138.0,76.0,87.0,False,20180828.tif,False,43.0,0.008369015181004281,16868,15886,fixed_coordinate_hypothesis_validation
2243,12879,8808,2274,2285.0,2274.0,2274.0,50.0,57.0,False,20180828.tif,False,11.0,0.004837291116974494,16879,18808,fixed_coordinate_hypothesis_validation
2244,12883,6826,2006,2026.0,2006.0,2006.0,50.0,54.0,False,20180828.tif,False,20.0,0.009970089730807577,16883,16826,fixed_coordinate_hypothesis_validation
2245,12891,7142,998,1018.0,998.0,998.0,36.0,37.0,False,20180828.tif,False,20.0,0.02004008016032064,16891,17142,fixed_coordinate_hypothesis_validation
2247,12983,8594,12504,12536.0,12504.0,12504.0,128.0,126.0,False,20180828.tif,False,32.0,0.0025591810620601407,16983,18594,fixed_coordinate_hypothesis_validation
2248,13003,5846,37744,37780.0,37744.0,37744.0,232.0,210.0,False,20180828.tif,False,36.0,0.0009537939805002119,17003,15846,fixed_coordinate_hypothesis_validation
2249,13007,9914,1594,1609.0,1594.0,1594.0,42.0,49.0,False,20180828.tif,False,15.0,0.009410288582183186,17007,19914,fixed_coordinate_hypothesis_validation
2250,13041,7791,776,788.0,776.0,776.0,28.0,38.0,False,20180828.tif,False,12.0,0.015463917525773196,17041,17791,fixed_coordinate_hypothesis_validation
2252,13077,9903,1251,1264.0,1251.0,1251.0,40.0,42.0,False,20180828.tif,False,13.0,0.010391686650679457,17077,19903,fixed_coordinate_hypothesis_validation
2253,13083,8062,2181,2198.0,2181.0,2181.0,48.0,58.0,False,20180828.tif,False,17.0,0.007794589637780834,17083,18062,fixed_coordinate_hypothesis_validation
2254,13099,8802,3578,3602.0,3578.0,3578.0,64.0,74.0,False,20180828.tif,False,24.0,0.006707657909446618,17099,18802,fixed_coordinate_hypothesis_validation
2255,13139,7822,2209,2236.0,2209.0,2209.0,48.0,57.0,False,20180828.tif,False,27.0,0.012222725215029425,17139,17822,fixed_coordinate_hypothesis_validation
2256,13181,9122,3389,3435.0,3389.0,3389.0,68.0,66.0,False,20180828.tif,False,46.0,0.013573325464738861,17181,19122,fixed_coordinate_hypothesis_validation
2257,13207,9444,939,963.0,939.0,939.0,34.0,36.0,False,20180828.tif,False,24.0,0.025559105431309903,17207,19444,fixed_coordinate_hypothesis_validation
2258,13221,9623,416,433.0,416.0,416.0,23.0,24.0,False,20180828.tif,False,17.0,0.040865384615384616,17221,19623,fixed_coordinate_hypothesis_validation
2259,13245,6302,4949,4999.0,4949.0,4949.0,80.0,80.0,False,20180828.tif,False,50.0,0.010103051121438675,17245,16302,fixed_coordinate_hypothesis_validation
2260,13343,7108,966,986.0,966.0,966.0,34.0,40.0,False,20180828.tif,False,20.0,0.020703933747412008,17343,17108,fixed_coordinate_hypothesis_validation
2262,13371,6914,1781,1810.0,1781.0,1781.0,46.0,48.0,False,20180828.tif,False,29.0,0.016282987085906794,17371,16914,fixed_coordinate_hypothesis_validation
2263,13397,9372,1634,1664.0,1634.0,1634.0,46.0,46.0,False,20180828.tif,False,30.0,0.01835985312117503,17397,19372,fixed_coordinate_hypothesis_validation
2264,13429,7572,1850,1858.0,1850.0,1850.0,50.0,49.0,False,20180828.tif,False,8.0,0.004324324324324324,17429,17572,fixed_coordinate_hypothesis_validation
2265,13479,7610,596,620.0,596.0,596.0,26.0,30.0,False,20180828.tif,False,24.0,0.040268456375838924,17479,17610,fixed_coordinate_hypothesis_validation
2266,13503,6380,3037,3067.0,3037.0,3037.0,62.0,64.0,False,20180828.tif,False,30.0,0.009878169245966415,17503,16380,fixed_coordinate_hypothesis_validation
2267,13515,9658,2028,2048.0,2028.0,2028.0,52.0,52.0,False,20180828.tif,False,20.0,0.009861932938856016,17515,19658,fixed_coordinate_hypothesis_validation
2269,13545,6582,1835,1841.0,1835.0,1835.0,48.0,50.0,False,20180828.tif,False,6.0,0.0032697547683923707,17545,16582,fixed_coordinate_hypothesis_validation
2270,13539,9710,27292,27316.0,27292.0,27292.0,188.0,192.0,False,20180828.tif,False,24.0,0.0008793785724754507,17539,19710,fixed_coordinate_hypothesis_validation
2271,13567,8712,2116,2148.0,2116.0,2116.0,50.0,54.0,False,20180828.tif,False,32.0,0.015122873345935728,17567,18712,fixed_coordinate_hypothesis_validation
2272,13573,7574,552,557.0,552.0,552.0,28.0,28.0,False,20180828.tif,False,5.0,0.009057971014492754,17573,17574,fixed_coordinate_hypothesis_validation
2273,13629,7962,3575,3617.0,3575.0,3575.0,66.0,68.0,False,20180828.tif,False,42.0,0.011748251748251748,17629,17962,fixed_coordinate_hypothesis_validation
2274,13667,8210,1010,1017.0,1010.0,1010.0,32.0,40.0,False,20180828.tif,False,7.0,0.006930693069306931,17667,18210,fixed_coordinate_hypothesis_validation
2275,13677,8138,2872,2906.0,2872.0,2872.0,58.0,62.0,False,20180828.tif,False,34.0,0.011838440111420613,17677,18138,fixed_coordinate_hypothesis_validation
2276,13681,6165,4931,4973.0,4931.0,4931.0,79.0,78.0,False,20180828.tif,False,42.0,0.008517542080713852,17681,16165,fixed_coordinate_hypothesis_validation
2277,13847,7658,1582,1614.0,1582.0,1582.0,44.0,46.0,False,20180828.tif,False,32.0,0.020227560050568902,17847,17658,fixed_coordinate_hypothesis_validation
2279,13949,8346,1256,1282.0,1256.0,1256.0,40.0,42.0,False,20180828.tif,False,26.0,0.020700636942675158,17949,18346,fixed_coordinate_hypothesis_validation
2280,14059,7464,1610,1638.0,1610.0,1610.0,46.0,46.0,False,20180828.tif,False,28.0,0.017391304347826087,18059,17464,fixed_coordinate_hypothesis_validation
2281,14063,8374,1947,1967.0,1947.0,1947.0,50.0,52.0,False,20180828.tif,False,20.0,0.01027221366204417,18063,18374,fixed_coordinate_hypothesis_validation
2283,14121,9100,858,869.0,858.0,858.0,36.0,32.0,False,20180828.tif,False,11.0,0.01282051282051282,18121,19100,fixed_coordinate_hypothesis_validation
2284,14181,8105,2003,2024.0,2003.0,2003.0,48.0,54.0,False,20180828.tif,False,21.0,0.010484273589615577,18181,18105,fixed_coordinate_hypothesis_validation
2285,14227,6998,1799,1805.0,1799.0,1799.0,50.0,47.0,False,20180828.tif,False,6.0,0.0033351862145636463,18227,16998,fixed_coordinate_hypothesis_validation
2286,14263,7702,3703,3716.0,3703.0,3703.0,64.0,74.0,False,20180828.tif,False,13.0,0.0035106670267350797,18263,17702,fixed_coordinate_hypothesis_validation
2287,14271,8210,1190,1208.0,1190.0,1190.0,40.0,40.0,False,20180828.tif,False,18.0,0.015126050420168067,18271,18210,fixed_coordinate_hypothesis_validation
2288,14293,7170,3085,3099.0,3085.0,3085.0,66.0,64.0,False,20180828.tif,False,14.0,0.00453808752025932,18293,17170,fixed_coordinate_hypothesis_validation
2289,14291,9182,1680,1697.0,1680.0,1680.0,44.0,52.0,False,20180828.tif,False,17.0,0.01011904761904762,18291,19182,fixed_coordinate_hypothesis_validation
2290,14389,6730,2862,2892.0,2862.0,2862.0,56.0,64.0,False,20180828.tif,False,30.0,0.010482180293501049,18389,16730,fixed_coordinate_hypothesis_validation
2291,14404,8474,1804,1817.0,1804.0,1804.0,46.0,52.0,False,20180828.tif,False,13.0,0.007206208425720621,18404,18474,fixed_coordinate_hypothesis_validation
2292,14487,8019,2456,2470.0,2456.0,2456.0,52.0,62.0,False,20180828.tif,False,14.0,0.005700325732899023,18487,18019,fixed_coordinate_hypothesis_validation
2293,14499,9374,656,667.0,656.0,656.0,30.0,30.0,False,20180828.tif,False,11.0,0.01676829268292683,18499,19374,fixed_coordinate_hypothesis_validation
2294,14487,8019,2456,2470.0,2456.0,2456.0,52.0,62.0,False,20180828.tif,False,14.0,0.005700325732899023,18487,18019,fixed_coordinate_hypothesis_validation
2295,14549,7406,1589,1599.0,1589.0,1589.0,44.0,48.0,False,20180828.tif,False,10.0,0.0062932662051604785,18549,17406,fixed_coordinate_hypothesis_validation
2296,14587,7494,2897,2924.0,2897.0,2897.0,60.0,62.0,False,20180828.tif,False,27.0,0.009319986192613048,18587,17494,fixed_coordinate_hypothesis_validation
2297,14679,11624,872,883.0,872.0,872.0,38.0,32.0,False,20180828.tif,False,11.0,0.01261467889908257,18679,21624,fixed_coordinate_hypothesis_validation
2298,14687,8086,2209,2237.0,2209.0,2209.0,52.0,56.0,False,20180828.tif,False,28.0,0.012675418741511997,18687,18086,fixed_coordinate_hypothesis_validation
2299,14743,8522,3408,3430.0,3408.0,3408.0,61.0,72.0,False,20180828.tif,False,22.0,0.006455399061032864,18743,18522,fixed_coordinate_hypothesis_validation
2302,14779,11634,4301,4325.0,4301.0,4301.0,74.0,76.0,False,20180828.tif,False,24.0,0.005580097651708905,18779,21634,fixed_coordinate_hypothesis_validation
2303,14933,8238,1474,1487.0,1474.0,1474.0,44.0,46.0,False,20180828.tif,False,13.0,0.008819538670284939,18933,18238,fixed_coordinate_hypothesis_validation
2304,14955,11676,1272,1300.0,1272.0,1272.0,42.0,40.0,False,20180828.tif,False,28.0,0.0220125786163522,18955,21676,fixed_coordinate_hypothesis_validation
2305,15049,11758,3017,3057.0,3017.0,3017.0,65.0,58.0,False,20180828.tif,False,40.0,0.013258203513423931,19049,21758,fixed_coordinate_hypothesis_validation
2306,15095,9124,1848,1877.0,1848.0,1848.0,52.0,48.0,False,20180828.tif,False,29.0,0.015692640692640692,19095,19124,fixed_coordinate_hypothesis_validation
2307,15101,9216,181,195.0,181.0,181.0,18.0,14.0,False,20180828.tif,False,14.0,0.07734806629834254,19101,19216,fixed_coordinate_hypothesis_validation
2308,15105,11678,2342,2359.0,2342.0,2342.0,55.0,56.0,False,20180828.tif,False,17.0,0.007258753202391118,19105,21678,fixed_coordinate_hypothesis_validation
2309,15493,8850,1576,1600.0,1576.0,1576.0,42.0,48.0,False,20180828.tif,False,24.0,0.015228426395939087,19493,18850,fixed_coordinate_hypothesis_validation
2310,15679,7728,3754,3784.0,3754.0,3754.0,70.0,68.0,False,20180828.tif,False,30.0,0.007991475759190196,19679,17728,fixed_coordinate_hypothesis_validation
2311,15695,8818,7569,7608.0,7569.0,7569.0,98.0,102.0,False,20180828.tif,False,39.0,0.005152596115735236,19695,18818,fixed_coordinate_hypothesis_validation
2313,16091,11314,721,731.0,721.0,721.0,30.0,32.0,False,20180828.tif,False,10.0,0.013869625520110958,20091,21314,fixed_coordinate_hypothesis_validation
2314,16127,11222,2173,2199.0,2173.0,2173.0,48.0,58.0,False,20180828.tif,False,26.0,0.011965025310630465,20127,21222,fixed_coordinate_hypothesis_validation
2315,16203,11200,1391,1410.0,1391.0,1391.0,42.0,45.0,False,20180828.tif,False,19.0,0.013659237958303379,20203,21200,fixed_coordinate_hypothesis_validation
2316,16207,11814,749,766.0,749.0,749.0,32.0,32.0,False,20180828.tif,False,17.0,0.022696929238985315,20207,21814,fixed_coordinate_hypothesis_validation
2317,16367,11668,751,762.0,751.0,751.0,31.0,30.0,False,20180828.tif,False,11.0,0.014647137150466045,20367,21668,fixed_coordinate_hypothesis_validation
2318,16389,11760,2370,2408.0,2370.0,2370.0,52.0,58.0,False,20180828.tif,False,38.0,0.016033755274261603,20389,21760,fixed_coordinate_hypothesis_validation
2319,16511,12388,983,1008.0,983.0,983.0,32.0,40.0,False,20180828.tif,False,25.0,0.0254323499491353,20511,22388,fixed_coordinate_hypothesis_validation
2320,16675,14278,1294,1318.0,1294.0,1294.0,36.0,48.0,False,20180828.tif,False,24.0,0.01854714064914992,20675,24278,fixed_coordinate_hypothesis_validation
2321,16687,12650,242,250.0,242.0,242.0,20.0,18.0,False,20180828.tif,False,8.0,0.03305785123966942,20687,22650,fixed_coordinate_hypothesis_validation
2322,1003,1862,215,220.0,215.0,215.0,20.0,17.0,False,20180828.tif,False,5.0,0.023255813953488372,5003,11862,fixed_coordinate_hypothesis_validation
2323,1032,4824,102,112.0,102.0,102.0,12.0,13.0,False,20180828.tif,False,10.0,0.09803921568627451,5032,14824,fixed_coordinate_hypothesis_validation
2324,1207,5464,133,137.0,133.0,133.0,14.0,14.0,False,20180828.tif,False,4.0,0.03007518796992481,5207,15464,fixed_coordinate_hypothesis_validation
2325,1323,4833,412,429.0,412.0,412.0,23.0,23.0,False,20180828.tif,False,17.0,0.0412621359223301,5323,14833,fixed_coordinate_hypothesis_validation
2326,2155,8718,512,536.0,512.0,512.0,28.0,23.0,False,20180828.tif,False,24.0,0.046875,6155,18718,fixed_coordinate_hypothesis_validation
2327,2157,8804,151,161.0,151.0,151.0,16.0,14.0,False,20180828.tif,False,10.0,0.06622516556291391,6157,18804,fixed_coordinate_hypothesis_validation
2328,2201,8767,698,720.0,698.0,698.0,31.0,29.0,False,20180828.tif,False,22.0,0.03151862464183381,6201,18767,fixed_coordinate_hypothesis_validation
2329,3034,5980,819,829.0,819.0,819.0,40.0,28.0,False,20180828.tif,False,10.0,0.01221001221001221,7034,15980,fixed_coordinate_hypothesis_validation
2330,3207,5886,2387,2412.0,2387.0,2387.0,64.0,50.0,False,20180828.tif,False,25.0,0.010473397570171765,7207,15886,fixed_coordinate_hypothesis_validation
2331,3389,5558,207,221.0,207.0,207.0,18.0,16.0,False,20180828.tif,False,14.0,0.06763285024154589,7389,15558,fixed_coordinate_hypothesis_validation
2332,3479,7442,20023,20047.0,20023.0,20023.0,158.0,160.0,False,20180828.tif,False,24.0,0.0011986215851770463,7479,17442,fixed_coordinate_hypothesis_validation
2333,3563,6130,738,756.0,738.0,738.0,32.0,30.0,False,20180828.tif,False,18.0,0.024390243902439025,7563,16130,fixed_coordinate_hypothesis_validation
2334,3679,3598,699,723.0,699.0,699.0,31.0,30.0,False,20180828.tif,False,24.0,0.034334763948497854,7679,13598,fixed_coordinate_hypothesis_validation
2335,3711,6686,742,760.0,742.0,742.0,33.0,29.0,False,20180828.tif,False,18.0,0.02425876010781671,7711,16686,fixed_coordinate_hypothesis_validation
2336,4049,3574,4305,4349.0,4305.0,4305.0,62.0,86.0,False,20180828.tif,False,44.0,0.010220673635307782,8049,13574,fixed_coordinate_hypothesis_validation
2337,4157,4075,644,653.0,644.0,644.0,29.0,30.0,False,20180828.tif,False,9.0,0.013975155279503106,8157,14075,fixed_coordinate_hypothesis_validation
2338,4319,3866,1278,1304.0,1278.0,1278.0,42.0,40.0,False,20180828.tif,False,26.0,0.02034428794992175,8319,13866,fixed_coordinate_hypothesis_validation
2339,4409,7578,1082,1103.0,1082.0,1082.0,38.0,38.0,False,20180828.tif,False,21.0,0.019408502772643253,8409,17578,fixed_coordinate_hypothesis_validation
2340,4423,12094,102,112.0,102.0,102.0,14.0,10.0,False,20180828.tif,False,10.0,0.09803921568627451,8423,22094,fixed_coordinate_hypothesis_validation
2341,4575,5945,171,179.0,171.0,171.0,17.0,16.0,False,20180828.tif,False,8.0,0.04678362573099415,8575,15945,fixed_coordinate_hypothesis_validation
2342,4595,5898,110,120.0,110.0,110.0,12.0,14.0,False,20180828.tif,False,10.0,0.09090909090909091,8595,15898,fixed_coordinate_hypothesis_validation
2343,4731,6782,1047,1060.0,1047.0,1047.0,36.0,38.0,False,20180828.tif,False,13.0,0.012416427889207259,8731,16782,fixed_coordinate_hypothesis_validation
2344,4742,6124,2230,2280.0,2230.0,2230.0,50.0,56.0,False,20180828.tif,False,50.0,0.02242152466367713,8742,16124,fixed_coordinate_hypothesis_validation
2345,4802,10882,24908,24918.0,24908.0,24908.0,182.0,184.0,False,20180828.tif,False,10.0,0.0004014774369680424,8802,20882,fixed_coordinate_hypothesis_validation
2346,4827,4858,757,770.0,757.0,757.0,30.0,35.0,False,20180828.tif,False,13.0,0.017173051519154558,8827,14858,fixed_coordinate_hypothesis_validation
2347,4873,4952,837,852.0,837.0,837.0,34.0,35.0,False,20180828.tif,False,15.0,0.017921146953405017,8873,14952,fixed_coordinate_hypothesis_validation
2348,4923,10778,144,164.0,144.0,144.0,14.0,14.0,False,20180828.tif,False,20.0,0.1388888888888889,8923,20778,fixed_coordinate_hypothesis_validation
2349,4979,10756,981,998.0,981.0,981.0,38.0,32.0,False,20180828.tif,False,17.0,0.017329255861365953,8979,20756,fixed_coordinate_hypothesis_validation
2350,5021,4896,116,124.0,116.0,116.0,12.0,14.0,False,20180828.tif,False,8.0,0.06896551724137931,9021,14896,fixed_coordinate_hypothesis_validation
2351,5039,4944,293,311.0,293.0,293.0,20.0,18.0,False,20180828.tif,False,18.0,0.06143344709897611,9039,14944,fixed_coordinate_hypothesis_validation
2352,5187,8876,1427,1439.0,1427.0,1427.0,44.0,46.0,False,20180828.tif,False,12.0,0.008409250175192713,9187,18876,fixed_coordinate_hypothesis_validation
2353,5439,11054,1282,1300.0,1282.0,1282.0,42.0,42.0,False,20180828.tif,False,18.0,0.014040561622464899,9439,21054,fixed_coordinate_hypothesis_validation
2354,5445,10698,1301,1314.0,1301.0,1301.0,40.0,43.0,False,20180828.tif,False,13.0,0.009992313604919293,9445,20698,fixed_coordinate_hypothesis_validation
2355,5453,10642,1598,1613.0,1598.0,1598.0,46.0,46.0,False,20180828.tif,False,15.0,0.009386733416770964,9453,20642,fixed_coordinate_hypothesis_validation
2356,5547,10774,230,253.0,230.0,230.0,18.0,16.0,False,20180828.tif,False,23.0,0.1,9547,20774,fixed_coordinate_hypothesis_validation
2357,5551,5620,163,177.0,163.0,163.0,18.0,14.0,False,20180828.tif,False,14.0,0.08588957055214724,9551,15620,fixed_coordinate_hypothesis_validation
2358,5739,6122,244,249.0,244.0,244.0,20.0,19.0,False,20180828.tif,False,5.0,0.020491803278688523,9739,16122,fixed_coordinate_hypothesis_validation
2359,5771,6158,171,181.0,171.0,171.0,16.0,15.0,False,20180828.tif,False,10.0,0.05847953216374269,9771,16158,fixed_coordinate_hypothesis_validation
2360,5813,6470,307,313.0,307.0,307.0,24.0,18.0,False,20180828.tif,False,6.0,0.019543973941368076,9813,16470,fixed_coordinate_hypothesis_validation
2361,6047,5904,3236,3264.0,3236.0,3236.0,66.0,63.0,False,20180828.tif,False,28.0,0.00865265760197775,10047,15904,fixed_coordinate_hypothesis_validation
2362,6109,5882,391,398.0,391.0,391.0,24.0,24.0,False,20180828.tif,False,7.0,0.017902813299232736,10109,15882,fixed_coordinate_hypothesis_validation
2363,6175,5871,802,819.0,802.0,802.0,29.0,39.0,False,20180828.tif,False,17.0,0.02119700748129676,10175,15871,fixed_coordinate_hypothesis_validation
2364,6417,7854,106,116.0,106.0,106.0,14.0,12.0,False,20180828.tif,False,10.0,0.09433962264150944,10417,17854,fixed_coordinate_hypothesis_validation
2365,6557,8184,662,689.0,662.0,662.0,30.0,28.0,False,20180828.tif,False,27.0,0.04078549848942598,10557,18184,fixed_coordinate_hypothesis_validation
2366,6665,5744,426,442.0,426.0,426.0,24.0,24.0,False,20180828.tif,False,16.0,0.03755868544600939,10665,15744,fixed_coordinate_hypothesis_validation
2367,6710,8350,144,160.0,144.0,144.0,16.0,12.0,False,20180828.tif,False,16.0,0.1111111111111111,10710,18350,fixed_coordinate_hypothesis_validation
2368,6795,6319,1259,1282.0,1259.0,1259.0,41.0,40.0,False,20180828.tif,False,23.0,0.018268467037331215,10795,16319,fixed_coordinate_hypothesis_validation
2369,6879,6527,139,156.0,139.0,139.0,15.0,14.0,False,20180828.tif,False,17.0,0.1223021582733813,10879,16527,fixed_coordinate_hypothesis_validation
2370,6990,10672,16308,16354.0,16308.0,16308.0,138.0,163.0,False,20180828.tif,False,46.0,0.002820701496198185,10990,20672,fixed_coordinate_hypothesis_validation
2371,7029,11100,1192,1221.0,1192.0,1192.0,36.0,43.0,False,20180828.tif,False,29.0,0.024328859060402684,11029,21100,fixed_coordinate_hypothesis_validation
2372,7157,6288,137,153.0,137.0,137.0,16.0,12.0,False,20180828.tif,False,16.0,0.11678832116788321,11157,16288,fixed_coordinate_hypothesis_validation
2373,7569,6816,445,460.0,445.0,445.0,26.0,24.0,False,20180828.tif,False,15.0,0.033707865168539325,11569,16816,fixed_coordinate_hypothesis_validation
2374,7729,7470,1025,1053.0,1025.0,1025.0,38.0,34.0,False,20180828.tif,False,28.0,0.027317073170731707,11729,17470,fixed_coordinate_hypothesis_validation
2375,7734,6788,2144,2170.0,2144.0,2144.0,50.0,59.0,False,20180828.tif,False,26.0,0.012126865671641791,11734,16788,fixed_coordinate_hypothesis_validation
2376,7737,6904,2224,2244.0,2224.0,2224.0,58.0,50.0,False,20180828.tif,False,20.0,0.008992805755395683,11737,16904,fixed_coordinate_hypothesis_validation
2377,8070,6914,3650,3676.0,3650.0,3650.0,68.0,71.0,False,20180828.tif,False,26.0,0.007123287671232876,12070,16914,fixed_coordinate_hypothesis_validation
2378,8085,11552,807,815.0,807.0,807.0,35.0,30.0,False,20180828.tif,False,8.0,0.009913258983890954,12085,21552,fixed_coordinate_hypothesis_validation
2379,8105,11640,541,562.0,541.0,541.0,26.0,28.0,False,20180828.tif,False,21.0,0.038817005545286505,12105,21640,fixed_coordinate_hypothesis_validation
2380,8389,14870,742,758.0,742.0,742.0,31.0,33.0,False,20180828.tif,False,16.0,0.0215633423180593,12389,24870,fixed_coordinate_hypothesis_validation
2381,8437,11063,763,773.0,763.0,763.0,35.0,31.0,False,20180828.tif,False,10.0,0.01310615989515072,12437,21063,fixed_coordinate_hypothesis_validation
2382,8443,10882,843,867.0,843.0,843.0,34.0,34.0,False,20180828.tif,False,24.0,0.028469750889679714,12443,20882,fixed_coordinate_hypothesis_validation
2383,8605,11026,140,152.0,140.0,140.0,14.0,14.0,False,20180828.tif,False,12.0,0.08571428571428572,12605,21026,fixed_coordinate_hypothesis_validation
2384,9095,7342,136,142.0,136.0,136.0,14.0,14.0,False,20180828.tif,False,6.0,0.04411764705882353,13095,17342,fixed_coordinate_hypothesis_validation
2385,9459,8444,24920,24978.0,24920.0,24920.0,178.0,179.0,False,20180828.tif,False,58.0,0.0023274478330658106,13459,18444,fixed_coordinate_hypothesis_validation
2386,9495,10474,673,692.0,673.0,673.0,31.0,29.0,False,20180828.tif,False,19.0,0.02823179791976226,13495,20474,fixed_coordinate_hypothesis_validation
2387,9765,9080,333,347.0,333.0,333.0,22.0,22.0,False,20180828.tif,False,14.0,0.042042042042042045,13765,19080,fixed_coordinate_hypothesis_validation
2388,9920,6227,1187,1208.0,1187.0,1187.0,41.0,38.0,False,20180828.tif,False,21.0,0.017691659646166806,13920,16227,fixed_coordinate_hypothesis_validation
2389,9987,2136,1840,1865.0,1840.0,1840.0,49.0,51.0,False,20180828.tif,False,25.0,0.01358695652173913,13987,12136,fixed_coordinate_hypothesis_validation
2390,10019,6329,1781,1801.0,1781.0,1781.0,53.0,49.0,False,20180828.tif,False,20.0,0.011229646266142616,14019,16329,fixed_coordinate_hypothesis_validation
2391,10095,2236,2273,2300.0,2273.0,2273.0,54.0,56.0,False,20180828.tif,False,27.0,0.011878574571051475,14095,12236,fixed_coordinate_hypothesis_validation
2392,10871,5826,598,620.0,598.0,598.0,26.0,30.0,False,20180828.tif,False,22.0,0.03678929765886288,14871,15826,fixed_coordinate_hypothesis_validation
2393,10977,5722,1446,1455.0,1446.0,1446.0,43.0,48.0,False,20180828.tif,False,9.0,0.006224066390041493,14977,15722,fixed_coordinate_hypothesis_validation
2394,11168,7882,166,180.0,166.0,166.0,18.0,13.0,False,20180828.tif,False,14.0,0.08433734939759036,15168,17882,fixed_coordinate_hypothesis_validation
2395,11189,7960,240,251.0,240.0,240.0,19.0,18.0,False,20180828.tif,False,11.0,0.04583333333333333,15189,17960,fixed_coordinate_hypothesis_validation
2396,11193,6293,1036,1050.0,1036.0,1036.0,39.0,40.0,False,20180828.tif,False,14.0,0.013513513513513514,15193,16293,fixed_coordinate_hypothesis_validation
2397,11391,7004,164,176.0,164.0,164.0,14.0,16.0,False,20180828.tif,False,12.0,0.07317073170731707,15391,17004,fixed_coordinate_hypothesis_validation
2398,11477,5322,2983,3020.0,2983.0,2983.0,64.0,60.0,False,20180828.tif,False,37.0,0.0124036205162588,15477,15322,fixed_coordinate_hypothesis_validation
2399,11956,7042,1042,1064.0,1042.0,1042.0,32.0,45.0,False,20180828.tif,False,22.0,0.02111324376199616,15956,17042,fixed_coordinate_hypothesis_validation
2400,12379,7394,1554,1570.0,1554.0,1554.0,48.0,44.0,False,20180828.tif,False,16.0,0.010296010296010296,16379,17394,fixed_coordinate_hypothesis_validation
2401,12395,7466,694,716.0,694.0,694.0,28.0,34.0,False,20180828.tif,False,22.0,0.03170028818443804,16395,17466,fixed_coordinate_hypothesis_validation
2402,12539,8234,886,904.0,886.0,886.0,32.0,36.0,False,20180828.tif,False,18.0,0.020316027088036117,16539,18234,fixed_coordinate_hypothesis_validation
2403,12607,8394,929,935.0,929.0,929.0,38.0,36.0,False,20180828.tif,False,6.0,0.006458557588805167,16607,18394,fixed_coordinate_hypothesis_validation
2404,12645,8386,821,843.0,821.0,821.0,30.0,36.0,False,20180828.tif,False,22.0,0.02679658952496955,16645,18386,fixed_coordinate_hypothesis_validation
2405,12669,8124,1369,1383.0,1369.0,1369.0,41.0,43.0,False,20180828.tif,False,14.0,0.010226442658875092,16669,18124,fixed_coordinate_hypothesis_validation
2406,12695,8390,3494,3522.0,3494.0,3494.0,70.0,68.0,False,20180828.tif,False,28.0,0.008013737836290785,16695,18390,fixed_coordinate_hypothesis_validation
2407,12727,5189,1686,1707.0,1686.0,1686.0,45.0,50.0,False,20180828.tif,False,21.0,0.012455516014234875,16727,15189,fixed_coordinate_hypothesis_validation
2408,12771,5074,8628,8692.0,8628.0,8628.0,104.0,112.0,False,20180828.tif,False,64.0,0.007417709782104775,16771,15074,fixed_coordinate_hypothesis_validation
2409,12777,5356,440,449.0,440.0,440.0,26.0,24.0,False,20180828.tif,False,9.0,0.020454545454545454,16777,15356,fixed_coordinate_hypothesis_validation
2410,12803,8520,2060,2072.0,2060.0,2060.0,50.0,56.0,False,20180828.tif,False,12.0,0.005825242718446602,16803,18520,fixed_coordinate_hypothesis_validation
2411,12879,5214,1498,1516.0,1498.0,1498.0,48.0,44.0,False,20180828.tif,False,18.0,0.012016021361815754,16879,15214,fixed_coordinate_hypothesis_validation
2412,12909,10137,762,771.0,762.0,762.0,33.0,32.0,False,20180828.tif,False,9.0,0.011811023622047244,16909,20137,fixed_coordinate_hypothesis_validation
2413,13047,9986,125,136.0,125.0,125.0,14.0,14.0,False,20180828.tif,False,11.0,0.088,17047,19986,fixed_coordinate_hypothesis_validation
2414,13069,7182,688,696.0,688.0,688.0,30.0,32.0,False,20180828.tif,False,8.0,0.011627906976744186,17069,17182,fixed_coordinate_hypothesis_validation
2415,13095,7730,3968,4000.0,3968.0,3968.0,72.0,68.0,False,20180828.tif,False,32.0,0.008064516129032258,17095,17730,fixed_coordinate_hypothesis_validation
2416,13143,5120,596,612.0,596.0,596.0,30.0,26.0,False,20180828.tif,False,16.0,0.026845637583892617,17143,15120,fixed_coordinate_hypothesis_validation
2417,13229,5639,2011,2027.0,2011.0,2011.0,46.0,56.0,False,20180828.tif,False,16.0,0.007956240676280457,17229,15639,fixed_coordinate_hypothesis_validation
2418,13263,9058,941,963.0,941.0,941.0,34.0,38.0,False,20180828.tif,False,22.0,0.023379383634431455,17263,19058,fixed_coordinate_hypothesis_validation
2419,13417,4934,4576,4592.0,4576.0,4576.0,72.0,88.0,False,20180828.tif,False,16.0,0.0034965034965034965,17417,14934,fixed_coordinate_hypothesis_validation
2420,13689,5898,24056,24072.0,24056.0,24056.0,168.0,184.0,False,20180828.tif,False,16.0,0.0006651147322913202,17689,15898,fixed_coordinate_hypothesis_validation
2421,13727,6078,3368,3416.0,3368.0,3368.0,68.0,64.0,False,20180828.tif,False,48.0,0.014251781472684086,17727,16078,fixed_coordinate_hypothesis_validation
2422,13897,6424,178,196.0,178.0,178.0,14.0,16.0,False,20180828.tif,False,18.0,0.10112359550561797,17897,16424,fixed_coordinate_hypothesis_validation
2423,13907,5810,13351,13300.0,13284.0,13351.0,140.0,134.0,False,20180828.tif,False,-51.0,-0.003819938581379672,17907,15810,fixed_coordinate_hypothesis_validation
2424,13927,6052,20864,20932.0,20864.0,20864.0,158.0,166.0,False,20180828.tif,False,68.0,0.00325920245398773,17927,16052,fixed_coordinate_hypothesis_validation
2425,14051,8502,484,496.0,484.0,484.0,28.0,28.0,False,20180828.tif,False,12.0,0.024793388429752067,18051,18502,fixed_coordinate_hypothesis_validation
2426,14093,8097,951,965.0,951.0,951.0,37.0,38.0,False,20180828.tif,False,14.0,0.014721345951629864,18093,18097,fixed_coordinate_hypothesis_validation
2427,14143,5834,14560,14588.0,14560.0,14560.0,144.0,134.0,False,20180828.tif,False,28.0,0.0019230769230769232,18143,15834,fixed_coordinate_hypothesis_validation
2428,14619,6824,1436,1455.0,1436.0,1436.0,44.0,43.0,False,20180828.tif,False,19.0,0.013231197771587743,18619,16824,fixed_coordinate_hypothesis_validation
2429,14671,8722,1209,1226.0,1209.0,1209.0,38.0,42.0,False,20180828.tif,False,17.0,0.014061207609594707,18671,18722,fixed_coordinate_hypothesis_validation
2430,14831,7690,16584,16632.0,16584.0,16584.0,144.0,148.0,False,20180828.tif,False,48.0,0.002894356005788712,18831,17690,fixed_coordinate_hypothesis_validation
2431,14833,8752,915,931.0,915.0,915.0,34.0,36.0,False,20180828.tif,False,16.0,0.017486338797814208,18833,18752,fixed_coordinate_hypothesis_validation
2432,14925,8636,769,776.0,769.0,769.0,30.0,34.0,False,20180828.tif,False,7.0,0.009102730819245773,18925,18636,fixed_coordinate_hypothesis_validation
2433,15171,11976,576,600.0,576.0,576.0,28.0,30.0,False,20180828.tif,False,24.0,0.041666666666666664,19171,21976,fixed_coordinate_hypothesis_validation
2434,15181,9056,563,579.0,563.0,563.0,28.0,26.0,False,20180828.tif,False,16.0,0.028419182948490232,19181,19056,fixed_coordinate_hypothesis_validation
2435,15199,8437,706,726.0,706.0,706.0,29.0,31.0,False,20180828.tif,False,20.0,0.028328611898016998,19199,18437,fixed_coordinate_hypothesis_validation
2436,15431,7634,10274,10320.0,10274.0,10274.0,112.0,114.0,False,20180828.tif,False,46.0,0.004477321393809616,19431,17634,fixed_coordinate_hypothesis_validation
2437,15897,12869,677,695.0,677.0,677.0,33.0,27.0,False,20180828.tif,False,18.0,0.026587887740029542,19897,22869,fixed_coordinate_hypothesis_validation
2438,16227,11960,908,925.0,908.0,908.0,34.0,36.0,False,20180828.tif,False,17.0,0.018722466960352423,20227,21960,fixed_coordinate_hypothesis_validation
2439,16291,11129,1011,1019.0,1011.0,1011.0,38.0,40.0,False,20180828.tif,False,8.0,0.00791295746785361,20291,21129,fixed_coordinate_hypothesis_validation
2440,16473,11823,366,375.0,366.0,366.0,22.0,23.0,False,20180828.tif,False,9.0,0.02459016393442623,20473,21823,fixed_coordinate_hypothesis_validation
2441,16718,12636,885,900.0,885.0,885.0,30.0,40.0,False,20180828.tif,False,15.0,0.01694915254237288,20718,22636,fixed_coordinate_hypothesis_validation
2442,16957,10416,244,272.0,244.0,244.0,18.0,16.0,False,20180828.tif,False,28.0,0.11475409836065574,20957,20416,fixed_coordinate_hypothesis_validation
2443,16963,10182,114,128.0,114.0,114.0,14.0,12.0,False,20180828.tif,False,14.0,0.12280701754385964,20963,20182,fixed_coordinate_hypothesis_validation
2444,17031,10210,312,336.0,312.0,312.0,20.0,20.0,False,20180828.tif,False,24.0,0.07692307692307693,21031,20210,fixed_coordinate_hypothesis_validation
2445,17147,9259,533,543.0,533.0,533.0,31.0,25.0,False,20180828.tif,False,10.0,0.01876172607879925,21147,19259,fixed_coordinate_hypothesis_validation
1709,769,7066,8521,8541.0,8521.0,8521.0,110.0,104.0,False,20180926.tif,False,20.0,0.0023471423541837812,4769,17066,fixed_coordinate_hypothesis_validation
1710,769,7066,8521,8541.0,8521.0,8521.0,110.0,104.0,False,20180926.tif,False,20.0,0.0023471423541837812,4769,17066,fixed_coordinate_hypothesis_validation
1853,15679,9046,6628,6656.0,6628.0,6628.0,92.0,98.0,False,20180926.tif,False,28.0,0.004224502112251056,19679,19046,fixed_coordinate_hypothesis_validation
1861,769,7066,8521,8541.0,8521.0,8521.0,110.0,104.0,False,20180926.tif,False,20.0,0.0023471423541837812,4769,17066,fixed_coordinate_hypothesis_validation
1955,14993,11902,4869,4888.0,4869.0,4869.0,81.0,80.0,False,20180926.tif,False,19.0,0.00390223865270076,18993,21902,fixed_coordinate_hypothesis_validation
1979,10276,9754,8605,8639.0,8605.0,8605.0,126.0,91.0,False,20180926.tif,False,34.0,0.0039511911679256245,14276,19754,fixed_coordinate_hypothesis_validation
1986,12137,7890,1585,1610.0,1585.0,1585.0,44.0,47.0,False,20180926.tif,False,25.0,0.015772870662460567,16137,17890,fixed_coordinate_hypothesis_validation
1991,13013,10046,931,944.0,931.0,931.0,33.0,38.0,False,20180926.tif,False,13.0,0.013963480128893663,17013,20046,fixed_coordinate_hypothesis_validation
1992,13589,8092,12893,12947.0,12893.0,12893.0,128.0,126.0,False,20180926.tif,False,54.0,0.004188319243000078,17589,18092,fixed_coordinate_hypothesis_validation
1999,14825,11898,2765,2792.0,2765.0,2765.0,64.0,58.0,False,20180926.tif,False,27.0,0.00976491862567812,18825,21898,fixed_coordinate_hypothesis_validation
2001,14993,11902,4869,4888.0,4869.0,4869.0,81.0,80.0,False,20180926.tif,False,19.0,0.00390223865270076,18993,21902,fixed_coordinate_hypothesis_validation
2008,15483,9054,3999,4007.0,3999.0,3999.0,76.0,68.0,False,20180926.tif,False,8.0,0.002000500125031258,19483,19054,fixed_coordinate_hypothesis_validation
2010,15483,9054,3999,4007.0,3999.0,3999.0,76.0,68.0,False,20180926.tif,False,8.0,0.002000500125031258,19483,19054,fixed_coordinate_hypothesis_validation
2012,113,5034,2510,2532.0,2510.0,2510.0,56.0,58.0,False,20180926.tif,False,22.0,0.008764940239043825,4113,15034,fixed_coordinate_hypothesis_validation
2013,127,4038,2816,2847.0,2816.0,2816.0,64.0,62.0,False,20180926.tif,False,31.0,0.011008522727272728,4127,14038,fixed_coordinate_hypothesis_validation
2014,597,7018,2650,2680.0,2650.0,2650.0,60.0,58.0,False,20180926.tif,False,30.0,0.011320754716981131,4597,17018,fixed_coordinate_hypothesis_validation
2015,2871,6789,647,668.0,647.0,647.0,29.0,32.0,False,20180926.tif,False,21.0,0.03245749613601236,6871,16789,fixed_coordinate_hypothesis_validation
2019,3349,5891,1117,1129.0,1117.0,1117.0,39.0,37.0,False,20180926.tif,False,12.0,0.010743061772605193,7349,15891,fixed_coordinate_hypothesis_validation
2020,3399,5913,1841,1852.0,1841.0,1841.0,46.0,56.0,False,20180926.tif,False,11.0,0.005975013579576317,7399,15913,fixed_coordinate_hypothesis_validation
2021,3429,5981,1246,1261.0,1246.0,1246.0,42.0,42.0,False,20180926.tif,False,15.0,0.012038523274478331,7429,15981,fixed_coordinate_hypothesis_validation
2023,3567,3526,1052,1057.0,1052.0,1052.0,40.0,36.0,False,20180926.tif,False,5.0,0.004752851711026616,7567,13526,fixed_coordinate_hypothesis_validation
2026,3773,6648,1388,1403.0,1388.0,1388.0,42.0,42.0,False,20180926.tif,False,15.0,0.010806916426512969,7773,16648,fixed_coordinate_hypothesis_validation
2027,3901,3566,1535,1565.0,1535.0,1535.0,44.0,45.0,False,20180926.tif,False,30.0,0.019543973941368076,7901,13566,fixed_coordinate_hypothesis_validation
2028,3827,6802,4469,4492.0,4469.0,4469.0,76.0,78.0,False,20180926.tif,False,23.0,0.005146565227120161,7827,16802,fixed_coordinate_hypothesis_validation
2029,3901,3566,1535,1565.0,1535.0,1535.0,44.0,45.0,False,20180926.tif,False,30.0,0.019543973941368076,7901,13566,fixed_coordinate_hypothesis_validation
2030,3895,3754,1328,1356.0,1328.0,1328.0,40.0,42.0,False,20180926.tif,False,28.0,0.02108433734939759,7895,13754,fixed_coordinate_hypothesis_validation
2032,3959,6090,924,935.0,924.0,924.0,34.0,38.0,False,20180926.tif,False,11.0,0.011904761904761904,7959,16090,fixed_coordinate_hypothesis_validation
2033,3989,3604,1329,1336.0,1329.0,1329.0,47.0,38.0,False,20180926.tif,False,7.0,0.005267118133935289,7989,13604,fixed_coordinate_hypothesis_validation
2036,4123,6302,1050,1067.0,1050.0,1050.0,40.0,36.0,False,20180926.tif,False,17.0,0.01619047619047619,8123,16302,fixed_coordinate_hypothesis_validation
2038,4370,10574,28148,28182.0,28148.0,28148.0,192.0,187.0,False,20180926.tif,False,34.0,0.0012079010942162853,8370,20574,fixed_coordinate_hypothesis_validation
2039,4447,5158,2996,3007.0,2996.0,2996.0,64.0,67.0,False,20180926.tif,False,11.0,0.003671562082777036,8447,15158,fixed_coordinate_hypothesis_validation
2042,4577,7020,658,672.0,658.0,658.0,30.0,30.0,False,20180926.tif,False,14.0,0.02127659574468085,8577,17020,fixed_coordinate_hypothesis_validation
2043,4575,6329,1627,1643.0,1627.0,1627.0,45.0,48.0,False,20180926.tif,False,16.0,0.009834050399508297,8575,16329,fixed_coordinate_hypothesis_validation
2044,4654,10144,31778,31840.0,31778.0,31778.0,208.0,209.0,False,20180926.tif,False,62.0,0.0019510353074454025,8654,20144,fixed_coordinate_hypothesis_validation
2045,4667,9176,2242,2266.0,2242.0,2242.0,56.0,49.0,False,20180926.tif,False,24.0,0.010704727921498661,8667,19176,fixed_coordinate_hypothesis_validation
2046,4691,7013,1414,1424.0,1414.0,1414.0,45.0,44.0,False,20180926.tif,False,10.0,0.007072135785007072,8691,17013,fixed_coordinate_hypothesis_validation
2049,4793,9024,2522,2548.0,2522.0,2522.0,58.0,57.0,False,20180926.tif,False,26.0,0.010309278350515464,8793,19024,fixed_coordinate_hypothesis_validation
2052,4965,6434,808,836.0,808.0,808.0,34.0,32.0,False,20180926.tif,False,28.0,0.034653465346534656,8965,16434,fixed_coordinate_hypothesis_validation
2053,4971,10748,1941,1955.0,1941.0,1941.0,52.0,49.0,False,20180926.tif,False,14.0,0.0072127769191138585,8971,20748,fixed_coordinate_hypothesis_validation
2056,5043,8774,1176,1206.0,1176.0,1176.0,38.0,40.0,False,20180926.tif,False,30.0,0.025510204081632654,9043,18774,fixed_coordinate_hypothesis_validation
2061,5207,8572,2355,2377.0,2355.0,2355.0,55.0,56.0,False,20180926.tif,False,22.0,0.009341825902335456,9207,18572,fixed_coordinate_hypothesis_validation
2064,5275,10247,852,869.0,852.0,852.0,31.0,37.0,False,20180926.tif,False,17.0,0.01995305164319249,9275,20247,fixed_coordinate_hypothesis_validation
2069,5566,10906,1625,1668.0,1625.0,1625.0,44.0,47.0,False,20180926.tif,False,43.0,0.02646153846153846,9566,20906,fixed_coordinate_hypothesis_validation
2071,5615,10532,532,545.0,532.0,532.0,28.0,26.0,False,20180926.tif,False,13.0,0.02443609022556391,9615,20532,fixed_coordinate_hypothesis_validation
2072,5663,10656,416,436.0,416.0,416.0,22.0,24.0,False,20180926.tif,False,20.0,0.04807692307692308,9663,20656,fixed_coordinate_hypothesis_validation
2073,5670,10228,16442,16462.0,16442.0,16442.0,154.0,153.0,False,20180926.tif,False,20.0,0.001216397031991242,9670,20228,fixed_coordinate_hypothesis_validation
2074,5675,9422,9263,9292.0,9263.0,9263.0,112.0,112.0,False,20180926.tif,False,29.0,0.0031307351829860737,9675,19422,fixed_coordinate_hypothesis_validation
2075,5737,10546,33836,33866.0,33836.0,33836.0,220.0,212.0,False,20180926.tif,False,30.0,0.0008866296252512117,9737,20546,fixed_coordinate_hypothesis_validation
2077,5751,12026,1272,1291.0,1272.0,1272.0,44.0,39.0,False,20180926.tif,False,19.0,0.014937106918238994,9751,22026,fixed_coordinate_hypothesis_validation
2079,5799,11576,15502,15539.0,15502.0,15502.0,146.0,132.0,False,20180926.tif,False,37.0,0.002386788801444975,9799,21576,fixed_coordinate_hypothesis_validation
2080,5854,10112,23189,23207.0,23189.0,23189.0,178.0,175.0,False,20180926.tif,False,18.0,0.0007762301091034542,9854,20112,fixed_coordinate_hypothesis_validation
2082,5901,8089,1076,1096.0,1076.0,1076.0,42.0,33.0,False,20180926.tif,False,20.0,0.01858736059479554,9901,18089,fixed_coordinate_hypothesis_validation
2083,5929,9242,29344,29380.0,29344.0,29344.0,208.0,189.0,False,20180926.tif,False,36.0,0.0012268266085059978,9929,19242,fixed_coordinate_hypothesis_validation
2084,5994,10726,11815,11882.0,11815.0,11815.0,112.0,127.0,False,20180926.tif,False,67.0,0.005670757511637749,9994,20726,fixed_coordinate_hypothesis_validation
2085,6022,8970,43705,39496.0,39459.0,43705.0,244.0,229.0,False,20180926.tif,False,-4209.0,-0.09630477062121039,10022,18970,fixed_coordinate_hypothesis_validation
2089,6123,8810,37064,35132.0,35116.0,37064.0,224.0,218.0,False,20180926.tif,False,-1932.0,-0.052126052233973666,10123,18810,fixed_coordinate_hypothesis_validation
2090,6174,10282,26536,26552.0,26536.0,26536.0,176.0,203.0,False,20180926.tif,False,16.0,0.0006029544769369913,10174,20282,fixed_coordinate_hypothesis_validation
2091,6187,5562,1605,1632.0,1605.0,1605.0,46.0,45.0,False,20180926.tif,False,27.0,0.016822429906542057,10187,15562,fixed_coordinate_hypothesis_validation
2092,6205,7671,569,582.0,569.0,569.0,27.0,28.0,False,20180926.tif,False,13.0,0.022847100175746926,10205,17671,fixed_coordinate_hypothesis_validation
2093,6205,5870,1335,1352.0,1335.0,1335.0,43.0,40.0,False,20180926.tif,False,17.0,0.012734082397003745,10205,15870,fixed_coordinate_hypothesis_validation
2094,6247,7713,1538,1553.0,1538.0,1538.0,45.0,45.0,False,20180926.tif,False,15.0,0.00975292587776333,10247,17713,fixed_coordinate_hypothesis_validation
2095,6285,5798,2456,2480.0,2456.0,2456.0,56.0,60.0,False,20180926.tif,False,24.0,0.009771986970684038,10285,15798,fixed_coordinate_hypothesis_validation
2096,6323,10878,41798,41890.0,41798.0,41798.0,232.0,236.0,False,20180926.tif,False,92.0,0.002201062251782382,10323,20878,fixed_coordinate_hypothesis_validation
2097,6332,9658,24031,24055.0,24031.0,24031.0,180.0,179.0,False,20180926.tif,False,24.0,0.000998709999583871,10332,19658,fixed_coordinate_hypothesis_validation
2098,6461,9498,2162,2178.0,2162.0,2162.0,46.0,60.0,False,20180926.tif,False,16.0,0.0074005550416281225,10461,19498,fixed_coordinate_hypothesis_validation
2099,6475,5826,3116,3154.0,3116.0,3116.0,60.0,66.0,False,20180926.tif,False,38.0,0.012195121951219513,10475,15826,fixed_coordinate_hypothesis_validation
2101,6563,10845,13290,13325.0,13290.0,13290.0,133.0,142.0,False,20180926.tif,False,35.0,0.0026335590669676447,10563,20845,fixed_coordinate_hypothesis_validation
2102,6566,10590,30693,30734.0,30693.0,30693.0,188.0,227.0,False,20180926.tif,False,41.0,0.0013358094679568632,10566,20590,fixed_coordinate_hypothesis_validation
2103,6582,8244,636,666.0,636.0,636.0,30.0,27.0,False,20180926.tif,False,30.0,0.04716981132075472,10582,18244,fixed_coordinate_hypothesis_validation
2105,6711,11694,37624,37656.0,37624.0,37624.0,228.0,218.0,False,20180926.tif,False,32.0,0.0008505209440782479,10711,21694,fixed_coordinate_hypothesis_validation
2106,6715,9858,2179,2202.0,2179.0,2179.0,52.0,56.0,False,20180926.tif,False,23.0,0.010555300596603947,10715,19858,fixed_coordinate_hypothesis_validation
2107,6729,10802,1339,1347.0,1339.0,1339.0,45.0,41.0,False,20180926.tif,False,8.0,0.00597460791635549,10729,20802,fixed_coordinate_hypothesis_validation
2108,6811,5230,2538,2554.0,2538.0,2538.0,60.0,58.0,False,20180926.tif,False,16.0,0.006304176516942475,10811,15230,fixed_coordinate_hypothesis_validation
2109,6835,5309,3216,3222.0,3216.0,3216.0,67.0,64.0,False,20180926.tif,False,6.0,0.0018656716417910447,10835,15309,fixed_coordinate_hypothesis_validation
2110,6849,10966,2060,2077.0,2060.0,2060.0,52.0,54.0,False,20180926.tif,False,17.0,0.00825242718446602,10849,20966,fixed_coordinate_hypothesis_validation
2111,6889,7865,1969,1973.0,1969.0,1969.0,49.0,52.0,False,20180926.tif,False,4.0,0.002031488065007618,10889,17865,fixed_coordinate_hypothesis_validation
2113,6908,9814,4910,4932.0,4910.0,4910.0,80.0,81.0,False,20180926.tif,False,22.0,0.004480651731160896,10908,19814,fixed_coordinate_hypothesis_validation
2116,6965,7965,967,986.0,967.0,967.0,37.0,36.0,False,20180926.tif,False,19.0,0.01964839710444674,10965,17965,fixed_coordinate_hypothesis_validation
2118,7202,9810,15277,15280.0,15277.0,15277.0,154.0,144.0,False,20180926.tif,False,3.0,0.00019637363356679976,11202,19810,fixed_coordinate_hypothesis_validation
2119,7239,6359,3299,3305.0,3299.0,3299.0,66.0,66.0,False,20180926.tif,False,6.0,0.0018187329493785996,11239,16359,fixed_coordinate_hypothesis_validation
2121,7383,9610,34941,34964.0,34941.0,34941.0,224.0,214.0,False,20180926.tif,False,23.0,0.000658252482756647,11383,19610,fixed_coordinate_hypothesis_validation
2122,7385,11894,4675,4699.0,4675.0,4675.0,76.0,81.0,False,20180926.tif,False,24.0,0.0051336898395721925,11385,21894,fixed_coordinate_hypothesis_validation
2123,7481,11278,15829,15838.0,15829.0,15829.0,142.0,162.0,False,20180926.tif,False,9.0,0.0005685766630867395,11481,21278,fixed_coordinate_hypothesis_validation
2124,7517,10082,1649,1675.0,1649.0,1649.0,46.0,46.0,False,20180926.tif,False,26.0,0.015767131594906003,11517,20082,fixed_coordinate_hypothesis_validation
2125,7527,8102,29411,29441.0,29411.0,29411.0,200.0,199.0,False,20180926.tif,False,30.0,0.001020026520689538,11527,18102,fixed_coordinate_hypothesis_validation
2127,7610,10086,37041,37092.0,37041.0,37041.0,220.0,223.0,False,20180926.tif,False,51.0,0.0013768526767635864,11610,20086,fixed_coordinate_hypothesis_validation
2128,7614,11430,1183,1202.0,1183.0,1183.0,40.0,39.0,False,20180926.tif,False,19.0,0.016060862214708368,11614,21430,fixed_coordinate_hypothesis_validation
2129,7609,6948,3873,3888.0,3873.0,3873.0,72.0,72.0,False,20180926.tif,False,15.0,0.0038729666924864447,11609,16948,fixed_coordinate_hypothesis_validation
2131,7661,11156,2098,2126.0,2098.0,2098.0,50.0,56.0,False,20180926.tif,False,28.0,0.01334604385128694,11661,21156,fixed_coordinate_hypothesis_validation
2132,7688,10786,2633,2661.0,2633.0,2633.0,60.0,55.0,False,20180926.tif,False,28.0,0.010634257500949488,11688,20786,fixed_coordinate_hypothesis_validation
2133,7739,10806,11268,11240.0,11188.0,11268.0,120.0,127.0,False,20180926.tif,False,-28.0,-0.0024849130280440185,11739,20806,fixed_coordinate_hypothesis_validation
2134,7745,11630,2869,2890.0,2869.0,2869.0,58.0,64.0,False,20180926.tif,False,21.0,0.0073196235622168,11745,21630,fixed_coordinate_hypothesis_validation
2135,7768,11140,1027,1046.0,1027.0,1027.0,33.0,40.0,False,20180926.tif,False,19.0,0.018500486854917234,11768,21140,fixed_coordinate_hypothesis_validation
2136,7829,11146,1688,1709.0,1688.0,1688.0,48.0,46.0,False,20180926.tif,False,21.0,0.012440758293838863,11829,21146,fixed_coordinate_hypothesis_validation
2137,7875,10788,821,843.0,821.0,821.0,28.0,37.0,False,20180926.tif,False,22.0,0.02679658952496955,11875,20788,fixed_coordinate_hypothesis_validation
2139,7991,9626,2452,2477.0,2452.0,2452.0,56.0,62.0,False,20180926.tif,False,25.0,0.010195758564437194,11991,19626,fixed_coordinate_hypothesis_validation
2140,8231,10746,3091,3132.0,3091.0,3091.0,60.0,68.0,False,20180926.tif,False,41.0,0.013264315755418959,12231,20746,fixed_coordinate_hypothesis_validation
2141,8261,11678,464,486.0,464.0,464.0,26.0,24.0,False,20180926.tif,False,22.0,0.04741379310344827,12261,21678,fixed_coordinate_hypothesis_validation
2142,8245,1595,315,329.0,315.0,315.0,21.0,20.0,False,20180926.tif,False,14.0,0.044444444444444446,12245,11595,fixed_coordinate_hypothesis_validation
2143,8311,11671,612,625.0,612.0,612.0,29.0,28.0,False,20180926.tif,False,13.0,0.021241830065359478,12311,21671,fixed_coordinate_hypothesis_validation
2145,8501,10652,13351,13369.0,13351.0,13351.0,124.0,134.0,False,20180926.tif,False,18.0,0.0013482136169575313,12501,20652,fixed_coordinate_hypothesis_validation
2146,8511,11823,508,519.0,508.0,508.0,27.0,26.0,False,20180926.tif,False,11.0,0.021653543307086614,12511,21823,fixed_coordinate_hypothesis_validation
2147,8691,9491,1995,2022.0,1995.0,1995.0,51.0,50.0,False,20180926.tif,False,27.0,0.013533834586466165,12691,19491,fixed_coordinate_hypothesis_validation
2149,8725,4260,1138,1151.0,1138.0,1138.0,42.0,40.0,False,20180926.tif,False,13.0,0.011423550087873463,12725,14260,fixed_coordinate_hypothesis_validation
2151,8823,9304,26580,26636.0,26580.0,26580.0,188.0,190.0,False,20180926.tif,False,56.0,0.002106847253574116,12823,19304,fixed_coordinate_hypothesis_validation
2155,9089,11818,1052,1066.0,1052.0,1052.0,42.0,35.0,False,20180926.tif,False,14.0,0.013307984790874524,13089,21818,fixed_coordinate_hypothesis_validation
2156,9125,10574,14949,15013.0,14949.0,14949.0,132.0,146.0,False,20180926.tif,False,64.0,0.004281222824269182,13125,20574,fixed_coordinate_hypothesis_validation
2157,9141,8740,2087,2110.0,2087.0,2087.0,54.0,50.0,False,20180926.tif,False,23.0,0.011020603737422138,13141,18740,fixed_coordinate_hypothesis_validation
2158,9206,10122,30119,30149.0,30119.0,30119.0,200.0,188.0,False,20180926.tif,False,30.0,0.000996049005611076,13206,20122,fixed_coordinate_hypothesis_validation
2160,9333,13978,860,868.0,860.0,860.0,35.0,34.0,False,20180926.tif,False,8.0,0.009302325581395349,13333,23978,fixed_coordinate_hypothesis_validation
2161,9341,8916,30712,30748.0,30712.0,30712.0,198.0,200.0,False,20180926.tif,False,36.0,0.0011721802552748112,13341,18916,fixed_coordinate_hypothesis_validation
2163,9809,9845,21775,21821.0,21775.0,21775.0,165.0,173.0,False,20180926.tif,False,46.0,0.0021125143513203216,13809,19845,fixed_coordinate_hypothesis_validation
2164,9895,8455,1765,1772.0,1765.0,1765.0,46.0,51.0,False,20180926.tif,False,7.0,0.00396600566572238,13895,18455,fixed_coordinate_hypothesis_validation
2165,9949,6892,1945,1954.0,1945.0,1945.0,53.0,50.0,False,20180926.tif,False,9.0,0.004627249357326478,13949,16892,fixed_coordinate_hypothesis_validation
2167,10061,6986,879,894.0,879.0,879.0,38.0,32.0,False,20180926.tif,False,15.0,0.017064846416382253,14061,16986,fixed_coordinate_hypothesis_validation
2168,10143,8822,2260,2276.0,2260.0,2260.0,56.0,54.0,False,20180926.tif,False,16.0,0.007079646017699115,14143,18822,fixed_coordinate_hypothesis_validation
2169,10178,8721,2499,2513.0,2499.0,2499.0,55.0,66.0,False,20180926.tif,False,14.0,0.0056022408963585435,14178,18721,fixed_coordinate_hypothesis_validation
2170,10257,8739,2388,2412.0,2388.0,2388.0,59.0,57.0,False,20180926.tif,False,24.0,0.010050251256281407,14257,18739,fixed_coordinate_hypothesis_validation
2172,10293,9918,4379,4395.0,4379.0,4379.0,84.0,68.0,False,20180926.tif,False,16.0,0.003653802237953871,14293,19918,fixed_coordinate_hypothesis_validation
2173,10335,8978,2744,2766.0,2744.0,2744.0,61.0,58.0,False,20180926.tif,False,22.0,0.008017492711370262,14335,18978,fixed_coordinate_hypothesis_validation
2174,10377,9640,3525,3596.0,3525.0,3525.0,66.0,64.0,False,20180926.tif,False,71.0,0.020141843971631206,14377,19640,fixed_coordinate_hypothesis_validation
2175,10427,8266,10764,10779.0,10764.0,10764.0,116.0,119.0,False,20180926.tif,False,15.0,0.0013935340022296545,14427,18266,fixed_coordinate_hypothesis_validation
2176,10426,8050,12738,12773.0,12738.0,12738.0,125.0,131.0,False,20180926.tif,False,35.0,0.0027476840948343537,14426,18050,fixed_coordinate_hypothesis_validation
2177,10453,9778,1767,1803.0,1767.0,1767.0,48.0,46.0,False,20180926.tif,False,36.0,0.02037351443123939,14453,19778,fixed_coordinate_hypothesis_validation
2178,10565,7624,2642,2650.0,2642.0,2642.0,58.0,60.0,False,20180926.tif,False,8.0,0.003028009084027252,14565,17624,fixed_coordinate_hypothesis_validation
2179,10729,9802,7779,7824.0,7779.0,7779.0,95.0,100.0,False,20180926.tif,False,45.0,0.005784805244890089,14729,19802,fixed_coordinate_hypothesis_validation
2182,11099,8225,1096,1110.0,1096.0,1096.0,37.0,40.0,False,20180926.tif,False,14.0,0.012773722627737226,15099,18225,fixed_coordinate_hypothesis_validation
2183,11151,8193,1386,1412.0,1386.0,1386.0,41.0,44.0,False,20180926.tif,False,26.0,0.01875901875901876,15151,18193,fixed_coordinate_hypothesis_validation
2184,11177,6308,1128,1151.0,1128.0,1128.0,38.0,38.0,False,20180926.tif,False,23.0,0.020390070921985817,15177,16308,fixed_coordinate_hypothesis_validation
2185,11247,8048,777,794.0,777.0,777.0,32.0,32.0,False,20180926.tif,False,17.0,0.021879021879021878,15247,18048,fixed_coordinate_hypothesis_validation
2186,11315,5126,2920,2946.0,2920.0,2920.0,62.0,62.0,False,20180926.tif,False,26.0,0.008904109589041096,15315,15126,fixed_coordinate_hypothesis_validation
2187,11387,5046,1220,1233.0,1220.0,1220.0,39.0,42.0,False,20180926.tif,False,13.0,0.010655737704918032,15387,15046,fixed_coordinate_hypothesis_validation
2189,11387,5046,1220,1233.0,1220.0,1220.0,39.0,42.0,False,20180926.tif,False,13.0,0.010655737704918032,15387,15046,fixed_coordinate_hypothesis_validation
2190,11397,9205,953,964.0,953.0,953.0,37.0,34.0,False,20180926.tif,False,11.0,0.011542497376705142,15397,19205,fixed_coordinate_hypothesis_validation
2193,11549,5695,1838,1879.0,1838.0,1838.0,47.0,49.0,False,20180926.tif,False,41.0,0.022306855277475515,15549,15695,fixed_coordinate_hypothesis_validation
2195,11809,7392,1444,1459.0,1444.0,1444.0,40.0,47.0,False,20180926.tif,False,15.0,0.01038781163434903,15809,17392,fixed_coordinate_hypothesis_validation
2196,11883,7659,914,929.0,914.0,914.0,33.0,35.0,False,20180926.tif,False,15.0,0.016411378555798686,15883,17659,fixed_coordinate_hypothesis_validation
2197,12055,4614,22999,23035.0,22999.0,22999.0,182.0,168.0,False,20180926.tif,False,36.0,0.0015652854471933562,16055,14614,fixed_coordinate_hypothesis_validation
2198,12097,7634,2275,2296.0,2275.0,2275.0,55.0,56.0,False,20180926.tif,False,21.0,0.009230769230769232,16097,17634,fixed_coordinate_hypothesis_validation
2200,12098,4290,17070,17098.0,17070.0,17070.0,148.0,144.0,False,20180926.tif,False,28.0,0.0016403046280023433,16098,14290,fixed_coordinate_hypothesis_validation
2203,12217,8110,1444,1463.0,1444.0,1444.0,46.0,42.0,False,20180926.tif,False,19.0,0.013157894736842105,16217,18110,fixed_coordinate_hypothesis_validation
2205,12250,7366,1614,1632.0,1614.0,1614.0,49.0,44.0,False,20180926.tif,False,18.0,0.011152416356877323,16250,17366,fixed_coordinate_hypothesis_validation
2206,12257,8700,1188,1202.0,1188.0,1188.0,42.0,37.0,False,20180926.tif,False,14.0,0.011784511784511785,16257,18700,fixed_coordinate_hypothesis_validation
2207,12257,7731,4356,4369.0,4356.0,4356.0,78.0,79.0,False,20180926.tif,False,13.0,0.0029843893480257116,16257,17731,fixed_coordinate_hypothesis_validation
2208,12317,7423,3363,3375.0,3363.0,3363.0,65.0,66.0,False,20180926.tif,False,12.0,0.003568242640499554,16317,17423,fixed_coordinate_hypothesis_validation
2209,12343,8996,256,262.0,256.0,256.0,18.0,21.0,False,20180926.tif,False,6.0,0.0234375,16343,18996,fixed_coordinate_hypothesis_validation
2211,12365,9015,2149,2163.0,2149.0,2149.0,57.0,50.0,False,20180926.tif,False,14.0,0.006514657980456026,16365,19015,fixed_coordinate_hypothesis_validation
2212,12371,6154,4796,4828.0,4796.0,4796.0,76.0,84.0,False,20180926.tif,False,32.0,0.006672226855713094,16371,16154,fixed_coordinate_hypothesis_validation
2213,12383,9282,294,312.0,294.0,294.0,20.0,20.0,False,20180926.tif,False,18.0,0.061224489795918366,16383,19282,fixed_coordinate_hypothesis_validation
2214,12385,9332,1226,1252.0,1226.0,1226.0,42.0,38.0,False,20180926.tif,False,26.0,0.021207177814029365,16385,19332,fixed_coordinate_hypothesis_validation
2215,12385,9149,2022,2057.0,2022.0,2022.0,47.0,54.0,False,20180926.tif,False,35.0,0.01730959446092977,16385,19149,fixed_coordinate_hypothesis_validation
2216,12401,8750,2608,2620.0,2608.0,2608.0,58.0,58.0,False,20180926.tif,False,12.0,0.004601226993865031,16401,18750,fixed_coordinate_hypothesis_validation
2217,12409,8486,3074,3095.0,3074.0,3074.0,60.0,64.0,False,20180926.tif,False,21.0,0.0068314899154196486,16409,18486,fixed_coordinate_hypothesis_validation
2218,12407,4494,4241,4267.0,4241.0,4241.0,76.0,74.0,False,20180926.tif,False,26.0,0.0061306295684979955,16407,14494,fixed_coordinate_hypothesis_validation
2219,12419,9467,875,902.0,875.0,875.0,31.0,38.0,False,20180926.tif,False,27.0,0.030857142857142857,16419,19467,fixed_coordinate_hypothesis_validation
2221,12385,9332,1226,1252.0,1226.0,1226.0,42.0,38.0,False,20180926.tif,False,26.0,0.021207177814029365,16385,19332,fixed_coordinate_hypothesis_validation
2222,12433,8887,633,656.0,633.0,633.0,27.0,31.0,False,20180926.tif,False,23.0,0.036334913112164295,16433,18887,fixed_coordinate_hypothesis_validation
2223,12461,9506,1465,1483.0,1465.0,1465.0,44.0,44.0,False,20180926.tif,False,18.0,0.012286689419795221,16461,19506,fixed_coordinate_hypothesis_validation
2224,12477,9086,1264,1277.0,1264.0,1264.0,40.0,40.0,False,20180926.tif,False,13.0,0.010284810126582278,16477,19086,fixed_coordinate_hypothesis_validation
2225,12495,8928,1495,1511.0,1495.0,1495.0,44.0,45.0,False,20180926.tif,False,16.0,0.010702341137123745,16495,18928,fixed_coordinate_hypothesis_validation
2226,12561,8464,500,512.0,500.0,500.0,28.0,26.0,False,20180926.tif,False,12.0,0.024,16561,18464,fixed_coordinate_hypothesis_validation
2228,12583,8874,3360,3392.0,3360.0,3360.0,68.0,64.0,False,20180926.tif,False,32.0,0.009523809523809525,16583,18874,fixed_coordinate_hypothesis_validation
2229,12643,6658,16764,16832.0,16764.0,16764.0,142.0,148.0,False,20180926.tif,False,68.0,0.0040563111429253165,16643,16658,fixed_coordinate_hypothesis_validation
2231,12733,9480,1835,1857.0,1835.0,1835.0,48.0,50.0,False,20180926.tif,False,22.0,0.011989100817438692,16733,19480,fixed_coordinate_hypothesis_validation
2232,12739,8376,540,562.0,540.0,540.0,30.0,24.0,False,20180926.tif,False,22.0,0.040740740740740744,16739,18376,fixed_coordinate_hypothesis_validation
2233,12765,8648,1256,1274.0,1256.0,1256.0,42.0,41.0,False,20180926.tif,False,18.0,0.014331210191082803,16765,18648,fixed_coordinate_hypothesis_validation
2234,12817,9418,1150,1170.0,1150.0,1150.0,40.0,38.0,False,20180926.tif,False,20.0,0.017391304347826087,16817,19418,fixed_coordinate_hypothesis_validation
2235,12817,8680,1191,1207.0,1191.0,1191.0,40.0,39.0,False,20180926.tif,False,16.0,0.01343408900083963,16817,18680,fixed_coordinate_hypothesis_validation
2236,12835,10044,346,358.0,346.0,346.0,22.0,21.0,False,20180926.tif,False,12.0,0.03468208092485549,16835,20044,fixed_coordinate_hypothesis_validation
2237,12859,9066,1106,1125.0,1106.0,1106.0,38.0,38.0,False,20180926.tif,False,19.0,0.017179023508137433,16859,19066,fixed_coordinate_hypothesis_validation
2238,12876,8692,853,867.0,853.0,853.0,34.0,34.0,False,20180926.tif,False,14.0,0.016412661195779603,16876,18692,fixed_coordinate_hypothesis_validation
2240,12895,6182,3733,3769.0,3733.0,3733.0,72.0,68.0,False,20180926.tif,False,36.0,0.00964371818912403,16895,16182,fixed_coordinate_hypothesis_validation
2241,12905,9953,971,988.0,971.0,971.0,39.0,36.0,False,20180926.tif,False,17.0,0.017507723995880537,16905,19953,fixed_coordinate_hypothesis_validation
2242,12908,5920,5804,5812.0,5804.0,5804.0,84.0,91.0,False,20180926.tif,False,8.0,0.0013783597518952446,16908,15920,fixed_coordinate_hypothesis_validation
2243,12927,8858,2533,2563.0,2533.0,2533.0,52.0,62.0,False,20180926.tif,False,30.0,0.011843663639952625,16927,18858,fixed_coordinate_hypothesis_validation
2244,12927,6867,2231,2249.0,2231.0,2231.0,55.0,56.0,False,20180926.tif,False,18.0,0.008068130883012102,16927,16867,fixed_coordinate_hypothesis_validation
2247,13031,8642,13095,13115.0,13095.0,13095.0,132.0,132.0,False,20180926.tif,False,20.0,0.0015273004963726614,17031,18642,fixed_coordinate_hypothesis_validation
2248,13047,5882,38822,38844.0,38822.0,38822.0,238.0,210.0,False,20180926.tif,False,22.0,0.0005666889907784246,17047,15882,fixed_coordinate_hypothesis_validation
2249,13059,9968,1876,1897.0,1876.0,1876.0,48.0,52.0,False,20180926.tif,False,21.0,0.011194029850746268,17059,19968,fixed_coordinate_hypothesis_validation
2250,13087,7838,610,638.0,610.0,610.0,26.0,32.0,False,20180926.tif,False,28.0,0.04590163934426229,17087,17838,fixed_coordinate_hypothesis_validation
2252,13125,9956,1634,1652.0,1634.0,1634.0,46.0,50.0,False,20180926.tif,False,18.0,0.011015911872705019,17125,19956,fixed_coordinate_hypothesis_validation
2253,13129,8106,2583,2618.0,2583.0,2583.0,52.0,62.0,False,20180926.tif,False,35.0,0.013550135501355014,17129,18106,fixed_coordinate_hypothesis_validation
2254,13149,8849,4097,4120.0,4097.0,4097.0,71.0,76.0,False,20180926.tif,False,23.0,0.005613863802782524,17149,18849,fixed_coordinate_hypothesis_validation
2256,13231,9172,3703,3723.0,3703.0,3703.0,72.0,72.0,False,20180926.tif,False,20.0,0.0054010261949770455,17231,19172,fixed_coordinate_hypothesis_validation
2257,13257,9494,1225,1251.0,1225.0,1225.0,40.0,42.0,False,20180926.tif,False,26.0,0.02122448979591837,17257,19494,fixed_coordinate_hypothesis_validation
2259,13289,6338,5539,5595.0,5539.0,5539.0,86.0,82.0,False,20180926.tif,False,56.0,0.010110128181982307,17289,16338,fixed_coordinate_hypothesis_validation
2260,13387,7148,1295,1311.0,1295.0,1295.0,43.0,44.0,False,20180926.tif,False,16.0,0.012355212355212355,17387,17148,fixed_coordinate_hypothesis_validation
2262,13417,6956,1919,1942.0,1919.0,1919.0,50.0,50.0,False,20180926.tif,False,23.0,0.011985409067222511,17417,16956,fixed_coordinate_hypothesis_validation
2263,13459,9430,1252,1259.0,1252.0,1252.0,43.0,39.0,False,20180926.tif,False,7.0,0.005591054313099041,17459,19430,fixed_coordinate_hypothesis_validation
2266,13543,6415,3621,3657.0,3621.0,3621.0,67.0,72.0,False,20180926.tif,False,36.0,0.009942004971002486,17543,16415,fixed_coordinate_hypothesis_validation
2269,13587,6622,1855,1881.0,1855.0,1855.0,48.0,52.0,False,20180926.tif,False,26.0,0.014016172506738544,17587,16622,fixed_coordinate_hypothesis_validation
2272,13625,7618,518,539.0,518.0,518.0,28.0,26.0,False,20180926.tif,False,21.0,0.04054054054054054,17625,17618,fixed_coordinate_hypothesis_validation
2273,13679,8006,3970,3992.0,3970.0,3970.0,70.0,72.0,False,20180926.tif,False,22.0,0.0055415617128463475,17679,18006,fixed_coordinate_hypothesis_validation
2274,13717,8254,1257,1297.0,1257.0,1257.0,36.0,42.0,False,20180926.tif,False,40.0,0.031821797931583136,17717,18254,fixed_coordinate_hypothesis_validation
2275,13731,8182,3062,3100.0,3062.0,3062.0,60.0,64.0,False,20180926.tif,False,38.0,0.012410189418680601,17731,18182,fixed_coordinate_hypothesis_validation
2276,13727,6206,4920,4948.0,4920.0,4920.0,76.0,82.0,False,20180926.tif,False,28.0,0.005691056910569106,17727,16206,fixed_coordinate_hypothesis_validation
2277,13897,7700,1939,1950.0,1939.0,1939.0,49.0,52.0,False,20180926.tif,False,11.0,0.005673027333677153,17897,17700,fixed_coordinate_hypothesis_validation
2279,14003,8394,1415,1430.0,1415.0,1415.0,41.0,44.0,False,20180926.tif,False,15.0,0.01060070671378092,18003,18394,fixed_coordinate_hypothesis_validation
2280,14109,7505,2040,2066.0,2040.0,2040.0,53.0,50.0,False,20180926.tif,False,26.0,0.012745098039215686,18109,17505,fixed_coordinate_hypothesis_validation
2281,14115,8417,2531,2545.0,2531.0,2531.0,59.0,60.0,False,20180926.tif,False,14.0,0.005531410509679968,18115,18417,fixed_coordinate_hypothesis_validation
2284,14235,8148,2313,2317.0,2313.0,2313.0,53.0,60.0,False,20180926.tif,False,4.0,0.0017293558149589277,18235,18148,fixed_coordinate_hypothesis_validation
2285,14279,7038,1604,1640.0,1604.0,1604.0,48.0,48.0,False,20180926.tif,False,36.0,0.022443890274314215,18279,17038,fixed_coordinate_hypothesis_validation
2286,14315,7742,4343,4386.0,4343.0,4343.0,68.0,80.0,False,20180926.tif,False,43.0,0.009900990099009901,18315,17742,fixed_coordinate_hypothesis_validation
2287,14329,8254,1279,1290.0,1279.0,1279.0,44.0,38.0,False,20180926.tif,False,11.0,0.008600469116497263,18329,18254,fixed_coordinate_hypothesis_validation
2288,14343,7206,3553,3559.0,3553.0,3553.0,74.0,70.0,False,20180926.tif,False,6.0,0.0016887137630171687,18343,17206,fixed_coordinate_hypothesis_validation
2289,14349,9229,2115,2139.0,2115.0,2115.0,51.0,56.0,False,20180926.tif,False,24.0,0.011347517730496455,18349,19229,fixed_coordinate_hypothesis_validation
2290,14441,6762,3472,3500.0,3472.0,3472.0,68.0,66.0,False,20180926.tif,False,28.0,0.008064516129032258,18441,16762,fixed_coordinate_hypothesis_validation
2291,14458,8521,2064,2079.0,2064.0,2064.0,49.0,56.0,False,20180926.tif,False,15.0,0.007267441860465116,18458,18521,fixed_coordinate_hypothesis_validation
2293,14557,9422,957,983.0,957.0,957.0,38.0,32.0,False,20180926.tif,False,26.0,0.027168234064785787,18557,19422,fixed_coordinate_hypothesis_validation
2295,14603,7448,1750,1758.0,1750.0,1750.0,45.0,49.0,False,20180926.tif,False,8.0,0.004571428571428572,18603,17448,fixed_coordinate_hypothesis_validation
2296,14641,7532,3400,3423.0,3400.0,3400.0,66.0,66.0,False,20180926.tif,False,23.0,0.006764705882352941,18641,17532,fixed_coordinate_hypothesis_validation
2298,14745,8129,2474,2487.0,2474.0,2474.0,57.0,58.0,False,20180926.tif,False,13.0,0.005254648342764754,18745,18129,fixed_coordinate_hypothesis_validation
2299,14777,8640,2097,2157.0,2097.0,2097.0,50.0,54.0,False,20180926.tif,False,60.0,0.02861230329041488,18777,18640,fixed_coordinate_hypothesis_validation
2302,14841,11692,5105,5141.0,5105.0,5105.0,80.0,86.0,False,20180926.tif,False,36.0,0.007051909892262488,18841,21692,fixed_coordinate_hypothesis_validation
2303,14991,8284,1519,1537.0,1519.0,1519.0,44.0,48.0,False,20180926.tif,False,18.0,0.01184990125082291,18991,18284,fixed_coordinate_hypothesis_validation
2304,15019,11736,1531,1571.0,1531.0,1531.0,48.0,44.0,False,20180926.tif,False,40.0,0.02612671456564337,19019,21736,fixed_coordinate_hypothesis_validation
2305,15115,11822,3015,3031.0,3015.0,3015.0,67.0,60.0,False,20180926.tif,False,16.0,0.005306799336650083,19115,21822,fixed_coordinate_hypothesis_validation
2306,15159,9172,2033,2048.0,2033.0,2033.0,54.0,50.0,False,20180926.tif,False,15.0,0.0073782587309394985,19159,19172,fixed_coordinate_hypothesis_validation
2307,15165,9266,160,172.0,160.0,160.0,18.0,12.0,False,20180926.tif,False,12.0,0.075,19165,19266,fixed_coordinate_hypothesis_validation
2308,15169,11738,2826,2871.0,2826.0,2826.0,60.0,62.0,False,20180926.tif,False,45.0,0.01592356687898089,19169,21738,fixed_coordinate_hypothesis_validation
2310,15739,7770,3688,3716.0,3688.0,3688.0,66.0,72.0,False,20180926.tif,False,28.0,0.007592190889370932,19739,17770,fixed_coordinate_hypothesis_validation
2311,15759,8862,8248,8260.0,8248.0,8248.0,102.0,112.0,False,20180926.tif,False,12.0,0.001454898157129001,19759,18862,fixed_coordinate_hypothesis_validation
2313,16163,11374,936,957.0,936.0,936.0,34.0,36.0,False,20180926.tif,False,21.0,0.022435897435897436,20163,21374,fixed_coordinate_hypothesis_validation
2314,16198,11278,2834,2856.0,2834.0,2834.0,57.0,63.0,False,20180926.tif,False,22.0,0.0077628793225123505,20198,21278,fixed_coordinate_hypothesis_validation
2315,16275,11258,1782,1800.0,1782.0,1782.0,48.0,52.0,False,20180926.tif,False,18.0,0.010101010101010102,20275,21258,fixed_coordinate_hypothesis_validation
2317,16441,11728,1043,1051.0,1043.0,1043.0,42.0,34.0,False,20180926.tif,False,8.0,0.007670182166826462,20441,21728,fixed_coordinate_hypothesis_validation
2318,16471,11826,2433,2467.0,2433.0,2433.0,54.0,56.0,False,20180926.tif,False,34.0,0.013974517057131115,20471,21826,fixed_coordinate_hypothesis_validation
2329,3041,6048,860,878.0,860.0,860.0,36.0,33.0,False,20180926.tif,False,18.0,0.020930232558139535,7041,16048,fixed_coordinate_hypothesis_validation
2330,3219,5954,2131,2152.0,2131.0,2131.0,58.0,49.0,False,20180926.tif,False,21.0,0.009854528390427029,7219,15954,fixed_coordinate_hypothesis_validation
2332,3505,7526,13400,13444.0,13400.0,13400.0,128.0,140.0,False,20180926.tif,False,44.0,0.0032835820895522386,7505,17526,fixed_coordinate_hypothesis_validation
2335,3725,6752,604,618.0,604.0,604.0,30.0,27.0,False,20180926.tif,False,14.0,0.023178807947019868,7725,16752,fixed_coordinate_hypothesis_validation
2337,4161,4135,532,554.0,532.0,532.0,27.0,26.0,False,20180926.tif,False,22.0,0.041353383458646614,8161,14135,fixed_coordinate_hypothesis_validation
2343,4745,6842,1176,1193.0,1176.0,1176.0,40.0,40.0,False,20180926.tif,False,17.0,0.01445578231292517,8745,16842,fixed_coordinate_hypothesis_validation
2344,4749,6184,2491,2507.0,2491.0,2491.0,54.0,65.0,False,20180926.tif,False,16.0,0.006423123243677238,8749,16184,fixed_coordinate_hypothesis_validation
2345,4830,10950,25902,25912.0,25902.0,25902.0,186.0,187.0,False,20180926.tif,False,10.0,0.00038607057370087253,8830,20950,fixed_coordinate_hypothesis_validation
2346,4837,4914,771,787.0,771.0,771.0,34.0,31.0,False,20180926.tif,False,16.0,0.020752269779507133,8837,14914,fixed_coordinate_hypothesis_validation
2348,4953,10848,138,148.0,138.0,138.0,16.0,12.0,False,20180926.tif,False,10.0,0.07246376811594203,8953,20848,fixed_coordinate_hypothesis_validation
2349,5007,10825,960,964.0,960.0,960.0,40.0,34.0,False,20180926.tif,False,4.0,0.004166666666666667,9007,20825,fixed_coordinate_hypothesis_validation
2350,5027,4948,311,318.0,311.0,311.0,22.0,19.0,False,20180926.tif,False,7.0,0.022508038585209004,9027,14948,fixed_coordinate_hypothesis_validation
2351,5047,4998,256,268.0,256.0,256.0,22.0,18.0,False,20180926.tif,False,12.0,0.046875,9047,14998,fixed_coordinate_hypothesis_validation
2353,5469,11123,1498,1506.0,1498.0,1498.0,47.0,43.0,False,20180926.tif,False,8.0,0.0053404539385847796,9469,21123,fixed_coordinate_hypothesis_validation
2354,5477,10769,1123,1145.0,1123.0,1123.0,37.0,39.0,False,20180926.tif,False,22.0,0.019590382902938557,9477,20769,fixed_coordinate_hypothesis_validation
2355,5485,10712,1276,1283.0,1276.0,1276.0,42.0,42.0,False,20180926.tif,False,7.0,0.0054858934169279,9485,20712,fixed_coordinate_hypothesis_validation
2356,5579,10842,279,283.0,279.0,279.0,22.0,17.0,False,20180926.tif,False,4.0,0.014336917562724014,9579,20842,fixed_coordinate_hypothesis_validation
2360,5831,6530,217,231.0,217.0,217.0,18.0,16.0,False,20180926.tif,False,14.0,0.06451612903225806,9831,16530,fixed_coordinate_hypothesis_validation
2361,6062,5962,3673,3690.0,3673.0,3673.0,74.0,64.0,False,20180926.tif,False,17.0,0.004628369180506398,10062,15962,fixed_coordinate_hypothesis_validation
2362,6062,5962,3673,3690.0,3673.0,3673.0,74.0,64.0,False,20180926.tif,False,17.0,0.004628369180506398,10062,15962,fixed_coordinate_hypothesis_validation
2363,6205,5870,1335,1352.0,1335.0,1335.0,43.0,40.0,False,20180926.tif,False,17.0,0.012734082397003745,10205,15870,fixed_coordinate_hypothesis_validation
2365,6582,8244,636,666.0,636.0,636.0,30.0,27.0,False,20180926.tif,False,30.0,0.04716981132075472,10582,18244,fixed_coordinate_hypothesis_validation
2368,6815,6374,1284,1301.0,1284.0,1284.0,42.0,41.0,False,20180926.tif,False,17.0,0.0132398753894081,10815,16374,fixed_coordinate_hypothesis_validation
2370,7022,10742,16198,16245.0,16198.0,16198.0,132.0,169.0,False,20180926.tif,False,47.0,0.002901592789233239,11022,20742,fixed_coordinate_hypothesis_validation
2372,7239,6359,3299,3305.0,3299.0,3299.0,66.0,66.0,False,20180926.tif,False,6.0,0.0018187329493785996,11239,16359,fixed_coordinate_hypothesis_validation
2373,7595,6872,430,440.0,430.0,430.0,24.0,22.0,False,20180926.tif,False,10.0,0.023255813953488372,11595,16872,fixed_coordinate_hypothesis_validation
2374,7757,7526,913,937.0,913.0,913.0,38.0,33.0,False,20180926.tif,False,24.0,0.02628696604600219,11757,17526,fixed_coordinate_hypothesis_validation
2376,7763,6958,2002,2026.0,2002.0,2002.0,56.0,47.0,False,20180926.tif,False,24.0,0.011988011988011988,11763,16958,fixed_coordinate_hypothesis_validation
2377,8094,6962,3857,3880.0,3857.0,3857.0,74.0,71.0,False,20180926.tif,False,23.0,0.0059631838216230235,12094,16962,fixed_coordinate_hypothesis_validation
2378,8125,11620,899,911.0,899.0,899.0,36.0,33.0,False,20180926.tif,False,12.0,0.013348164627363738,12125,21620,fixed_coordinate_hypothesis_validation
2379,8125,11620,899,911.0,899.0,899.0,36.0,33.0,False,20180926.tif,False,12.0,0.013348164627363738,12125,21620,fixed_coordinate_hypothesis_validation
2381,8474,11128,985,1004.0,985.0,985.0,34.0,39.0,False,20180926.tif,False,19.0,0.019289340101522844,12474,21128,fixed_coordinate_hypothesis_validation
2383,8645,11089,210,218.0,210.0,210.0,19.0,16.0,False,20180926.tif,False,8.0,0.0380952380952381,12645,21089,fixed_coordinate_hypothesis_validation
2386,9537,10538,663,677.0,663.0,663.0,30.0,29.0,False,20180926.tif,False,14.0,0.021116138763197588,13537,20538,fixed_coordinate_hypothesis_validation
2388,9949,6272,1079,1103.0,1079.0,1079.0,38.0,38.0,False,20180926.tif,False,24.0,0.022242817423540315,13949,16272,fixed_coordinate_hypothesis_validation
2391,10103,2258,3138,3150.0,3138.0,3138.0,66.0,65.0,False,20180926.tif,False,12.0,0.0038240917782026767,14103,12258,fixed_coordinate_hypothesis_validation
2395,11229,8010,240,254.0,240.0,240.0,18.0,19.0,False,20180926.tif,False,14.0,0.058333333333333334,15229,18010,fixed_coordinate_hypothesis_validation
2396,11231,6330,1260,1286.0,1260.0,1260.0,46.0,38.0,False,20180926.tif,False,26.0,0.020634920634920634,15231,16330,fixed_coordinate_hypothesis_validation
2399,12001,7089,657,661.0,657.0,657.0,32.0,30.0,False,20180926.tif,False,4.0,0.0060882800608828,16001,17089,fixed_coordinate_hypothesis_validation
2400,12423,7439,1141,1159.0,1141.0,1141.0,39.0,40.0,False,20180926.tif,False,18.0,0.015775635407537247,16423,17439,fixed_coordinate_hypothesis_validation
2402,12585,8278,1004,1024.0,1004.0,1004.0,36.0,38.0,False,20180926.tif,False,20.0,0.0199203187250996,16585,18278,fixed_coordinate_hypothesis_validation
2403,12561,8464,500,512.0,500.0,500.0,28.0,26.0,False,20180926.tif,False,12.0,0.024,16561,18464,fixed_coordinate_hypothesis_validation
2405,12721,8172,1129,1139.0,1129.0,1129.0,40.0,38.0,False,20180926.tif,False,10.0,0.008857395925597875,16721,18172,fixed_coordinate_hypothesis_validation
2408,12815,5114,6346,6444.0,6346.0,6346.0,100.0,82.0,False,20180926.tif,False,98.0,0.015442798613299717,16815,15114,fixed_coordinate_hypothesis_validation
2411,12915,5246,1822,1836.0,1822.0,1822.0,56.0,46.0,False,20180926.tif,False,14.0,0.007683863885839737,16915,15246,fixed_coordinate_hypothesis_validation
2412,12961,10192,966,979.0,966.0,966.0,38.0,35.0,False,20180926.tif,False,13.0,0.013457556935817806,16961,20192,fixed_coordinate_hypothesis_validation
2413,13099,10040,311,321.0,311.0,311.0,22.0,19.0,False,20180926.tif,False,10.0,0.03215434083601286,17099,20040,fixed_coordinate_hypothesis_validation
2415,13147,7770,3108,3136.0,3108.0,3108.0,76.0,56.0,False,20180926.tif,False,28.0,0.009009009009009009,17147,17770,fixed_coordinate_hypothesis_validation
2419,13459,4960,5350,5404.0,5350.0,5350.0,78.0,88.0,False,20180926.tif,False,54.0,0.010093457943925233,17459,14960,fixed_coordinate_hypothesis_validation
2424,13971,6086,22120,22156.0,22120.0,22120.0,162.0,174.0,False,20180926.tif,False,36.0,0.0016274864376130199,17971,16086,fixed_coordinate_hypothesis_validation
2427,14187,5864,15568,15600.0,15568.0,15568.0,146.0,140.0,False,20180926.tif,False,32.0,0.0020554984583761563,18187,15864,fixed_coordinate_hypothesis_validation
2430,14887,7730,17056,17112.0,17056.0,17056.0,148.0,152.0,False,20180926.tif,False,56.0,0.003283302063789869,18887,17730,fixed_coordinate_hypothesis_validation
2432,14985,8683,659,677.0,659.0,659.0,29.0,32.0,False,20180926.tif,False,18.0,0.027314112291350532,18985,18683,fixed_coordinate_hypothesis_validation
2433,15237,12038,1343,1366.0,1343.0,1343.0,36.0,49.0,False,20180926.tif,False,23.0,0.01712583767684289,19237,22038,fixed_coordinate_hypothesis_validation
2434,15243,9107,585,600.0,585.0,585.0,27.0,28.0,False,20180926.tif,False,15.0,0.02564102564102564,19243,19107,fixed_coordinate_hypothesis_validation
2436,15497,7678,8482,8516.0,8482.0,8482.0,104.0,110.0,False,20180926.tif,False,34.0,0.00400848856401792,19497,17678,fixed_coordinate_hypothesis_validation
2438,16299,12023,1337,1358.0,1337.0,1337.0,41.0,44.0,False,20180926.tif,False,21.0,0.015706806282722512,20299,22023,fixed_coordinate_hypothesis_validation
2439,16365,11184,1203,1230.0,1203.0,1203.0,42.0,42.0,False,20180926.tif,False,27.0,0.022443890274314215,20365,21184,fixed_coordinate_hypothesis_validation
2440,16551,11888,417,431.0,417.0,417.0,24.0,24.0,False,20180926.tif,False,14.0,0.03357314148681055,20551,21888,fixed_coordinate_hypothesis_validation
2446,1479,1263,102,112.0,102.0,102.0,11.0,14.0,False,20180926.tif,False,10.0,0.09803921568627451,5479,11263,fixed_coordinate_hypothesis_validation
2447,1491,1130,536,544.0,536.0,536.0,28.0,27.0,False,20180926.tif,False,8.0,0.014925373134328358,5491,11130,fixed_coordinate_hypothesis_validation
2448,1513,1996,242,251.0,242.0,242.0,20.0,19.0,False,20180926.tif,False,9.0,0.0371900826446281,5513,11996,fixed_coordinate_hypothesis_validation
2449,1533,2217,2036,2054.0,2036.0,2036.0,56.0,48.0,False,20180926.tif,False,18.0,0.008840864440078585,5533,12217,fixed_coordinate_hypothesis_validation
2450,1561,1219,443,452.0,443.0,443.0,27.0,24.0,False,20180926.tif,False,9.0,0.020316027088036117,5561,11219,fixed_coordinate_hypothesis_validation
2451,1583,1064,226,242.0,226.0,226.0,16.0,20.0,False,20180926.tif,False,16.0,0.07079646017699115,5583,11064,fixed_coordinate_hypothesis_validation
2452,1601,1132,458,472.0,458.0,458.0,22.0,29.0,False,20180926.tif,False,14.0,0.03056768558951965,5601,11132,fixed_coordinate_hypothesis_validation
2453,1635,1064,291,295.0,291.0,291.0,22.0,19.0,False,20180926.tif,False,4.0,0.013745704467353952,5635,11064,fixed_coordinate_hypothesis_validation
2454,1657,1142,829,843.0,829.0,829.0,35.0,34.0,False,20180926.tif,False,14.0,0.016887816646562123,5657,11142,fixed_coordinate_hypothesis_validation
2455,3189,6019,399,412.0,399.0,399.0,21.0,26.0,False,20180926.tif,False,13.0,0.03258145363408521,7189,16019,fixed_coordinate_hypothesis_validation
2456,4449,4998,917,925.0,917.0,917.0,34.0,37.0,False,20180926.tif,False,8.0,0.008724100327153763,8449,14998,fixed_coordinate_hypothesis_validation
2457,4821,5078,1050,1054.0,1047.0,1050.0,38.0,40.0,False,20180926.tif,False,4.0,0.0038095238095238095,8821,15078,fixed_coordinate_hypothesis_validation
2458,4943,4888,235,249.0,235.0,235.0,16.0,20.0,False,20180926.tif,False,14.0,0.059574468085106386,8943,14888,fixed_coordinate_hypothesis_validation
2459,4953,6206,835,854.0,835.0,835.0,32.0,34.0,False,20180926.tif,False,19.0,0.022754491017964073,8953,16206,fixed_coordinate_hypothesis_validation
2460,5130,6162,1299,1318.0,1299.0,1299.0,40.0,40.0,False,20180926.tif,False,19.0,0.014626635873749037,9130,16162,fixed_coordinate_hypothesis_validation
2461,5544,10776,845,857.0,845.0,845.0,35.0,33.0,False,20180926.tif,False,12.0,0.014201183431952662,9544,20776,fixed_coordinate_hypothesis_validation
2462,5570,8930,34246,34260.0,34246.0,34246.0,204.0,217.0,False,20180926.tif,False,14.0,0.00040880686795538167,9570,18930,fixed_coordinate_hypothesis_validation
2463,6027,210,234,248.0,234.0,234.0,16.0,20.0,False,20180926.tif,False,14.0,0.05982905982905983,10027,10210,fixed_coordinate_hypothesis_validation
2464,6119,12250,27791,27809.0,27791.0,27791.0,180.0,195.0,False,20180926.tif,False,18.0,0.0006476916987513944,10119,22250,fixed_coordinate_hypothesis_validation
2465,6493,8524,917,942.0,917.0,917.0,32.0,40.0,False,20180926.tif,False,25.0,0.027262813522355506,10493,18524,fixed_coordinate_hypothesis_validation
2466,6861,6820,118,128.0,118.0,118.0,16.0,12.0,False,20180926.tif,False,10.0,0.0847457627118644,10861,16820,fixed_coordinate_hypothesis_validation
2467,6901,6773,1220,1230.0,1220.0,1220.0,39.0,42.0,False,20180926.tif,False,10.0,0.00819672131147541,10901,16773,fixed_coordinate_hypothesis_validation
2468,7461,6898,2952,2972.0,2952.0,2952.0,62.0,64.0,False,20180926.tif,False,20.0,0.006775067750677507,11461,16898,fixed_coordinate_hypothesis_validation
2469,8615,11422,128,140.0,128.0,128.0,16.0,12.0,False,20180926.tif,False,12.0,0.09375,12615,21422,fixed_coordinate_hypothesis_validation
2470,8661,11226,541,549.0,541.0,541.0,26.0,28.0,False,20180926.tif,False,8.0,0.014787430683918669,12661,21226,fixed_coordinate_hypothesis_validation
2471,8814,8486,274,286.0,274.0,274.0,20.0,21.0,False,20180926.tif,False,12.0,0.043795620437956206,12814,18486,fixed_coordinate_hypothesis_validation
2472,9007,11171,734,741.0,734.0,734.0,34.0,32.0,False,20180926.tif,False,7.0,0.009536784741144414,13007,21171,fixed_coordinate_hypothesis_validation
2473,9027,11528,162,184.0,162.0,162.0,16.0,14.0,False,20180926.tif,False,22.0,0.13580246913580246,13027,21528,fixed_coordinate_hypothesis_validation
2474,9255,14072,632,641.0,632.0,632.0,34.0,27.0,False,20180926.tif,False,9.0,0.014240506329113924,13255,24072,fixed_coordinate_hypothesis_validation
2475,9355,1378,123,139.0,123.0,123.0,16.0,12.0,False,20180926.tif,False,16.0,0.13008130081300814,13355,11378,fixed_coordinate_hypothesis_validation
2476,9537,6614,208,219.0,208.0,208.0,18.0,18.0,False,20180926.tif,False,11.0,0.052884615384615384,13537,16614,fixed_coordinate_hypothesis_validation
2477,10478,8442,348,368.0,348.0,348.0,20.0,24.0,False,20180926.tif,False,20.0,0.05747126436781609,14478,18442,fixed_coordinate_hypothesis_validation
2478,10699,9467,1219,1246.0,1219.0,1219.0,41.0,38.0,False,20180926.tif,False,27.0,0.022149302707136997,14699,19467,fixed_coordinate_hypothesis_validation
2479,10731,5601,1044,1060.0,1044.0,1044.0,39.0,36.0,False,20180926.tif,False,16.0,0.01532567049808429,14731,15601,fixed_coordinate_hypothesis_validation
2480,10869,2383,190,197.0,190.0,190.0,17.0,17.0,False,20180926.tif,False,7.0,0.03684210526315789,14869,12383,fixed_coordinate_hypothesis_validation
2481,10906,10516,1005,1026.0,1005.0,1005.0,38.0,36.0,False,20180926.tif,False,21.0,0.020895522388059702,14906,20516,fixed_coordinate_hypothesis_validation
2482,11441,2831,286,292.0,286.0,286.0,21.0,20.0,False,20180926.tif,False,6.0,0.02097902097902098,15441,12831,fixed_coordinate_hypothesis_validation
2483,12063,8478,1097,1120.0,1097.0,1097.0,34.0,43.0,False,20180926.tif,False,23.0,0.020966271649954422,16063,18478,fixed_coordinate_hypothesis_validation
2484,12261,10434,208,218.0,208.0,208.0,16.0,18.0,False,20180926.tif,False,10.0,0.04807692307692308,16261,20434,fixed_coordinate_hypothesis_validation
2485,12369,8794,275,285.0,275.0,275.0,22.0,18.0,False,20180926.tif,False,10.0,0.03636363636363636,16369,18794,fixed_coordinate_hypothesis_validation
2486,12907,1192,203,215.0,203.0,203.0,14.0,20.0,False,20180926.tif,False,12.0,0.059113300492610835,16907,11192,fixed_coordinate_hypothesis_validation
2487,13553,7553,1366,1384.0,1366.0,1366.0,39.0,49.0,False,20180926.tif,False,18.0,0.013177159590043924,17553,17553,fixed_coordinate_hypothesis_validation
2488,13993,5844,2769,2820.0,2759.0,2769.0,68.0,56.0,False,20180926.tif,False,51.0,0.018418201516793065,17993,15844,fixed_coordinate_hypothesis_validation
2489,14091,9562,3219,3248.0,3219.0,3219.0,72.0,60.0,False,20180926.tif,False,29.0,0.009009009009009009,18091,19562,fixed_coordinate_hypothesis_validation
2490,14125,8222,6564,6583.0,6564.0,6564.0,100.0,90.0,False,20180926.tif,False,19.0,0.002894576477757465,18125,18222,fixed_coordinate_hypothesis_validation
2491,14315,5590,206,221.0,206.0,206.0,17.0,16.0,False,20180926.tif,False,15.0,0.07281553398058252,18315,15590,fixed_coordinate_hypothesis_validation
2492,14339,6794,444,452.0,444.0,444.0,24.0,26.0,False,20180926.tif,False,8.0,0.018018018018018018,18339,16794,fixed_coordinate_hypothesis_validation
2493,14631,11414,871,897.0,871.0,871.0,36.0,32.0,False,20180926.tif,False,26.0,0.029850746268656716,18631,21414,fixed_coordinate_hypothesis_validation
2494,14861,8670,3390,3405.0,3390.0,3390.0,74.0,61.0,False,20180926.tif,False,15.0,0.004424778761061947,18861,18670,fixed_coordinate_hypothesis_validation
2495,14925,11921,416,419.0,416.0,416.0,24.0,25.0,False,20180926.tif,False,3.0,0.007211538461538462,18925,21921,fixed_coordinate_hypothesis_validation
2496,15407,12034,473,493.0,473.0,473.0,22.0,27.0,False,20180926.tif,False,20.0,0.042283298097251586,19407,22034,fixed_coordinate_hypothesis_validation
2497,16420,12236,243,252.0,243.0,243.0,19.0,19.0,False,20180926.tif,False,9.0,0.037037037037037035,20420,22236,fixed_coordinate_hypothesis_validation
2498,16677,11077,119,123.0,119.0,119.0,14.0,14.0,False,20180926.tif,False,4.0,0.03361344537815126,20677,21077,fixed_coordinate_hypothesis_validation
2499,17037,10472,116,124.0,116.0,116.0,16.0,12.0,False,20180926.tif,False,8.0,0.06896551724137931,21037,20472,fixed_coordinate_hypothesis_validation
1955,14929,11870,7879,7897.0,7879.0,7879.0,98.0,104.0,False,20190828.tif,False,18.0,0.002284553877395609,18929,21870,fixed_coordinate_hypothesis_validation
1991,12975,10066,1564,1574.0,1564.0,1564.0,43.0,46.0,False,20190828.tif,False,10.0,0.00639386189258312,16975,20066,fixed_coordinate_hypothesis_validation
2001,14929,11870,7879,7897.0,7879.0,7879.0,98.0,104.0,False,20190828.tif,False,18.0,0.002284553877395609,18929,21870,fixed_coordinate_hypothesis_validation
2012,73,4996,5977,5992.0,5977.0,5977.0,88.0,88.0,False,20190828.tif,False,15.0,0.0025096202108080977,4073,14996,fixed_coordinate_hypothesis_validation
2014,543,6988,4300,4330.0,4300.0,4300.0,74.0,78.0,False,20190828.tif,False,30.0,0.0069767441860465115,4543,16988,fixed_coordinate_hypothesis_validation
2030,3850,3718,4226,4252.0,4226.0,4226.0,72.0,81.0,False,20190828.tif,False,26.0,0.006152389966871746,7850,13718,fixed_coordinate_hypothesis_validation
2032,3911,6056,3318,3346.0,3318.0,3318.0,66.0,68.0,False,20190828.tif,False,28.0,0.008438818565400843,7911,16056,fixed_coordinate_hypothesis_validation
2069,5507,10886,2828,2862.0,2828.0,2828.0,56.0,60.0,False,20190828.tif,False,34.0,0.012022630834512023,9507,20886,fixed_coordinate_hypothesis_validation
2074,5618,9390,16916,16982.0,16916.0,16916.0,152.0,143.0,False,20190828.tif,False,66.0,0.003901631591392764,9618,19390,fixed_coordinate_hypothesis_validation
2079,5727,11550,18767,18810.0,18767.0,18767.0,162.0,151.0,False,20190828.tif,False,43.0,0.0022912559279586507,9727,21550,fixed_coordinate_hypothesis_validation
2082,5835,8051,5572,5590.0,5572.0,5572.0,91.0,82.0,False,20190828.tif,False,18.0,0.003230437903804738,9835,18051,fixed_coordinate_hypothesis_validation
2091,6138,5554,3705,3724.0,3705.0,3705.0,68.0,77.0,False,20190828.tif,False,19.0,0.005128205128205128,10138,15554,fixed_coordinate_hypothesis_validation
2095,6225,5760,9046,9068.0,9046.0,9046.0,110.0,112.0,False,20190828.tif,False,22.0,0.0024320141499005084,10225,15760,fixed_coordinate_hypothesis_validation
2097,6263,9618,38120,38152.0,38120.0,38120.0,226.0,224.0,False,20190828.tif,False,32.0,0.0008394543546694648,10263,19618,fixed_coordinate_hypothesis_validation
2099,6410,5782,11432,11466.0,11432.0,11432.0,124.0,123.0,False,20190828.tif,False,34.0,0.002974107767669699,10410,15782,fixed_coordinate_hypothesis_validation
2122,7309,11850,12601,12679.0,12601.0,12601.0,124.0,130.0,False,20190828.tif,False,78.0,0.006189984921831601,11309,21850,fixed_coordinate_hypothesis_validation
2124,7446,10050,5837,5870.0,5837.0,5837.0,88.0,85.0,False,20190828.tif,False,33.0,0.00565358917252013,11446,20050,fixed_coordinate_hypothesis_validation
2131,7593,11124,5706,5745.0,5706.0,5706.0,78.0,94.0,False,20190828.tif,False,39.0,0.006834910620399579,11593,21124,fixed_coordinate_hypothesis_validation
2134,7670,11594,8233,8260.0,8233.0,8233.0,100.0,107.0,False,20190828.tif,False,27.0,0.003279484999392688,11670,21594,fixed_coordinate_hypothesis_validation
2140,8149,10706,11949,12003.0,11949.0,11949.0,116.0,129.0,False,20190828.tif,False,54.0,0.0045192066281697215,12149,20706,fixed_coordinate_hypothesis_validation
2145,8434,10622,19608,19648.0,19608.0,19608.0,150.0,163.0,False,20190828.tif,False,40.0,0.002039983680130559,12434,20622,fixed_coordinate_hypothesis_validation
2146,8443,11796,2262,2280.0,2262.0,2262.0,52.0,55.0,False,20190828.tif,False,18.0,0.007957559681697613,12443,21796,fixed_coordinate_hypothesis_validation
2155,9013,11788,4262,4284.0,4262.0,4262.0,76.0,76.0,False,20190828.tif,False,22.0,0.005161895823557016,13013,21788,fixed_coordinate_hypothesis_validation
2156,9078,10564,17954,17976.0,17954.0,17954.0,148.0,160.0,False,20190828.tif,False,22.0,0.0012253536816308344,13078,20564,fixed_coordinate_hypothesis_validation
2157,9071,8710,7214,7241.0,7214.0,7214.0,98.0,95.0,False,20190828.tif,False,27.0,0.003742722484058775,13071,18710,fixed_coordinate_hypothesis_validation
2160,9267,13918,1771,1798.0,1771.0,1771.0,44.0,52.0,False,20190828.tif,False,27.0,0.015245623941276116,13267,23918,fixed_coordinate_hypothesis_validation
2161,9262,8874,46742,46800.0,46742.0,46742.0,256.0,255.0,False,20190828.tif,False,58.0,0.0012408540498908905,13262,18874,fixed_coordinate_hypothesis_validation
2173,10267,8944,7234,7290.0,7234.0,7234.0,98.0,96.0,False,20190828.tif,False,56.0,0.007741222007188278,14267,18944,fixed_coordinate_hypothesis_validation
2177,10390,9748,4790,4816.0,4790.0,4790.0,84.0,73.0,False,20190828.tif,False,26.0,0.005427974947807933,14390,19748,fixed_coordinate_hypothesis_validation
2206,12205,8686,1638,1648.0,1638.0,1638.0,46.0,46.0,False,20190828.tif,False,10.0,0.006105006105006105,16205,18686,fixed_coordinate_hypothesis_validation
2217,12335,8450,9755,9767.0,9755.0,9755.0,115.0,108.0,False,20190828.tif,False,12.0,0.001230138390568939,16335,18450,fixed_coordinate_hypothesis_validation
2252,13073,9881,1181,1198.0,1181.0,1181.0,39.0,40.0,False,20190828.tif,False,17.0,0.014394580863674851,17073,19881,fixed_coordinate_hypothesis_validation
2280,14035,7466,7063,7093.0,7063.0,7063.0,102.0,92.0,False,20190828.tif,False,30.0,0.004247486903582048,18035,17466,fixed_coordinate_hypothesis_validation
2284,14163,8110,5700,5744.0,5700.0,5700.0,92.0,88.0,False,20190828.tif,False,44.0,0.0077192982456140355,18163,18110,fixed_coordinate_hypothesis_validation
2287,14253,8222,5210,5220.0,5210.0,5210.0,86.0,82.0,False,20190828.tif,False,10.0,0.0019193857965451055,18253,18222,fixed_coordinate_hypothesis_validation
2291,14395,8490,4544,4576.0,4544.0,4544.0,76.0,84.0,False,20190828.tif,False,32.0,0.007042253521126761,18395,18490,fixed_coordinate_hypothesis_validation
2293,14475,9378,5674,5716.0,5674.0,5674.0,84.0,88.0,False,20190828.tif,False,42.0,0.007402185407120197,18475,19378,fixed_coordinate_hypothesis_validation
2302,14767,11650,11374,11414.0,11374.0,11374.0,116.0,124.0,False,20190828.tif,False,40.0,0.003516792685071215,18767,21650,fixed_coordinate_hypothesis_validation
2304,14943,11694,5225,5243.0,5225.0,5225.0,82.0,82.0,False,20190828.tif,False,18.0,0.003444976076555024,18943,21694,fixed_coordinate_hypothesis_validation
2307,15091,9236,1632,1642.0,1632.0,1632.0,50.0,47.0,False,20190828.tif,False,10.0,0.006127450980392157,19091,19236,fixed_coordinate_hypothesis_validation
2348,4899,10828,425,433.0,425.0,425.0,25.0,22.0,False,20190828.tif,False,8.0,0.018823529411764704,8899,20828,fixed_coordinate_hypothesis_validation
2350,4993,4932,475,490.0,475.0,475.0,28.0,24.0,False,20190828.tif,False,15.0,0.031578947368421054,8993,14932,fixed_coordinate_hypothesis_validation
2351,5017,4982,284,296.0,284.0,284.0,24.0,16.0,False,20190828.tif,False,12.0,0.04225352112676056,9017,14982,fixed_coordinate_hypothesis_validation
2353,5458,11042,958,990.0,958.0,958.0,32.0,37.0,False,20190828.tif,False,32.0,0.033402922755741124,9458,21042,fixed_coordinate_hypothesis_validation
2356,5507,10886,2828,2862.0,2828.0,2828.0,56.0,60.0,False,20190828.tif,False,34.0,0.012022630834512023,9507,20886,fixed_coordinate_hypothesis_validation
2368,6749,6336,6213,6230.0,6213.0,6213.0,90.0,91.0,False,20190828.tif,False,17.0,0.0027361982938998875,10749,16336,fixed_coordinate_hypothesis_validation
2381,8402,11102,3668,3680.0,3668.0,3668.0,62.0,79.0,False,20190828.tif,False,12.0,0.003271537622682661,12402,21102,fixed_coordinate_hypothesis_validation
2386,9467,10502,3101,3104.0,3101.0,3101.0,67.0,63.0,False,20190828.tif,False,3.0,0.0009674298613350532,13467,20502,fixed_coordinate_hypothesis_validation
2412,12891,10160,2592,2623.0,2592.0,2592.0,54.0,64.0,False,20190828.tif,False,31.0,0.011959876543209876,16891,20160,fixed_coordinate_hypothesis_validation
2456,4414,4982,1276,1314.0,1276.0,1276.0,44.0,37.0,False,20190828.tif,False,38.0,0.029780564263322883,8414,14982,fixed_coordinate_hypothesis_validation
2460,5086,6146,1988,2009.0,1988.0,1988.0,52.0,52.0,False,20190828.tif,False,21.0,0.01056338028169014,9086,16146,fixed_coordinate_hypothesis_validation
2470,8591,11198,2447,2481.0,2447.0,2447.0,54.0,62.0,False,20190828.tif,False,34.0,0.013894564773191663,12591,21198,fixed_coordinate_hypothesis_validation
2473,8941,11494,2989,3018.0,2989.0,2989.0,60.0,64.0,False,20190828.tif,False,29.0,0.009702241552358649,12941,21494,fixed_coordinate_hypothesis_validation
2474,9193,13998,2177,2192.0,2177.0,2177.0,60.0,50.0,False,20190828.tif,False,15.0,0.006890215893431328,13193,23998,fixed_coordinate_hypothesis_validation
2476,9491,6599,513,520.0,513.0,513.0,27.0,27.0,False,20190828.tif,False,7.0,0.01364522417153996,13491,16599,fixed_coordinate_hypothesis_validation
2492,14279,6782,1498,1528.0,1498.0,1498.0,40.0,48.0,False,20190828.tif,False,30.0,0.020026702269692925,18279,16782,fixed_coordinate_hypothesis_validation
2493,14551,11374,4705,4729.0,4705.0,4705.0,76.0,80.0,False,20190828.tif,False,24.0,0.005100956429330499,18551,21374,fixed_coordinate_hypothesis_validation
2495,14929,11870,7879,7897.0,7879.0,7879.0,98.0,104.0,False,20190828.tif,False,18.0,0.002284553877395609,18929,21870,fixed_coordinate_hypothesis_validation
2496,15325,11991,3429,3464.0,3429.0,3429.0,63.0,70.0,False,20190828.tif,False,35.0,0.010207057451151939,19325,21991,fixed_coordinate_hypothesis_validation
2497,16399,12154,1224,1256.0,1224.0,1224.0,40.0,40.0,False,20190828.tif,False,32.0,0.026143790849673203,20399,22154,fixed_coordinate_hypothesis_validation
2499,16939,10412,5264,5290.0,5264.0,5264.0,91.0,78.0,False,20190828.tif,False,26.0,0.004939209726443769,20939,20412,fixed_coordinate_hypothesis_validation
2500,563,6286,274,290.0,274.0,274.0,16.0,24.0,False,20190828.tif,False,16.0,0.058394160583941604,4563,16286,fixed_coordinate_hypothesis_validation
2501,681,7057,347,353.0,347.0,347.0,21.0,25.0,False,20190828.tif,False,6.0,0.01729106628242075,4681,17057,fixed_coordinate_hypothesis_validation
2502,1065,7756,143,151.0,143.0,143.0,14.0,16.0,False,20190828.tif,False,8.0,0.055944055944055944,5065,17756,fixed_coordinate_hypothesis_validation
2503,1273,6026,3405,3424.0,3405.0,3405.0,68.0,73.0,False,20190828.tif,False,19.0,0.005580029368575624,5273,16026,fixed_coordinate_hypothesis_validation
2504,3145,9164,500,509.0,500.0,500.0,30.0,26.0,False,20190828.tif,False,9.0,0.018,7145,19164,fixed_coordinate_hypothesis_validation
2505,3545,3514,160,176.0,160.0,160.0,16.0,16.0,False,20190828.tif,False,16.0,0.1,7545,13514,fixed_coordinate_hypothesis_validation
2506,3931,6948,1152,1165.0,1152.0,1152.0,40.0,40.0,False,20190828.tif,False,13.0,0.011284722222222222,7931,16948,fixed_coordinate_hypothesis_validation
2507,3943,6328,468,476.0,468.0,468.0,26.0,26.0,False,20190828.tif,False,8.0,0.017094017094017096,7943,16328,fixed_coordinate_hypothesis_validation
2508,4335,6252,1366,1396.0,1366.0,1366.0,38.0,45.0,False,20190828.tif,False,30.0,0.021961932650073207,8335,16252,fixed_coordinate_hypothesis_validation
2509,4362,11794,37158,37198.0,37158.0,37158.0,204.0,239.0,False,20190828.tif,False,40.0,0.001076484202594327,8362,21794,fixed_coordinate_hypothesis_validation
2510,4367,12086,6430,6444.0,6430.0,6430.0,106.0,79.0,False,20190828.tif,False,14.0,0.002177293934681182,8367,22086,fixed_coordinate_hypothesis_validation
2511,4407,6280,2422,2438.0,2422.0,2422.0,62.0,56.0,False,20190828.tif,False,16.0,0.006606110652353427,8407,16280,fixed_coordinate_hypothesis_validation
2512,4411,5090,200,210.0,200.0,200.0,20.0,16.0,False,20190828.tif,False,10.0,0.05,8411,15090,fixed_coordinate_hypothesis_validation
2513,4571,5938,360,372.0,360.0,360.0,24.0,19.0,False,20190828.tif,False,12.0,0.03333333333333333,8571,15938,fixed_coordinate_hypothesis_validation
2514,4649,14172,585,589.0,585.0,585.0,29.0,28.0,False,20190828.tif,False,4.0,0.006837606837606838,8649,24172,fixed_coordinate_hypothesis_validation
2515,4777,4973,464,471.0,464.0,464.0,22.0,30.0,False,20190828.tif,False,7.0,0.015086206896551725,8777,14973,fixed_coordinate_hypothesis_validation
2516,4791,7176,1916,1952.0,1916.0,1916.0,46.0,54.0,False,20190828.tif,False,36.0,0.018789144050104383,8791,17176,fixed_coordinate_hypothesis_validation
2517,4829,9076,2234,2260.0,2234.0,2234.0,54.0,56.0,False,20190828.tif,False,26.0,0.011638316920322292,8829,19076,fixed_coordinate_hypothesis_validation
2518,4859,7080,253,266.0,253.0,253.0,21.0,15.0,False,20190828.tif,False,13.0,0.05138339920948617,8859,17080,fixed_coordinate_hypothesis_validation
2519,4875,9199,940,961.0,940.0,940.0,35.0,35.0,False,20190828.tif,False,21.0,0.022340425531914895,8875,19199,fixed_coordinate_hypothesis_validation
2520,4879,10474,2434,2461.0,2434.0,2434.0,59.0,54.0,False,20190828.tif,False,27.0,0.011092851273623664,8879,20474,fixed_coordinate_hypothesis_validation
2521,4965,13196,4265,4281.0,4265.0,4265.0,76.0,77.0,False,20190828.tif,False,16.0,0.0037514654161781946,8965,23196,fixed_coordinate_hypothesis_validation
2522,4981,12938,3708,3754.0,3708.0,3708.0,68.0,68.0,False,20190828.tif,False,46.0,0.012405609492988134,8981,22938,fixed_coordinate_hypothesis_validation
2523,5085,9953,388,395.0,388.0,388.0,24.0,23.0,False,20190828.tif,False,7.0,0.01804123711340206,9085,19953,fixed_coordinate_hypothesis_validation
2524,5097,10066,399,412.0,399.0,399.0,26.0,22.0,False,20190828.tif,False,13.0,0.03258145363408521,9097,20066,fixed_coordinate_hypothesis_validation
2525,5130,12276,36412,36454.0,36412.0,36412.0,214.0,223.0,False,20190828.tif,False,42.0,0.0011534658903658134,9130,22276,fixed_coordinate_hypothesis_validation
2526,5194,12722,3641,3675.0,3641.0,3641.0,68.0,73.0,False,20190828.tif,False,34.0,0.009338093930238945,9194,22722,fixed_coordinate_hypothesis_validation
2527,5239,13090,4325,4359.0,4325.0,4325.0,72.0,80.0,False,20190828.tif,False,34.0,0.007861271676300578,9239,23090,fixed_coordinate_hypothesis_validation
2528,5326,11116,726,735.0,726.0,726.0,34.0,31.0,False,20190828.tif,False,9.0,0.012396694214876033,9326,21116,fixed_coordinate_hypothesis_validation
2529,5387,10192,106,112.0,106.0,106.0,14.0,12.0,False,20190828.tif,False,6.0,0.05660377358490566,9387,20192,fixed_coordinate_hypothesis_validation
2530,5502,9762,2338,2360.0,2338.0,2338.0,52.0,57.0,False,20190828.tif,False,22.0,0.009409751924721984,9502,19762,fixed_coordinate_hypothesis_validation
2531,5502,12358,23855,23878.0,23855.0,23855.0,178.0,184.0,False,20190828.tif,False,23.0,0.0009641584573464682,9502,22358,fixed_coordinate_hypothesis_validation
2532,5529,5658,355,364.0,355.0,355.0,26.0,18.0,False,20190828.tif,False,9.0,0.02535211267605634,9529,15658,fixed_coordinate_hypothesis_validation
2533,5630,9732,41432,41458.0,41432.0,41432.0,234.0,247.0,False,20190828.tif,False,26.0,0.0006275342730256806,9630,19732,fixed_coordinate_hypothesis_validation
2534,5711,11230,247,260.0,247.0,247.0,18.0,18.0,False,20190828.tif,False,13.0,0.05263157894736842,9711,21230,fixed_coordinate_hypothesis_validation
2535,5767,8160,3238,3259.0,3238.0,3238.0,60.0,67.0,False,20190828.tif,False,21.0,0.006485484867201977,9767,18160,fixed_coordinate_hypothesis_validation
2536,5819,6276,201,213.0,201.0,201.0,16.0,16.0,False,20190828.tif,False,12.0,0.05970149253731343,9819,16276,fixed_coordinate_hypothesis_validation
2537,5835,6374,636,653.0,636.0,636.0,26.0,34.0,False,20190828.tif,False,17.0,0.026729559748427674,9835,16374,fixed_coordinate_hypothesis_validation
2538,5859,6340,336,350.0,336.0,336.0,24.0,20.0,False,20190828.tif,False,14.0,0.041666666666666664,9859,16340,fixed_coordinate_hypothesis_validation
2539,5891,6462,293,310.0,293.0,293.0,20.0,20.0,False,20190828.tif,False,17.0,0.05802047781569966,9891,16462,fixed_coordinate_hypothesis_validation
2540,5895,6042,154,170.0,154.0,154.0,16.0,14.0,False,20190828.tif,False,16.0,0.1038961038961039,9895,16042,fixed_coordinate_hypothesis_validation
2541,5991,6508,325,336.0,325.0,325.0,23.0,21.0,False,20190828.tif,False,11.0,0.033846153846153845,9991,16508,fixed_coordinate_hypothesis_validation
2542,6007,10208,1894,1933.0,1894.0,1894.0,46.0,51.0,False,20190828.tif,False,39.0,0.020591341077085535,10007,20208,fixed_coordinate_hypothesis_validation
2543,6043,12501,5191,5217.0,5191.0,5191.0,89.0,78.0,False,20190828.tif,False,26.0,0.005008668849932576,10043,22501,fixed_coordinate_hypothesis_validation
2544,6055,6448,192,201.0,192.0,192.0,18.0,16.0,False,20190828.tif,False,9.0,0.046875,10055,16448,fixed_coordinate_hypothesis_validation
2545,6127,10841,381,400.0,381.0,381.0,21.0,24.0,False,20190828.tif,False,19.0,0.049868766404199474,10127,20841,fixed_coordinate_hypothesis_validation
2546,6169,10020,1558,1573.0,1558.0,1558.0,43.0,49.0,False,20190828.tif,False,15.0,0.009627727856225931,10169,20020,fixed_coordinate_hypothesis_validation
2547,6173,10940,716,733.0,716.0,716.0,30.0,34.0,False,20190828.tif,False,17.0,0.023743016759776536,10173,20940,fixed_coordinate_hypothesis_validation
2548,6247,9962,1787,1804.0,1787.0,1787.0,49.0,50.0,False,20190828.tif,False,17.0,0.009513150531617236,10247,19962,fixed_coordinate_hypothesis_validation
2549,6251,6590,166,178.0,166.0,166.0,18.0,12.0,False,20190828.tif,False,12.0,0.07228915662650602,10251,16590,fixed_coordinate_hypothesis_validation
2550,6321,6776,224,234.0,224.0,224.0,19.0,16.0,False,20190828.tif,False,10.0,0.044642857142857144,10321,16776,fixed_coordinate_hypothesis_validation
2551,6327,5980,1243,1251.0,1243.0,1243.0,40.0,43.0,False,20190828.tif,False,8.0,0.006436041834271922,10327,15980,fixed_coordinate_hypothesis_validation
2552,6369,11248,1387,1394.0,1387.0,1387.0,45.0,44.0,False,20190828.tif,False,7.0,0.005046863734679163,10369,21248,fixed_coordinate_hypothesis_validation
2553,6383,7883,1509,1519.0,1509.0,1509.0,45.0,48.0,False,20190828.tif,False,10.0,0.0066269052352551355,10383,17883,fixed_coordinate_hypothesis_validation
2554,6421,6180,168,178.0,168.0,168.0,15.0,14.0,False,20190828.tif,False,10.0,0.05952380952380952,10421,16180,fixed_coordinate_hypothesis_validation
2555,6425,10628,211,221.0,211.0,211.0,18.0,17.0,False,20190828.tif,False,10.0,0.04739336492890995,10425,20628,fixed_coordinate_hypothesis_validation
2556,6457,11404,2732,2754.0,2732.0,2732.0,54.0,62.0,False,20190828.tif,False,22.0,0.008052708638360176,10457,21404,fixed_coordinate_hypothesis_validation
2557,6517,11223,330,343.0,330.0,330.0,17.0,26.0,False,20190828.tif,False,13.0,0.03939393939393939,10517,21223,fixed_coordinate_hypothesis_validation
2558,6541,9053,2838,2864.0,2838.0,2838.0,65.0,60.0,False,20190828.tif,False,26.0,0.009161381254404511,10541,19053,fixed_coordinate_hypothesis_validation
2559,6567,11446,1957,1968.0,1957.0,1957.0,48.0,55.0,False,20190828.tif,False,11.0,0.005620848237097598,10567,21446,fixed_coordinate_hypothesis_validation
2560,6593,6290,343,354.0,343.0,343.0,22.0,22.0,False,20190828.tif,False,11.0,0.03206997084548105,10593,16290,fixed_coordinate_hypothesis_validation
2561,6595,6794,204,218.0,204.0,204.0,19.0,14.0,False,20190828.tif,False,14.0,0.06862745098039216,10595,16794,fixed_coordinate_hypothesis_validation
2562,6601,11826,390,403.0,390.0,390.0,23.0,22.0,False,20190828.tif,False,13.0,0.03333333333333333,10601,21826,fixed_coordinate_hypothesis_validation
2563,6607,6224,2159,2171.0,2159.0,2159.0,56.0,54.0,False,20190828.tif,False,12.0,0.00555812876331635,10607,16224,fixed_coordinate_hypothesis_validation
2564,6607,6720,279,287.0,279.0,279.0,22.0,18.0,False,20190828.tif,False,8.0,0.02867383512544803,10607,16720,fixed_coordinate_hypothesis_validation
2565,6655,6854,253,262.0,253.0,253.0,20.0,18.0,False,20190828.tif,False,9.0,0.03557312252964427,10655,16854,fixed_coordinate_hypothesis_validation
2566,6825,7304,244,255.0,244.0,244.0,20.0,18.0,False,20190828.tif,False,11.0,0.045081967213114756,10825,17304,fixed_coordinate_hypothesis_validation
2567,6991,11433,1621,1641.0,1621.0,1621.0,46.0,45.0,False,20190828.tif,False,20.0,0.012338062924120914,10991,21433,fixed_coordinate_hypothesis_validation
2568,7109,10235,979,1000.0,979.0,979.0,32.0,40.0,False,20190828.tif,False,21.0,0.021450459652706845,11109,20235,fixed_coordinate_hypothesis_validation
2569,7127,10149,3240,3272.0,3240.0,3240.0,63.0,64.0,False,20190828.tif,False,32.0,0.009876543209876543,11127,20149,fixed_coordinate_hypothesis_validation
2570,7187,6992,378,388.0,378.0,378.0,26.0,22.0,False,20190828.tif,False,10.0,0.026455026455026454,11187,16992,fixed_coordinate_hypothesis_validation
2571,7188,10226,1793,1805.0,1793.0,1793.0,48.0,50.0,False,20190828.tif,False,12.0,0.006692693809258227,11188,20226,fixed_coordinate_hypothesis_validation
2572,7225,10909,194,203.0,194.0,194.0,16.0,17.0,False,20190828.tif,False,9.0,0.04639175257731959,11225,20909,fixed_coordinate_hypothesis_validation
2573,7241,6830,203,219.0,203.0,203.0,18.0,16.0,False,20190828.tif,False,16.0,0.07881773399014778,11241,16830,fixed_coordinate_hypothesis_validation
2574,7277,6812,167,188.0,167.0,167.0,18.0,12.0,False,20190828.tif,False,21.0,0.12574850299401197,11277,16812,fixed_coordinate_hypothesis_validation
2575,7311,5702,360,372.0,360.0,360.0,24.0,24.0,False,20190828.tif,False,12.0,0.03333333333333333,11311,15702,fixed_coordinate_hypothesis_validation
2576,7319,11656,3148,3176.0,3148.0,3148.0,60.0,68.0,False,20190828.tif,False,28.0,0.008894536213468869,11319,21656,fixed_coordinate_hypothesis_validation
2577,7351,10577,652,658.0,652.0,652.0,32.0,30.0,False,20190828.tif,False,6.0,0.009202453987730062,11351,20577,fixed_coordinate_hypothesis_validation
2578,7535,10832,1777,1796.0,1777.0,1777.0,46.0,55.0,False,20190828.tif,False,19.0,0.010692177827799663,11535,20832,fixed_coordinate_hypothesis_validation
2579,7691,6908,118,124.0,118.0,118.0,14.0,14.0,False,20190828.tif,False,6.0,0.05084745762711865,11691,16908,fixed_coordinate_hypothesis_validation
2580,7779,12660,289,292.0,289.0,289.0,22.0,21.0,False,20190828.tif,False,3.0,0.010380622837370242,11779,22660,fixed_coordinate_hypothesis_validation
2581,7863,12818,1648,1673.0,1648.0,1648.0,44.0,46.0,False,20190828.tif,False,25.0,0.01516990291262136,11863,22818,fixed_coordinate_hypothesis_validation
2582,7873,12890,128,137.0,128.0,128.0,14.0,14.0,False,20190828.tif,False,9.0,0.0703125,11873,22890,fixed_coordinate_hypothesis_validation
2583,7895,11970,619,636.0,619.0,619.0,30.0,28.0,False,20190828.tif,False,17.0,0.027463651050080775,11895,21970,fixed_coordinate_hypothesis_validation
2584,7966,8302,636,682.0,636.0,636.0,32.0,24.0,False,20190828.tif,False,46.0,0.07232704402515723,11966,18302,fixed_coordinate_hypothesis_validation
2585,8051,9742,1811,1822.0,1811.0,1811.0,52.0,51.0,False,20190828.tif,False,11.0,0.006073992269464384,12051,19742,fixed_coordinate_hypothesis_validation
2586,8151,12610,1423,1459.0,1423.0,1423.0,40.0,46.0,False,20190828.tif,False,36.0,0.025298664792691498,12151,22610,fixed_coordinate_hypothesis_validation
2587,8181,7090,262,275.0,262.0,262.0,20.0,17.0,False,20190828.tif,False,13.0,0.04961832061068702,12181,17090,fixed_coordinate_hypothesis_validation
2588,8187,11126,844,855.0,844.0,844.0,36.0,33.0,False,20190828.tif,False,11.0,0.013033175355450236,12187,21126,fixed_coordinate_hypothesis_validation
2589,8298,12586,1303,1330.0,1303.0,1303.0,44.0,39.0,False,20190828.tif,False,27.0,0.02072141212586339,12298,22586,fixed_coordinate_hypothesis_validation
2590,8366,12666,369,378.0,369.0,369.0,24.0,21.0,False,20190828.tif,False,9.0,0.024390243902439025,12366,22666,fixed_coordinate_hypothesis_validation
2591,8369,12358,330,342.0,330.0,330.0,22.0,22.0,False,20190828.tif,False,12.0,0.03636363636363636,12369,22358,fixed_coordinate_hypothesis_validation
2592,8575,11725,2974,2986.0,2974.0,2974.0,63.0,65.0,False,20190828.tif,False,12.0,0.004034969737726967,12575,21725,fixed_coordinate_hypothesis_validation
2593,8649,11710,314,331.0,314.0,314.0,20.0,20.0,False,20190828.tif,False,17.0,0.054140127388535034,12649,21710,fixed_coordinate_hypothesis_validation
2594,8791,11658,281,288.0,281.0,281.0,21.0,20.0,False,20190828.tif,False,7.0,0.02491103202846975,12791,21658,fixed_coordinate_hypothesis_validation
2595,8881,11704,11628,11659.0,11628.0,11628.0,122.0,132.0,False,20190828.tif,False,31.0,0.002665978672170623,12881,21704,fixed_coordinate_hypothesis_validation
2596,8893,12582,1332,1354.0,1332.0,1332.0,40.0,45.0,False,20190828.tif,False,22.0,0.016516516516516516,12893,22582,fixed_coordinate_hypothesis_validation
2597,9070,11148,1364,1383.0,1364.0,1364.0,40.0,47.0,False,20190828.tif,False,19.0,0.013929618768328446,13070,21148,fixed_coordinate_hypothesis_validation
2598,9075,11592,1313,1334.0,1313.0,1313.0,42.0,43.0,False,20190828.tif,False,21.0,0.015993907083015995,13075,21592,fixed_coordinate_hypothesis_validation
2599,9081,9988,3907,3928.0,3907.0,3907.0,70.0,70.0,False,20190828.tif,False,21.0,0.0053749680061428206,13081,19988,fixed_coordinate_hypothesis_validation
2600,9251,11330,839,851.0,839.0,839.0,32.0,35.0,False,20190828.tif,False,12.0,0.014302741358760428,13251,21330,fixed_coordinate_hypothesis_validation
2601,9259,11980,1354,1373.0,1354.0,1354.0,42.0,43.0,False,20190828.tif,False,19.0,0.014032496307237814,13259,21980,fixed_coordinate_hypothesis_validation
2602,9275,11919,485,496.0,485.0,485.0,23.0,28.0,False,20190828.tif,False,11.0,0.02268041237113402,13275,21919,fixed_coordinate_hypothesis_validation
2603,9323,12244,1765,1780.0,1765.0,1765.0,50.0,47.0,False,20190828.tif,False,15.0,0.0084985835694051,13323,22244,fixed_coordinate_hypothesis_validation
2604,9451,11535,311,326.0,311.0,311.0,19.0,22.0,False,20190828.tif,False,15.0,0.04823151125401929,13451,21535,fixed_coordinate_hypothesis_validation
2605,9513,11519,198,202.0,198.0,198.0,19.0,15.0,False,20190828.tif,False,4.0,0.020202020202020204,13513,21519,fixed_coordinate_hypothesis_validation
2606,9614,10592,122,131.0,122.0,122.0,11.0,15.0,False,20190828.tif,False,9.0,0.07377049180327869,13614,20592,fixed_coordinate_hypothesis_validation
2607,9781,9928,321,3712.0,3686.0,3766.0,84.0,92.0,False,20190828.tif,False,3391.0,10.56386292834891,13781,19928,fixed_coordinate_hypothesis_validation
2608,9973,9030,1503,1518.0,1503.0,1503.0,42.0,47.0,False,20190828.tif,False,15.0,0.00998003992015968,13973,19030,fixed_coordinate_hypothesis_validation
2609,9993,9778,1553,1572.0,1553.0,1553.0,44.0,47.0,False,20190828.tif,False,19.0,0.012234385061171926,13993,19778,fixed_coordinate_hypothesis_validation
2610,10061,9012,1920,1946.0,1920.0,1920.0,48.0,49.0,False,20190828.tif,False,26.0,0.013541666666666667,14061,19012,fixed_coordinate_hypothesis_validation
2611,10071,11148,3288,3312.0,3288.0,3288.0,68.0,66.0,False,20190828.tif,False,24.0,0.0072992700729927005,14071,21148,fixed_coordinate_hypothesis_validation
2612,10077,10220,1572,1581.0,1572.0,1572.0,48.0,48.0,False,20190828.tif,False,9.0,0.0057251908396946565,14077,20220,fixed_coordinate_hypothesis_validation
2613,10087,1013,2476,2491.0,2476.0,2476.0,57.0,58.0,False,20190828.tif,False,15.0,0.006058158319870759,14087,11013,fixed_coordinate_hypothesis_validation
2614,10105,10528,2217,2240.0,2217.0,2217.0,62.0,49.0,False,20190828.tif,False,23.0,0.010374379792512404,14105,20528,fixed_coordinate_hypothesis_validation
2615,10107,1120,3957,3967.0,3957.0,3957.0,80.0,67.0,False,20190828.tif,False,10.0,0.0025271670457417236,14107,11120,fixed_coordinate_hypothesis_validation
2616,10133,9698,3955,3982.0,3955.0,3955.0,74.0,70.0,False,20190828.tif,False,27.0,0.006826801517067004,14133,19698,fixed_coordinate_hypothesis_validation
2617,10214,8246,828,848.0,828.0,828.0,36.0,31.0,False,20190828.tif,False,20.0,0.024154589371980676,14214,18246,fixed_coordinate_hypothesis_validation
2618,10230,1120,1945,1960.0,1945.0,1945.0,56.0,49.0,False,20190828.tif,False,15.0,0.007712082262210797,14230,11120,fixed_coordinate_hypothesis_validation
2619,10247,14606,1218,1255.0,1218.0,1218.0,36.0,42.0,False,20190828.tif,False,37.0,0.030377668308702793,14247,24606,fixed_coordinate_hypothesis_validation
2620,10291,8022,2496,2518.0,2496.0,2496.0,56.0,60.0,False,20190828.tif,False,22.0,0.008814102564102564,14291,18022,fixed_coordinate_hypothesis_validation
2621,10326,9450,1378,1387.0,1378.0,1378.0,44.0,43.0,False,20190828.tif,False,9.0,0.006531204644412192,14326,19450,fixed_coordinate_hypothesis_validation
2622,10338,8394,704,726.0,704.0,704.0,28.0,31.0,False,20190828.tif,False,22.0,0.03125,14338,18394,fixed_coordinate_hypothesis_validation
2623,10366,9305,2840,2852.0,2840.0,2840.0,60.0,64.0,False,20190828.tif,False,12.0,0.004225352112676056,14366,19305,fixed_coordinate_hypothesis_validation
2624,10433,9392,5347,5379.0,5347.0,5347.0,80.0,84.0,False,20190828.tif,False,32.0,0.005984664297737049,14433,19392,fixed_coordinate_hypothesis_validation
2625,10437,5492,2306,2333.0,2306.0,2306.0,56.0,54.0,False,20190828.tif,False,27.0,0.011708586296617519,14437,15492,fixed_coordinate_hypothesis_validation
2626,10469,14646,1643,1657.0,1643.0,1643.0,46.0,48.0,False,20190828.tif,False,14.0,0.00852099817407182,14469,24646,fixed_coordinate_hypothesis_validation
2627,10505,1376,227,244.0,227.0,227.0,21.0,15.0,False,20190828.tif,False,17.0,0.07488986784140969,14505,11376,fixed_coordinate_hypothesis_validation
2628,10507,9938,4084,4146.0,4084.0,4084.0,68.0,74.0,False,20190828.tif,False,62.0,0.015181194906953967,14507,19938,fixed_coordinate_hypothesis_validation
2629,10559,7821,2307,2335.0,2307.0,2307.0,55.0,55.0,False,20190828.tif,False,28.0,0.012136974425661032,14559,17821,fixed_coordinate_hypothesis_validation
2630,10571,8078,1594,1614.0,1594.0,1594.0,48.0,44.0,False,20190828.tif,False,20.0,0.012547051442910916,14571,18078,fixed_coordinate_hypothesis_validation
2631,10585,14802,1799,1819.0,1799.0,1799.0,46.0,51.0,False,20190828.tif,False,20.0,0.011117287381878822,14585,24802,fixed_coordinate_hypothesis_validation
2632,10657,7715,1702,1719.0,1702.0,1702.0,47.0,50.0,False,20190828.tif,False,17.0,0.0099882491186839,14657,17715,fixed_coordinate_hypothesis_validation
2633,10750,7938,512,528.0,512.0,512.0,24.0,28.0,False,20190828.tif,False,16.0,0.03125,14750,17938,fixed_coordinate_hypothesis_validation
2634,10963,8296,824,844.0,824.0,824.0,32.0,32.0,False,20190828.tif,False,20.0,0.024271844660194174,14963,18296,fixed_coordinate_hypothesis_validation
2635,10973,2424,245,255.0,245.0,245.0,18.0,19.0,False,20190828.tif,False,10.0,0.04081632653061224,14973,12424,fixed_coordinate_hypothesis_validation
2636,11373,5414,176,190.0,176.0,176.0,18.0,14.0,False,20190828.tif,False,14.0,0.07954545454545454,15373,15414,fixed_coordinate_hypothesis_validation
2637,11394,5270,2128,2150.0,2128.0,2128.0,64.0,47.0,False,20190828.tif,False,22.0,0.010338345864661654,15394,15270,fixed_coordinate_hypothesis_validation
2638,11775,7836,1012,1039.0,1012.0,1012.0,38.0,38.0,False,20190828.tif,False,27.0,0.0266798418972332,15775,17836,fixed_coordinate_hypothesis_validation
2639,11793,7042,396,414.0,396.0,396.0,22.0,22.0,False,20190828.tif,False,18.0,0.045454545454545456,15793,17042,fixed_coordinate_hypothesis_validation
2640,11795,7556,2291,2301.0,2291.0,2291.0,54.0,58.0,False,20190828.tif,False,10.0,0.004364906154517678,15795,17556,fixed_coordinate_hypothesis_validation
2641,11817,7482,2100,2120.0,2100.0,2100.0,50.0,56.0,False,20190828.tif,False,20.0,0.009523809523809525,15817,17482,fixed_coordinate_hypothesis_validation
2642,11825,4892,2146,2168.0,2146.0,2146.0,51.0,54.0,False,20190828.tif,False,22.0,0.010251630941286114,15825,14892,fixed_coordinate_hypothesis_validation
2643,11877,7922,568,579.0,568.0,568.0,30.0,24.0,False,20190828.tif,False,11.0,0.01936619718309859,15877,17922,fixed_coordinate_hypothesis_validation
2644,11927,7886,276,288.0,276.0,276.0,18.0,20.0,False,20190828.tif,False,12.0,0.043478260869565216,15927,17886,fixed_coordinate_hypothesis_validation
2645,11955,8122,2803,2830.0,2803.0,2803.0,56.0,70.0,False,20190828.tif,False,27.0,0.009632536567962896,15955,18122,fixed_coordinate_hypothesis_validation
2646,11958,8060,1242,1257.0,1242.0,1242.0,40.0,41.0,False,20190828.tif,False,15.0,0.012077294685990338,15958,18060,fixed_coordinate_hypothesis_validation
2647,12019,8374,242,256.0,242.0,242.0,16.0,20.0,False,20190828.tif,False,14.0,0.05785123966942149,16019,18374,fixed_coordinate_hypothesis_validation
2648,12059,8544,712,720.0,712.0,712.0,30.0,34.0,False,20190828.tif,False,8.0,0.011235955056179775,16059,18544,fixed_coordinate_hypothesis_validation
2649,12169,8814,472,489.0,472.0,472.0,26.0,26.0,False,20190828.tif,False,17.0,0.036016949152542374,16169,18814,fixed_coordinate_hypothesis_validation
2650,12185,8518,1818,1827.0,1818.0,1818.0,48.0,50.0,False,20190828.tif,False,9.0,0.0049504950495049506,16185,18518,fixed_coordinate_hypothesis_validation
2651,12219,8568,2169,2199.0,2169.0,2169.0,56.0,51.0,False,20190828.tif,False,30.0,0.013831258644536652,16219,18568,fixed_coordinate_hypothesis_validation
2652,12231,8776,706,718.0,706.0,706.0,30.0,32.0,False,20190828.tif,False,12.0,0.0169971671388102,16231,18776,fixed_coordinate_hypothesis_validation
2653,12507,5778,6010,6029.0,6010.0,6010.0,89.0,90.0,False,20190828.tif,False,19.0,0.003161397670549085,16507,15778,fixed_coordinate_hypothesis_validation
2654,12533,7140,1333,1359.0,1333.0,1333.0,44.0,42.0,False,20190828.tif,False,26.0,0.019504876219054765,16533,17140,fixed_coordinate_hypothesis_validation
2655,12535,8974,1474,1498.0,1474.0,1474.0,42.0,46.0,False,20190828.tif,False,24.0,0.016282225237449117,16535,18974,fixed_coordinate_hypothesis_validation
2656,12541,8674,214,227.0,214.0,214.0,16.0,17.0,False,20190828.tif,False,13.0,0.06074766355140187,16541,18674,fixed_coordinate_hypothesis_validation
2657,12567,9756,1307,1312.0,1307.0,1307.0,41.0,44.0,False,20190828.tif,False,5.0,0.0038255547054322878,16567,19756,fixed_coordinate_hypothesis_validation
2658,12573,7195,1514,1530.0,1514.0,1514.0,45.0,47.0,False,20190828.tif,False,16.0,0.010568031704095112,16573,17195,fixed_coordinate_hypothesis_validation
2659,12595,5686,1369,1390.0,1369.0,1369.0,40.0,45.0,False,20190828.tif,False,21.0,0.015339663988312637,16595,15686,fixed_coordinate_hypothesis_validation
2660,12599,5920,2077,2099.0,2077.0,2077.0,56.0,50.0,False,20190828.tif,False,22.0,0.01059220028887819,16599,15920,fixed_coordinate_hypothesis_validation
2661,12643,6444,1917,1932.0,1917.0,1917.0,52.0,50.0,False,20190828.tif,False,15.0,0.00782472613458529,16643,16444,fixed_coordinate_hypothesis_validation
2662,12669,6518,201,217.0,201.0,201.0,18.0,15.0,False,20190828.tif,False,16.0,0.07960199004975124,16669,16518,fixed_coordinate_hypothesis_validation
2663,12715,6378,2152,2172.0,2152.0,2152.0,52.0,56.0,False,20190828.tif,False,20.0,0.00929368029739777,16715,16378,fixed_coordinate_hypothesis_validation
2664,12731,8742,2052,2086.0,2052.0,2052.0,48.0,52.0,False,20190828.tif,False,34.0,0.016569200779727095,16731,18742,fixed_coordinate_hypothesis_validation
2665,12741,5362,4228,4251.0,4228.0,4228.0,73.0,78.0,False,20190828.tif,False,23.0,0.005439924314096499,16741,15362,fixed_coordinate_hypothesis_validation
2666,12741,5829,2373,2390.0,2373.0,2373.0,55.0,56.0,False,20190828.tif,False,17.0,0.007163927517909819,16741,15829,fixed_coordinate_hypothesis_validation
2667,12765,6012,852,878.0,852.0,852.0,32.0,34.0,False,20190828.tif,False,26.0,0.03051643192488263,16765,16012,fixed_coordinate_hypothesis_validation
2668,12811,9622,1825,1847.0,1825.0,1825.0,44.0,55.0,False,20190828.tif,False,22.0,0.012054794520547946,16811,19622,fixed_coordinate_hypothesis_validation
2669,12975,8950,1025,1035.0,1025.0,1025.0,32.0,41.0,False,20190828.tif,False,10.0,0.00975609756097561,16975,18950,fixed_coordinate_hypothesis_validation
2670,12991,9826,1006,1022.0,1006.0,1006.0,34.0,42.0,False,20190828.tif,False,16.0,0.015904572564612324,16991,19826,fixed_coordinate_hypothesis_validation
2671,13045,9096,3164,3182.0,3164.0,3164.0,68.0,70.0,False,20190828.tif,False,18.0,0.005689001264222503,17045,19096,fixed_coordinate_hypothesis_validation
2672,13087,6154,445,466.0,445.0,445.0,24.0,24.0,False,20190828.tif,False,21.0,0.04719101123595506,17087,16154,fixed_coordinate_hypothesis_validation
2673,13123,9086,1452,1456.0,1452.0,1452.0,51.0,40.0,False,20190828.tif,False,4.0,0.0027548209366391185,17123,19086,fixed_coordinate_hypothesis_validation
2674,13135,1306,284,296.0,284.0,284.0,20.0,20.0,False,20190828.tif,False,12.0,0.04225352112676056,17135,11306,fixed_coordinate_hypothesis_validation
2675,13143,8264,1093,1102.0,1093.0,1093.0,42.0,38.0,False,20190828.tif,False,9.0,0.008234217749313814,17143,18264,fixed_coordinate_hypothesis_validation
2676,13215,5650,4952,4976.0,4952.0,4952.0,84.0,86.0,False,20190828.tif,False,24.0,0.004846526655896607,17215,15650,fixed_coordinate_hypothesis_validation
2677,13231,8790,2146,2153.0,2146.0,2146.0,56.0,54.0,False,20190828.tif,False,7.0,0.0032618825722274,17231,18790,fixed_coordinate_hypothesis_validation
2678,13279,9418,1218,1232.0,1218.0,1218.0,38.0,42.0,False,20190828.tif,False,14.0,0.011494252873563218,17279,19418,fixed_coordinate_hypothesis_validation
2679,13280,6269,198,208.0,198.0,198.0,14.0,18.0,False,20190828.tif,False,10.0,0.050505050505050504,17280,16269,fixed_coordinate_hypothesis_validation
2680,13287,6108,3770,3793.0,3770.0,3770.0,68.0,70.0,False,20190828.tif,False,23.0,0.00610079575596817,17287,16108,fixed_coordinate_hypothesis_validation
2681,13311,9290,1045,1062.0,1045.0,1045.0,36.0,42.0,False,20190828.tif,False,17.0,0.016267942583732056,17311,19290,fixed_coordinate_hypothesis_validation
2682,13319,10686,358,368.0,358.0,358.0,22.0,24.0,False,20190828.tif,False,10.0,0.027932960893854747,17319,20686,fixed_coordinate_hypothesis_validation
2683,13335,9598,368,374.0,368.0,368.0,24.0,21.0,False,20190828.tif,False,6.0,0.016304347826086956,17335,19598,fixed_coordinate_hypothesis_validation
2684,13349,8360,1208,1227.0,1208.0,1208.0,44.0,35.0,False,20190828.tif,False,19.0,0.015728476821192054,17349,18360,fixed_coordinate_hypothesis_validation
2685,13403,9310,1603,1617.0,1603.0,1603.0,45.0,48.0,False,20190828.tif,False,14.0,0.008733624454148471,17403,19310,fixed_coordinate_hypothesis_validation
2686,13415,9176,2764,2788.0,2764.0,2764.0,70.0,54.0,False,20190828.tif,False,24.0,0.008683068017366137,17415,19176,fixed_coordinate_hypothesis_validation
2687,13427,9762,880,888.0,880.0,880.0,34.0,35.0,False,20190828.tif,False,8.0,0.00909090909090909,17427,19762,fixed_coordinate_hypothesis_validation
2688,13431,6734,978,1004.0,978.0,978.0,38.0,36.0,False,20190828.tif,False,26.0,0.026584867075664622,17431,16734,fixed_coordinate_hypothesis_validation
2689,13431,10042,925,943.0,925.0,925.0,40.0,34.0,False,20190828.tif,False,18.0,0.01945945945945946,17431,20042,fixed_coordinate_hypothesis_validation
2690,13437,9245,3536,3572.0,3530.0,3536.0,67.0,72.0,False,20190828.tif,False,36.0,0.010180995475113122,17437,19245,fixed_coordinate_hypothesis_validation
2691,13535,10662,730,754.0,730.0,730.0,30.0,34.0,False,20190828.tif,False,24.0,0.03287671232876712,17535,20662,fixed_coordinate_hypothesis_validation
2692,13565,9290,1477,1483.0,1477.0,1477.0,44.0,42.0,False,20190828.tif,False,6.0,0.004062288422477996,17565,19290,fixed_coordinate_hypothesis_validation
2693,13599,6452,3549,3569.0,3549.0,3549.0,64.0,69.0,False,20190828.tif,False,20.0,0.005635390250774866,17599,16452,fixed_coordinate_hypothesis_validation
2694,13607,9389,487,495.0,487.0,487.0,24.0,27.0,False,20190828.tif,False,8.0,0.01642710472279261,17607,19389,fixed_coordinate_hypothesis_validation
2695,13611,9977,1507,1517.0,1507.0,1507.0,45.0,45.0,False,20190828.tif,False,10.0,0.006635700066357001,17611,19977,fixed_coordinate_hypothesis_validation
2696,13613,7850,1060,1086.0,1060.0,1060.0,38.0,36.0,False,20190828.tif,False,26.0,0.024528301886792454,17613,17850,fixed_coordinate_hypothesis_validation
2697,13713,7553,1978,2000.0,1978.0,1978.0,53.0,56.0,False,20190828.tif,False,22.0,0.011122345803842264,17713,17553,fixed_coordinate_hypothesis_validation
2698,13721,6538,1037,1052.0,1037.0,1037.0,38.0,36.0,False,20190828.tif,False,15.0,0.01446480231436837,17721,16538,fixed_coordinate_hypothesis_validation
2699,13915,9715,2407,2413.0,2407.0,2407.0,56.0,57.0,False,20190828.tif,False,6.0,0.0024927295388450354,17915,19715,fixed_coordinate_hypothesis_validation
2700,13928,7480,3515,3537.0,3515.0,3515.0,66.0,75.0,False,20190828.tif,False,22.0,0.006258890469416785,17928,17480,fixed_coordinate_hypothesis_validation
2701,13931,8110,1708,1716.0,1708.0,1708.0,48.0,52.0,False,20190828.tif,False,8.0,0.00468384074941452,17931,18110,fixed_coordinate_hypothesis_validation
2702,13941,9392,470,475.0,470.0,470.0,26.0,26.0,False,20190828.tif,False,5.0,0.010638297872340425,17941,19392,fixed_coordinate_hypothesis_validation
2703,14139,8030,3085,3093.0,3085.0,3085.0,69.0,57.0,False,20190828.tif,False,8.0,0.002593192868719611,18139,18030,fixed_coordinate_hypothesis_validation
2704,14155,7294,2814,2824.0,2814.0,2814.0,62.0,64.0,False,20190828.tif,False,10.0,0.0035536602700781805,18155,17294,fixed_coordinate_hypothesis_validation
2705,14215,7268,151,163.0,151.0,151.0,16.0,14.0,False,20190828.tif,False,12.0,0.07947019867549669,18215,17268,fixed_coordinate_hypothesis_validation
2706,14305,6914,1871,1881.0,1871.0,1871.0,47.0,52.0,False,20190828.tif,False,10.0,0.005344735435595938,18305,16914,fixed_coordinate_hypothesis_validation
2707,14337,10756,1125,1146.0,1125.0,1125.0,38.0,42.0,False,20190828.tif,False,21.0,0.018666666666666668,18337,20756,fixed_coordinate_hypothesis_validation
2708,14439,6762,121,144.0,121.0,121.0,12.0,12.0,False,20190828.tif,False,23.0,0.19008264462809918,18439,16762,fixed_coordinate_hypothesis_validation
2709,14497,8792,111,131.0,111.0,111.0,10.0,14.0,False,20190828.tif,False,20.0,0.18018018018018017,18497,18792,fixed_coordinate_hypothesis_validation
2710,14629,9378,1164,1176.0,1164.0,1164.0,38.0,40.0,False,20190828.tif,False,12.0,0.010309278350515464,18629,19378,fixed_coordinate_hypothesis_validation
2711,14735,6768,269,284.0,269.0,269.0,20.0,18.0,False,20190828.tif,False,15.0,0.055762081784386616,18735,16768,fixed_coordinate_hypothesis_validation
2712,14735,8400,2749,2761.0,2749.0,2749.0,66.0,60.0,False,20190828.tif,False,12.0,0.0043652237177155325,18735,18400,fixed_coordinate_hypothesis_validation
2713,14760,9436,3028,3050.0,3028.0,3028.0,66.0,61.0,False,20190828.tif,False,22.0,0.00726552179656539,18760,19436,fixed_coordinate_hypothesis_validation
2714,14775,6670,162,184.0,162.0,162.0,16.0,14.0,False,20190828.tif,False,22.0,0.13580246913580246,18775,16670,fixed_coordinate_hypothesis_validation
2715,14829,6930,158,164.0,158.0,158.0,16.0,16.0,False,20190828.tif,False,6.0,0.0379746835443038,18829,16930,fixed_coordinate_hypothesis_validation
2716,14897,9468,1979,1995.0,1979.0,1979.0,51.0,52.0,False,20190828.tif,False,16.0,0.00808489135927236,18897,19468,fixed_coordinate_hypothesis_validation
2717,14977,9356,885,916.0,885.0,885.0,34.0,36.0,False,20190828.tif,False,31.0,0.03502824858757062,18977,19356,fixed_coordinate_hypothesis_validation
2718,15015,7298,445,454.0,445.0,445.0,26.0,24.0,False,20190828.tif,False,9.0,0.020224719101123594,19015,17298,fixed_coordinate_hypothesis_validation
2719,15151,6943,213,227.0,213.0,213.0,19.0,17.0,False,20190828.tif,False,14.0,0.06572769953051644,19151,16943,fixed_coordinate_hypothesis_validation
2720,15251,7754,200,211.0,200.0,200.0,20.0,14.0,False,20190828.tif,False,11.0,0.055,19251,17754,fixed_coordinate_hypothesis_validation
2721,15291,7116,225,240.0,225.0,225.0,17.0,16.0,False,20190828.tif,False,15.0,0.06666666666666667,19291,17116,fixed_coordinate_hypothesis_validation
2722,15339,7788,197,211.0,197.0,197.0,16.0,16.0,False,20190828.tif,False,14.0,0.07106598984771574,19339,17788,fixed_coordinate_hypothesis_validation
2723,15405,7047,189,194.0,189.0,189.0,19.0,15.0,False,20190828.tif,False,5.0,0.026455026455026454,19405,17047,fixed_coordinate_hypothesis_validation
2724,15507,13626,590,605.0,590.0,590.0,34.0,25.0,False,20190828.tif,False,15.0,0.025423728813559324,19507,23626,fixed_coordinate_hypothesis_validation
2725,15710,12274,218,237.0,218.0,218.0,17.0,17.0,False,20190828.tif,False,19.0,0.0871559633027523,19710,22274,fixed_coordinate_hypothesis_validation
2726,15713,7956,200,208.0,200.0,200.0,16.0,18.0,False,20190828.tif,False,8.0,0.04,19713,17956,fixed_coordinate_hypothesis_validation
2727,15895,12896,2516,2542.0,2516.0,2516.0,62.0,52.0,False,20190828.tif,False,26.0,0.010333863275039745,19895,22896,fixed_coordinate_hypothesis_validation
2728,16293,10040,266,280.0,266.0,266.0,22.0,18.0,False,20190828.tif,False,14.0,0.05263157894736842,20293,20040,fixed_coordinate_hypothesis_validation
2729,16539,9970,5022,5042.0,5022.0,5022.0,82.0,84.0,False,20190828.tif,False,20.0,0.00398247710075667,20539,19970,fixed_coordinate_hypothesis_validation
2730,16553,13994,247,258.0,247.0,247.0,18.0,20.0,False,20190828.tif,False,11.0,0.044534412955465584,20553,23994,fixed_coordinate_hypothesis_validation
2731,16675,10010,2191,2213.0,2191.0,2191.0,54.0,52.0,False,20190828.tif,False,22.0,0.010041077133728891,20675,20010,fixed_coordinate_hypothesis_validation
2732,16677,10120,555,560.0,555.0,555.0,26.0,30.0,False,20190828.tif,False,5.0,0.009009009009009009,20677,20120,fixed_coordinate_hypothesis_validation
2733,17097,10814,216,227.0,216.0,216.0,17.0,18.0,False,20190828.tif,False,11.0,0.05092592592592592,21097,20814,fixed_coordinate_hypothesis_validation
2734,17495,8028,3060,3076.0,3060.0,3060.0,62.0,64.0,False,20190828.tif,False,16.0,0.00522875816993464,21495,18028,fixed_coordinate_hypothesis_validation
1955,14957,11882,7837,7865.0,7837.0,7837.0,100.0,104.0,False,20190923.tif,False,28.0,0.003572795712645145,18957,21882,fixed_coordinate_hypothesis_validation
2001,14957,11882,7837,7865.0,7837.0,7837.0,100.0,104.0,False,20190923.tif,False,28.0,0.003572795712645145,18957,21882,fixed_coordinate_hypothesis_validation
2012,87,5004,5865,5873.0,5865.0,5865.0,87.0,90.0,False,20190923.tif,False,8.0,0.0013640238704177323,4087,15004,fixed_coordinate_hypothesis_validation
2014,563,6992,4396,4424.0,4396.0,4396.0,78.0,74.0,False,20190923.tif,False,28.0,0.006369426751592357,4563,16992,fixed_coordinate_hypothesis_validation
2030,3863,3720,4331,4349.0,4331.0,4331.0,72.0,82.0,False,20190923.tif,False,18.0,0.004156084045255137,7863,13720,fixed_coordinate_hypothesis_validation
2032,3925,6056,3403,3413.0,3403.0,3403.0,70.0,69.0,False,20190923.tif,False,10.0,0.0029385836027034967,7925,16056,fixed_coordinate_hypothesis_validation
2069,5534,10886,2406,2440.0,2406.0,2406.0,56.0,56.0,False,20190923.tif,False,34.0,0.014131338320864505,9534,20886,fixed_coordinate_hypothesis_validation
2074,5638,9390,17452,17490.0,17452.0,17452.0,156.0,145.0,False,20190923.tif,False,38.0,0.0021774008709603485,9638,19390,fixed_coordinate_hypothesis_validation
2079,5779,11554,15920,15946.0,15920.0,15920.0,154.0,124.0,False,20190923.tif,False,26.0,0.0016331658291457286,9779,21554,fixed_coordinate_hypothesis_validation
2082,5853,8052,5574,5597.0,5574.0,5574.0,90.0,84.0,False,20190923.tif,False,23.0,0.0041263006817366344,9853,18052,fixed_coordinate_hypothesis_validation
2091,6122,5506,9625,9648.0,9625.0,9625.0,120.0,115.0,False,20190923.tif,False,23.0,0.0023896103896103894,10122,15506,fixed_coordinate_hypothesis_validation
2095,6237,5758,9862,9878.0,9862.0,9862.0,114.0,117.0,False,20190923.tif,False,16.0,0.0016223889677550193,10237,15758,fixed_coordinate_hypothesis_validation
2099,6419,5780,12620,12652.0,12620.0,12620.0,128.0,134.0,False,20190923.tif,False,32.0,0.0025356576862123614,10419,15780,fixed_coordinate_hypothesis_validation
2122,7331,11854,13207,13276.0,13207.0,13207.0,130.0,134.0,False,20190923.tif,False,69.0,0.005224502157946544,11331,21854,fixed_coordinate_hypothesis_validation
2131,7615,11127,5988,6026.0,5988.0,5988.0,79.0,98.0,False,20190923.tif,False,38.0,0.006346025384101536,11615,21127,fixed_coordinate_hypothesis_validation
2134,7694,11600,8354,8382.0,8354.0,8354.0,102.0,107.0,False,20190923.tif,False,28.0,0.0033516878142207324,11694,21600,fixed_coordinate_hypothesis_validation
2140,8169,10709,12457,12468.0,12457.0,12457.0,119.0,134.0,False,20190923.tif,False,11.0,0.0008830376495143293,12169,20709,fixed_coordinate_hypothesis_validation
2145,8458,10626,20372,20429.0,20372.0,20372.0,164.0,163.0,False,20190923.tif,False,57.0,0.0027979579815432948,12458,20626,fixed_coordinate_hypothesis_validation
2146,8467,11802,2163,2184.0,2163.0,2163.0,54.0,54.0,False,20190923.tif,False,21.0,0.009708737864077669,12467,21802,fixed_coordinate_hypothesis_validation
2155,9038,11796,4004,4029.0,4004.0,4004.0,74.0,73.0,False,20190923.tif,False,25.0,0.006243756243756244,13038,21796,fixed_coordinate_hypothesis_validation
2156,9098,10566,18949,18987.0,18949.0,18949.0,152.0,164.0,False,20190923.tif,False,38.0,0.002005382869808433,13098,20566,fixed_coordinate_hypothesis_validation
2157,9091,8712,7486,7500.0,7486.0,7486.0,96.0,99.0,False,20190923.tif,False,14.0,0.0018701576275714667,13091,18712,fixed_coordinate_hypothesis_validation
2160,9291,13928,1352,1368.0,1352.0,1352.0,38.0,50.0,False,20190923.tif,False,16.0,0.011834319526627219,13291,23928,fixed_coordinate_hypothesis_validation
2161,9282,8874,52940,52966.0,52940.0,52940.0,260.0,260.0,False,20190923.tif,False,26.0,0.0004911220249338874,13282,18874,fixed_coordinate_hypothesis_validation
2177,10410,9750,5314,5336.0,5314.0,5314.0,88.0,79.0,False,20190923.tif,False,22.0,0.0041400075272864136,14410,19750,fixed_coordinate_hypothesis_validation
2206,12230,8688,1608,1620.0,1608.0,1608.0,48.0,43.0,False,20190923.tif,False,12.0,0.007462686567164179,16230,18688,fixed_coordinate_hypothesis_validation
2217,12359,8451,10295,10339.0,10295.0,10295.0,115.0,112.0,False,20190923.tif,False,44.0,0.004273919378338999,16359,18451,fixed_coordinate_hypothesis_validation
2252,13101,9886,1121,1133.0,1121.0,1121.0,38.0,41.0,False,20190923.tif,False,12.0,0.010704727921498661,17101,19886,fixed_coordinate_hypothesis_validation
2280,14061,7468,7373,7411.0,7373.0,7373.0,102.0,94.0,False,20190923.tif,False,38.0,0.0051539400515394004,18061,17468,fixed_coordinate_hypothesis_validation
2287,14287,8222,5180,5228.0,5180.0,5180.0,88.0,76.0,False,20190923.tif,False,48.0,0.009266409266409266,18287,18222,fixed_coordinate_hypothesis_validation
2291,14435,8502,2912,2944.0,2912.0,2912.0,64.0,64.0,False,20190923.tif,False,32.0,0.01098901098901099,18435,18502,fixed_coordinate_hypothesis_validation
2302,14795,11662,11080,11104.0,11080.0,11080.0,120.0,126.0,False,20190923.tif,False,24.0,0.0021660649819494585,18795,21662,fixed_coordinate_hypothesis_validation
2304,14970,11707,5587,5602.0,5587.0,5587.0,89.0,89.0,False,20190923.tif,False,15.0,0.0026848040093073204,18970,21707,fixed_coordinate_hypothesis_validation
2348,4921,10832,410,414.0,410.0,410.0,23.0,24.0,False,20190923.tif,False,4.0,0.00975609756097561,8921,20832,fixed_coordinate_hypothesis_validation
2350,5001,4930,589,598.0,589.0,589.0,28.0,30.0,False,20190923.tif,False,9.0,0.015280135823429542,9001,14930,fixed_coordinate_hypothesis_validation
2351,5023,4982,530,539.0,530.0,530.0,26.0,28.0,False,20190923.tif,False,9.0,0.016981132075471698,9023,14982,fixed_coordinate_hypothesis_validation
2353,5486,11046,666,682.0,666.0,666.0,28.0,33.0,False,20190923.tif,False,16.0,0.024024024024024024,9486,21046,fixed_coordinate_hypothesis_validation
2356,5534,10886,2406,2440.0,2406.0,2406.0,56.0,56.0,False,20190923.tif,False,34.0,0.014131338320864505,9534,20886,fixed_coordinate_hypothesis_validation
2368,6763,6334,4712,4748.0,4712.0,4712.0,80.0,83.0,False,20190923.tif,False,36.0,0.007640067911714771,10763,16334,fixed_coordinate_hypothesis_validation
2381,8426,11106,3545,3556.0,3545.0,3545.0,62.0,76.0,False,20190923.tif,False,11.0,0.0031029619181946405,12426,21106,fixed_coordinate_hypothesis_validation
2460,5106,6146,2111,2140.0,2111.0,2111.0,52.0,51.0,False,20190923.tif,False,29.0,0.013737565135007106,9106,16146,fixed_coordinate_hypothesis_validation
2470,8613,11204,2458,2488.0,2458.0,2458.0,54.0,62.0,False,20190923.tif,False,30.0,0.012205044751830757,12613,21204,fixed_coordinate_hypothesis_validation
2473,8967,11500,2799,2815.0,2799.0,2799.0,62.0,60.0,False,20190923.tif,False,16.0,0.0057163272597356195,12967,21500,fixed_coordinate_hypothesis_validation
2493,14580,11387,4929,4940.0,4929.0,4929.0,78.0,83.0,False,20190923.tif,False,11.0,0.0022316899979711907,18580,21387,fixed_coordinate_hypothesis_validation
2495,14957,11882,7837,7865.0,7837.0,7837.0,100.0,104.0,False,20190923.tif,False,28.0,0.003572795712645145,18957,21882,fixed_coordinate_hypothesis_validation
2496,15355,12004,3515,3538.0,3515.0,3515.0,65.0,68.0,False,20190923.tif,False,23.0,0.006543385490753912,19355,22004,fixed_coordinate_hypothesis_validation
2499,16969,10422,5264,5289.0,5264.0,5264.0,92.0,80.0,False,20190923.tif,False,25.0,0.004749240121580547,20969,20422,fixed_coordinate_hypothesis_validation
2508,4349,6252,1523,1545.0,1523.0,1523.0,44.0,47.0,False,20190923.tif,False,22.0,0.014445173998686802,8349,16252,fixed_coordinate_hypothesis_validation
2511,4349,6252,1523,1545.0,1523.0,1523.0,44.0,47.0,False,20190923.tif,False,22.0,0.014445173998686802,8349,16252,fixed_coordinate_hypothesis_validation
2512,4421,5091,182,199.0,182.0,182.0,15.0,18.0,False,20190923.tif,False,17.0,0.09340659340659341,8421,15091,fixed_coordinate_hypothesis_validation
2513,4581,5936,415,438.0,415.0,415.0,22.0,24.0,False,20190923.tif,False,23.0,0.05542168674698795,8581,15936,fixed_coordinate_hypothesis_validation
2514,4669,14171,858,874.0,858.0,858.0,35.0,32.0,False,20190923.tif,False,16.0,0.018648018648018648,8669,24171,fixed_coordinate_hypothesis_validation
2515,4715,4996,396,400.0,396.0,396.0,23.0,24.0,False,20190923.tif,False,4.0,0.010101010101010102,8715,14996,fixed_coordinate_hypothesis_validation
2516,4811,7178,1953,1988.0,1953.0,1953.0,46.0,52.0,False,20190923.tif,False,35.0,0.017921146953405017,8811,17178,fixed_coordinate_hypothesis_validation
2517,4847,9076,2313,2324.0,2313.0,2313.0,54.0,60.0,False,20190923.tif,False,11.0,0.004755728491137051,8847,19076,fixed_coordinate_hypothesis_validation
2518,4873,7078,399,417.0,399.0,399.0,24.0,21.0,False,20190923.tif,False,18.0,0.045112781954887216,8873,17078,fixed_coordinate_hypothesis_validation
2519,4898,9194,1262,1276.0,1262.0,1262.0,46.0,37.0,False,20190923.tif,False,14.0,0.011093502377179081,8898,19194,fixed_coordinate_hypothesis_validation
2520,4901,10484,2031,2035.0,2031.0,2031.0,50.0,53.0,False,20190923.tif,False,4.0,0.0019694731659281144,8901,20484,fixed_coordinate_hypothesis_validation
2521,4989,13202,4106,4139.0,4106.0,4106.0,74.0,73.0,False,20190923.tif,False,33.0,0.008037018996590355,8989,23202,fixed_coordinate_hypothesis_validation
2522,5002,12942,3982,4016.0,3982.0,3982.0,70.0,71.0,False,20190923.tif,False,34.0,0.008538422903063787,9002,22942,fixed_coordinate_hypothesis_validation
2524,5119,10070,522,527.0,522.0,522.0,26.0,28.0,False,20190923.tif,False,5.0,0.009578544061302681,9119,20070,fixed_coordinate_hypothesis_validation
2525,5154,12278,37936,37990.0,37936.0,37936.0,222.0,223.0,False,20190923.tif,False,54.0,0.0014234500210881485,9154,22278,fixed_coordinate_hypothesis_validation
2527,5261,13090,4687,4704.0,4687.0,4687.0,77.0,82.0,False,20190923.tif,False,17.0,0.0036270535523789203,9261,23090,fixed_coordinate_hypothesis_validation
2529,5411,10193,127,133.0,127.0,127.0,15.0,13.0,False,20190923.tif,False,6.0,0.047244094488188976,9411,20193,fixed_coordinate_hypothesis_validation
2530,5523,9763,2325,2335.0,2325.0,2325.0,52.0,58.0,False,20190923.tif,False,10.0,0.004301075268817204,9523,19763,fixed_coordinate_hypothesis_validation
2531,5526,12362,23965,23998.0,23965.0,23965.0,180.0,183.0,False,20190923.tif,False,33.0,0.0013770081368662632,9526,22362,fixed_coordinate_hypothesis_validation
2532,5539,5660,384,389.0,384.0,384.0,23.0,22.0,False,20190923.tif,False,5.0,0.013020833333333334,9539,15660,fixed_coordinate_hypothesis_validation
2535,5785,8160,3563,3589.0,3563.0,3563.0,63.0,70.0,False,20190923.tif,False,26.0,0.007297221442604546,9785,18160,fixed_coordinate_hypothesis_validation
2536,5875,6340,281,291.0,281.0,281.0,22.0,19.0,False,20190923.tif,False,10.0,0.03558718861209965,9875,16340,fixed_coordinate_hypothesis_validation
2538,5875,6340,281,291.0,281.0,281.0,22.0,19.0,False,20190923.tif,False,10.0,0.03558718861209965,9875,16340,fixed_coordinate_hypothesis_validation
2539,5905,6460,286,300.0,286.0,286.0,20.0,22.0,False,20190923.tif,False,14.0,0.04895104895104895,9905,16460,fixed_coordinate_hypothesis_validation
2540,5909,6042,213,221.0,213.0,213.0,19.0,17.0,False,20190923.tif,False,8.0,0.03755868544600939,9909,16042,fixed_coordinate_hypothesis_validation
2541,6007,6508,350,354.0,350.0,350.0,22.0,23.0,False,20190923.tif,False,4.0,0.011428571428571429,10007,16508,fixed_coordinate_hypothesis_validation
2543,6070,12506,4598,4623.0,4598.0,4598.0,88.0,72.0,False,20190923.tif,False,25.0,0.005437146585471945,10070,22506,fixed_coordinate_hypothesis_validation
2544,6069,6448,217,232.0,217.0,217.0,16.0,19.0,False,20190923.tif,False,15.0,0.06912442396313365,10069,16448,fixed_coordinate_hypothesis_validation
2546,6189,10022,1778,1797.0,1778.0,1778.0,44.0,52.0,False,20190923.tif,False,19.0,0.010686164229471317,10189,20022,fixed_coordinate_hypothesis_validation
2548,6269,9963,1847,1866.0,1847.0,1847.0,51.0,49.0,False,20190923.tif,False,19.0,0.01028695181375203,10269,19963,fixed_coordinate_hypothesis_validation
2549,6265,6592,182,200.0,182.0,182.0,14.0,17.0,False,20190923.tif,False,18.0,0.0989010989010989,10265,16592,fixed_coordinate_hypothesis_validation
2550,6335,6776,242,257.0,242.0,242.0,16.0,20.0,False,20190923.tif,False,15.0,0.06198347107438017,10335,16776,fixed_coordinate_hypothesis_validation
2551,6342,5978,1324,1334.0,1324.0,1324.0,44.0,45.0,False,20190923.tif,False,10.0,0.0075528700906344415,10342,15978,fixed_coordinate_hypothesis_validation
2552,6391,11252,1403,1420.0,1403.0,1403.0,45.0,43.0,False,20190923.tif,False,17.0,0.012116892373485389,10391,21252,fixed_coordinate_hypothesis_validation
2553,6399,7884,1650,1664.0,1650.0,1650.0,46.0,51.0,False,20190923.tif,False,14.0,0.008484848484848486,10399,17884,fixed_coordinate_hypothesis_validation
2555,6447,10629,298,307.0,298.0,298.0,21.0,20.0,False,20190923.tif,False,9.0,0.030201342281879196,10447,20629,fixed_coordinate_hypothesis_validation
2556,6479,11406,2843,2884.0,2843.0,2843.0,56.0,62.0,False,20190923.tif,False,41.0,0.014421385860007034,10479,21406,fixed_coordinate_hypothesis_validation
2558,6561,9053,3024,3074.0,3024.0,3024.0,65.0,62.0,False,20190923.tif,False,50.0,0.016534391534391533,10561,19053,fixed_coordinate_hypothesis_validation
2559,6589,11450,1752,1760.0,1752.0,1752.0,45.0,54.0,False,20190923.tif,False,8.0,0.0045662100456621,10589,21450,fixed_coordinate_hypothesis_validation
2561,6611,6793,218,228.0,218.0,218.0,16.0,17.0,False,20190923.tif,False,10.0,0.045871559633027525,10611,16793,fixed_coordinate_hypothesis_validation
2564,6611,6793,218,228.0,218.0,218.0,16.0,17.0,False,20190923.tif,False,10.0,0.045871559633027525,10611,16793,fixed_coordinate_hypothesis_validation
2566,6839,7302,316,334.0,316.0,316.0,20.0,21.0,False,20190923.tif,False,18.0,0.056962025316455694,10839,17302,fixed_coordinate_hypothesis_validation
2567,7011,11437,1797,1820.0,1797.0,1797.0,49.0,48.0,False,20190923.tif,False,23.0,0.012799109627156371,11011,21437,fixed_coordinate_hypothesis_validation
2568,7129,10237,1075,1110.0,1075.0,1075.0,33.0,41.0,False,20190923.tif,False,35.0,0.03255813953488372,11129,20237,fixed_coordinate_hypothesis_validation
2569,7149,10150,3590,3609.0,3590.0,3590.0,66.0,68.0,False,20190923.tif,False,19.0,0.0052924791086350976,11149,20150,fixed_coordinate_hypothesis_validation
2570,7205,6993,267,285.0,267.0,267.0,16.0,21.0,False,20190923.tif,False,18.0,0.06741573033707865,11205,16993,fixed_coordinate_hypothesis_validation
2571,7214,10230,1264,1296.0,1264.0,1264.0,40.0,40.0,False,20190923.tif,False,32.0,0.02531645569620253,11214,20230,fixed_coordinate_hypothesis_validation
2573,7259,6828,172,187.0,172.0,172.0,16.0,14.0,False,20190923.tif,False,15.0,0.0872093023255814,11259,16828,fixed_coordinate_hypothesis_validation
2574,7259,6828,172,187.0,172.0,172.0,16.0,14.0,False,20190923.tif,False,15.0,0.0872093023255814,11259,16828,fixed_coordinate_hypothesis_validation
2576,7343,11660,3289,3308.0,3289.0,3289.0,64.0,68.0,False,20190923.tif,False,19.0,0.005776831863788386,11343,21660,fixed_coordinate_hypothesis_validation
2577,7373,10578,721,741.0,721.0,721.0,34.0,30.0,False,20190923.tif,False,20.0,0.027739251040221916,11373,20578,fixed_coordinate_hypothesis_validation
2578,7562,10834,1865,1882.0,1865.0,1865.0,50.0,51.0,False,20190923.tif,False,17.0,0.009115281501340482,11562,20834,fixed_coordinate_hypothesis_validation
2580,7803,12666,254,262.0,254.0,254.0,20.0,19.0,False,20190923.tif,False,8.0,0.031496062992125984,11803,22666,fixed_coordinate_hypothesis_validation
2581,7885,12823,1663,1686.0,1663.0,1663.0,46.0,44.0,False,20190923.tif,False,23.0,0.013830426939266387,11885,22823,fixed_coordinate_hypothesis_validation
2582,7899,12896,148,165.0,148.0,148.0,14.0,14.0,False,20190923.tif,False,17.0,0.11486486486486487,11899,22896,fixed_coordinate_hypothesis_validation
2585,8075,9745,1698,1713.0,1698.0,1698.0,51.0,48.0,False,20190923.tif,False,15.0,0.0088339222614841,12075,19745,fixed_coordinate_hypothesis_validation
2586,8175,12617,1406,1430.0,1406.0,1406.0,41.0,43.0,False,20190923.tif,False,24.0,0.017069701280227598,12175,22617,fixed_coordinate_hypothesis_validation
2588,8213,11130,849,861.0,849.0,849.0,38.0,32.0,False,20190923.tif,False,12.0,0.014134275618374558,12213,21130,fixed_coordinate_hypothesis_validation
2589,8322,12594,886,914.0,886.0,886.0,36.0,35.0,False,20190923.tif,False,28.0,0.03160270880361174,12322,22594,fixed_coordinate_hypothesis_validation
2593,8669,11716,371,387.0,371.0,371.0,22.0,25.0,False,20190923.tif,False,16.0,0.0431266846361186,12669,21716,fixed_coordinate_hypothesis_validation
2595,8905,11710,11775,11806.0,11775.0,11775.0,124.0,130.0,False,20190923.tif,False,31.0,0.002632696390658174,12905,21710,fixed_coordinate_hypothesis_validation
2596,8915,12588,1444,1461.0,1444.0,1444.0,41.0,44.0,False,20190923.tif,False,17.0,0.011772853185595568,12915,22588,fixed_coordinate_hypothesis_validation
2597,9093,11152,1429,1453.0,1429.0,1429.0,42.0,46.0,False,20190923.tif,False,24.0,0.016794961511546535,13093,21152,fixed_coordinate_hypothesis_validation
2598,9097,11598,1296,1309.0,1296.0,1296.0,43.0,43.0,False,20190923.tif,False,13.0,0.010030864197530864,13097,21598,fixed_coordinate_hypothesis_validation
2599,9103,9989,4310,4326.0,4310.0,4310.0,72.0,78.0,False,20190923.tif,False,16.0,0.0037122969837587007,13103,19989,fixed_coordinate_hypothesis_validation
2600,9275,11337,788,797.0,788.0,788.0,30.0,34.0,False,20190923.tif,False,9.0,0.011421319796954314,13275,21337,fixed_coordinate_hypothesis_validation
2601,9283,11984,1460,1480.0,1460.0,1460.0,44.0,43.0,False,20190923.tif,False,20.0,0.0136986301369863,13283,21984,fixed_coordinate_hypothesis_validation
2602,9283,11984,1460,1480.0,1460.0,1460.0,44.0,43.0,False,20190923.tif,False,20.0,0.0136986301369863,13283,21984,fixed_coordinate_hypothesis_validation
2603,9346,12250,1767,1783.0,1767.0,1767.0,52.0,47.0,False,20190923.tif,False,16.0,0.009054895302773062,13346,22250,fixed_coordinate_hypothesis_validation
2604,9473,11540,374,396.0,374.0,374.0,20.0,24.0,False,20190923.tif,False,22.0,0.058823529411764705,13473,21540,fixed_coordinate_hypothesis_validation
2605,9473,11540,374,396.0,374.0,374.0,20.0,24.0,False,20190923.tif,False,22.0,0.058823529411764705,13473,21540,fixed_coordinate_hypothesis_validation
2608,10002,9034,1117,1130.0,1117.0,1117.0,39.0,40.0,False,20190923.tif,False,13.0,0.011638316920322292,14002,19034,fixed_coordinate_hypothesis_validation
2609,10014,9782,1742,1749.0,1742.0,1742.0,46.0,52.0,False,20190923.tif,False,7.0,0.004018369690011481,14014,19782,fixed_coordinate_hypothesis_validation
2610,10081,9018,1886,1916.0,1886.0,1886.0,44.0,56.0,False,20190923.tif,False,30.0,0.015906680805938492,14081,19018,fixed_coordinate_hypothesis_validation
2611,10098,11152,3376,3402.0,3376.0,3376.0,73.0,63.0,False,20190923.tif,False,26.0,0.007701421800947867,14098,21152,fixed_coordinate_hypothesis_validation
2612,10102,10222,1537,1554.0,1537.0,1537.0,48.0,47.0,False,20190923.tif,False,17.0,0.011060507482108002,14102,20222,fixed_coordinate_hypothesis_validation
2613,10095,1001,2772,2803.0,2772.0,2772.0,60.0,62.0,False,20190923.tif,False,31.0,0.011183261183261184,14095,11001,fixed_coordinate_hypothesis_validation
2614,10129,10534,2138,2157.0,2138.0,2138.0,61.0,50.0,False,20190923.tif,False,19.0,0.008886810102899906,14129,20534,fixed_coordinate_hypothesis_validation
2615,10115,1108,4188,4192.0,4188.0,4188.0,79.0,73.0,False,20190923.tif,False,4.0,0.0009551098376313276,14115,11108,fixed_coordinate_hypothesis_validation
2616,10155,9700,4189,4221.0,4189.0,4189.0,74.0,74.0,False,20190923.tif,False,32.0,0.0076390546669849605,14155,19700,fixed_coordinate_hypothesis_validation
2618,10237,1110,2131,2149.0,2131.0,2131.0,58.0,52.0,False,20190923.tif,False,18.0,0.008446738620366025,14237,11110,fixed_coordinate_hypothesis_validation
2619,10267,14613,1409,1435.0,1409.0,1409.0,41.0,43.0,False,20190923.tif,False,26.0,0.018452803406671398,14267,24613,fixed_coordinate_hypothesis_validation
2620,10313,8024,2654,2680.0,2654.0,2654.0,56.0,61.0,False,20190923.tif,False,26.0,0.009796533534287867,14313,18024,fixed_coordinate_hypothesis_validation
2621,10348,9452,1513,1529.0,1513.0,1513.0,46.0,45.0,False,20190923.tif,False,16.0,0.010575016523463317,14348,19452,fixed_coordinate_hypothesis_validation
2623,10387,9306,3085,3103.0,3085.0,3085.0,63.0,67.0,False,20190923.tif,False,18.0,0.005834683954619124,14387,19306,fixed_coordinate_hypothesis_validation
2624,10453,9394,5875,5919.0,5875.0,5875.0,84.0,88.0,False,20190923.tif,False,44.0,0.00748936170212766,14453,19394,fixed_coordinate_hypothesis_validation
2626,10493,14656,1873,1881.0,1873.0,1873.0,51.0,47.0,False,20190923.tif,False,8.0,0.004271222637479978,14493,24656,fixed_coordinate_hypothesis_validation
2628,10529,9938,4690,4706.0,4690.0,4690.0,78.0,80.0,False,20190923.tif,False,16.0,0.003411513859275053,14529,19938,fixed_coordinate_hypothesis_validation
2629,10581,7822,2616,2633.0,2616.0,2616.0,58.0,60.0,False,20190923.tif,False,17.0,0.006498470948012232,14581,17822,fixed_coordinate_hypothesis_validation
2631,10603,14810,2076,2083.0,2076.0,2076.0,50.0,56.0,False,20190923.tif,False,7.0,0.003371868978805395,14603,24810,fixed_coordinate_hypothesis_validation
2632,10678,7714,2036,2051.0,2036.0,2036.0,52.0,54.0,False,20190923.tif,False,15.0,0.0073673870333988214,14678,17714,fixed_coordinate_hypothesis_validation
2634,10983,8298,1021,1032.0,1021.0,1021.0,36.0,40.0,False,20190923.tif,False,11.0,0.010773751224289911,14983,18298,fixed_coordinate_hypothesis_validation
2636,11391,5408,259,273.0,259.0,259.0,19.0,18.0,False,20190923.tif,False,14.0,0.05405405405405406,15391,15408,fixed_coordinate_hypothesis_validation
2637,11409,5266,2596,2630.0,2596.0,2596.0,64.0,54.0,False,20190923.tif,False,34.0,0.013097072419106317,15409,15266,fixed_coordinate_hypothesis_validation
2641,11841,7484,2155,2181.0,2155.0,2155.0,50.0,56.0,False,20190923.tif,False,26.0,0.012064965197215777,15841,17484,fixed_coordinate_hypothesis_validation
2642,11845,4890,2536,2544.0,2536.0,2536.0,55.0,59.0,False,20190923.tif,False,8.0,0.0031545741324921135,15845,14890,fixed_coordinate_hypothesis_validation
2643,11901,7922,676,695.0,676.0,676.0,32.0,27.0,False,20190923.tif,False,19.0,0.028106508875739646,15901,17922,fixed_coordinate_hypothesis_validation
2644,11949,7886,311,320.0,311.0,311.0,20.0,23.0,False,20190923.tif,False,9.0,0.028938906752411574,15949,17886,fixed_coordinate_hypothesis_validation
2646,11983,8063,1248,1281.0,1248.0,1248.0,37.0,42.0,False,20190923.tif,False,33.0,0.026442307692307692,15983,18063,fixed_coordinate_hypothesis_validation
2647,12043,8374,340,347.0,340.0,340.0,22.0,22.0,False,20190923.tif,False,7.0,0.020588235294117647,16043,18374,fixed_coordinate_hypothesis_validation
2648,12083,8544,852,860.0,852.0,852.0,30.0,38.0,False,20190923.tif,False,8.0,0.009389671361502348,16083,18544,fixed_coordinate_hypothesis_validation
2649,12263,8778,544,572.0,544.0,544.0,28.0,27.0,False,20190923.tif,False,28.0,0.051470588235294115,16263,18778,fixed_coordinate_hypothesis_validation
2650,12211,8518,1958,1977.0,1958.0,1958.0,51.0,51.0,False,20190923.tif,False,19.0,0.009703779366700716,16211,18518,fixed_coordinate_hypothesis_validation
2651,12243,8570,2348,2380.0,2348.0,2348.0,58.0,56.0,False,20190923.tif,False,32.0,0.013628620102214651,16243,18570,fixed_coordinate_hypothesis_validation
2652,12263,8778,544,572.0,544.0,544.0,28.0,27.0,False,20190923.tif,False,28.0,0.051470588235294115,16263,18778,fixed_coordinate_hypothesis_validation
2653,12528,5774,6379,6398.0,6379.0,6379.0,91.0,95.0,False,20190923.tif,False,19.0,0.002978523279510895,16528,15774,fixed_coordinate_hypothesis_validation
2655,12565,8976,1491,1516.0,1491.0,1491.0,42.0,44.0,False,20190923.tif,False,25.0,0.01676727028839705,16565,18976,fixed_coordinate_hypothesis_validation
2657,12595,9762,1287,1300.0,1287.0,1287.0,40.0,42.0,False,20190923.tif,False,13.0,0.010101010101010102,16595,19762,fixed_coordinate_hypothesis_validation
2659,12615,5683,1647,1662.0,1647.0,1647.0,44.0,52.0,False,20190923.tif,False,15.0,0.009107468123861567,16615,15683,fixed_coordinate_hypothesis_validation
2660,12620,5918,2268,2276.0,2268.0,2268.0,58.0,55.0,False,20190923.tif,False,8.0,0.003527336860670194,16620,15918,fixed_coordinate_hypothesis_validation
2661,12683,6446,1030,1044.0,1030.0,1030.0,44.0,36.0,False,20190923.tif,False,14.0,0.013592233009708738,16683,16446,fixed_coordinate_hypothesis_validation
2663,12739,6378,2650,2688.0,2650.0,2650.0,56.0,60.0,False,20190923.tif,False,38.0,0.014339622641509434,16739,16378,fixed_coordinate_hypothesis_validation
2664,12757,8744,2161,2196.0,2161.0,2161.0,51.0,52.0,False,20190923.tif,False,35.0,0.016196205460434984,16757,18744,fixed_coordinate_hypothesis_validation
2665,12771,5362,3543,3581.0,3539.0,3543.0,68.0,72.0,False,20190923.tif,False,38.0,0.010725373976855771,16771,15362,fixed_coordinate_hypothesis_validation
2666,12767,5828,2346,2370.0,2346.0,2346.0,53.0,56.0,False,20190923.tif,False,24.0,0.010230179028132993,16767,15828,fixed_coordinate_hypothesis_validation
2667,12787,6010,877,904.0,877.0,877.0,32.0,36.0,False,20190923.tif,False,27.0,0.03078677309007982,16787,16010,fixed_coordinate_hypothesis_validation
2669,13009,8957,658,681.0,658.0,658.0,27.0,30.0,False,20190923.tif,False,23.0,0.034954407294832825,17009,18957,fixed_coordinate_hypothesis_validation
2674,13153,1296,236,260.0,236.0,236.0,16.0,18.0,False,20190923.tif,False,24.0,0.1016949152542373,17153,11296,fixed_coordinate_hypothesis_validation
2675,13167,8266,1174,1197.0,1174.0,1174.0,40.0,40.0,False,20190923.tif,False,23.0,0.019591141396933562,17167,18266,fixed_coordinate_hypothesis_validation
2677,13257,8794,2449,2459.0,2449.0,2449.0,60.0,57.0,False,20190923.tif,False,10.0,0.004083299305839118,17257,18794,fixed_coordinate_hypothesis_validation
2678,13305,9422,1401,1423.0,1401.0,1401.0,42.0,44.0,False,20190923.tif,False,22.0,0.015703069236259814,17305,19422,fixed_coordinate_hypothesis_validation
2680,13309,6105,4377,4404.0,4377.0,4377.0,73.0,77.0,False,20190923.tif,False,27.0,0.00616860863605209,17309,16105,fixed_coordinate_hypothesis_validation
2683,13361,9605,395,411.0,395.0,395.0,23.0,23.0,False,20190923.tif,False,16.0,0.04050632911392405,17361,19605,fixed_coordinate_hypothesis_validation
2684,13383,8374,748,784.0,748.0,748.0,32.0,28.0,False,20190923.tif,False,36.0,0.0481283422459893,17383,18374,fixed_coordinate_hypothesis_validation
2685,13429,9314,1597,1612.0,1594.0,1597.0,46.0,48.0,False,20190923.tif,False,15.0,0.00939261114589856,17429,19314,fixed_coordinate_hypothesis_validation
2686,13443,9182,2898,2909.0,2898.0,2898.0,68.0,57.0,False,20190923.tif,False,11.0,0.003795721187025535,17443,19182,fixed_coordinate_hypothesis_validation
2687,13457,9772,659,672.0,659.0,659.0,28.0,35.0,False,20190923.tif,False,13.0,0.019726858877086494,17457,19772,fixed_coordinate_hypothesis_validation
2689,13459,10046,1058,1088.0,1058.0,1058.0,40.0,34.0,False,20190923.tif,False,30.0,0.02835538752362949,17459,20046,fixed_coordinate_hypothesis_validation
2690,13465,9254,2950,2998.0,2950.0,2950.0,66.0,60.0,False,20190923.tif,False,48.0,0.016271186440677966,17465,19254,fixed_coordinate_hypothesis_validation
2691,13563,10672,586,618.0,586.0,586.0,24.0,33.0,False,20190923.tif,False,32.0,0.05460750853242321,17563,20672,fixed_coordinate_hypothesis_validation
2692,13595,9300,930,941.0,930.0,930.0,34.0,37.0,False,20190923.tif,False,11.0,0.011827956989247311,17595,19300,fixed_coordinate_hypothesis_validation
2694,13633,9396,567,583.0,567.0,567.0,26.0,30.0,False,20190923.tif,False,16.0,0.02821869488536155,17633,19396,fixed_coordinate_hypothesis_validation
2695,13641,9984,1392,1396.0,1392.0,1392.0,44.0,43.0,False,20190923.tif,False,4.0,0.0028735632183908046,17641,19984,fixed_coordinate_hypothesis_validation
2696,13639,7852,1265,1279.0,1265.0,1265.0,41.0,40.0,False,20190923.tif,False,14.0,0.011067193675889328,17639,17852,fixed_coordinate_hypothesis_validation
2699,13947,9726,2075,2109.0,2075.0,2075.0,52.0,52.0,False,20190923.tif,False,34.0,0.0163855421686747,17947,19726,fixed_coordinate_hypothesis_validation
2700,13957,7482,3638,3646.0,3638.0,3638.0,68.0,76.0,False,20190923.tif,False,8.0,0.0021990104452996153,17957,17482,fixed_coordinate_hypothesis_validation
2701,13958,8106,2188,2203.0,2188.0,2188.0,54.0,54.0,False,20190923.tif,False,15.0,0.006855575868372943,17958,18106,fixed_coordinate_hypothesis_validation
2702,13967,9398,437,451.0,437.0,437.0,24.0,28.0,False,20190923.tif,False,14.0,0.032036613272311214,17967,19398,fixed_coordinate_hypothesis_validation
2703,14167,8034,3362,3389.0,3362.0,3362.0,70.0,60.0,False,20190923.tif,False,27.0,0.008030933967876264,18167,18034,fixed_coordinate_hypothesis_validation
2704,14183,7294,3120,3144.0,3120.0,3120.0,66.0,64.0,False,20190923.tif,False,24.0,0.007692307692307693,18183,17294,fixed_coordinate_hypothesis_validation
2705,14183,7294,3120,3144.0,3120.0,3120.0,66.0,64.0,False,20190923.tif,False,24.0,0.007692307692307693,18183,17294,fixed_coordinate_hypothesis_validation
2706,14331,6914,2025,2049.0,2025.0,2025.0,50.0,54.0,False,20190923.tif,False,24.0,0.011851851851851851,18331,16914,fixed_coordinate_hypothesis_validation
2707,14379,10770,665,679.0,665.0,665.0,31.0,26.0,False,20190923.tif,False,14.0,0.021052631578947368,18379,20770,fixed_coordinate_hypothesis_validation
2710,14659,9382,1288,1304.0,1288.0,1288.0,42.0,44.0,False,20190923.tif,False,16.0,0.012422360248447204,18659,19382,fixed_coordinate_hypothesis_validation
2713,14789,9442,3246,3278.0,3246.0,3246.0,68.0,64.0,False,20190923.tif,False,32.0,0.009858287122612447,18789,19442,fixed_coordinate_hypothesis_validation
2716,14925,9474,2284,2306.0,2284.0,2284.0,53.0,56.0,False,20190923.tif,False,22.0,0.009632224168126095,18925,19474,fixed_coordinate_hypothesis_validation
2720,15279,7760,157,166.0,157.0,157.0,16.0,16.0,False,20190923.tif,False,9.0,0.05732484076433121,19279,17760,fixed_coordinate_hypothesis_validation
2725,15739,12288,300,307.0,300.0,300.0,21.0,20.0,False,20190923.tif,False,7.0,0.023333333333333334,19739,22288,fixed_coordinate_hypothesis_validation
2727,15923,12914,2472,2478.0,2472.0,2472.0,62.0,54.0,False,20190923.tif,False,6.0,0.0024271844660194173,19923,22914,fixed_coordinate_hypothesis_validation
2729,16571,9978,5770,5800.0,5770.0,5770.0,86.0,90.0,False,20190923.tif,False,30.0,0.005199306759098787,20571,19978,fixed_coordinate_hypothesis_validation
2730,16585,14018,186,206.0,186.0,186.0,14.0,16.0,False,20190923.tif,False,20.0,0.10752688172043011,20585,24018,fixed_coordinate_hypothesis_validation
2731,16715,10022,2064,2104.0,2064.0,2064.0,52.0,48.0,False,20190923.tif,False,40.0,0.01937984496124031,20715,20022,fixed_coordinate_hypothesis_validation
2732,16709,10130,570,582.0,570.0,570.0,26.0,30.0,False,20190923.tif,False,12.0,0.021052631578947368,20709,20130,fixed_coordinate_hypothesis_validation
2733,17133,10830,130,140.0,130.0,130.0,14.0,14.0,False,20190923.tif,False,10.0,0.07692307692307693,21133,20830,fixed_coordinate_hypothesis_validation
2734,17527,8048,2120,2160.0,2120.0,2120.0,42.0,60.0,False,20190923.tif,False,40.0,0.018867924528301886,21527,18048,fixed_coordinate_hypothesis_validation
2735,561,752,128,144.0,128.0,128.0,10.0,16.0,False,20190923.tif,False,16.0,0.125,4561,10752,fixed_coordinate_hypothesis_validation
2736,613,720,784,794.0,784.0,784.0,30.0,33.0,False,20190923.tif,False,10.0,0.012755102040816327,4613,10720,fixed_coordinate_hypothesis_validation
2737,627,672,471,491.0,471.0,471.0,28.0,22.0,False,20190923.tif,False,20.0,0.04246284501061571,4627,10672,fixed_coordinate_hypothesis_validation
2738,705,5571,763,778.0,763.0,763.0,34.0,30.0,False,20190923.tif,False,15.0,0.019659239842726082,4705,15571,fixed_coordinate_hypothesis_validation
2739,717,730,577,590.0,577.0,577.0,29.0,28.0,False,20190923.tif,False,13.0,0.022530329289428077,4717,10730,fixed_coordinate_hypothesis_validation
2740,759,710,495,503.0,495.0,495.0,25.0,30.0,False,20190923.tif,False,8.0,0.01616161616161616,4759,10710,fixed_coordinate_hypothesis_validation
2741,875,5022,269,274.0,269.0,269.0,20.0,20.0,False,20190923.tif,False,5.0,0.01858736059479554,4875,15022,fixed_coordinate_hypothesis_validation
2742,1015,4870,256,275.0,256.0,256.0,20.0,18.0,False,20190923.tif,False,19.0,0.07421875,5015,14870,fixed_coordinate_hypothesis_validation
2743,1525,2201,1044,1072.0,1044.0,1044.0,36.0,36.0,False,20190923.tif,False,28.0,0.02681992337164751,5525,12201,fixed_coordinate_hypothesis_validation
2744,1559,994,122,133.0,122.0,122.0,12.0,16.0,False,20190923.tif,False,11.0,0.09016393442622951,5559,10994,fixed_coordinate_hypothesis_validation
2745,1587,1110,412,422.0,412.0,412.0,20.0,28.0,False,20190923.tif,False,10.0,0.024271844660194174,5587,11110,fixed_coordinate_hypothesis_validation
2746,1647,1136,260,267.0,260.0,260.0,17.0,21.0,False,20190923.tif,False,7.0,0.026923076923076925,5647,11136,fixed_coordinate_hypothesis_validation
2747,1753,5820,403,417.0,403.0,403.0,24.0,23.0,False,20190923.tif,False,14.0,0.034739454094292806,5753,15820,fixed_coordinate_hypothesis_validation
2748,1803,892,407,427.0,407.0,407.0,24.0,24.0,False,20190923.tif,False,20.0,0.04914004914004914,5803,10892,fixed_coordinate_hypothesis_validation
2749,1825,1080,186,194.0,186.0,186.0,18.0,14.0,False,20190923.tif,False,8.0,0.043010752688172046,5825,11080,fixed_coordinate_hypothesis_validation
2750,2147,8862,308,323.0,308.0,308.0,20.0,22.0,False,20190923.tif,False,15.0,0.048701298701298704,6147,18862,fixed_coordinate_hypothesis_validation
2751,2151,8780,438,448.0,438.0,438.0,26.0,24.0,False,20190923.tif,False,10.0,0.0228310502283105,6151,18780,fixed_coordinate_hypothesis_validation
2752,2369,9495,216,222.0,216.0,216.0,19.0,17.0,False,20190923.tif,False,6.0,0.027777777777777776,6369,19495,fixed_coordinate_hypothesis_validation
2753,2477,9798,154,164.0,154.0,154.0,14.0,15.0,False,20190923.tif,False,10.0,0.06493506493506493,6477,19798,fixed_coordinate_hypothesis_validation
2754,2965,9492,176,188.0,176.0,176.0,16.0,14.0,False,20190923.tif,False,12.0,0.06818181818181818,6965,19492,fixed_coordinate_hypothesis_validation
2755,3015,190,284,288.0,284.0,284.0,20.0,21.0,False,20190923.tif,False,4.0,0.014084507042253521,7015,10190,fixed_coordinate_hypothesis_validation
2756,3037,908,164,180.0,164.0,164.0,12.0,18.0,False,20190923.tif,False,16.0,0.0975609756097561,7037,10908,fixed_coordinate_hypothesis_validation
2757,3049,149,590,605.0,590.0,590.0,27.0,28.0,False,20190923.tif,False,15.0,0.025423728813559324,7049,10149,fixed_coordinate_hypothesis_validation
2758,3091,183,240,252.0,240.0,240.0,19.0,19.0,False,20190923.tif,False,12.0,0.05,7091,10183,fixed_coordinate_hypothesis_validation
2759,3265,218,643,650.0,643.0,643.0,30.0,30.0,False,20190923.tif,False,7.0,0.01088646967340591,7265,10218,fixed_coordinate_hypothesis_validation
2760,3323,925,536,548.0,536.0,536.0,29.0,26.0,False,20190923.tif,False,12.0,0.022388059701492536,7323,10925,fixed_coordinate_hypothesis_validation
2761,3405,887,273,290.0,273.0,273.0,19.0,20.0,False,20190923.tif,False,17.0,0.06227106227106227,7405,10887,fixed_coordinate_hypothesis_validation
2762,3517,6134,336,352.0,336.0,336.0,20.0,24.0,False,20190923.tif,False,16.0,0.047619047619047616,7517,16134,fixed_coordinate_hypothesis_validation
2763,3829,3206,134,147.0,134.0,134.0,14.0,15.0,False,20190923.tif,False,13.0,0.09701492537313433,7829,13206,fixed_coordinate_hypothesis_validation
2764,3965,6958,466,480.0,466.0,466.0,28.0,24.0,False,20190923.tif,False,14.0,0.030042918454935622,7965,16958,fixed_coordinate_hypothesis_validation
2765,4041,4246,230,243.0,230.0,230.0,18.0,18.0,False,20190923.tif,False,13.0,0.05652173913043478,8041,14246,fixed_coordinate_hypothesis_validation
2766,4077,12814,112,128.0,112.0,112.0,12.0,12.0,False,20190923.tif,False,16.0,0.14285714285714285,8077,22814,fixed_coordinate_hypothesis_validation
2767,4179,5620,125,135.0,125.0,125.0,12.0,14.0,False,20190923.tif,False,10.0,0.08,8179,15620,fixed_coordinate_hypothesis_validation
2768,4379,13348,212,224.0,212.0,212.0,16.0,18.0,False,20190923.tif,False,12.0,0.05660377358490566,8379,23348,fixed_coordinate_hypothesis_validation
2769,4414,13468,358,377.0,358.0,358.0,24.0,20.0,False,20190923.tif,False,19.0,0.05307262569832402,8414,23468,fixed_coordinate_hypothesis_validation
2770,4531,13258,146,150.0,146.0,146.0,15.0,16.0,False,20190923.tif,False,4.0,0.0273972602739726,8531,23258,fixed_coordinate_hypothesis_validation
2771,4533,13475,159,163.0,159.0,159.0,16.0,14.0,False,20190923.tif,False,4.0,0.025157232704402517,8533,23475,fixed_coordinate_hypothesis_validation
2772,4747,6468,823,834.0,823.0,823.0,34.0,31.0,False,20190923.tif,False,11.0,0.013365735115431349,8747,16468,fixed_coordinate_hypothesis_validation
2773,4749,8990,6297,6312.0,6297.0,6297.0,98.0,94.0,False,20190923.tif,False,15.0,0.0023820867079561697,8749,18990,fixed_coordinate_hypothesis_validation
2774,4835,13482,285,300.0,285.0,285.0,20.0,19.0,False,20190923.tif,False,15.0,0.05263157894736842,8835,23482,fixed_coordinate_hypothesis_validation
2775,4921,4871,373,385.0,373.0,373.0,19.0,26.0,False,20190923.tif,False,12.0,0.032171581769437,8921,14871,fixed_coordinate_hypothesis_validation
2776,5002,10810,280,298.0,280.0,280.0,24.0,16.0,False,20190923.tif,False,18.0,0.06428571428571428,9002,20810,fixed_coordinate_hypothesis_validation
2777,5073,13488,367,384.0,367.0,367.0,22.0,23.0,False,20190923.tif,False,17.0,0.04632152588555858,9073,23488,fixed_coordinate_hypothesis_validation
2778,5423,13430,283,289.0,283.0,283.0,19.0,20.0,False,20190923.tif,False,6.0,0.02120141342756184,9423,23430,fixed_coordinate_hypothesis_validation
2779,5627,11038,776,784.0,776.0,776.0,29.0,36.0,False,20190923.tif,False,8.0,0.010309278350515464,9627,21038,fixed_coordinate_hypothesis_validation
2780,5711,1908,1247,1270.0,1247.0,1247.0,40.0,40.0,False,20190923.tif,False,23.0,0.018444266238973536,9711,11908,fixed_coordinate_hypothesis_validation
2781,5935,620,424,441.0,424.0,424.0,25.0,24.0,False,20190923.tif,False,17.0,0.04009433962264151,9935,10620,fixed_coordinate_hypothesis_validation
2782,5963,14354,277,295.0,277.0,277.0,20.0,18.0,False,20190923.tif,False,18.0,0.06498194945848375,9963,24354,fixed_coordinate_hypothesis_validation
2783,5985,6362,366,381.0,366.0,366.0,22.0,23.0,False,20190923.tif,False,15.0,0.040983606557377046,9985,16362,fixed_coordinate_hypothesis_validation
2784,6119,6586,330,353.0,330.0,330.0,20.0,20.0,False,20190923.tif,False,23.0,0.0696969696969697,10119,16586,fixed_coordinate_hypothesis_validation
2785,6393,9802,302,316.0,302.0,302.0,20.0,22.0,False,20190923.tif,False,14.0,0.046357615894039736,10393,19802,fixed_coordinate_hypothesis_validation
2786,6453,6838,109,116.0,109.0,109.0,14.0,12.0,False,20190923.tif,False,7.0,0.06422018348623854,10453,16838,fixed_coordinate_hypothesis_validation
2787,6489,6288,246,262.0,246.0,246.0,18.0,19.0,False,20190923.tif,False,16.0,0.06504065040650407,10489,16288,fixed_coordinate_hypothesis_validation
2788,6525,6779,133,144.0,133.0,133.0,13.0,15.0,False,20190923.tif,False,11.0,0.08270676691729323,10525,16779,fixed_coordinate_hypothesis_validation
2789,6669,6964,307,325.0,307.0,307.0,20.0,20.0,False,20190923.tif,False,18.0,0.05863192182410423,10669,16964,fixed_coordinate_hypothesis_validation
2790,6729,5180,162,172.0,162.0,162.0,14.0,17.0,False,20190923.tif,False,10.0,0.06172839506172839,10729,15180,fixed_coordinate_hypothesis_validation
2791,6769,7187,241,257.0,241.0,241.0,17.0,18.0,False,20190923.tif,False,16.0,0.06639004149377593,10769,17187,fixed_coordinate_hypothesis_validation
2792,6829,6635,318,326.0,318.0,318.0,21.0,19.0,False,20190923.tif,False,8.0,0.025157232704402517,10829,16635,fixed_coordinate_hypothesis_validation
2793,6942,7946,1719,1734.0,1719.0,1719.0,50.0,48.0,False,20190923.tif,False,15.0,0.008726003490401396,10942,17946,fixed_coordinate_hypothesis_validation
2794,7043,5244,106,116.0,106.0,106.0,14.0,10.0,False,20190923.tif,False,10.0,0.09433962264150944,11043,15244,fixed_coordinate_hypothesis_validation
2795,7197,7594,141,151.0,141.0,141.0,16.0,14.0,False,20190923.tif,False,10.0,0.07092198581560284,11197,17594,fixed_coordinate_hypothesis_validation
2796,7219,4196,108,116.0,108.0,108.0,12.0,14.0,False,20190923.tif,False,8.0,0.07407407407407407,11219,14196,fixed_coordinate_hypothesis_validation
2797,7261,6778,195,204.0,195.0,195.0,16.0,18.0,False,20190923.tif,False,9.0,0.046153846153846156,11261,16778,fixed_coordinate_hypothesis_validation
2798,7413,14086,132,138.0,132.0,132.0,14.0,15.0,False,20190923.tif,False,6.0,0.045454545454545456,11413,24086,fixed_coordinate_hypothesis_validation
2799,7493,6604,112,124.0,112.0,112.0,12.0,14.0,False,20190923.tif,False,12.0,0.10714285714285714,11493,16604,fixed_coordinate_hypothesis_validation
2800,7759,8380,299,313.0,299.0,299.0,18.0,22.0,False,20190923.tif,False,14.0,0.046822742474916385,11759,18380,fixed_coordinate_hypothesis_validation
2801,7825,13994,275,286.0,275.0,275.0,19.0,19.0,False,20190923.tif,False,11.0,0.04,11825,23994,fixed_coordinate_hypothesis_validation
2802,8167,14797,559,576.0,559.0,559.0,27.0,28.0,False,20190923.tif,False,17.0,0.03041144901610018,12167,24797,fixed_coordinate_hypothesis_validation
2803,8221,11668,836,851.0,836.0,836.0,34.0,33.0,False,20190923.tif,False,15.0,0.017942583732057416,12221,21668,fixed_coordinate_hypothesis_validation
2804,8233,1578,297,302.0,297.0,297.0,22.0,19.0,False,20190923.tif,False,5.0,0.016835016835016835,12233,11578,fixed_coordinate_hypothesis_validation
2805,8267,14736,288,304.0,288.0,288.0,20.0,18.0,False,20190923.tif,False,16.0,0.05555555555555555,12267,24736,fixed_coordinate_hypothesis_validation
2806,8615,7540,154,167.0,154.0,154.0,14.0,16.0,False,20190923.tif,False,13.0,0.08441558441558442,12615,17540,fixed_coordinate_hypothesis_validation
2807,8841,2430,262,272.0,262.0,262.0,20.0,19.0,False,20190923.tif,False,10.0,0.03816793893129771,12841,12430,fixed_coordinate_hypothesis_validation
2808,8851,12656,333,344.0,333.0,333.0,24.0,21.0,False,20190923.tif,False,11.0,0.03303303303303303,12851,22656,fixed_coordinate_hypothesis_validation
2809,9099,7378,261,273.0,261.0,261.0,20.0,18.0,False,20190923.tif,False,12.0,0.04597701149425287,13099,17378,fixed_coordinate_hypothesis_validation
2810,9387,7046,139,153.0,139.0,139.0,14.0,14.0,False,20190923.tif,False,14.0,0.10071942446043165,13387,17046,fixed_coordinate_hypothesis_validation
2811,9395,2362,124,131.0,124.0,124.0,15.0,12.0,False,20190923.tif,False,7.0,0.056451612903225805,13395,12362,fixed_coordinate_hypothesis_validation
2812,9543,7066,136,144.0,136.0,136.0,12.0,15.0,False,20190923.tif,False,8.0,0.058823529411764705,13543,17066,fixed_coordinate_hypothesis_validation
2813,9585,7014,196,209.0,196.0,196.0,16.0,17.0,False,20190923.tif,False,13.0,0.0663265306122449,13585,17014,fixed_coordinate_hypothesis_validation
2814,9874,11750,371,388.0,371.0,371.0,24.0,20.0,False,20190923.tif,False,17.0,0.04582210242587601,13874,21750,fixed_coordinate_hypothesis_validation
2815,9903,6862,6659,6672.0,6659.0,6659.0,94.0,94.0,False,20190923.tif,False,13.0,0.0019522450818441207,13903,16862,fixed_coordinate_hypothesis_validation
2816,10382,8750,4374,4398.0,4374.0,4374.0,72.0,80.0,False,20190923.tif,False,24.0,0.0054869684499314125,14382,18750,fixed_coordinate_hypothesis_validation
2817,11810,7850,353,384.0,353.0,353.0,20.0,24.0,False,20190923.tif,False,31.0,0.08781869688385269,15810,17850,fixed_coordinate_hypothesis_validation
2818,11831,7562,912,924.0,912.0,912.0,36.0,36.0,False,20190923.tif,False,12.0,0.013157894736842105,15831,17562,fixed_coordinate_hypothesis_validation
2819,12069,74,590,614.0,590.0,590.0,26.0,32.0,False,20190923.tif,False,24.0,0.04067796610169491,16069,10074,fixed_coordinate_hypothesis_validation
2820,12107,48,266,292.0,266.0,266.0,18.0,18.0,False,20190923.tif,False,26.0,0.09774436090225563,16107,10048,fixed_coordinate_hypothesis_validation
2821,12351,4455,13450,13450.0,13430.0,13450.0,139.0,137.0,False,20190923.tif,False,0.0,0.0,16351,14455,fixed_coordinate_hypothesis_validation
2822,12377,4423,619,626.0,619.0,619.0,30.0,30.0,False,20190923.tif,False,7.0,0.011308562197092083,16377,14423,fixed_coordinate_hypothesis_validation
2823,12541,9646,867,880.0,867.0,867.0,38.0,32.0,False,20190923.tif,False,13.0,0.014994232987312572,16541,19646,fixed_coordinate_hypothesis_validation
2824,13031,9838,436,468.0,436.0,436.0,24.0,24.0,False,20190923.tif,False,32.0,0.07339449541284404,17031,19838,fixed_coordinate_hypothesis_validation
2825,13361,1510,455,476.0,455.0,455.0,26.0,24.0,False,20190923.tif,False,21.0,0.046153846153846156,17361,11510,fixed_coordinate_hypothesis_validation
2826,13635,10644,610,623.0,610.0,610.0,26.0,30.0,False,20190923.tif,False,13.0,0.021311475409836064,17635,20644,fixed_coordinate_hypothesis_validation
2827,13775,5786,190,212.0,190.0,190.0,16.0,16.0,False,20190923.tif,False,22.0,0.11578947368421053,17775,15786,fixed_coordinate_hypothesis_validation
2828,13887,5430,289,303.0,289.0,289.0,20.0,21.0,False,20190923.tif,False,14.0,0.04844290657439446,17887,15430,fixed_coordinate_hypothesis_validation
2829,14439,8390,748,768.0,748.0,748.0,28.0,36.0,False,20190923.tif,False,20.0,0.026737967914438502,18439,18390,fixed_coordinate_hypothesis_validation
2830,15015,7408,312,320.0,312.0,312.0,21.0,21.0,False,20190923.tif,False,8.0,0.02564102564102564,19015,17408,fixed_coordinate_hypothesis_validation
2831,15180,11746,128,132.0,128.0,128.0,13.0,16.0,False,20190923.tif,False,4.0,0.03125,19180,21746,fixed_coordinate_hypothesis_validation
2832,15321,7120,111,117.0,111.0,111.0,13.0,14.0,False,20190923.tif,False,6.0,0.05405405405405406,19321,17120,fixed_coordinate_hypothesis_validation
2833,15639,7871,188,205.0,188.0,188.0,17.0,16.0,False,20190923.tif,False,17.0,0.09042553191489362,19639,17871,fixed_coordinate_hypothesis_validation
2834,15704,7625,438,450.0,438.0,438.0,26.0,23.0,False,20190923.tif,False,12.0,0.0273972602739726,19704,17625,fixed_coordinate_hypothesis_validation
2835,15767,8725,244,259.0,244.0,244.0,17.0,20.0,False,20190923.tif,False,15.0,0.06147540983606557,19767,18725,fixed_coordinate_hypothesis_validation
2836,15939,8388,162,168.0,162.0,162.0,14.0,16.0,False,20190923.tif,False,6.0,0.037037037037037035,19939,18388,fixed_coordinate_hypothesis_validation
2837,15983,8342,298,306.0,298.0,298.0,20.0,21.0,False,20190923.tif,False,8.0,0.026845637583892617,19983,18342,fixed_coordinate_hypothesis_validation
2838,16785,11028,412,436.0,412.0,412.0,26.0,20.0,False,20190923.tif,False,24.0,0.05825242718446602,20785,21028,fixed_coordinate_hypothesis_validation
2839,16963,9056,235,251.0,235.0,235.0,20.0,16.0,False,20190923.tif,False,16.0,0.06808510638297872,20963,19056,fixed_coordinate_hypothesis_validation
2030,3825,3682,6004,6036.0,6004.0,6004.0,88.0,96.0,False,20200727.tif,False,32.0,0.005329780146568954,7825,13682,fixed_coordinate_hypothesis_validation
2079,5690,11530,23705,23712.0,23705.0,23705.0,172.0,173.0,False,20200727.tif,False,7.0,0.00029529635098080574,9690,21530,fixed_coordinate_hypothesis_validation
2099,6373,5750,16447,16465.0,16447.0,16447.0,142.0,156.0,False,20200727.tif,False,18.0,0.0010944245151091384,10373,15750,fixed_coordinate_hypothesis_validation
2134,7643,11566,14484,14524.0,14484.0,14484.0,136.0,134.0,False,20200727.tif,False,40.0,0.0027616680475006906,11643,21566,fixed_coordinate_hypothesis_validation
2145,8413,10598,22950,23028.0,22950.0,22950.0,164.0,178.0,False,20200727.tif,False,78.0,0.0033986928104575162,12413,20598,fixed_coordinate_hypothesis_validation
2304,14947,11686,7796,7768.0,7740.0,7796.0,104.0,100.0,False,20200727.tif,False,-28.0,-0.0035915854284248334,18947,21686,fixed_coordinate_hypothesis_validation
2350,4971,4900,586,596.0,586.0,586.0,28.0,27.0,False,20200727.tif,False,10.0,0.017064846416382253,8971,14900,fixed_coordinate_hypothesis_validation
2351,4993,4950,495,506.0,495.0,495.0,27.0,24.0,False,20200727.tif,False,11.0,0.022222222222222223,8993,14950,fixed_coordinate_hypothesis_validation
2381,8375,11072,6782,6800.0,6782.0,6782.0,92.0,106.0,False,20200727.tif,False,18.0,0.0026540843409023885,12375,21072,fixed_coordinate_hypothesis_validation
2460,5065,6116,2179,2204.0,2179.0,2179.0,52.0,57.0,False,20200727.tif,False,25.0,0.011473152822395595,9065,16116,fixed_coordinate_hypothesis_validation
2470,8561,11174,5531,5562.0,5531.0,5531.0,76.0,94.0,False,20200727.tif,False,31.0,0.005604773097089134,12561,21174,fixed_coordinate_hypothesis_validation
2473,8920,11470,5933,5979.0,5933.0,5933.0,84.0,89.0,False,20200727.tif,False,46.0,0.0077532445643013655,12920,21470,fixed_coordinate_hypothesis_validation
2493,14533,11352,11196,11236.0,11196.0,11196.0,116.0,126.0,False,20200727.tif,False,40.0,0.0035727045373347625,18533,21352,fixed_coordinate_hypothesis_validation
2512,4379,5048,344,364.0,344.0,344.0,20.0,24.0,False,20200727.tif,False,20.0,0.05813953488372093,8379,15048,fixed_coordinate_hypothesis_validation
2513,4547,5906,387,398.0,387.0,387.0,24.0,22.0,False,20200727.tif,False,11.0,0.028423772609819122,8547,15906,fixed_coordinate_hypothesis_validation
2515,4683,4965,320,336.0,320.0,320.0,21.0,21.0,False,20200727.tif,False,16.0,0.05,8683,14965,fixed_coordinate_hypothesis_validation
2516,4757,7134,5096,5116.0,5096.0,5096.0,78.0,84.0,False,20200727.tif,False,20.0,0.003924646781789639,8757,17134,fixed_coordinate_hypothesis_validation
2518,4807,7033,3533,3563.0,3533.0,3533.0,63.0,72.0,False,20200727.tif,False,30.0,0.008491367110104727,8807,17033,fixed_coordinate_hypothesis_validation
2519,4832,9145,5419,5432.0,5419.0,5419.0,86.0,83.0,False,20200727.tif,False,13.0,0.0023989665990035063,8832,19145,fixed_coordinate_hypothesis_validation
2522,4953,12918,6195,6213.0,6195.0,6195.0,86.0,86.0,False,20200727.tif,False,18.0,0.0029055690072639223,8953,22918,fixed_coordinate_hypothesis_validation
2525,5094,12251,43791,43834.0,43791.0,43791.0,227.0,249.0,False,20200727.tif,False,43.0,0.0009819369276792035,9094,22251,fixed_coordinate_hypothesis_validation
2527,5201,13056,8615,8647.0,8615.0,8615.0,106.0,108.0,False,20200727.tif,False,32.0,0.00371445153801509,9201,23056,fixed_coordinate_hypothesis_validation
2530,5471,9730,4256,4272.0,4256.0,4256.0,72.0,76.0,False,20200727.tif,False,16.0,0.0037593984962406013,9471,19730,fixed_coordinate_hypothesis_validation
2531,5474,12330,27349,27408.0,27349.0,27349.0,188.0,199.0,False,20200727.tif,False,59.0,0.002157300084098139,9474,22330,fixed_coordinate_hypothesis_validation
2536,5817,6346,696,718.0,696.0,696.0,26.0,34.0,False,20200727.tif,False,22.0,0.031609195402298854,9817,16346,fixed_coordinate_hypothesis_validation
2538,5817,6346,696,718.0,696.0,696.0,26.0,34.0,False,20200727.tif,False,22.0,0.031609195402298854,9817,16346,fixed_coordinate_hypothesis_validation
2540,5877,6012,197,215.0,197.0,197.0,18.0,14.0,False,20200727.tif,False,18.0,0.09137055837563451,9877,16012,fixed_coordinate_hypothesis_validation
2541,5973,6478,401,413.0,401.0,401.0,24.0,22.0,False,20200727.tif,False,12.0,0.029925187032418952,9973,16478,fixed_coordinate_hypothesis_validation
2543,6022,12486,6343,6372.0,6343.0,6343.0,88.0,92.0,False,20200727.tif,False,29.0,0.004571969099795049,10022,22486,fixed_coordinate_hypothesis_validation
2546,6129,9976,6522,6530.0,6522.0,6522.0,92.0,94.0,False,20200727.tif,False,8.0,0.0012266176019625882,10129,19976,fixed_coordinate_hypothesis_validation
2549,6231,6562,247,270.0,247.0,247.0,18.0,17.0,False,20200727.tif,False,23.0,0.0931174089068826,10231,16562,fixed_coordinate_hypothesis_validation
2550,6301,6748,296,312.0,296.0,296.0,20.0,20.0,False,20200727.tif,False,16.0,0.05405405405405406,10301,16748,fixed_coordinate_hypothesis_validation
2553,6361,7848,2821,2844.0,2821.0,2821.0,58.0,64.0,False,20200727.tif,False,23.0,0.00815313718539525,10361,17848,fixed_coordinate_hypothesis_validation
2556,6413,11362,8979,9005.0,8979.0,8979.0,104.0,110.0,False,20200727.tif,False,26.0,0.0028956453948101126,10413,21362,fixed_coordinate_hypothesis_validation
2558,6502,9010,7957,8001.0,7957.0,7957.0,102.0,103.0,False,20200727.tif,False,44.0,0.005529722257132085,10502,19010,fixed_coordinate_hypothesis_validation
2561,6575,6766,328,337.0,328.0,328.0,22.0,20.0,False,20200727.tif,False,9.0,0.027439024390243903,10575,16766,fixed_coordinate_hypothesis_validation
2564,6575,6766,328,337.0,328.0,328.0,22.0,20.0,False,20200727.tif,False,9.0,0.027439024390243903,10575,16766,fixed_coordinate_hypothesis_validation
2566,6805,7278,357,367.0,357.0,357.0,22.0,23.0,False,20200727.tif,False,10.0,0.028011204481792718,10805,17278,fixed_coordinate_hypothesis_validation
2567,7029,11468,1317,1345.0,1317.0,1317.0,46.0,38.0,False,20200727.tif,False,28.0,0.02126044039483675,11029,21468,fixed_coordinate_hypothesis_validation
2570,7175,6968,313,327.0,313.0,313.0,20.0,20.0,False,20200727.tif,False,14.0,0.04472843450479233,11175,16968,fixed_coordinate_hypothesis_validation
2573,7261,6788,112,116.0,112.0,112.0,12.0,14.0,False,20200727.tif,False,4.0,0.03571428571428571,11261,16788,fixed_coordinate_hypothesis_validation
2574,7261,6788,112,116.0,112.0,112.0,12.0,14.0,False,20200727.tif,False,4.0,0.03571428571428571,11261,16788,fixed_coordinate_hypothesis_validation
2577,7315,10542,3477,3492.0,3477.0,3477.0,65.0,68.0,False,20200727.tif,False,15.0,0.004314063848144953,11315,20542,fixed_coordinate_hypothesis_validation
2578,7510,10814,1709,1738.0,1709.0,1709.0,52.0,48.0,False,20200727.tif,False,29.0,0.016968987712112346,11510,20814,fixed_coordinate_hypothesis_validation
2580,7741,12627,3239,3251.0,3239.0,3239.0,71.0,62.0,False,20200727.tif,False,12.0,0.003704847175054029,11741,22627,fixed_coordinate_hypothesis_validation
2586,8119,12590,3769,3787.0,3769.0,3769.0,68.0,72.0,False,20200727.tif,False,18.0,0.004775802600159193,12119,22590,fixed_coordinate_hypothesis_validation
2589,8263,12570,3301,3325.0,3301.0,3301.0,60.0,71.0,False,20200727.tif,False,24.0,0.007270524083611027,12263,22570,fixed_coordinate_hypothesis_validation
2596,8858,12550,5403,5426.0,5403.0,5403.0,84.0,87.0,False,20200727.tif,False,23.0,0.004256894317971497,12858,22550,fixed_coordinate_hypothesis_validation
2597,9049,11118,3842,3852.0,3842.0,3842.0,70.0,73.0,False,20200727.tif,False,10.0,0.0026028110359187923,13049,21118,fixed_coordinate_hypothesis_validation
2598,9051,11570,3055,3067.0,3055.0,3055.0,68.0,66.0,False,20200727.tif,False,12.0,0.003927986906710311,13051,21570,fixed_coordinate_hypothesis_validation
2600,9226,11306,2789,2802.0,2789.0,2789.0,58.0,64.0,False,20200727.tif,False,13.0,0.004661168877733955,13226,21306,fixed_coordinate_hypothesis_validation
2601,9253,11896,1410,1430.0,1410.0,1410.0,42.0,46.0,False,20200727.tif,False,20.0,0.014184397163120567,13253,21896,fixed_coordinate_hypothesis_validation
2602,9253,11896,1410,1430.0,1410.0,1410.0,42.0,46.0,False,20200727.tif,False,20.0,0.014184397163120567,13253,21896,fixed_coordinate_hypothesis_validation
2603,9293,12215,4896,4903.0,4896.0,4896.0,86.0,77.0,False,20200727.tif,False,7.0,0.0014297385620915032,13293,22215,fixed_coordinate_hypothesis_validation
2611,10049,11122,7080,7098.0,7080.0,7080.0,98.0,94.0,False,20200727.tif,False,18.0,0.002542372881355932,14049,21122,fixed_coordinate_hypothesis_validation
2614,10094,10522,2161,2194.0,2161.0,2161.0,60.0,51.0,False,20200727.tif,False,33.0,0.015270708005552984,14094,20522,fixed_coordinate_hypothesis_validation
2643,11919,7863,361,367.0,361.0,361.0,19.0,27.0,False,20200727.tif,False,6.0,0.01662049861495845,15919,17863,fixed_coordinate_hypothesis_validation
2644,11919,7863,361,367.0,361.0,361.0,19.0,27.0,False,20200727.tif,False,6.0,0.01662049861495845,15919,17863,fixed_coordinate_hypothesis_validation
2648,12042,8522,2694,2715.0,2694.0,2694.0,60.0,63.0,False,20200727.tif,False,21.0,0.0077951002227171495,16042,18522,fixed_coordinate_hypothesis_validation
2649,12157,8784,1960,1969.0,1960.0,1960.0,54.0,50.0,False,20200727.tif,False,9.0,0.004591836734693878,16157,18784,fixed_coordinate_hypothesis_validation
2652,12157,8784,1960,1969.0,1960.0,1960.0,54.0,50.0,False,20200727.tif,False,9.0,0.004591836734693878,16157,18784,fixed_coordinate_hypothesis_validation
2657,12567,9733,2550,2569.0,2550.0,2550.0,60.0,56.0,False,20200727.tif,False,19.0,0.007450980392156863,16567,19733,fixed_coordinate_hypothesis_validation
2669,12941,9000,3028,3048.0,3028.0,3028.0,62.0,65.0,False,20200727.tif,False,20.0,0.0066050198150594455,16941,19000,fixed_coordinate_hypothesis_validation
2678,13273,9392,2760,2778.0,2760.0,2760.0,62.0,58.0,False,20200727.tif,False,18.0,0.006521739130434782,17273,19392,fixed_coordinate_hypothesis_validation
2694,13609,9376,643,664.0,643.0,643.0,28.0,30.0,False,20200727.tif,False,21.0,0.03265940902021773,17609,19376,fixed_coordinate_hypothesis_validation
2702,13941,9372,885,897.0,885.0,885.0,34.0,37.0,False,20200727.tif,False,12.0,0.013559322033898305,17941,19372,fixed_coordinate_hypothesis_validation
2716,14845,9489,2181,2195.0,2181.0,2181.0,52.0,54.0,False,20200727.tif,False,14.0,0.006419073819348923,18845,19489,fixed_coordinate_hypothesis_validation
2725,15707,12264,1864,1888.0,1864.0,1864.0,48.0,52.0,False,20200727.tif,False,24.0,0.012875536480686695,19707,22264,fixed_coordinate_hypothesis_validation
2727,15881,12882,7432,7439.0,7432.0,7432.0,102.0,95.0,False,20200727.tif,False,7.0,0.0009418729817007535,19881,22882,fixed_coordinate_hypothesis_validation
2729,16529,9934,15028,15047.0,15028.0,15028.0,134.0,150.0,False,20200727.tif,False,19.0,0.0012643066276284269,20529,19934,fixed_coordinate_hypothesis_validation
2730,16547,13992,2040,2055.0,2040.0,2040.0,47.0,58.0,False,20200727.tif,False,15.0,0.007352941176470588,20547,23992,fixed_coordinate_hypothesis_validation
2731,16689,9987,5025,5037.0,5025.0,5025.0,85.0,75.0,False,20200727.tif,False,12.0,0.0023880597014925373,20689,19987,fixed_coordinate_hypothesis_validation
2732,16681,10094,2920,2950.0,2920.0,2920.0,60.0,66.0,False,20200727.tif,False,30.0,0.010273972602739725,20681,20094,fixed_coordinate_hypothesis_validation
2733,17113,10805,696,713.0,696.0,696.0,31.0,31.0,False,20200727.tif,False,17.0,0.02442528735632184,21113,20805,fixed_coordinate_hypothesis_validation
2734,17519,8007,2055,2075.0,2055.0,2055.0,59.0,48.0,False,20200727.tif,False,20.0,0.009732360097323601,21519,18007,fixed_coordinate_hypothesis_validation
2754,2953,9474,214,227.0,214.0,214.0,16.0,18.0,False,20200727.tif,False,13.0,0.06074766355140187,6953,19474,fixed_coordinate_hypothesis_validation
2755,3019,113,779,788.0,779.0,779.0,31.0,34.0,False,20200727.tif,False,9.0,0.011553273427471117,7019,10113,fixed_coordinate_hypothesis_validation
2756,3007,870,403,420.0,403.0,403.0,22.0,24.0,False,20200727.tif,False,17.0,0.04218362282878412,7007,10870,fixed_coordinate_hypothesis_validation
2757,3019,113,779,788.0,779.0,779.0,31.0,34.0,False,20200727.tif,False,9.0,0.011553273427471117,7019,10113,fixed_coordinate_hypothesis_validation
2758,3063,150,330,348.0,330.0,330.0,20.0,22.0,False,20200727.tif,False,18.0,0.05454545454545454,7063,10150,fixed_coordinate_hypothesis_validation
2759,3237,181,777,801.0,777.0,777.0,31.0,33.0,False,20200727.tif,False,24.0,0.03088803088803089,7237,10181,fixed_coordinate_hypothesis_validation
2760,3293,881,1258,1276.0,1258.0,1258.0,43.0,38.0,False,20200727.tif,False,18.0,0.014308426073131956,7293,10881,fixed_coordinate_hypothesis_validation
2761,3373,890,565,578.0,565.0,565.0,25.0,30.0,False,20200727.tif,False,13.0,0.023008849557522124,7373,10890,fixed_coordinate_hypothesis_validation
2762,3419,6079,578,598.0,578.0,578.0,31.0,24.0,False,20200727.tif,False,20.0,0.03460207612456748,7419,16079,fixed_coordinate_hypothesis_validation
2772,4709,6440,481,493.0,481.0,481.0,27.0,26.0,False,20200727.tif,False,12.0,0.02494802494802495,8709,16440,fixed_coordinate_hypothesis_validation
2775,4891,4839,368,384.0,368.0,368.0,21.0,24.0,False,20200727.tif,False,16.0,0.043478260869565216,8891,14839,fixed_coordinate_hypothesis_validation
2779,5583,11016,797,800.0,797.0,797.0,30.0,38.0,False,20200727.tif,False,3.0,0.0037641154328732747,9583,21016,fixed_coordinate_hypothesis_validation
2783,5949,6332,457,476.0,457.0,457.0,26.0,24.0,False,20200727.tif,False,19.0,0.04157549234135667,9949,16332,fixed_coordinate_hypothesis_validation
2786,6417,6814,219,234.0,219.0,219.0,18.0,16.0,False,20200727.tif,False,15.0,0.0684931506849315,10417,16814,fixed_coordinate_hypothesis_validation
2787,6437,6208,3622,3643.0,3622.0,3622.0,72.0,66.0,False,20200727.tif,False,21.0,0.005797901711761457,10437,16208,fixed_coordinate_hypothesis_validation
2788,6491,6754,178,185.0,178.0,178.0,16.0,16.0,False,20200727.tif,False,7.0,0.03932584269662921,10491,16754,fixed_coordinate_hypothesis_validation
2789,6635,6937,297,313.0,297.0,297.0,21.0,20.0,False,20200727.tif,False,16.0,0.05387205387205387,10635,16937,fixed_coordinate_hypothesis_validation
2792,6797,6608,310,319.0,310.0,310.0,21.0,19.0,False,20200727.tif,False,9.0,0.02903225806451613,10797,16608,fixed_coordinate_hypothesis_validation
2796,7189,4162,235,250.0,235.0,235.0,16.0,19.0,False,20200727.tif,False,15.0,0.06382978723404255,11189,14162,fixed_coordinate_hypothesis_validation
2797,7231,6752,186,196.0,186.0,186.0,16.0,18.0,False,20200727.tif,False,10.0,0.053763440860215055,11231,16752,fixed_coordinate_hypothesis_validation
2808,8805,12639,606,630.0,606.0,606.0,27.0,29.0,False,20200727.tif,False,24.0,0.039603960396039604,12805,22639,fixed_coordinate_hypothesis_validation
2810,9357,7022,228,242.0,228.0,228.0,18.0,18.0,False,20200727.tif,False,14.0,0.06140350877192982,13357,17022,fixed_coordinate_hypothesis_validation
2812,9555,6988,279,287.0,279.0,279.0,22.0,19.0,False,20200727.tif,False,8.0,0.02867383512544803,13555,16988,fixed_coordinate_hypothesis_validation
2813,9555,6988,279,287.0,279.0,279.0,22.0,19.0,False,20200727.tif,False,8.0,0.02867383512544803,13555,16988,fixed_coordinate_hypothesis_validation
2816,10358,8710,5821,5836.0,5821.0,5821.0,90.0,88.0,False,20200727.tif,False,15.0,0.0025768768252877514,14358,18710,fixed_coordinate_hypothesis_validation
2819,12051,44,676,688.0,676.0,676.0,32.0,29.0,False,20200727.tif,False,12.0,0.01775147928994083,16051,10044,fixed_coordinate_hypothesis_validation
2820,12081,12,570,579.0,570.0,570.0,28.0,28.0,False,20200727.tif,False,9.0,0.015789473684210527,16081,10012,fixed_coordinate_hypothesis_validation
2835,15753,8704,203,213.0,203.0,203.0,18.0,18.0,False,20200727.tif,False,10.0,0.04926108374384237,19753,18704,fixed_coordinate_hypothesis_validation
2840,525,6918,459,469.0,459.0,459.0,26.0,24.0,False,20200727.tif,False,10.0,0.02178649237472767,4525,16918,fixed_coordinate_hypothesis_validation
2841,913,4170,136,155.0,136.0,136.0,12.0,16.0,False,20200727.tif,False,19.0,0.13970588235294118,4913,14170,fixed_coordinate_hypothesis_validation
2842,961,7808,550,574.0,550.0,550.0,28.0,28.0,False,20200727.tif,False,24.0,0.04363636363636364,4961,17808,fixed_coordinate_hypothesis_validation
2843,1023,7714,1341,1352.0,1341.0,1341.0,40.0,49.0,False,20200727.tif,False,11.0,0.00820283370618941,5023,17714,fixed_coordinate_hypothesis_validation
2844,1645,3524,118,136.0,118.0,118.0,10.0,15.0,False,20200727.tif,False,18.0,0.15254237288135594,5645,13524,fixed_coordinate_hypothesis_validation
2845,1647,3142,389,398.0,389.0,389.0,24.0,22.0,False,20200727.tif,False,9.0,0.02313624678663239,5647,13142,fixed_coordinate_hypothesis_validation
2846,1653,4848,302,317.0,302.0,302.0,20.0,20.0,False,20200727.tif,False,15.0,0.04966887417218543,5653,14848,fixed_coordinate_hypothesis_validation
2847,1671,4800,466,477.0,466.0,466.0,24.0,27.0,False,20200727.tif,False,11.0,0.023605150214592276,5671,14800,fixed_coordinate_hypothesis_validation
2848,1705,3660,179,199.0,179.0,179.0,16.0,17.0,False,20200727.tif,False,20.0,0.11173184357541899,5705,13660,fixed_coordinate_hypothesis_validation
2849,1733,4768,194,203.0,194.0,194.0,17.0,16.0,False,20200727.tif,False,9.0,0.04639175257731959,5733,14768,fixed_coordinate_hypothesis_validation
2850,1759,4750,187,194.0,187.0,187.0,18.0,16.0,False,20200727.tif,False,7.0,0.0374331550802139,5759,14750,fixed_coordinate_hypothesis_validation
2851,1835,5818,120,136.0,120.0,120.0,10.0,16.0,False,20200727.tif,False,16.0,0.13333333333333333,5835,15818,fixed_coordinate_hypothesis_validation
2852,1897,5626,335,338.0,335.0,335.0,21.0,22.0,False,20200727.tif,False,3.0,0.008955223880597015,5897,15626,fixed_coordinate_hypothesis_validation
2853,2021,5078,235,242.0,235.0,235.0,20.0,17.0,False,20200727.tif,False,7.0,0.029787234042553193,6021,15078,fixed_coordinate_hypothesis_validation
2854,2035,3092,271,277.0,271.0,271.0,20.0,19.0,False,20200727.tif,False,6.0,0.02214022140221402,6035,13092,fixed_coordinate_hypothesis_validation
2855,2091,3774,173,181.0,173.0,173.0,14.0,17.0,False,20200727.tif,False,8.0,0.046242774566473986,6091,13774,fixed_coordinate_hypothesis_validation
2856,2667,6730,312,315.0,312.0,312.0,22.0,21.0,False,20200727.tif,False,3.0,0.009615384615384616,6667,16730,fixed_coordinate_hypothesis_validation
2857,3015,830,317,333.0,317.0,317.0,22.0,18.0,False,20200727.tif,False,16.0,0.050473186119873815,7015,10830,fixed_coordinate_hypothesis_validation
2858,3029,724,698,720.0,698.0,698.0,32.0,30.0,False,20200727.tif,False,22.0,0.03151862464183381,7029,10724,fixed_coordinate_hypothesis_validation
2859,3041,844,228,239.0,228.0,228.0,19.0,18.0,False,20200727.tif,False,11.0,0.04824561403508772,7041,10844,fixed_coordinate_hypothesis_validation
2860,3085,776,1106,1134.0,1106.0,1106.0,41.0,40.0,False,20200727.tif,False,28.0,0.02531645569620253,7085,10776,fixed_coordinate_hypothesis_validation
2861,3085,846,682,695.0,682.0,682.0,31.0,30.0,False,20200727.tif,False,13.0,0.01906158357771261,7085,10846,fixed_coordinate_hypothesis_validation
2862,3153,134,1030,1044.0,1030.0,1030.0,39.0,36.0,False,20200727.tif,False,14.0,0.013592233009708738,7153,10134,fixed_coordinate_hypothesis_validation
2863,3189,842,1503,1518.0,1503.0,1503.0,47.0,42.0,False,20200727.tif,False,15.0,0.00998003992015968,7189,10842,fixed_coordinate_hypothesis_validation
2864,3421,2102,159,168.0,159.0,159.0,14.0,15.0,False,20200727.tif,False,9.0,0.05660377358490566,7421,12102,fixed_coordinate_hypothesis_validation
2865,3479,5352,130,137.0,130.0,130.0,12.0,16.0,False,20200727.tif,False,7.0,0.05384615384615385,7479,15352,fixed_coordinate_hypothesis_validation
2866,3643,1921,165,173.0,165.0,165.0,15.0,16.0,False,20200727.tif,False,8.0,0.048484848484848485,7643,11921,fixed_coordinate_hypothesis_validation
2867,3685,1096,618,633.0,618.0,618.0,30.0,27.0,False,20200727.tif,False,15.0,0.024271844660194174,7685,11096,fixed_coordinate_hypothesis_validation
2868,4047,2940,270,280.0,270.0,270.0,20.0,18.0,False,20200727.tif,False,10.0,0.037037037037037035,8047,12940,fixed_coordinate_hypothesis_validation
2869,4251,3586,168,184.0,168.0,168.0,14.0,16.0,False,20200727.tif,False,16.0,0.09523809523809523,8251,13586,fixed_coordinate_hypothesis_validation
2870,4259,2336,174,179.0,174.0,174.0,14.0,18.0,False,20200727.tif,False,5.0,0.028735632183908046,8259,12336,fixed_coordinate_hypothesis_validation
2871,4330,11766,45009,45060.0,45009.0,45009.0,224.0,264.0,False,20200727.tif,False,51.0,0.0011331067119909352,8330,21766,fixed_coordinate_hypothesis_validation
2872,4330,12054,12305,12320.0,12305.0,12305.0,142.0,107.0,False,20200727.tif,False,15.0,0.001219016659894352,8330,22054,fixed_coordinate_hypothesis_validation
2873,4913,9376,1512,1531.0,1512.0,1512.0,43.0,48.0,False,20200727.tif,False,19.0,0.012566137566137565,8913,19376,fixed_coordinate_hypothesis_validation
2874,4917,4641,344,362.0,344.0,344.0,21.0,21.0,False,20200727.tif,False,18.0,0.05232558139534884,8917,14641,fixed_coordinate_hypothesis_validation
2875,4975,7934,613,620.0,613.0,613.0,31.0,27.0,False,20200727.tif,False,7.0,0.011419249592169658,8975,17934,fixed_coordinate_hypothesis_validation
2876,4990,87,251,259.0,251.0,251.0,17.0,23.0,False,20200727.tif,False,8.0,0.03187250996015936,8990,10087,fixed_coordinate_hypothesis_validation
2877,5043,4902,348,365.0,348.0,348.0,22.0,22.0,False,20200727.tif,False,17.0,0.04885057471264368,9043,14902,fixed_coordinate_hypothesis_validation
2878,5102,4856,277,291.0,277.0,277.0,20.0,21.0,False,20200727.tif,False,14.0,0.05054151624548736,9102,14856,fixed_coordinate_hypothesis_validation
2879,5170,12698,4437,4460.0,4437.0,4437.0,80.0,77.0,False,20200727.tif,False,23.0,0.005183682668469687,9170,22698,fixed_coordinate_hypothesis_validation
2880,5311,11102,440,453.0,440.0,440.0,26.0,24.0,False,20200727.tif,False,13.0,0.029545454545454545,9311,21102,fixed_coordinate_hypothesis_validation
2881,5329,5833,426,439.0,426.0,426.0,25.0,24.0,False,20200727.tif,False,13.0,0.03051643192488263,9329,15833,fixed_coordinate_hypothesis_validation
2882,5639,11096,400,417.0,400.0,400.0,24.0,22.0,False,20200727.tif,False,17.0,0.0425,9639,21096,fixed_coordinate_hypothesis_validation
2883,6163,13296,628,635.0,628.0,628.0,34.0,26.0,False,20200727.tif,False,7.0,0.011146496815286623,10163,23296,fixed_coordinate_hypothesis_validation
2884,6165,13480,1791,1814.0,1791.0,1791.0,48.0,46.0,False,20200727.tif,False,23.0,0.012841987716359575,10165,23480,fixed_coordinate_hypothesis_validation
2885,6169,11562,1007,1017.0,1007.0,1007.0,35.0,37.0,False,20200727.tif,False,10.0,0.009930486593843098,10169,21562,fixed_coordinate_hypothesis_validation
2886,6185,5642,1028,1042.0,1028.0,1028.0,39.0,36.0,False,20200727.tif,False,14.0,0.013618677042801557,10185,15642,fixed_coordinate_hypothesis_validation
2887,6211,11604,1450,1482.0,1450.0,1450.0,44.0,40.0,False,20200727.tif,False,32.0,0.022068965517241378,10211,21604,fixed_coordinate_hypothesis_validation
2888,6255,6572,1571,1587.0,1571.0,1571.0,46.0,43.0,False,20200727.tif,False,16.0,0.010184595798854232,10255,16572,fixed_coordinate_hypothesis_validation
2889,6312,11634,1413,1424.0,1413.0,1413.0,49.0,41.0,False,20200727.tif,False,11.0,0.00778485491861288,10312,21634,fixed_coordinate_hypothesis_validation
2890,6363,5689,1586,1608.0,1586.0,1586.0,45.0,49.0,False,20200727.tif,False,22.0,0.013871374527112233,10363,15689,fixed_coordinate_hypothesis_validation
2891,6451,11501,1031,1051.0,1031.0,1031.0,37.0,39.0,False,20200727.tif,False,20.0,0.019398642095053348,10451,21501,fixed_coordinate_hypothesis_validation
2892,6547,5774,744,758.0,744.0,744.0,30.0,33.0,False,20200727.tif,False,14.0,0.01881720430107527,10547,15774,fixed_coordinate_hypothesis_validation
2893,6555,6940,110,121.0,110.0,110.0,12.0,13.0,False,20200727.tif,False,11.0,0.1,10555,16940,fixed_coordinate_hypothesis_validation
2894,6589,6694,263,269.0,263.0,263.0,18.0,20.0,False,20200727.tif,False,6.0,0.022813688212927757,10589,16694,fixed_coordinate_hypothesis_validation
2895,6637,6827,321,337.0,321.0,321.0,21.0,20.0,False,20200727.tif,False,16.0,0.04984423676012461,10637,16827,fixed_coordinate_hypothesis_validation
2896,6723,6456,4754,4764.0,4754.0,4754.0,79.0,88.0,False,20200727.tif,False,10.0,0.002103491796381994,10723,16456,fixed_coordinate_hypothesis_validation
2897,6782,13450,460,476.0,460.0,460.0,30.0,22.0,False,20200727.tif,False,16.0,0.034782608695652174,10782,23450,fixed_coordinate_hypothesis_validation
2898,6839,6596,325,333.0,325.0,325.0,22.0,20.0,False,20200727.tif,False,8.0,0.024615384615384615,10839,16596,fixed_coordinate_hypothesis_validation
2899,6981,8036,373,393.0,373.0,373.0,24.0,20.0,False,20200727.tif,False,20.0,0.05361930294906166,10981,18036,fixed_coordinate_hypothesis_validation
2900,6985,11664,1456,1470.0,1456.0,1456.0,42.0,46.0,False,20200727.tif,False,14.0,0.009615384615384616,10985,21664,fixed_coordinate_hypothesis_validation
2901,7021,11530,1485,1497.0,1485.0,1485.0,44.0,46.0,False,20200727.tif,False,12.0,0.00808080808080808,11021,21530,fixed_coordinate_hypothesis_validation
2902,7030,6646,9517,9564.0,9517.0,9517.0,112.0,108.0,False,20200727.tif,False,47.0,0.004938531049700536,11030,16646,fixed_coordinate_hypothesis_validation
2903,7063,13386,3378,3402.0,3378.0,3378.0,68.0,70.0,False,20200727.tif,False,24.0,0.007104795737122558,11063,23386,fixed_coordinate_hypothesis_validation
2904,7075,11878,562,579.0,562.0,562.0,28.0,27.0,False,20200727.tif,False,17.0,0.030249110320284697,11075,21878,fixed_coordinate_hypothesis_validation
2905,7119,11768,1923,1941.0,1923.0,1923.0,44.0,56.0,False,20200727.tif,False,18.0,0.0093603744149766,11119,21768,fixed_coordinate_hypothesis_validation
2906,7123,11883,1317,1328.0,1317.0,1317.0,39.0,44.0,False,20200727.tif,False,11.0,0.008352315869400152,11123,21883,fixed_coordinate_hypothesis_validation
2907,7182,11850,1062,1074.0,1062.0,1062.0,36.0,41.0,False,20200727.tif,False,12.0,0.011299435028248588,11182,21850,fixed_coordinate_hypothesis_validation
2908,7223,6941,4448,4470.0,4448.0,4448.0,77.0,80.0,False,20200727.tif,False,22.0,0.0049460431654676255,11223,16941,fixed_coordinate_hypothesis_validation
2909,7283,3984,116,122.0,116.0,116.0,14.0,12.0,False,20200727.tif,False,6.0,0.05172413793103448,11283,13984,fixed_coordinate_hypothesis_validation
2910,7315,6839,1330,1347.0,1330.0,1330.0,39.0,44.0,False,20200727.tif,False,17.0,0.012781954887218045,11315,16839,fixed_coordinate_hypothesis_validation
2911,7317,10046,1654,1667.0,1654.0,1654.0,45.0,48.0,False,20200727.tif,False,13.0,0.007859733978234583,11317,20046,fixed_coordinate_hypothesis_validation
2912,7341,7942,2097,2125.0,2097.0,2097.0,52.0,52.0,False,20200727.tif,False,28.0,0.01335240820219361,11341,17942,fixed_coordinate_hypothesis_validation
2913,7341,11236,936,958.0,936.0,936.0,32.0,36.0,False,20200727.tif,False,22.0,0.023504273504273504,11341,21236,fixed_coordinate_hypothesis_validation
2914,7510,13222,2422,2450.0,2422.0,2422.0,56.0,55.0,False,20200727.tif,False,28.0,0.011560693641618497,11510,23222,fixed_coordinate_hypothesis_validation
2915,7586,12890,1267,1283.0,1267.0,1267.0,42.0,41.0,False,20200727.tif,False,16.0,0.012628255722178374,11586,22890,fixed_coordinate_hypothesis_validation
2916,7773,10296,806,821.0,806.0,806.0,34.0,31.0,False,20200727.tif,False,15.0,0.018610421836228287,11773,20296,fixed_coordinate_hypothesis_validation
2917,7861,11942,2857,2879.0,2857.0,2857.0,62.0,60.0,False,20200727.tif,False,22.0,0.0077003850192509625,11861,21942,fixed_coordinate_hypothesis_validation
2918,7867,6536,294,312.0,294.0,294.0,18.0,22.0,False,20200727.tif,False,18.0,0.061224489795918366,11867,16536,fixed_coordinate_hypothesis_validation
2919,7935,10296,1462,1474.0,1462.0,1462.0,48.0,41.0,False,20200727.tif,False,12.0,0.008207934336525308,11935,20296,fixed_coordinate_hypothesis_validation
2920,7989,6980,136,148.0,136.0,136.0,12.0,17.0,False,20200727.tif,False,12.0,0.08823529411764706,11989,16980,fixed_coordinate_hypothesis_validation
2921,8165,7062,298,304.0,298.0,298.0,21.0,21.0,False,20200727.tif,False,6.0,0.020134228187919462,12165,17062,fixed_coordinate_hypothesis_validation
2922,8229,6560,431,449.0,431.0,431.0,24.0,24.0,False,20200727.tif,False,18.0,0.04176334106728538,12229,16560,fixed_coordinate_hypothesis_validation
2923,8341,12656,532,537.0,532.0,532.0,30.0,27.0,False,20200727.tif,False,5.0,0.009398496240601503,12341,22656,fixed_coordinate_hypothesis_validation
2924,8397,12754,947,962.0,947.0,947.0,38.0,34.0,False,20200727.tif,False,15.0,0.01583949313621964,12397,22754,fixed_coordinate_hypothesis_validation
2925,8603,11804,923,942.0,923.0,923.0,36.0,34.0,False,20200727.tif,False,19.0,0.020585048754062838,12603,21804,fixed_coordinate_hypothesis_validation
2926,8671,11844,771,788.0,771.0,771.0,34.0,30.0,False,20200727.tif,False,17.0,0.02204928664072633,12671,21844,fixed_coordinate_hypothesis_validation
2927,8691,11286,1671,1691.0,1671.0,1671.0,44.0,50.0,False,20200727.tif,False,20.0,0.011968880909634948,12691,21286,fixed_coordinate_hypothesis_validation
2928,8723,11364,1046,1059.0,1046.0,1046.0,36.0,40.0,False,20200727.tif,False,13.0,0.0124282982791587,12723,21364,fixed_coordinate_hypothesis_validation
2929,8773,11552,1618,1631.0,1618.0,1618.0,45.0,50.0,False,20200727.tif,False,13.0,0.008034610630407911,12773,21552,fixed_coordinate_hypothesis_validation
2930,8773,11644,694,705.0,694.0,694.0,32.0,30.0,False,20200727.tif,False,11.0,0.01585014409221902,12773,21644,fixed_coordinate_hypothesis_validation
2931,8941,11341,586,611.0,586.0,586.0,27.0,28.0,False,20200727.tif,False,25.0,0.042662116040955635,12941,21341,fixed_coordinate_hypothesis_validation
2932,9123,10354,607,621.0,607.0,607.0,32.0,26.0,False,20200727.tif,False,14.0,0.023064250411861616,13123,20354,fixed_coordinate_hypothesis_validation
2933,9177,13998,1752,1774.0,1752.0,1752.0,52.0,49.0,False,20200727.tif,False,22.0,0.012557077625570776,13177,23998,fixed_coordinate_hypothesis_validation
2934,9195,8862,1011,1022.0,1011.0,1011.0,36.0,40.0,False,20200727.tif,False,11.0,0.010880316518298714,13195,18862,fixed_coordinate_hypothesis_validation
2935,9195,11928,658,678.0,658.0,658.0,30.0,30.0,False,20200727.tif,False,20.0,0.030395136778115502,13195,21928,fixed_coordinate_hypothesis_validation
2936,9251,12045,1839,1860.0,1839.0,1839.0,49.0,48.0,False,20200727.tif,False,21.0,0.011419249592169658,13251,22045,fixed_coordinate_hypothesis_validation
2937,9263,10676,2077,2085.0,2077.0,2077.0,51.0,56.0,False,20200727.tif,False,8.0,0.0038517091959557053,13263,20676,fixed_coordinate_hypothesis_validation
2938,9343,12032,1198,1208.0,1198.0,1198.0,39.0,42.0,False,20200727.tif,False,10.0,0.008347245409015025,13343,22032,fixed_coordinate_hypothesis_validation
2939,9353,11592,540,552.0,540.0,540.0,26.0,30.0,False,20200727.tif,False,12.0,0.022222222222222223,13353,21592,fixed_coordinate_hypothesis_validation
2940,9359,11414,298,310.0,298.0,298.0,22.0,20.0,False,20200727.tif,False,12.0,0.040268456375838924,13359,21414,fixed_coordinate_hypothesis_validation
2941,9379,11458,1628,1644.0,1628.0,1628.0,42.0,52.0,False,20200727.tif,False,16.0,0.009828009828009828,13379,21458,fixed_coordinate_hypothesis_validation
2942,9385,9160,544,568.0,544.0,544.0,26.0,28.0,False,20200727.tif,False,24.0,0.04411764705882353,13385,19160,fixed_coordinate_hypothesis_validation
2943,9453,10476,5626,5645.0,5626.0,5626.0,92.0,81.0,False,20200727.tif,False,19.0,0.0033771773906861,13453,20476,fixed_coordinate_hypothesis_validation
2944,9513,6486,158,172.0,158.0,158.0,14.0,16.0,False,20200727.tif,False,14.0,0.08860759493670886,13513,16486,fixed_coordinate_hypothesis_validation
2945,9525,11804,672,691.0,672.0,672.0,28.0,30.0,False,20200727.tif,False,19.0,0.028273809523809524,13525,21804,fixed_coordinate_hypothesis_validation
2946,9571,9943,1959,1980.0,1959.0,1959.0,55.0,48.0,False,20200727.tif,False,21.0,0.010719754977029096,13571,19943,fixed_coordinate_hypothesis_validation
2947,9637,11954,1502,1524.0,1502.0,1502.0,48.0,44.0,False,20200727.tif,False,22.0,0.014647137150466045,13637,21954,fixed_coordinate_hypothesis_validation
2948,9655,9793,2315,2319.0,2315.0,2315.0,55.0,57.0,False,20200727.tif,False,4.0,0.0017278617710583153,13655,19793,fixed_coordinate_hypothesis_validation
2949,9663,14341,294,300.0,294.0,294.0,21.0,22.0,False,20200727.tif,False,6.0,0.02040816326530612,13663,24341,fixed_coordinate_hypothesis_validation
2950,9683,9981,1119,1130.0,1119.0,1119.0,40.0,37.0,False,20200727.tif,False,11.0,0.009830205540661306,13683,19981,fixed_coordinate_hypothesis_validation
2951,9687,11840,1359,1376.0,1359.0,1359.0,42.0,44.0,False,20200727.tif,False,17.0,0.012509197939661517,13687,21840,fixed_coordinate_hypothesis_validation
2952,9703,14338,869,886.0,869.0,869.0,32.0,36.0,False,20200727.tif,False,17.0,0.019562715765247412,13703,24338,fixed_coordinate_hypothesis_validation
2953,9713,8162,1962,1987.0,1962.0,1962.0,49.0,49.0,False,20200727.tif,False,25.0,0.0127420998980632,13713,18162,fixed_coordinate_hypothesis_validation
2954,9723,11958,607,617.0,607.0,607.0,31.0,27.0,False,20200727.tif,False,10.0,0.016474464579901153,13723,21958,fixed_coordinate_hypothesis_validation
2955,9735,14296,571,582.0,571.0,571.0,28.0,29.0,False,20200727.tif,False,11.0,0.01926444833625219,13735,24296,fixed_coordinate_hypothesis_validation
2956,9845,14467,988,1019.0,988.0,988.0,33.0,37.0,False,20200727.tif,False,31.0,0.03137651821862348,13845,24467,fixed_coordinate_hypothesis_validation
2957,9852,9515,2027,2055.0,2027.0,2027.0,55.0,46.0,False,20200727.tif,False,28.0,0.013813517513566848,13852,19515,fixed_coordinate_hypothesis_validation
2958,9889,8254,627,639.0,627.0,627.0,28.0,29.0,False,20200727.tif,False,12.0,0.019138755980861243,13889,18254,fixed_coordinate_hypothesis_validation
2959,9911,9681,1782,1813.0,1782.0,1782.0,49.0,47.0,False,20200727.tif,False,31.0,0.01739618406285073,13911,19681,fixed_coordinate_hypothesis_validation
2960,9942,11742,301,320.0,301.0,301.0,20.0,21.0,False,20200727.tif,False,19.0,0.06312292358803986,13942,21742,fixed_coordinate_hypothesis_validation
2961,9975,11770,161,171.0,161.0,161.0,12.0,17.0,False,20200727.tif,False,10.0,0.062111801242236024,13975,21770,fixed_coordinate_hypothesis_validation
2962,10017,8274,1403,1413.0,1403.0,1403.0,44.0,44.0,False,20200727.tif,False,10.0,0.007127583749109052,14017,18274,fixed_coordinate_hypothesis_validation
2963,10101,8450,730,748.0,730.0,730.0,33.0,30.0,False,20200727.tif,False,18.0,0.024657534246575342,14101,18450,fixed_coordinate_hypothesis_validation
2964,10103,11240,974,997.0,974.0,974.0,32.0,39.0,False,20200727.tif,False,23.0,0.023613963039014373,14103,21240,fixed_coordinate_hypothesis_validation
2965,10105,9848,2519,2536.0,2519.0,2519.0,58.0,57.0,False,20200727.tif,False,17.0,0.006748709805478364,14105,19848,fixed_coordinate_hypothesis_validation
2966,10334,10290,1305,1316.0,1305.0,1305.0,38.0,45.0,False,20200727.tif,False,11.0,0.00842911877394636,14334,20290,fixed_coordinate_hypothesis_validation
2967,10375,7876,570,583.0,570.0,570.0,28.0,28.0,False,20200727.tif,False,13.0,0.02280701754385965,14375,17876,fixed_coordinate_hypothesis_validation
2968,10414,7666,1155,1182.0,1155.0,1155.0,32.0,48.0,False,20200727.tif,False,27.0,0.023376623376623377,14414,17666,fixed_coordinate_hypothesis_validation
2969,10419,3740,156,170.0,156.0,156.0,14.0,16.0,False,20200727.tif,False,14.0,0.08974358974358974,14419,13740,fixed_coordinate_hypothesis_validation
2970,10423,9190,1499,1508.0,1499.0,1499.0,42.0,47.0,False,20200727.tif,False,9.0,0.00600400266844563,14423,19190,fixed_coordinate_hypothesis_validation
2971,10445,7782,1899,1916.0,1899.0,1899.0,51.0,48.0,False,20200727.tif,False,17.0,0.008952080042127435,14445,17782,fixed_coordinate_hypothesis_validation
2972,10457,10321,1577,1602.0,1577.0,1577.0,41.0,48.0,False,20200727.tif,False,25.0,0.01585288522511097,14457,20321,fixed_coordinate_hypothesis_validation
2973,10461,9860,1205,1229.0,1205.0,1205.0,39.0,38.0,False,20200727.tif,False,24.0,0.01991701244813278,14461,19860,fixed_coordinate_hypothesis_validation
2974,10477,10938,711,717.0,711.0,711.0,34.0,30.0,False,20200727.tif,False,6.0,0.008438818565400843,14477,20938,fixed_coordinate_hypothesis_validation
2975,10530,9678,1444,1457.0,1444.0,1444.0,48.0,40.0,False,20200727.tif,False,13.0,0.009002770083102494,14530,19678,fixed_coordinate_hypothesis_validation
2976,10539,9760,832,847.0,832.0,832.0,34.0,35.0,False,20200727.tif,False,15.0,0.018028846153846152,14539,19760,fixed_coordinate_hypothesis_validation
2977,10583,9648,1728,1758.0,1728.0,1728.0,50.0,46.0,False,20200727.tif,False,30.0,0.017361111111111112,14583,19648,fixed_coordinate_hypothesis_validation
2978,10617,10567,1073,1091.0,1073.0,1073.0,35.0,41.0,False,20200727.tif,False,18.0,0.016775396085740912,14617,20567,fixed_coordinate_hypothesis_validation
2979,10775,10551,857,871.0,857.0,857.0,31.0,35.0,False,20200727.tif,False,14.0,0.01633605600933489,14775,20551,fixed_coordinate_hypothesis_validation
2980,10857,11010,1591,1618.0,1591.0,1591.0,44.0,46.0,False,20200727.tif,False,27.0,0.01697045883092395,14857,21010,fixed_coordinate_hypothesis_validation
2981,10890,10850,1325,1351.0,1325.0,1325.0,45.0,39.0,False,20200727.tif,False,26.0,0.019622641509433963,14890,20850,fixed_coordinate_hypothesis_validation
2982,10893,11079,568,584.0,568.0,568.0,29.0,25.0,False,20200727.tif,False,16.0,0.028169014084507043,14893,21079,fixed_coordinate_hypothesis_validation
2983,10995,2328,115,135.0,115.0,115.0,12.0,12.0,False,20200727.tif,False,20.0,0.17391304347826086,14995,12328,fixed_coordinate_hypothesis_validation
2984,11053,8295,1054,1076.0,1054.0,1054.0,39.0,37.0,False,20200727.tif,False,22.0,0.020872865275142316,15053,18295,fixed_coordinate_hypothesis_validation
2985,11535,7406,500,518.0,500.0,500.0,22.0,30.0,False,20200727.tif,False,18.0,0.036,15535,17406,fixed_coordinate_hypothesis_validation
2986,11771,5462,1269,1285.0,1269.0,1269.0,40.0,42.0,False,20200727.tif,False,16.0,0.01260835303388495,15771,15462,fixed_coordinate_hypothesis_validation
2987,11997,4988,672,694.0,672.0,672.0,26.0,34.0,False,20200727.tif,False,22.0,0.03273809523809524,15997,14988,fixed_coordinate_hypothesis_validation
2988,12090,8002,256,272.0,256.0,256.0,20.0,20.0,False,20200727.tif,False,16.0,0.0625,16090,18002,fixed_coordinate_hypothesis_validation
2989,12161,140,571,582.0,571.0,571.0,30.0,26.0,False,20200727.tif,False,11.0,0.01926444833625219,16161,10140,fixed_coordinate_hypothesis_validation
2990,12189,108,606,613.0,606.0,606.0,28.0,30.0,False,20200727.tif,False,7.0,0.01155115511551155,16189,10108,fixed_coordinate_hypothesis_validation
2991,12209,3766,214,222.0,214.0,214.0,18.0,16.0,False,20200727.tif,False,8.0,0.037383177570093455,16209,13766,fixed_coordinate_hypothesis_validation
2992,12419,5828,1109,1127.0,1109.0,1109.0,36.0,42.0,False,20200727.tif,False,18.0,0.016230838593327322,16419,15828,fixed_coordinate_hypothesis_validation
2993,12691,6098,1950,1980.0,1950.0,1950.0,48.0,52.0,False,20200727.tif,False,30.0,0.015384615384615385,16691,16098,fixed_coordinate_hypothesis_validation
2994,12851,6060,1480,1508.0,1480.0,1480.0,42.0,46.0,False,20200727.tif,False,28.0,0.01891891891891892,16851,16060,fixed_coordinate_hypothesis_validation
2995,13009,4666,258,273.0,258.0,258.0,18.0,18.0,False,20200727.tif,False,15.0,0.05813953488372093,17009,14666,fixed_coordinate_hypothesis_validation
2996,13025,5426,2449,2462.0,2449.0,2449.0,60.0,55.0,False,20200727.tif,False,13.0,0.005308289097590854,17025,15426,fixed_coordinate_hypothesis_validation
2997,13067,10256,1172,1178.0,1172.0,1172.0,40.0,42.0,False,20200727.tif,False,6.0,0.005119453924914676,17067,20256,fixed_coordinate_hypothesis_validation
2998,13116,10321,347,356.0,347.0,347.0,20.0,24.0,False,20200727.tif,False,9.0,0.025936599423631124,17116,20321,fixed_coordinate_hypothesis_validation
2999,13137,10242,310,322.0,310.0,310.0,20.0,21.0,False,20200727.tif,False,12.0,0.03870967741935484,17137,20242,fixed_coordinate_hypothesis_validation
3000,13167,11526,1965,1972.0,1965.0,1965.0,52.0,53.0,False,20200727.tif,False,7.0,0.0035623409669211198,17167,21526,fixed_coordinate_hypothesis_validation
3001,13189,10426,196,212.0,196.0,196.0,15.0,17.0,False,20200727.tif,False,16.0,0.08163265306122448,17189,20426,fixed_coordinate_hypothesis_validation
3002,13195,8388,1042,1048.0,1042.0,1042.0,36.0,40.0,False,20200727.tif,False,6.0,0.005758157389635317,17195,18388,fixed_coordinate_hypothesis_validation
3003,13197,10346,387,396.0,387.0,387.0,28.0,20.0,False,20200727.tif,False,9.0,0.023255813953488372,17197,20346,fixed_coordinate_hypothesis_validation
3004,13239,5526,226,231.0,226.0,226.0,18.0,20.0,False,20200727.tif,False,5.0,0.022123893805309734,17239,15526,fixed_coordinate_hypothesis_validation
3005,13249,10520,2117,2145.0,2117.0,2117.0,50.0,54.0,False,20200727.tif,False,28.0,0.013226263580538498,17249,20520,fixed_coordinate_hypothesis_validation
3006,13373,10417,272,282.0,272.0,272.0,19.0,19.0,False,20200727.tif,False,10.0,0.03676470588235294,17373,20417,fixed_coordinate_hypothesis_validation
3007,13387,10244,805,822.0,805.0,805.0,32.0,34.0,False,20200727.tif,False,17.0,0.02111801242236025,17387,20244,fixed_coordinate_hypothesis_validation
3008,13391,10464,595,603.0,595.0,595.0,28.0,30.0,False,20200727.tif,False,8.0,0.013445378151260505,17391,20464,fixed_coordinate_hypothesis_validation
3009,13415,10173,604,614.0,604.0,604.0,29.0,29.0,False,20200727.tif,False,10.0,0.016556291390728478,17415,20173,fixed_coordinate_hypothesis_validation
3010,13425,10410,1204,1222.0,1204.0,1204.0,40.0,42.0,False,20200727.tif,False,18.0,0.014950166112956811,17425,20410,fixed_coordinate_hypothesis_validation
3011,13551,10235,710,731.0,710.0,710.0,31.0,32.0,False,20200727.tif,False,21.0,0.029577464788732393,17551,20235,fixed_coordinate_hypothesis_validation
3012,13573,10428,1133,1151.0,1133.0,1133.0,36.0,41.0,False,20200727.tif,False,18.0,0.01588702559576346,17573,20428,fixed_coordinate_hypothesis_validation
3013,13593,10526,864,872.0,864.0,864.0,31.0,38.0,False,20200727.tif,False,8.0,0.009259259259259259,17593,20526,fixed_coordinate_hypothesis_validation
3014,13635,9978,436,452.0,436.0,436.0,24.0,28.0,False,20200727.tif,False,16.0,0.03669724770642202,17635,19978,fixed_coordinate_hypothesis_validation
3015,13787,9019,642,651.0,642.0,642.0,32.0,26.0,False,20200727.tif,False,9.0,0.014018691588785047,17787,19019,fixed_coordinate_hypothesis_validation
3016,13787,9066,898,913.0,898.0,898.0,34.0,34.0,False,20200727.tif,False,15.0,0.01670378619153675,17787,19066,fixed_coordinate_hypothesis_validation
3017,13859,7446,217,226.0,217.0,217.0,16.0,20.0,False,20200727.tif,False,9.0,0.041474654377880185,17859,17446,fixed_coordinate_hypothesis_validation
3018,13891,9820,305,315.0,305.0,305.0,24.0,18.0,False,20200727.tif,False,10.0,0.03278688524590164,17891,19820,fixed_coordinate_hypothesis_validation
3019,14232,10449,963,986.0,963.0,963.0,36.0,35.0,False,20200727.tif,False,23.0,0.023883696780893044,18232,20449,fixed_coordinate_hypothesis_validation
3020,14287,9518,234,252.0,234.0,234.0,16.0,20.0,False,20200727.tif,False,18.0,0.07692307692307693,18287,19518,fixed_coordinate_hypothesis_validation
3021,14317,8962,260,272.0,260.0,260.0,18.0,20.0,False,20200727.tif,False,12.0,0.046153846153846156,18317,18962,fixed_coordinate_hypothesis_validation
3022,14321,8458,168,184.0,168.0,168.0,16.0,14.0,False,20200727.tif,False,16.0,0.09523809523809523,18321,18458,fixed_coordinate_hypothesis_validation
3023,14381,7566,1204,1222.0,1204.0,1204.0,41.0,38.0,False,20200727.tif,False,18.0,0.014950166112956811,18381,17566,fixed_coordinate_hypothesis_validation
3024,14432,10711,548,576.0,548.0,548.0,25.0,27.0,False,20200727.tif,False,28.0,0.051094890510948905,18432,20711,fixed_coordinate_hypothesis_validation
3025,14599,7662,958,982.0,958.0,958.0,36.0,33.0,False,20200727.tif,False,24.0,0.025052192066805846,18599,17662,fixed_coordinate_hypothesis_validation
3026,14667,10294,976,986.0,976.0,976.0,34.0,40.0,False,20200727.tif,False,10.0,0.010245901639344262,18667,20294,fixed_coordinate_hypothesis_validation
3027,14699,11944,330,335.0,330.0,330.0,24.0,20.0,False,20200727.tif,False,5.0,0.015151515151515152,18699,21944,fixed_coordinate_hypothesis_validation
3028,14725,7609,1475,1482.0,1475.0,1475.0,46.0,46.0,False,20200727.tif,False,7.0,0.0047457627118644066,18725,17609,fixed_coordinate_hypothesis_validation
3029,14799,8214,817,828.0,817.0,817.0,34.0,35.0,False,20200727.tif,False,11.0,0.01346389228886169,18799,18214,fixed_coordinate_hypothesis_validation
3030,14809,9622,1278,1284.0,1278.0,1278.0,40.0,44.0,False,20200727.tif,False,6.0,0.004694835680751174,18809,19622,fixed_coordinate_hypothesis_validation
3031,14813,10212,1963,1981.0,1963.0,1963.0,54.0,52.0,False,20200727.tif,False,18.0,0.009169638308711156,18813,20212,fixed_coordinate_hypothesis_validation
3032,14876,7896,130,137.0,130.0,130.0,13.0,16.0,False,20200727.tif,False,7.0,0.05384615384615385,18876,17896,fixed_coordinate_hypothesis_validation
3033,14917,11650,1574,1590.0,1574.0,1574.0,46.0,46.0,False,20200727.tif,False,16.0,0.010165184243964422,18917,21650,fixed_coordinate_hypothesis_validation
3034,15055,11766,344,360.0,344.0,344.0,22.0,22.0,False,20200727.tif,False,16.0,0.046511627906976744,19055,21766,fixed_coordinate_hypothesis_validation
3035,15113,7282,122,136.0,122.0,122.0,14.0,14.0,False,20200727.tif,False,14.0,0.11475409836065574,19113,17282,fixed_coordinate_hypothesis_validation
3036,15264,12071,1198,1211.0,1198.0,1198.0,43.0,39.0,False,20200727.tif,False,13.0,0.010851419031719533,19264,22071,fixed_coordinate_hypothesis_validation
3037,15369,12358,176,188.0,176.0,176.0,18.0,14.0,False,20200727.tif,False,12.0,0.06818181818181818,19369,22358,fixed_coordinate_hypothesis_validation
3038,15445,10998,1700,1716.0,1700.0,1700.0,44.0,52.0,False,20200727.tif,False,16.0,0.009411764705882352,19445,20998,fixed_coordinate_hypothesis_validation
3039,15551,12192,476,488.0,476.0,476.0,28.0,25.0,False,20200727.tif,False,12.0,0.025210084033613446,19551,22192,fixed_coordinate_hypothesis_validation
3040,15707,10050,71574,71640.0,71574.0,71574.0,296.0,334.0,False,20200727.tif,False,66.0,0.0009221225584709531,19707,20050,fixed_coordinate_hypothesis_validation
3041,15889,12703,735,739.0,735.0,735.0,29.0,35.0,False,20200727.tif,False,4.0,0.005442176870748299,19889,22703,fixed_coordinate_hypothesis_validation
3042,15931,11530,2048,2065.0,2048.0,2048.0,52.0,56.0,False,20200727.tif,False,17.0,0.00830078125,19931,21530,fixed_coordinate_hypothesis_validation
3043,15969,7722,104,112.0,104.0,104.0,14.0,12.0,False,20200727.tif,False,8.0,0.07692307692307693,19969,17722,fixed_coordinate_hypothesis_validation
3044,16039,11360,1132,1156.0,1132.0,1132.0,36.0,40.0,False,20200727.tif,False,24.0,0.02120141342756184,20039,21360,fixed_coordinate_hypothesis_validation
3045,16097,8748,159,167.0,159.0,159.0,16.0,14.0,False,20200727.tif,False,8.0,0.050314465408805034,20097,18748,fixed_coordinate_hypothesis_validation
3046,16225,13172,347,359.0,347.0,347.0,21.0,24.0,False,20200727.tif,False,12.0,0.0345821325648415,20225,23172,fixed_coordinate_hypothesis_validation
3047,16311,14046,800,808.0,800.0,800.0,34.0,36.0,False,20200727.tif,False,8.0,0.01,20311,24046,fixed_coordinate_hypothesis_validation
3048,16357,8382,226,240.0,226.0,226.0,16.0,20.0,False,20200727.tif,False,14.0,0.061946902654867256,20357,18382,fixed_coordinate_hypothesis_validation
3049,16451,13616,737,748.0,737.0,737.0,30.0,34.0,False,20200727.tif,False,11.0,0.014925373134328358,20451,23616,fixed_coordinate_hypothesis_validation
3050,16569,9014,571,595.0,571.0,571.0,26.0,30.0,False,20200727.tif,False,24.0,0.04203152364273205,20569,19014,fixed_coordinate_hypothesis_validation
3051,16695,14186,1150,1159.0,1150.0,1150.0,37.0,41.0,False,20200727.tif,False,9.0,0.00782608695652174,20695,24186,fixed_coordinate_hypothesis_validation
3052,16849,14265,651,663.0,651.0,651.0,33.0,28.0,False,20200727.tif,False,12.0,0.018433179723502304,20849,24265,fixed_coordinate_hypothesis_validation
3053,16881,10898,173,188.0,173.0,173.0,16.0,16.0,False,20200727.tif,False,15.0,0.08670520231213873,20881,20898,fixed_coordinate_hypothesis_validation
3054,16935,10966,303,324.0,303.0,303.0,16.0,24.0,False,20200727.tif,False,21.0,0.06930693069306931,20935,20966,fixed_coordinate_hypothesis_validation
3055,17869,14112,136,142.0,136.0,136.0,14.0,15.0,False,20200727.tif,False,6.0,0.04411764705882353,21869,24112,fixed_coordinate_hypothesis_validation
2030,3807,3662,12660,12680.0,12660.0,12660.0,126.0,134.0,False,20210717.tif,False,20.0,0.001579778830963665,7807,13662,fixed_coordinate_hypothesis_validation
2079,5675,11522,25317,25322.0,25317.0,25317.0,182.0,190.0,False,20210717.tif,False,5.0,0.0001974957538412924,9675,21522,fixed_coordinate_hypothesis_validation
2350,4969,4900,711,721.0,711.0,711.0,33.0,29.0,False,20210717.tif,False,10.0,0.014064697609001406,8969,14900,fixed_coordinate_hypothesis_validation
2351,4989,4950,741,752.0,741.0,741.0,33.0,31.0,False,20210717.tif,False,11.0,0.014844804318488529,8989,14950,fixed_coordinate_hypothesis_validation
2460,5065,6121,1891,1917.0,1891.0,1891.0,47.0,53.0,False,20210717.tif,False,26.0,0.013749338974087784,9065,16121,fixed_coordinate_hypothesis_validation
2473,8911,11462,8903,8909.0,8903.0,8903.0,100.0,116.0,False,20210717.tif,False,6.0,0.000673930135909244,12911,21462,fixed_coordinate_hypothesis_validation
2515,4682,4966,443,452.0,443.0,443.0,26.0,25.0,False,20210717.tif,False,9.0,0.020316027088036117,8682,14966,fixed_coordinate_hypothesis_validation
2518,4790,7014,8975,9000.0,8975.0,8975.0,108.0,112.0,False,20210717.tif,False,25.0,0.002785515320334262,8790,17014,fixed_coordinate_hypothesis_validation
2522,4942,12904,10914,10934.0,10914.0,10914.0,118.0,117.0,False,20210717.tif,False,20.0,0.001832508704416346,8942,22904,fixed_coordinate_hypothesis_validation
2525,5082,12242,48042,48060.0,48042.0,48042.0,228.0,280.0,False,20210717.tif,False,18.0,0.0003746721618583739,9082,22242,fixed_coordinate_hypothesis_validation
2536,5837,6310,462,474.0,462.0,462.0,28.0,24.0,False,20210717.tif,False,12.0,0.025974025974025976,9837,16310,fixed_coordinate_hypothesis_validation
2538,5837,6310,462,474.0,462.0,462.0,28.0,24.0,False,20210717.tif,False,12.0,0.025974025974025976,9837,16310,fixed_coordinate_hypothesis_validation
2540,5879,6078,369,381.0,369.0,369.0,23.0,21.0,False,20210717.tif,False,12.0,0.032520325203252036,9879,16078,fixed_coordinate_hypothesis_validation
2541,5971,6480,431,451.0,431.0,431.0,24.0,24.0,False,20210717.tif,False,20.0,0.04640371229698376,9971,16480,fixed_coordinate_hypothesis_validation
2543,6026,12486,7069,7096.0,7069.0,7069.0,88.0,104.0,False,20210717.tif,False,27.0,0.0038194935634460318,10026,22486,fixed_coordinate_hypothesis_validation
2561,6573,6765,428,447.0,428.0,428.0,25.0,22.0,False,20210717.tif,False,19.0,0.04439252336448598,10573,16765,fixed_coordinate_hypothesis_validation
2564,6573,6765,428,447.0,428.0,428.0,25.0,22.0,False,20210717.tif,False,19.0,0.04439252336448598,10573,16765,fixed_coordinate_hypothesis_validation
2566,6803,7276,514,530.0,514.0,514.0,26.0,26.0,False,20210717.tif,False,16.0,0.0311284046692607,10803,17276,fixed_coordinate_hypothesis_validation
2570,7173,6965,483,495.0,483.0,483.0,29.0,23.0,False,20210717.tif,False,12.0,0.024844720496894408,11173,16965,fixed_coordinate_hypothesis_validation
2580,7725,12606,8151,8200.0,8151.0,8151.0,106.0,100.0,False,20210717.tif,False,49.0,0.006011532327321801,11725,22606,fixed_coordinate_hypothesis_validation
2586,8105,12574,7505,7513.0,7505.0,7505.0,98.0,101.0,False,20210717.tif,False,8.0,0.0010659560293137908,12105,22574,fixed_coordinate_hypothesis_validation
2596,8839,12526,9984,9996.0,9984.0,9984.0,118.0,120.0,False,20210717.tif,False,12.0,0.001201923076923077,12839,22526,fixed_coordinate_hypothesis_validation
2598,9038,11567,4821,4843.0,4821.0,4821.0,79.0,83.0,False,20210717.tif,False,22.0,0.0045633685957270275,13038,21567,fixed_coordinate_hypothesis_validation
2600,9213,11298,5282,5309.0,5282.0,5282.0,76.0,94.0,False,20210717.tif,False,27.0,0.0051117001135933355,13213,21298,fixed_coordinate_hypothesis_validation
2694,13607,9371,819,847.0,819.0,819.0,31.0,36.0,False,20210717.tif,False,28.0,0.03418803418803419,17607,19371,fixed_coordinate_hypothesis_validation
2727,15852,12848,19080,19124.0,19080.0,19080.0,158.0,155.0,False,20210717.tif,False,44.0,0.002306079664570231,19852,22848,fixed_coordinate_hypothesis_validation
2730,16529,13970,5999,6015.0,5999.0,5999.0,82.0,98.0,False,20210717.tif,False,16.0,0.002667111185197533,20529,23970,fixed_coordinate_hypothesis_validation
2756,3041,842,306,320.0,306.0,306.0,24.0,20.0,False,20210717.tif,False,14.0,0.0457516339869281,7041,10842,fixed_coordinate_hypothesis_validation
2760,3291,878,1592,1621.0,1592.0,1592.0,51.0,40.0,False,20210717.tif,False,29.0,0.01821608040201005,7291,10878,fixed_coordinate_hypothesis_validation
2761,3291,878,1592,1621.0,1592.0,1592.0,51.0,40.0,False,20210717.tif,False,29.0,0.01821608040201005,7291,10878,fixed_coordinate_hypothesis_validation
2783,6011,6307,236,246.0,236.0,236.0,16.0,20.0,False,20210717.tif,False,10.0,0.0423728813559322,10011,16307,fixed_coordinate_hypothesis_validation
2789,6637,6946,222,232.0,222.0,222.0,16.0,18.0,False,20210717.tif,False,10.0,0.04504504504504504,10637,16946,fixed_coordinate_hypothesis_validation
2808,8810,12642,415,438.0,415.0,415.0,20.0,28.0,False,20210717.tif,False,23.0,0.05542168674698795,12810,22642,fixed_coordinate_hypothesis_validation
2812,9553,6988,466,474.0,466.0,466.0,26.0,24.0,False,20210717.tif,False,8.0,0.017167381974248927,13553,16988,fixed_coordinate_hypothesis_validation
2813,9553,6988,466,474.0,466.0,466.0,26.0,24.0,False,20210717.tif,False,8.0,0.017167381974248927,13553,16988,fixed_coordinate_hypothesis_validation
2819,12050,46,669,680.0,669.0,669.0,32.0,29.0,False,20210717.tif,False,11.0,0.016442451420029897,16050,10046,fixed_coordinate_hypothesis_validation
2820,12083,16,455,467.0,455.0,455.0,26.0,24.0,False,20210717.tif,False,12.0,0.026373626373626374,16083,10016,fixed_coordinate_hypothesis_validation
2835,15747,8700,395,411.0,395.0,395.0,24.0,25.0,False,20210717.tif,False,16.0,0.04050632911392405,19747,18700,fixed_coordinate_hypothesis_validation
2842,953,7802,2188,2204.0,2188.0,2188.0,52.0,56.0,False,20210717.tif,False,16.0,0.007312614259597806,4953,17802,fixed_coordinate_hypothesis_validation
2856,2665,6732,397,410.0,397.0,397.0,22.0,24.0,False,20210717.tif,False,13.0,0.0327455919395466,6665,16732,fixed_coordinate_hypothesis_validation
2857,3041,842,306,320.0,306.0,306.0,24.0,20.0,False,20210717.tif,False,14.0,0.0457516339869281,7041,10842,fixed_coordinate_hypothesis_validation
2859,3041,842,306,320.0,306.0,306.0,24.0,20.0,False,20210717.tif,False,14.0,0.0457516339869281,7041,10842,fixed_coordinate_hypothesis_validation
2860,3089,772,1100,1130.0,1100.0,1100.0,41.0,36.0,False,20210717.tif,False,30.0,0.02727272727272727,7089,10772,fixed_coordinate_hypothesis_validation
2861,3083,848,832,838.0,832.0,832.0,34.0,35.0,False,20210717.tif,False,6.0,0.007211538461538462,7083,10848,fixed_coordinate_hypothesis_validation
2863,3187,842,1824,1846.0,1824.0,1824.0,53.0,44.0,False,20210717.tif,False,22.0,0.01206140350877193,7187,10842,fixed_coordinate_hypothesis_validation
2865,3479,5352,189,202.0,189.0,189.0,16.0,16.0,False,20210717.tif,False,13.0,0.06878306878306878,7479,15352,fixed_coordinate_hypothesis_validation
2870,4317,2330,334,354.0,334.0,334.0,23.0,20.0,False,20210717.tif,False,20.0,0.059880239520958084,8317,12330,fixed_coordinate_hypothesis_validation
2872,4313,12041,18921,18925.0,18921.0,18921.0,172.0,142.0,False,20210717.tif,False,4.0,0.00021140531684371862,8313,22041,fixed_coordinate_hypothesis_validation
2874,4921,4644,335,356.0,335.0,335.0,22.0,18.0,False,20210717.tif,False,21.0,0.0626865671641791,8921,14644,fixed_coordinate_hypothesis_validation
2877,5043,4908,307,325.0,307.0,307.0,18.0,23.0,False,20210717.tif,False,18.0,0.05863192182410423,9043,14908,fixed_coordinate_hypothesis_validation
2878,5101,4856,430,449.0,430.0,430.0,24.0,23.0,False,20210717.tif,False,19.0,0.044186046511627906,9101,14856,fixed_coordinate_hypothesis_validation
2880,5313,11104,392,407.0,392.0,392.0,24.0,22.0,False,20210717.tif,False,15.0,0.03826530612244898,9313,21104,fixed_coordinate_hypothesis_validation
2881,5327,5834,562,572.0,562.0,562.0,28.0,27.0,False,20210717.tif,False,10.0,0.017793594306049824,9327,15834,fixed_coordinate_hypothesis_validation
2884,6150,13463,5202,5244.0,5202.0,5202.0,79.0,83.0,False,20210717.tif,False,42.0,0.008073817762399077,10150,23463,fixed_coordinate_hypothesis_validation
2893,6547,6938,357,367.0,357.0,357.0,22.0,22.0,False,20210717.tif,False,10.0,0.028011204481792718,10547,16938,fixed_coordinate_hypothesis_validation
2894,6587,6690,498,515.0,498.0,498.0,26.0,24.0,False,20210717.tif,False,17.0,0.03413654618473896,10587,16690,fixed_coordinate_hypothesis_validation
2895,6635,6826,466,479.0,466.0,466.0,26.0,24.0,False,20210717.tif,False,13.0,0.027896995708154508,10635,16826,fixed_coordinate_hypothesis_validation
2900,6965,11642,4777,4809.0,4777.0,4777.0,82.0,83.0,False,20210717.tif,False,32.0,0.006698764915218757,10965,21642,fixed_coordinate_hypothesis_validation
2903,7063,13366,4160,4176.0,4160.0,4160.0,72.0,85.0,False,20210717.tif,False,16.0,0.0038461538461538464,11063,23366,fixed_coordinate_hypothesis_validation
2904,7071,11872,1188,1196.0,1188.0,1188.0,42.0,40.0,False,20210717.tif,False,8.0,0.006734006734006734,11071,21872,fixed_coordinate_hypothesis_validation
2906,7071,11872,1188,1196.0,1188.0,1188.0,42.0,40.0,False,20210717.tif,False,8.0,0.006734006734006734,11071,21872,fixed_coordinate_hypothesis_validation
2914,7502,13214,4657,4718.0,4657.0,4657.0,66.0,84.0,False,20210717.tif,False,61.0,0.01309856130556152,11502,23214,fixed_coordinate_hypothesis_validation
2915,7573,12886,3150,3153.0,3130.0,3150.0,64.0,64.0,False,20210717.tif,False,3.0,0.0009523809523809524,11573,22886,fixed_coordinate_hypothesis_validation
2918,7861,6534,648,660.0,648.0,648.0,30.0,29.0,False,20210717.tif,False,12.0,0.018518518518518517,11861,16534,fixed_coordinate_hypothesis_validation
2919,7911,10282,5646,5692.0,5646.0,5646.0,84.0,87.0,False,20210717.tif,False,46.0,0.008147360963513992,11911,20282,fixed_coordinate_hypothesis_validation
2920,7986,6979,333,340.0,333.0,333.0,23.0,22.0,False,20210717.tif,False,7.0,0.021021021021021023,11986,16979,fixed_coordinate_hypothesis_validation
2921,8161,7062,538,548.0,538.0,538.0,27.0,26.0,False,20210717.tif,False,10.0,0.01858736059479554,12161,17062,fixed_coordinate_hypothesis_validation
2925,8663,11837,1825,1846.0,1825.0,1825.0,49.0,49.0,False,20210717.tif,False,21.0,0.011506849315068493,12663,21837,fixed_coordinate_hypothesis_validation
2926,8663,11837,1825,1846.0,1825.0,1825.0,49.0,49.0,False,20210717.tif,False,21.0,0.011506849315068493,12663,21837,fixed_coordinate_hypothesis_validation
2938,9342,12026,1977,1994.0,1977.0,1977.0,50.0,51.0,False,20210717.tif,False,17.0,0.008598887202832575,13342,22026,fixed_coordinate_hypothesis_validation
2939,9333,11576,3261,3276.0,3261.0,3261.0,56.0,74.0,False,20210717.tif,False,15.0,0.004599816007359705,13333,21576,fixed_coordinate_hypothesis_validation
2943,9446,10472,7337,7384.0,7337.0,7337.0,94.0,101.0,False,20210717.tif,False,47.0,0.006405887965108355,13446,20472,fixed_coordinate_hypothesis_validation
2945,9505,11786,2504,2514.0,2504.0,2504.0,58.0,58.0,False,20210717.tif,False,10.0,0.003993610223642172,13505,21786,fixed_coordinate_hypothesis_validation
2946,9545,9920,6996,7016.0,6996.0,6996.0,96.0,98.0,False,20210717.tif,False,20.0,0.002858776443682104,13545,19920,fixed_coordinate_hypothesis_validation
2947,9625,11948,3251,3269.0,3251.0,3251.0,68.0,66.0,False,20210717.tif,False,18.0,0.005536757920639803,13625,21948,fixed_coordinate_hypothesis_validation
2949,9671,14286,331,355.0,331.0,331.0,20.0,20.0,False,20210717.tif,False,24.0,0.07250755287009064,13671,24286,fixed_coordinate_hypothesis_validation
2950,9665,9964,4152,4173.0,4152.0,4152.0,72.0,76.0,False,20210717.tif,False,21.0,0.0050578034682080926,13665,19964,fixed_coordinate_hypothesis_validation
2951,9673,11818,4624,4644.0,4624.0,4624.0,80.0,80.0,False,20210717.tif,False,20.0,0.004325259515570935,13673,21818,fixed_coordinate_hypothesis_validation
2955,9671,14286,331,355.0,331.0,331.0,20.0,20.0,False,20210717.tif,False,24.0,0.07250755287009064,13671,24286,fixed_coordinate_hypothesis_validation
2958,9887,8254,500,509.0,500.0,500.0,28.0,25.0,False,20210717.tif,False,9.0,0.018,13887,18254,fixed_coordinate_hypothesis_validation
2959,9888,9655,6255,6272.0,6255.0,6255.0,93.0,92.0,False,20210717.tif,False,17.0,0.0027178257394084734,13888,19655,fixed_coordinate_hypothesis_validation
2973,10465,9854,940,954.0,940.0,940.0,38.0,34.0,False,20210717.tif,False,14.0,0.014893617021276596,14465,19854,fixed_coordinate_hypothesis_validation
2974,10454,10922,2826,2843.0,2826.0,2826.0,64.0,65.0,False,20210717.tif,False,17.0,0.006015569709837226,14454,20922,fixed_coordinate_hypothesis_validation
2979,10770,10618,2474,2496.0,2474.0,2474.0,60.0,60.0,False,20210717.tif,False,22.0,0.00889248181083266,14770,20618,fixed_coordinate_hypothesis_validation
2981,10869,10826,5306,5320.0,5306.0,5306.0,88.0,82.0,False,20210717.tif,False,14.0,0.002638522427440633,14869,20826,fixed_coordinate_hypothesis_validation
2984,11058,8312,1035,1060.0,1035.0,1035.0,38.0,37.0,False,20210717.tif,False,25.0,0.024154589371980676,15058,18312,fixed_coordinate_hypothesis_validation
2989,12159,144,525,540.0,525.0,525.0,28.0,27.0,False,20210717.tif,False,15.0,0.02857142857142857,16159,10144,fixed_coordinate_hypothesis_validation
2990,12191,114,434,448.0,434.0,434.0,24.0,24.0,False,20210717.tif,False,14.0,0.03225806451612903,16191,10114,fixed_coordinate_hypothesis_validation
2993,12671,6080,5259,5273.0,5259.0,5259.0,77.0,86.0,False,20210717.tif,False,14.0,0.0026621030614185207,16671,16080,fixed_coordinate_hypothesis_validation
2998,13175,10328,2858,2876.0,2858.0,2858.0,62.0,62.0,False,20210717.tif,False,18.0,0.006298110566829951,17175,20328,fixed_coordinate_hypothesis_validation
3003,13175,10328,2858,2876.0,2858.0,2858.0,62.0,62.0,False,20210717.tif,False,18.0,0.006298110566829951,17175,20328,fixed_coordinate_hypothesis_validation
3004,13241,5530,182,200.0,182.0,182.0,18.0,14.0,False,20210717.tif,False,18.0,0.0989010989010989,17241,15530,fixed_coordinate_hypothesis_validation
3007,13363,10223,4195,4201.0,4195.0,4195.0,74.0,78.0,False,20210717.tif,False,6.0,0.0014302741358760429,17363,20223,fixed_coordinate_hypothesis_validation
3009,13405,10162,1895,1901.0,1895.0,1895.0,51.0,50.0,False,20210717.tif,False,6.0,0.0031662269129287598,17405,20162,fixed_coordinate_hypothesis_validation
3011,13525,10214,4249,4263.0,4249.0,4249.0,72.0,78.0,False,20210717.tif,False,14.0,0.0032948929159802307,17525,20214,fixed_coordinate_hypothesis_validation
3012,13551,10408,4167,4174.0,4167.0,4167.0,72.0,80.0,False,20210717.tif,False,7.0,0.00167986561075114,17551,20408,fixed_coordinate_hypothesis_validation
3017,13857,7442,389,403.0,389.0,389.0,22.0,25.0,False,20210717.tif,False,14.0,0.03598971722365039,17857,17442,fixed_coordinate_hypothesis_validation
3018,13893,9820,168,184.0,168.0,168.0,16.0,16.0,False,20210717.tif,False,16.0,0.09523809523809523,17893,19820,fixed_coordinate_hypothesis_validation
3019,14215,10432,3412,3442.0,3412.0,3412.0,70.0,62.0,False,20210717.tif,False,30.0,0.008792497069167644,18215,20432,fixed_coordinate_hypothesis_validation
3022,14315,8452,437,441.0,437.0,437.0,26.0,24.0,False,20210717.tif,False,4.0,0.009153318077803204,18315,18452,fixed_coordinate_hypothesis_validation
3026,14659,10286,2259,2282.0,2259.0,2259.0,52.0,59.0,False,20210717.tif,False,23.0,0.01018149623727313,18659,20286,fixed_coordinate_hypothesis_validation
3027,14683,11926,1894,1911.0,1894.0,1894.0,54.0,48.0,False,20210717.tif,False,17.0,0.00897571277719113,18683,21926,fixed_coordinate_hypothesis_validation
3035,15113,7282,190,201.0,190.0,190.0,16.0,16.0,False,20210717.tif,False,11.0,0.05789473684210526,19113,17282,fixed_coordinate_hypothesis_validation
3037,15346,12280,8705,8738.0,8705.0,8705.0,114.0,97.0,False,20210717.tif,False,33.0,0.003790924755887421,19346,22280,fixed_coordinate_hypothesis_validation
3045,16089,8746,310,332.0,310.0,310.0,20.0,22.0,False,20210717.tif,False,22.0,0.07096774193548387,20089,18746,fixed_coordinate_hypothesis_validation
3046,16207,13154,2100,2124.0,2100.0,2100.0,52.0,56.0,False,20210717.tif,False,24.0,0.011428571428571429,20207,23154,fixed_coordinate_hypothesis_validation
3056,795,7262,528,546.0,528.0,528.0,26.0,29.0,False,20210717.tif,False,18.0,0.03409090909090909,4795,17262,fixed_coordinate_hypothesis_validation
3057,797,7338,1253,1262.0,1253.0,1253.0,39.0,42.0,False,20210717.tif,False,9.0,0.007182761372705506,4797,17338,fixed_coordinate_hypothesis_validation
3058,849,7424,639,651.0,639.0,639.0,28.0,32.0,False,20210717.tif,False,12.0,0.018779342723004695,4849,17424,fixed_coordinate_hypothesis_validation
3059,1181,8322,676,692.0,676.0,676.0,32.0,30.0,False,20210717.tif,False,16.0,0.023668639053254437,5181,18322,fixed_coordinate_hypothesis_validation
3060,1285,3069,184,193.0,184.0,184.0,17.0,16.0,False,20210717.tif,False,9.0,0.04891304347826087,5285,13069,fixed_coordinate_hypothesis_validation
3061,1477,6631,2666,2691.0,2666.0,2666.0,58.0,62.0,False,20210717.tif,False,25.0,0.009377344336084021,5477,16631,fixed_coordinate_hypothesis_validation
3062,2175,3301,255,265.0,255.0,255.0,21.0,17.0,False,20210717.tif,False,10.0,0.0392156862745098,6175,13301,fixed_coordinate_hypothesis_validation
3063,2303,2342,267,292.0,267.0,267.0,18.0,20.0,False,20210717.tif,False,25.0,0.09363295880149813,6303,12342,fixed_coordinate_hypothesis_validation
3064,2431,9766,239,256.0,239.0,239.0,20.0,15.0,False,20210717.tif,False,17.0,0.07112970711297072,6431,19766,fixed_coordinate_hypothesis_validation
3065,2587,6973,252,259.0,252.0,252.0,21.0,18.0,False,20210717.tif,False,7.0,0.027777777777777776,6587,16973,fixed_coordinate_hypothesis_validation
3066,2655,1458,141,155.0,141.0,141.0,14.0,14.0,False,20210717.tif,False,14.0,0.09929078014184398,6655,11458,fixed_coordinate_hypothesis_validation
3067,2747,1458,857,879.0,857.0,857.0,30.0,39.0,False,20210717.tif,False,22.0,0.025670945157526253,6747,11458,fixed_coordinate_hypothesis_validation
3068,2759,1252,393,411.0,393.0,393.0,22.0,23.0,False,20210717.tif,False,18.0,0.04580152671755725,6759,11252,fixed_coordinate_hypothesis_validation
3069,2801,1028,173,188.0,173.0,173.0,16.0,15.0,False,20210717.tif,False,15.0,0.08670520231213873,6801,11028,fixed_coordinate_hypothesis_validation
3070,3029,8428,610,626.0,610.0,610.0,28.0,30.0,False,20210717.tif,False,16.0,0.02622950819672131,7029,18428,fixed_coordinate_hypothesis_validation
3071,3227,4346,316,325.0,316.0,316.0,21.0,20.0,False,20210717.tif,False,9.0,0.028481012658227847,7227,14346,fixed_coordinate_hypothesis_validation
3072,3231,1108,142,160.0,142.0,142.0,12.0,16.0,False,20210717.tif,False,18.0,0.1267605633802817,7231,11108,fixed_coordinate_hypothesis_validation
3073,3249,4524,292,308.0,292.0,292.0,22.0,20.0,False,20210717.tif,False,16.0,0.0547945205479452,7249,14524,fixed_coordinate_hypothesis_validation
3074,3553,1776,126,136.0,126.0,126.0,12.0,16.0,False,20210717.tif,False,10.0,0.07936507936507936,7553,11776,fixed_coordinate_hypothesis_validation
3075,3563,6202,345,353.0,345.0,345.0,22.0,23.0,False,20210717.tif,False,8.0,0.02318840579710145,7563,16202,fixed_coordinate_hypothesis_validation
3076,3583,4324,118,123.0,118.0,118.0,16.0,11.0,False,20210717.tif,False,5.0,0.0423728813559322,7583,14324,fixed_coordinate_hypothesis_validation
3077,3653,5026,440,459.0,440.0,440.0,22.0,25.0,False,20210717.tif,False,19.0,0.04318181818181818,7653,15026,fixed_coordinate_hypothesis_validation
3078,3745,5690,165,183.0,165.0,165.0,16.0,14.0,False,20210717.tif,False,18.0,0.10909090909090909,7745,15690,fixed_coordinate_hypothesis_validation
3079,3787,1528,321,334.0,321.0,321.0,19.0,24.0,False,20210717.tif,False,13.0,0.040498442367601244,7787,11528,fixed_coordinate_hypothesis_validation
3080,3829,6662,137,160.0,137.0,137.0,12.0,16.0,False,20210717.tif,False,23.0,0.1678832116788321,7829,16662,fixed_coordinate_hypothesis_validation
3081,3859,1510,240,246.0,240.0,240.0,20.0,17.0,False,20210717.tif,False,6.0,0.025,7859,11510,fixed_coordinate_hypothesis_validation
3082,3929,11504,1006,1014.0,1006.0,1006.0,38.0,41.0,False,20210717.tif,False,8.0,0.007952286282306162,7929,21504,fixed_coordinate_hypothesis_validation
3083,4045,2728,130,148.0,130.0,130.0,12.0,14.0,False,20210717.tif,False,18.0,0.13846153846153847,8045,12728,fixed_coordinate_hypothesis_validation
3084,4151,13302,146,156.0,146.0,146.0,16.0,14.0,False,20210717.tif,False,10.0,0.0684931506849315,8151,23302,fixed_coordinate_hypothesis_validation
3085,4175,13258,222,228.0,222.0,222.0,16.0,20.0,False,20210717.tif,False,6.0,0.02702702702702703,8175,23258,fixed_coordinate_hypothesis_validation
3086,4273,5014,245,256.0,245.0,245.0,17.0,19.0,False,20210717.tif,False,11.0,0.044897959183673466,8273,15014,fixed_coordinate_hypothesis_validation
3087,4535,5964,174,185.0,174.0,174.0,14.0,17.0,False,20210717.tif,False,11.0,0.06321839080459771,8535,15964,fixed_coordinate_hypothesis_validation
3088,4607,2352,202,224.0,202.0,202.0,16.0,16.0,False,20210717.tif,False,22.0,0.10891089108910891,8607,12352,fixed_coordinate_hypothesis_validation
3089,4647,2386,126,144.0,126.0,126.0,12.0,14.0,False,20210717.tif,False,18.0,0.14285714285714285,8647,12386,fixed_coordinate_hypothesis_validation
3090,4717,6137,440,448.0,440.0,440.0,25.0,22.0,False,20210717.tif,False,8.0,0.01818181818181818,8717,16137,fixed_coordinate_hypothesis_validation
3091,4777,9538,1237,1254.0,1237.0,1237.0,32.0,48.0,False,20210717.tif,False,17.0,0.0137429264349232,8777,19538,fixed_coordinate_hypothesis_validation
3092,4798,10790,676,688.0,676.0,676.0,32.0,32.0,False,20210717.tif,False,12.0,0.01775147928994083,8798,20790,fixed_coordinate_hypothesis_validation
3093,4891,4364,334,344.0,334.0,334.0,22.0,21.0,False,20210717.tif,False,10.0,0.029940119760479042,8891,14364,fixed_coordinate_hypothesis_validation
3094,4955,10794,122,142.0,122.0,122.0,14.0,11.0,False,20210717.tif,False,20.0,0.16393442622950818,8955,20794,fixed_coordinate_hypothesis_validation
3095,5027,10867,392,396.0,392.0,392.0,24.0,24.0,False,20210717.tif,False,4.0,0.01020408163265306,9027,20867,fixed_coordinate_hypothesis_validation
3096,5055,5734,222,232.0,222.0,222.0,18.0,16.0,False,20210717.tif,False,10.0,0.04504504504504504,9055,15734,fixed_coordinate_hypothesis_validation
3097,5061,4964,188,196.0,188.0,188.0,18.0,17.0,False,20210717.tif,False,8.0,0.0425531914893617,9061,14964,fixed_coordinate_hypothesis_validation
3098,5119,4969,218,231.0,218.0,218.0,19.0,17.0,False,20210717.tif,False,13.0,0.05963302752293578,9119,14969,fixed_coordinate_hypothesis_validation
3099,5123,5018,139,145.0,139.0,139.0,16.0,12.0,False,20210717.tif,False,6.0,0.04316546762589928,9123,15018,fixed_coordinate_hypothesis_validation
3100,5135,4884,325,343.0,325.0,325.0,20.0,22.0,False,20210717.tif,False,18.0,0.055384615384615386,9135,14884,fixed_coordinate_hypothesis_validation
3101,5249,4356,294,308.0,294.0,294.0,24.0,20.0,False,20210717.tif,False,14.0,0.047619047619047616,9249,14356,fixed_coordinate_hypothesis_validation
3102,5359,3204,360,378.0,360.0,360.0,24.0,20.0,False,20210717.tif,False,18.0,0.05,9359,13204,fixed_coordinate_hypothesis_validation
3103,5453,6201,350,359.0,350.0,350.0,23.0,22.0,False,20210717.tif,False,9.0,0.025714285714285714,9453,16201,fixed_coordinate_hypothesis_validation
3104,5459,10518,381,391.0,381.0,381.0,24.0,23.0,False,20210717.tif,False,10.0,0.026246719160104987,9459,20518,fixed_coordinate_hypothesis_validation
3105,5533,6006,547,557.0,547.0,547.0,28.0,26.0,False,20210717.tif,False,10.0,0.018281535648994516,9533,16006,fixed_coordinate_hypothesis_validation
3106,5639,6402,453,467.0,453.0,453.0,24.0,25.0,False,20210717.tif,False,14.0,0.03090507726269316,9639,16402,fixed_coordinate_hypothesis_validation
3107,5647,5930,307,317.0,307.0,307.0,20.0,24.0,False,20210717.tif,False,10.0,0.03257328990228013,9647,15930,fixed_coordinate_hypothesis_validation
3108,5794,6245,414,420.0,414.0,414.0,23.0,26.0,False,20210717.tif,False,6.0,0.014492753623188406,9794,16245,fixed_coordinate_hypothesis_validation
3109,5934,4810,137,144.0,137.0,137.0,13.0,15.0,False,20210717.tif,False,7.0,0.051094890510948905,9934,14810,fixed_coordinate_hypothesis_validation
3110,5939,6468,156,164.0,156.0,156.0,18.0,14.0,False,20210717.tif,False,8.0,0.05128205128205128,9939,16468,fixed_coordinate_hypothesis_validation
3111,5973,6102,250,259.0,250.0,250.0,20.0,18.0,False,20210717.tif,False,9.0,0.036,9973,16102,fixed_coordinate_hypothesis_validation
3112,6007,6190,198,209.0,198.0,198.0,18.0,16.0,False,20210717.tif,False,11.0,0.05555555555555555,10007,16190,fixed_coordinate_hypothesis_validation
3113,6015,12002,914,925.0,914.0,914.0,36.0,36.0,False,20210717.tif,False,11.0,0.012035010940919038,10015,22002,fixed_coordinate_hypothesis_validation
3114,6029,6238,382,393.0,382.0,382.0,24.0,22.0,False,20210717.tif,False,11.0,0.028795811518324606,10029,16238,fixed_coordinate_hypothesis_validation
3115,6055,7252,1249,1254.0,1249.0,1249.0,39.0,44.0,False,20210717.tif,False,5.0,0.0040032025620496394,10055,17252,fixed_coordinate_hypothesis_validation
3116,6068,6381,340,348.0,340.0,340.0,22.0,20.0,False,20210717.tif,False,8.0,0.023529411764705882,10068,16381,fixed_coordinate_hypothesis_validation
3117,6143,13376,1243,1263.0,1243.0,1243.0,38.0,44.0,False,20210717.tif,False,20.0,0.016090104585679808,10143,23376,fixed_coordinate_hypothesis_validation
3118,6255,3292,266,276.0,266.0,266.0,18.0,21.0,False,20210717.tif,False,10.0,0.03759398496240601,10255,13292,fixed_coordinate_hypothesis_validation
3119,6337,11504,1840,1865.0,1840.0,1840.0,53.0,48.0,False,20210717.tif,False,25.0,0.01358695652173913,10337,21504,fixed_coordinate_hypothesis_validation
3120,6385,9262,1459,1479.0,1459.0,1459.0,44.0,46.0,False,20210717.tif,False,20.0,0.013708019191226868,10385,19262,fixed_coordinate_hypothesis_validation
3121,6441,9234,569,601.0,569.0,569.0,24.0,32.0,False,20210717.tif,False,32.0,0.056239015817223195,10441,19234,fixed_coordinate_hypothesis_validation
3122,6482,12386,3631,3651.0,3631.0,3631.0,70.0,69.0,False,20210717.tif,False,20.0,0.00550812448361333,10482,22386,fixed_coordinate_hypothesis_validation
3123,6733,7161,346,352.0,346.0,346.0,23.0,21.0,False,20210717.tif,False,6.0,0.017341040462427744,10733,17161,fixed_coordinate_hypothesis_validation
3124,7009,5214,296,305.0,296.0,296.0,22.0,17.0,False,20210717.tif,False,9.0,0.030405405405405407,11009,15214,fixed_coordinate_hypothesis_validation
3125,7067,6240,263,276.0,263.0,263.0,18.0,20.0,False,20210717.tif,False,13.0,0.049429657794676805,11067,16240,fixed_coordinate_hypothesis_validation
3126,7093,6264,184,200.0,184.0,184.0,16.0,14.0,False,20210717.tif,False,16.0,0.08695652173913043,11093,16264,fixed_coordinate_hypothesis_validation
3127,7123,7570,117,127.0,117.0,117.0,16.0,11.0,False,20210717.tif,False,10.0,0.08547008547008547,11123,17570,fixed_coordinate_hypothesis_validation
3128,7161,7568,264,268.0,264.0,264.0,21.0,18.0,False,20210717.tif,False,4.0,0.015151515151515152,11161,17568,fixed_coordinate_hypothesis_validation
3129,7173,7502,212,217.0,212.0,212.0,20.0,17.0,False,20210717.tif,False,5.0,0.02358490566037736,11173,17502,fixed_coordinate_hypothesis_validation
3130,7237,7164,253,264.0,253.0,253.0,18.0,18.0,False,20210717.tif,False,11.0,0.043478260869565216,11237,17164,fixed_coordinate_hypothesis_validation
3131,7328,6360,197,205.0,197.0,197.0,18.0,15.0,False,20210717.tif,False,8.0,0.04060913705583756,11328,16360,fixed_coordinate_hypothesis_validation
3132,7413,11098,1444,1454.0,1444.0,1444.0,46.0,41.0,False,20210717.tif,False,10.0,0.006925207756232687,11413,21098,fixed_coordinate_hypothesis_validation
3133,7633,12875,257,270.0,257.0,257.0,21.0,17.0,False,20210717.tif,False,13.0,0.05058365758754864,11633,22875,fixed_coordinate_hypothesis_validation
3134,7697,6984,143,164.0,143.0,143.0,14.0,14.0,False,20210717.tif,False,21.0,0.14685314685314685,11697,16984,fixed_coordinate_hypothesis_validation
3135,7775,11740,902,910.0,902.0,902.0,36.0,35.0,False,20210717.tif,False,8.0,0.008869179600886918,11775,21740,fixed_coordinate_hypothesis_validation
3136,7943,8699,102,111.0,102.0,102.0,13.0,12.0,False,20210717.tif,False,9.0,0.08823529411764706,11943,18699,fixed_coordinate_hypothesis_validation
3137,8001,6942,164,176.0,164.0,164.0,14.0,16.0,False,20210717.tif,False,12.0,0.07317073170731707,12001,16942,fixed_coordinate_hypothesis_validation
3138,8033,6962,258,271.0,258.0,258.0,20.0,19.0,False,20210717.tif,False,13.0,0.050387596899224806,12033,16962,fixed_coordinate_hypothesis_validation
3139,8045,6995,198,213.0,198.0,198.0,17.0,16.0,False,20210717.tif,False,15.0,0.07575757575757576,12045,16995,fixed_coordinate_hypothesis_validation
3140,8049,6874,114,120.0,114.0,114.0,16.0,12.0,False,20210717.tif,False,6.0,0.05263157894736842,12049,16874,fixed_coordinate_hypothesis_validation
3141,8113,7160,126,144.0,126.0,126.0,10.0,16.0,False,20210717.tif,False,18.0,0.14285714285714285,12113,17160,fixed_coordinate_hypothesis_validation
3142,8125,7104,188,211.0,188.0,188.0,16.0,16.0,False,20210717.tif,False,23.0,0.12234042553191489,12125,17104,fixed_coordinate_hypothesis_validation
3143,8193,7014,182,192.0,182.0,182.0,19.0,14.0,False,20210717.tif,False,10.0,0.054945054945054944,12193,17014,fixed_coordinate_hypothesis_validation
3144,8223,6900,154,160.0,154.0,154.0,14.0,15.0,False,20210717.tif,False,6.0,0.03896103896103896,12223,16900,fixed_coordinate_hypothesis_validation
3145,8393,7080,241,251.0,241.0,241.0,20.0,18.0,False,20210717.tif,False,10.0,0.04149377593360996,12393,17080,fixed_coordinate_hypothesis_validation
3146,8511,7094,254,268.0,254.0,254.0,20.0,18.0,False,20210717.tif,False,14.0,0.05511811023622047,12511,17094,fixed_coordinate_hypothesis_validation
3147,8609,7602,364,373.0,364.0,364.0,24.0,21.0,False,20210717.tif,False,9.0,0.024725274725274724,12609,17602,fixed_coordinate_hypothesis_validation
3148,8745,1011,1031,1048.0,1031.0,1031.0,43.0,34.0,False,20210717.tif,False,17.0,0.016488845780795344,12745,11011,fixed_coordinate_hypothesis_validation
3149,8795,6170,353,369.0,353.0,353.0,22.0,22.0,False,20210717.tif,False,16.0,0.0453257790368272,12795,16170,fixed_coordinate_hypothesis_validation
3150,8875,6209,285,293.0,285.0,285.0,21.0,20.0,False,20210717.tif,False,8.0,0.028070175438596492,12875,16209,fixed_coordinate_hypothesis_validation
3151,9065,7352,599,612.0,599.0,599.0,30.0,27.0,False,20210717.tif,False,13.0,0.021702838063439065,13065,17352,fixed_coordinate_hypothesis_validation
3152,9074,12486,1072,1088.0,1072.0,1072.0,40.0,40.0,False,20210717.tif,False,16.0,0.014925373134328358,13074,22486,fixed_coordinate_hypothesis_validation
3153,9079,7242,228,239.0,228.0,228.0,20.0,17.0,False,20210717.tif,False,11.0,0.04824561403508772,13079,17242,fixed_coordinate_hypothesis_validation
3154,9157,7322,159,176.0,159.0,159.0,14.0,14.0,False,20210717.tif,False,17.0,0.1069182389937107,13157,17322,fixed_coordinate_hypothesis_validation
3155,9189,6644,154,164.0,154.0,154.0,14.0,16.0,False,20210717.tif,False,10.0,0.06493506493506493,13189,16644,fixed_coordinate_hypothesis_validation
3156,9218,12162,1406,1436.0,1406.0,1406.0,44.0,43.0,False,20210717.tif,False,30.0,0.021337126600284494,13218,22162,fixed_coordinate_hypothesis_validation
3157,9275,7138,166,179.0,166.0,166.0,16.0,14.0,False,20210717.tif,False,13.0,0.0783132530120482,13275,17138,fixed_coordinate_hypothesis_validation
3158,9378,10386,3473,3528.0,3473.0,3473.0,72.0,61.0,False,20210717.tif,False,55.0,0.015836452634609848,13378,20386,fixed_coordinate_hypothesis_validation
3159,9487,6582,256,274.0,256.0,256.0,16.0,22.0,False,20210717.tif,False,18.0,0.0703125,13487,16582,fixed_coordinate_hypothesis_validation
3160,9493,1874,203,221.0,203.0,203.0,16.0,18.0,False,20210717.tif,False,18.0,0.08866995073891626,13493,11874,fixed_coordinate_hypothesis_validation
3161,9493,6335,307,322.0,307.0,307.0,20.0,20.0,False,20210717.tif,False,15.0,0.048859934853420196,13493,16335,fixed_coordinate_hypothesis_validation
3162,9515,7442,174,188.0,174.0,174.0,18.0,14.0,False,20210717.tif,False,14.0,0.08045977011494253,13515,17442,fixed_coordinate_hypothesis_validation
3163,9553,6560,345,356.0,345.0,345.0,22.0,22.0,False,20210717.tif,False,11.0,0.03188405797101449,13553,16560,fixed_coordinate_hypothesis_validation
3164,9569,11810,1158,1167.0,1158.0,1158.0,38.0,44.0,False,20210717.tif,False,9.0,0.007772020725388601,13569,21810,fixed_coordinate_hypothesis_validation
3165,9741,11516,8374,8397.0,8374.0,8374.0,96.0,114.0,False,20210717.tif,False,23.0,0.002746596608550275,13741,21516,fixed_coordinate_hypothesis_validation
3166,9835,14336,203,212.0,203.0,203.0,18.0,16.0,False,20210717.tif,False,9.0,0.04433497536945813,13835,24336,fixed_coordinate_hypothesis_validation
3167,9875,2864,248,251.0,248.0,248.0,18.0,20.0,False,20210717.tif,False,3.0,0.012096774193548387,13875,12864,fixed_coordinate_hypothesis_validation
3168,9889,2082,178,186.0,178.0,178.0,14.0,18.0,False,20210717.tif,False,8.0,0.0449438202247191,13889,12082,fixed_coordinate_hypothesis_validation
3169,9915,2144,324,340.0,324.0,324.0,20.0,22.0,False,20210717.tif,False,16.0,0.04938271604938271,13915,12144,fixed_coordinate_hypothesis_validation
3170,10003,14390,656,679.0,656.0,656.0,32.0,26.0,False,20210717.tif,False,23.0,0.0350609756097561,14003,24390,fixed_coordinate_hypothesis_validation
3171,10174,10408,704,709.0,704.0,704.0,31.0,32.0,False,20210717.tif,False,5.0,0.007102272727272727,14174,20408,fixed_coordinate_hypothesis_validation
3172,10209,7760,176,192.0,176.0,176.0,14.0,18.0,False,20210717.tif,False,16.0,0.09090909090909091,14209,17760,fixed_coordinate_hypothesis_validation
3173,10427,8720,424,442.0,424.0,424.0,26.0,20.0,False,20210717.tif,False,18.0,0.04245283018867924,14427,18720,fixed_coordinate_hypothesis_validation
3174,10427,9788,126,144.0,126.0,126.0,12.0,16.0,False,20210717.tif,False,18.0,0.14285714285714285,14427,19788,fixed_coordinate_hypothesis_validation
3175,10547,14628,1655,1675.0,1655.0,1655.0,50.0,45.0,False,20210717.tif,False,20.0,0.012084592145015106,14547,24628,fixed_coordinate_hypothesis_validation
3176,10635,10769,3064,3072.0,3064.0,3064.0,59.0,72.0,False,20210717.tif,False,8.0,0.0026109660574412533,14635,20769,fixed_coordinate_hypothesis_validation
3177,10671,14794,685,691.0,685.0,685.0,30.0,33.0,False,20210717.tif,False,6.0,0.008759124087591242,14671,24794,fixed_coordinate_hypothesis_validation
3178,10799,14876,930,942.0,930.0,930.0,34.0,38.0,False,20210717.tif,False,12.0,0.012903225806451613,14799,24876,fixed_coordinate_hypothesis_validation
3179,10913,1906,270,281.0,270.0,270.0,20.0,18.0,False,20210717.tif,False,11.0,0.040740740740740744,14913,11906,fixed_coordinate_hypothesis_validation
3180,11039,14970,227,238.0,227.0,227.0,16.0,21.0,False,20210717.tif,False,11.0,0.048458149779735685,15039,24970,fixed_coordinate_hypothesis_validation
3181,11123,1979,148,170.0,148.0,148.0,17.0,12.0,False,20210717.tif,False,22.0,0.14864864864864866,15123,11979,fixed_coordinate_hypothesis_validation
3182,11915,5338,180,188.0,180.0,180.0,16.0,16.0,False,20210717.tif,False,8.0,0.044444444444444446,15915,15338,fixed_coordinate_hypothesis_validation
3183,11915,7804,166,178.0,166.0,166.0,18.0,14.0,False,20210717.tif,False,12.0,0.07228915662650602,15915,17804,fixed_coordinate_hypothesis_validation
3184,12107,8809,776,784.0,776.0,776.0,33.0,33.0,False,20210717.tif,False,8.0,0.010309278350515464,16107,18809,fixed_coordinate_hypothesis_validation
3185,12165,6364,186,197.0,186.0,186.0,16.0,17.0,False,20210717.tif,False,11.0,0.05913978494623656,16165,16364,fixed_coordinate_hypothesis_validation
3186,12183,4760,323,332.0,323.0,323.0,22.0,19.0,False,20210717.tif,False,9.0,0.02786377708978328,16183,14760,fixed_coordinate_hypothesis_validation
3187,12543,6711,158,170.0,158.0,158.0,15.0,16.0,False,20210717.tif,False,12.0,0.0759493670886076,16543,16711,fixed_coordinate_hypothesis_validation
3188,12803,6772,202,221.0,202.0,202.0,16.0,18.0,False,20210717.tif,False,19.0,0.09405940594059406,16803,16772,fixed_coordinate_hypothesis_validation
3189,13105,5504,210,220.0,210.0,210.0,16.0,18.0,False,20210717.tif,False,10.0,0.047619047619047616,17105,15504,fixed_coordinate_hypothesis_validation
3190,13119,5730,318,325.0,318.0,318.0,21.0,22.0,False,20210717.tif,False,7.0,0.0220125786163522,17119,15730,fixed_coordinate_hypothesis_validation
3191,13365,5198,291,305.0,291.0,291.0,24.0,18.0,False,20210717.tif,False,14.0,0.048109965635738834,17365,15198,fixed_coordinate_hypothesis_validation
3192,13429,10582,701,719.0,701.0,701.0,32.0,30.0,False,20210717.tif,False,18.0,0.025677603423680456,17429,20582,fixed_coordinate_hypothesis_validation
3193,13495,6552,228,235.0,228.0,228.0,20.0,18.0,False,20210717.tif,False,7.0,0.03070175438596491,17495,16552,fixed_coordinate_hypothesis_validation
3194,14417,8096,121,133.0,121.0,121.0,14.0,14.0,False,20210717.tif,False,12.0,0.09917355371900827,18417,18096,fixed_coordinate_hypothesis_validation
3195,14439,6610,259,273.0,259.0,259.0,20.0,18.0,False,20210717.tif,False,14.0,0.05405405405405406,18439,16610,fixed_coordinate_hypothesis_validation
3196,14491,8658,118,128.0,118.0,118.0,14.0,14.0,False,20210717.tif,False,10.0,0.0847457627118644,18491,18658,fixed_coordinate_hypothesis_validation
3197,14493,8132,260,276.0,260.0,260.0,16.0,22.0,False,20210717.tif,False,16.0,0.06153846153846154,18493,18132,fixed_coordinate_hypothesis_validation
3198,14727,8346,152,160.0,152.0,152.0,14.0,16.0,False,20210717.tif,False,8.0,0.05263157894736842,18727,18346,fixed_coordinate_hypothesis_validation
3199,14771,7092,162,180.0,162.0,162.0,18.0,12.0,False,20210717.tif,False,18.0,0.1111111111111111,18771,17092,fixed_coordinate_hypothesis_validation
3200,14783,8312,134,144.0,134.0,134.0,14.0,14.0,False,20210717.tif,False,10.0,0.07462686567164178,18783,18312,fixed_coordinate_hypothesis_validation
3201,14821,10106,1123,1125.0,1123.0,1123.0,40.0,39.0,False,20210717.tif,False,2.0,0.0017809439002671415,18821,20106,fixed_coordinate_hypothesis_validation
3202,14835,8288,120,132.0,120.0,120.0,12.0,14.0,False,20210717.tif,False,12.0,0.1,18835,18288,fixed_coordinate_hypothesis_validation
3203,14873,10790,2819,2854.0,2819.0,2819.0,58.0,64.0,False,20210717.tif,False,35.0,0.012415750266051791,18873,20790,fixed_coordinate_hypothesis_validation
3204,14925,7385,239,250.0,239.0,239.0,20.0,17.0,False,20210717.tif,False,11.0,0.04602510460251046,18925,17385,fixed_coordinate_hypothesis_validation
3205,14943,7161,234,253.0,234.0,234.0,17.0,18.0,False,20210717.tif,False,19.0,0.0811965811965812,18943,17161,fixed_coordinate_hypothesis_validation
3206,14981,7148,169,178.0,169.0,169.0,16.0,16.0,False,20210717.tif,False,9.0,0.05325443786982249,18981,17148,fixed_coordinate_hypothesis_validation
3207,14995,10031,2697,2728.0,2697.0,2697.0,67.0,52.0,False,20210717.tif,False,31.0,0.011494252873563218,18995,20031,fixed_coordinate_hypothesis_validation
3208,15007,9696,695,714.0,695.0,695.0,32.0,32.0,False,20210717.tif,False,19.0,0.027338129496402876,19007,19696,fixed_coordinate_hypothesis_validation
3209,15033,10614,2522,2534.0,2522.0,2522.0,58.0,60.0,False,20210717.tif,False,12.0,0.004758128469468675,19033,20614,fixed_coordinate_hypothesis_validation
3210,15125,10716,1278,1300.0,1278.0,1278.0,40.0,42.0,False,20210717.tif,False,22.0,0.017214397496087636,19125,20716,fixed_coordinate_hypothesis_validation
3211,15163,10799,698,712.0,698.0,698.0,27.0,35.0,False,20210717.tif,False,14.0,0.02005730659025788,19163,20799,fixed_coordinate_hypothesis_validation
3212,15173,7222,224,236.0,224.0,224.0,19.0,16.0,False,20210717.tif,False,12.0,0.05357142857142857,19173,17222,fixed_coordinate_hypothesis_validation
3213,15251,7222,118,126.0,118.0,118.0,14.0,13.0,False,20210717.tif,False,8.0,0.06779661016949153,19251,17222,fixed_coordinate_hypothesis_validation
3214,15257,12302,355,359.0,355.0,355.0,24.0,22.0,False,20210717.tif,False,4.0,0.011267605633802818,19257,22302,fixed_coordinate_hypothesis_validation
3215,15265,8210,335,342.0,335.0,335.0,22.0,23.0,False,20210717.tif,False,7.0,0.020895522388059702,19265,18210,fixed_coordinate_hypothesis_validation
3216,15303,7094,196,212.0,196.0,196.0,16.0,16.0,False,20210717.tif,False,16.0,0.08163265306122448,19303,17094,fixed_coordinate_hypothesis_validation
3217,15349,7096,216,230.0,216.0,216.0,18.0,18.0,False,20210717.tif,False,14.0,0.06481481481481481,19349,17096,fixed_coordinate_hypothesis_validation
3218,15365,7200,187,202.0,187.0,187.0,16.0,15.0,False,20210717.tif,False,15.0,0.08021390374331551,19365,17200,fixed_coordinate_hypothesis_validation
3219,15413,9981,1155,1175.0,1155.0,1155.0,41.0,39.0,False,20210717.tif,False,20.0,0.017316017316017316,19413,19981,fixed_coordinate_hypothesis_validation
3220,15507,10218,2242,2265.0,2242.0,2242.0,56.0,54.0,False,20210717.tif,False,23.0,0.010258697591436218,19507,20218,fixed_coordinate_hypothesis_validation
3221,15591,8248,230,236.0,230.0,230.0,20.0,18.0,False,20210717.tif,False,6.0,0.02608695652173913,19591,18248,fixed_coordinate_hypothesis_validation
3222,15765,9698,1288,1306.0,1288.0,1288.0,44.0,38.0,False,20210717.tif,False,18.0,0.013975155279503106,19765,19698,fixed_coordinate_hypothesis_validation
3223,15805,9583,1841,1853.0,1841.0,1841.0,50.0,50.0,False,20210717.tif,False,12.0,0.006518196632265073,19805,19583,fixed_coordinate_hypothesis_validation
3224,15839,10925,2063,2084.0,2063.0,2063.0,53.0,54.0,False,20210717.tif,False,21.0,0.010179350460494426,19839,20925,fixed_coordinate_hypothesis_validation
3225,15907,10822,2449,2483.0,2449.0,2449.0,54.0,62.0,False,20210717.tif,False,34.0,0.013883217639853002,19907,20822,fixed_coordinate_hypothesis_validation
3226,15915,11374,1612,1637.0,1612.0,1612.0,46.0,48.0,False,20210717.tif,False,25.0,0.015508684863523574,19915,21374,fixed_coordinate_hypothesis_validation
3227,15921,8363,328,348.0,328.0,328.0,21.0,20.0,False,20210717.tif,False,20.0,0.06097560975609756,19921,18363,fixed_coordinate_hypothesis_validation
3228,15931,8927,199,206.0,199.0,199.0,19.0,16.0,False,20210717.tif,False,7.0,0.035175879396984924,19931,18927,fixed_coordinate_hypothesis_validation
3229,15969,11170,2927,2956.0,2927.0,2927.0,60.0,63.0,False,20210717.tif,False,29.0,0.009907755380936112,19969,21170,fixed_coordinate_hypothesis_validation
3230,16099,9734,1647,1673.0,1647.0,1647.0,46.0,45.0,False,20210717.tif,False,26.0,0.015786278081360048,20099,19734,fixed_coordinate_hypothesis_validation
3231,16119,10102,2631,2644.0,2631.0,2631.0,58.0,64.0,False,20210717.tif,False,13.0,0.0049410870391486126,20119,20102,fixed_coordinate_hypothesis_validation
3232,16381,13830,3763,3783.0,3763.0,3763.0,74.0,74.0,False,20210717.tif,False,20.0,0.005314908317831517,20381,23830,fixed_coordinate_hypothesis_validation
3233,16421,5696,118,130.0,118.0,118.0,12.0,14.0,False,20210717.tif,False,12.0,0.1016949152542373,20421,15696,fixed_coordinate_hypothesis_validation
3234,16445,5722,102,116.0,102.0,102.0,10.0,14.0,False,20210717.tif,False,14.0,0.13725490196078433,20445,15722,fixed_coordinate_hypothesis_validation
3235,16753,14510,2261,2269.0,2261.0,2261.0,60.0,51.0,False,20210717.tif,False,8.0,0.0035382574082264487,20753,24510,fixed_coordinate_hypothesis_validation
3236,16913,14450,2980,2989.0,2980.0,2980.0,60.0,65.0,False,20210717.tif,False,9.0,0.0030201342281879194,20913,24450,fixed_coordinate_hypothesis_validation
